<list>
  <com.dotmarketing.portlets.dashboard.model.DashboardSummaryPeriod>
    <id>2</id>
    <fullDate class="sql-timestamp">2018-03-27 04:00:00.0</fullDate>
    <day>27</day>
    <dayName>Tuesday</dayName>
    <week>5</week>
    <month>3</month>
    <monthName>March</monthName>
    <year>2018</year>
  </com.dotmarketing.portlets.dashboard.model.DashboardSummaryPeriod>
  <com.dotmarketing.portlets.dashboard.model.DashboardSummaryPeriod>
    <id>3</id>
    <fullDate class="sql-timestamp">2018-03-30 04:00:00.0</fullDate>
    <day>30</day>
    <dayName>Friday</dayName>
    <week>5</week>
    <month>3</month>
    <monthName>March</monthName>
    <year>2018</year>
  </com.dotmarketing.portlets.dashboard.model.DashboardSummaryPeriod>
  <com.dotmarketing.portlets.dashboard.model.DashboardSummaryPeriod>
    <id>4</id>
    <fullDate class="sql-timestamp">2018-04-02 04:00:00.0</fullDate>
    <day>2</day>
    <dayName>Monday</dayName>
    <week>1</week>
    <month>4</month>
    <monthName>April</monthName>
    <year>2018</year>
  </com.dotmarketing.portlets.dashboard.model.DashboardSummaryPeriod>
  <com.dotmarketing.portlets.dashboard.model.DashboardSummaryPeriod>
    <id>5</id>
    <fullDate class="sql-timestamp">2018-04-04 04:00:00.0</fullDate>
    <day>4</day>
    <dayName>Wednesday</dayName>
    <week>1</week>
    <month>4</month>
    <monthName>April</monthName>
    <year>2018</year>
  </com.dotmarketing.portlets.dashboard.model.DashboardSummaryPeriod>
  <com.dotmarketing.portlets.dashboard.model.DashboardSummaryPeriod>
    <id>6</id>
    <fullDate class="sql-timestamp">2018-04-05 04:00:00.0</fullDate>
    <day>5</day>
    <dayName>Thusday</dayName>
    <week>1</week>
    <month>4</month>
    <monthName>April</monthName>
    <year>2018</year>
  </com.dotmarketing.portlets.dashboard.model.DashboardSummaryPeriod>
  <com.dotmarketing.portlets.dashboard.model.DashboardSummaryPeriod>
    <id>7</id>
    <fullDate class="sql-timestamp">2018-04-06 04:00:00.0</fullDate>
    <day>6</day>
    <dayName>Friday</dayName>
    <week>1</week>
    <month>4</month>
    <monthName>April</monthName>
    <year>2018</year>
  </com.dotmarketing.portlets.dashboard.model.DashboardSummaryPeriod>
  <com.dotmarketing.portlets.dashboard.model.DashboardSummaryPeriod>
    <id>8</id>
    <fullDate class="sql-timestamp">2018-04-09 04:00:00.0</fullDate>
    <day>9</day>
    <dayName>Monday</dayName>
    <week>2</week>
    <month>4</month>
    <monthName>April</monthName>
    <year>2018</year>
  </com.dotmarketing.portlets.dashboard.model.DashboardSummaryPeriod>
</list>