<list>
  <com.dotmarketing.portlets.webforms.model.WebForm>
    <webFormId>0558fc2b-e6e2-482c-beda-9eeeaa409fd2</webFormId>
    <submitDate class="sql-timestamp">2010-09-03 19:04:39.971</submitDate>
    <customFields>Taskauthor=system user system user|Tasklink=http://companyX.com/c/portal/layout?&amp;p_p_id EXT_21&amp;p_p_action 1&amp;p_p_state maximized&amp;p_p_mode view&amp;_EXT_21_struts_action %2Fext%2Fworkflows%2Fedit_workflow_task&amp;_EXT_21_cmd view&amp;_EXT_21_inode b6a1c3b7-f21f-42f0-94dc-218aaf519684&amp;p_l_id 34885ddb-3537-4a79-a02c-0550c5087d5c|Taskchange=New Task|Files=</customFields>
  </com.dotmarketing.portlets.webforms.model.WebForm>
  <com.dotmarketing.portlets.webforms.model.WebForm>
    <webFormId>0d7847a2-3b53-4670-a9af-d8a7c4a7276c</webFormId>
    <submitDate class="sql-timestamp">2011-07-05 17:43:34.964</submitDate>
    <customFields>Usercomment=Despite these carefully crafted forecasts, any one of a vast number of factors could trigger strong changes in crude and gasoline prices - both to the upside and downside.|Commentquestion=re: The Gas Price Rollercoaster|Username=Chris Johnson|Useremail=chris.johnson@dotcms.com|Url=http://starter.dotcms.com/news/the-gas-price-rollercoaster#comments|Files=</customFields>
  </com.dotmarketing.portlets.webforms.model.WebForm>
  <com.dotmarketing.portlets.webforms.model.WebForm>
    <webFormId>0f57ccc5-6f78-4f33-ba13-881393cab760</webFormId>
    <submitDate class="sql-timestamp">2011-06-17 15:05:36.244</submitDate>
    <customFields>Taskauthor=Admin User|Tasklink=http://demo.dotcms.com/c/portal/layout?&amp;p_p_id EXT_21&amp;p_p_action 1&amp;p_p_state maximized&amp;p_p_mode view&amp;_EXT_21_struts_action %2Fext%2Fworkflows%2Fedit_workflow_task&amp;_EXT_21_cmd view&amp;_EXT_21_inode b6a1c3b7-f21f-42f0-94dc-218aaf519684&amp;p_l_id 34885ddb-3537-4a79-a02c-0550c5087d5c|Taskchange=Status changed from OPEN -&gt; CANCELLED|Files=</customFields>
  </com.dotmarketing.portlets.webforms.model.WebForm>
  <com.dotmarketing.portlets.webforms.model.WebForm>
    <webFormId>1d137a7d-0d09-4ac3-a9a9-9237ff085124</webFormId>
  </com.dotmarketing.portlets.webforms.model.WebForm>
  <com.dotmarketing.portlets.webforms.model.WebForm>
    <webFormId>26227ff2-580d-4f25-b0ca-9bde7d569ef4</webFormId>
    <submitDate class="sql-timestamp">2012-07-03 14:55:09.133</submitDate>
    <customFields>Usercomment=State motorists will pay 9.6 cents less for gas this week, according to AAA Michigan. The current statewide average is just under $3.43 per gallon, 28.3 cents more then last year.|Commentquestion=Comments|Username=Jason|Useremail=tester@dotcms.com|Url=http://starter.dotcms.com/news/the-gas-price-rollercoaster#comments|Files=</customFields>
  </com.dotmarketing.portlets.webforms.model.WebForm>
  <com.dotmarketing.portlets.webforms.model.WebForm>
    <webFormId>2aa548a2-a311-4790-9e33-eee254199095</webFormId>
    <submitDate class="sql-timestamp">2010-08-30 18:09:20.66</submitDate>
    <customFields>Usercomment=This is tremendous news.  I am hoping results continue like this moving forward.|Commentquestion=re: companyX Stock Rises on CEO&apos;s Earnings Forecast|Username=Bob Claussen|Useremail=bob@claussen.com|Url=http://starter.dotcms.org/news/index.dot?#comments|Files=</customFields>
  </com.dotmarketing.portlets.webforms.model.WebForm>
  <com.dotmarketing.portlets.webforms.model.WebForm>
    <webFormId>2cf93338-bdef-4972-93f0-c1119b962bcd</webFormId>
    <submitDate class="sql-timestamp">2010-08-31 13:47:39.609</submitDate>
    <customFields>Usercomment=The mobile-ization of dotCMS is great to see.  Keep up the good work.|Commentquestion=re: dotCMS Demo Site goes Mobile!|Username=Chris Walters|Useremail=cwalters@walters.com|Url=http://starter.dotcms.org/news/index.dot?#comments|Files=</customFields>
  </com.dotmarketing.portlets.webforms.model.WebForm>
  <com.dotmarketing.portlets.webforms.model.WebForm>
    <webFormId>3066268d-236b-4f06-bda3-2a7ed0423c31</webFormId>
    <submitDate class="sql-timestamp">2010-08-30 18:11:25.355</submitDate>
    <customFields>Taskauthor=Admin User|Tasklink=http://companyX.com/c/portal/layout?&amp;p_p_id EXT_21&amp;p_p_action 1&amp;p_p_state maximized&amp;p_p_mode view&amp;_EXT_21_struts_action %2Fext%2Fworkflows%2Fedit_workflow_task&amp;_EXT_21_cmd view&amp;_EXT_21_inode 69c52335-de23-4141-9cca-1aa78a851148&amp;p_l_id 34885ddb-3537-4a79-a02c-0550c5087d5c|Taskchange=Status changed from OPEN -&gt; RESOLVED|Files=</customFields>
  </com.dotmarketing.portlets.webforms.model.WebForm>
  <com.dotmarketing.portlets.webforms.model.WebForm>
    <webFormId>39a34a47-4164-4fb3-abe8-2be9cdbcb37e</webFormId>
    <submitDate class="sql-timestamp">2011-10-04 06:25:24.947</submitDate>
    <customFields>Taskauthor=Admin User|Tasklink=http://demo.dotcms.com/c/portal/layout?&amp;p_p_id EXT_21&amp;p_p_action 1&amp;p_p_state maximized&amp;p_p_mode view&amp;_EXT_21_struts_action %2Fext%2Fworkflows%2Fedit_workflow_task&amp;_EXT_21_cmd view&amp;_EXT_21_inode 3b0ff690-7997-40ca-b841-962773f766c7|Taskchange=New Task|Taskassignedto=anonymous user|Files=</customFields>
  </com.dotmarketing.portlets.webforms.model.WebForm>
  <com.dotmarketing.portlets.webforms.model.WebForm>
    <webFormId>39b3109d-23aa-4e1e-88a6-bdf9f9b89f30</webFormId>
    <submitDate class="sql-timestamp">2011-07-05 17:39:29.3</submitDate>
    <customFields>Usercomment=Having a hefty savings account will be a great feeling once you get there.|Commentquestion=re: Rethinking The Budget: 6 Counterintuitive Tips|Username=David Wright|Useremail=d.wright@dotcms.com|Url=http://starter.dotcms.com/news/rethinking-the-budget-6-counterintuitive-tips#comments|Files=</customFields>
  </com.dotmarketing.portlets.webforms.model.WebForm>
  <com.dotmarketing.portlets.webforms.model.WebForm>
    <webFormId>53b9173a-9a9f-49aa-b06a-7a60bdb9f2d6</webFormId>
  </com.dotmarketing.portlets.webforms.model.WebForm>
  <com.dotmarketing.portlets.webforms.model.WebForm>
    <webFormId>57217984-64c2-4d77-a9f9-e58b2e1420d5</webFormId>
  </com.dotmarketing.portlets.webforms.model.WebForm>
  <com.dotmarketing.portlets.webforms.model.WebForm>
    <webFormId>6795be3b-f4fb-47ef-ba90-64603dd895dc</webFormId>
    <submitDate class="sql-timestamp">2011-08-25 20:52:33.225</submitDate>
    <customFields>Usercomment=Nullam dignissim aliquam nisl nec consequat enim aliquam at. Duis sed erat felis quis euismod leo.|Commentquestion=Comments|Username=Will Ezell|Useremail=will@dotcms.com|Url=http://starter.dotcms.com/blog/this-is-my-second-blog#comments|Files=</customFields>
  </com.dotmarketing.portlets.webforms.model.WebForm>
  <com.dotmarketing.portlets.webforms.model.WebForm>
    <webFormId>682d399e-ca16-43f0-93fa-970278fd653a</webFormId>
    <submitDate class="sql-timestamp">2011-08-22 18:56:38.691</submitDate>
    <customFields>Taskauthor=Admin User|Tasklink=http://demo.dotcms.com/c/portal/layout?&amp;p_p_id EXT_21&amp;p_p_action 1&amp;p_p_state maximized&amp;p_p_mode view&amp;_EXT_21_struts_action %2Fext%2Fworkflows%2Fedit_workflow_task&amp;_EXT_21_cmd view&amp;_EXT_21_inode 54debf86-6139-4587-b35a-2b49e31931c7&amp;p_l_id 34885ddb-3537-4a79-a02c-0550c5087d5c|Taskchange=Status changed from OPEN -&gt; RESOLVED|Files=</customFields>
  </com.dotmarketing.portlets.webforms.model.WebForm>
  <com.dotmarketing.portlets.webforms.model.WebForm>
    <webFormId>69c6d176-7ed0-4e80-9a72-ebe41b142c6e</webFormId>
    <submitDate class="sql-timestamp">2011-08-19 19:41:25.674</submitDate>
    <customFields>Taskauthor=Admin User|Tasklink=http://demo.dotcms.com/c/portal/layout?&amp;p_p_id EXT_21&amp;p_p_action 1&amp;p_p_state maximized&amp;p_p_mode view&amp;_EXT_21_struts_action %2Fext%2Fworkflows%2Fedit_workflow_task&amp;_EXT_21_cmd view&amp;_EXT_21_inode 52a888db-f4fc-4a1e-976e-0a7c7a0adc99&amp;p_l_id 34885ddb-3537-4a79-a02c-0550c5087d5c|Taskchange=Please review and publish|Taskassignedto=Admin User|Files=</customFields>
  </com.dotmarketing.portlets.webforms.model.WebForm>
  <com.dotmarketing.portlets.webforms.model.WebForm>
    <webFormId>6b8b7247-68de-40f8-9e51-e02298ba5872</webFormId>
  </com.dotmarketing.portlets.webforms.model.WebForm>
  <com.dotmarketing.portlets.webforms.model.WebForm>
    <webFormId>71e8c036-b201-42e7-8ece-76852ea349e7</webFormId>
    <submitDate class="sql-timestamp">2010-08-31 13:46:52.943</submitDate>
    <customFields>Taskauthor=system user system user|Tasklink=http://companyX.com/c/portal/layout?&amp;p_p_id EXT_21&amp;p_p_action 1&amp;p_p_state maximized&amp;p_p_mode view&amp;_EXT_21_struts_action %2Fext%2Fworkflows%2Fedit_workflow_task&amp;_EXT_21_cmd view&amp;_EXT_21_inode 33db42b1-c000-4b4e-88d3-07a95c4cf1a4&amp;p_l_id 34885ddb-3537-4a79-a02c-0550c5087d5c|Taskchange=New Task|Files=</customFields>
  </com.dotmarketing.portlets.webforms.model.WebForm>
  <com.dotmarketing.portlets.webforms.model.WebForm>
    <webFormId>738c2f79-4b53-464a-8dc1-a7c7f8300b54</webFormId>
  </com.dotmarketing.portlets.webforms.model.WebForm>
  <com.dotmarketing.portlets.webforms.model.WebForm>
    <webFormId>744209c2-7bb4-428d-a9c0-346025bc2fb8</webFormId>
  </com.dotmarketing.portlets.webforms.model.WebForm>
  <com.dotmarketing.portlets.webforms.model.WebForm>
    <webFormId>7a6838d4-bd2c-4d2c-8fba-a5c5807beae2</webFormId>
    <submitDate class="sql-timestamp">2011-07-05 19:01:33.725</submitDate>
    <customFields>Usercomment=Interesting note: the United States produces 51% of the oil and petroleum products that it consumes.|Commentquestion=Comments|Username=Kasey Hamlin|Useremail=kasey@dotcms.com|Url=http://starter.dotcms.com/news/the-gas-price-rollercoaster#comments|Files=</customFields>
  </com.dotmarketing.portlets.webforms.model.WebForm>
  <com.dotmarketing.portlets.webforms.model.WebForm>
    <webFormId>7e340d15-18cd-4fb2-a5ca-b50b7d507c58</webFormId>
    <submitDate class="sql-timestamp">2011-08-25 19:24:11.105</submitDate>
    <customFields>Usercomment=This is a great blog.|Commentquestion=Comments|Username=Jason|Useremail=jason@dotcms.com|Url=http://starter.dotcms.com/blog/this-is-my-first-blog#comments|Files=</customFields>
  </com.dotmarketing.portlets.webforms.model.WebForm>
  <com.dotmarketing.portlets.webforms.model.WebForm>
    <webFormId>803211a1-337e-4fbc-a25d-81bcbf43bcd2</webFormId>
    <submitDate class="sql-timestamp">2011-07-05 15:39:07.125</submitDate>
    <customFields>Taskauthor=system user system user|Tasklink=http://demo.dotcms.com/c/portal/layout?&amp;p_p_id EXT_21&amp;p_p_action 1&amp;p_p_state maximized&amp;p_p_mode view&amp;_EXT_21_struts_action %2Fext%2Fworkflows%2Fedit_workflow_task&amp;_EXT_21_cmd view&amp;_EXT_21_inode 54debf86-6139-4587-b35a-2b49e31931c7&amp;p_l_id 34885ddb-3537-4a79-a02c-0550c5087d5c|Taskchange=New Task|Files=</customFields>
  </com.dotmarketing.portlets.webforms.model.WebForm>
  <com.dotmarketing.portlets.webforms.model.WebForm>
    <webFormId>8a982695-c114-47fd-8aef-d10d0af2e016</webFormId>
    <submitDate class="sql-timestamp">2010-09-03 19:04:40.904</submitDate>
    <customFields>Usercomment=Good stuff.  This should be very helpful in getting my mobile site implementation of the ground quickly and understanding the tools dotcms offers to mobile developers.|Commentquestion=re: dotCMS Demo Site goes Mobile!|Username=Steve McPherson|Useremail=steve@mcpherson.com|Url=http://starter.dotcms.org//companyX.com/news/dotcms-demo-site-goes-mobile-#comments|Files=</customFields>
  </com.dotmarketing.portlets.webforms.model.WebForm>
  <com.dotmarketing.portlets.webforms.model.WebForm>
    <webFormId>8dbeef59-4989-4a66-9789-217f055c8b9e</webFormId>
  </com.dotmarketing.portlets.webforms.model.WebForm>
  <com.dotmarketing.portlets.webforms.model.WebForm>
    <webFormId>90cda672-22ba-4a74-bcf2-0264d61c4b41</webFormId>
    <submitDate class="sql-timestamp">2010-05-18 17:42:40.364</submitDate>
    <customFields>Taskauthor=Contributor Joe|Tasklink=http://companyX.com/c/portal/layout?&amp;p_p_id EXT_21&amp;p_p_action 1&amp;p_p_state maximized&amp;p_p_mode view&amp;_EXT_21_struts_action %2Fext%2Fworkflows%2Fedit_workflow_task&amp;_EXT_21_cmd view&amp;_EXT_21_inode 486531bf-956c-4f7b-9e1b-75bed2a6a243&amp;p_l_id 34885ddb-3537-4a79-a02c-0550c5087d5c|Taskchange=Task Assigned from  Admin User to  Contributor Joe|Taskassignedto=Contributor Joe|Files=</customFields>
  </com.dotmarketing.portlets.webforms.model.WebForm>
  <com.dotmarketing.portlets.webforms.model.WebForm>
    <webFormId>94466bbc-97e6-45f5-ac1c-1e7394fa2844</webFormId>
    <submitDate class="sql-timestamp">2011-07-05 18:06:02.251</submitDate>
    <customFields>Usercomment=Yes... but While gas prices in the U.S. are still a dollar higher than this time last year, they continue to drop from the early May highs.|Commentquestion=Comments|Username=Jason Smith|Useremail=jason@dotcms.com|Url=http://starter.dotcms.com/news/the-gas-price-rollercoaster#comments|Files=</customFields>
  </com.dotmarketing.portlets.webforms.model.WebForm>
  <com.dotmarketing.portlets.webforms.model.WebForm>
    <webFormId>982e4869-504f-42d1-bb30-1b060a32f67f</webFormId>
  </com.dotmarketing.portlets.webforms.model.WebForm>
  <com.dotmarketing.portlets.webforms.model.WebForm>
    <webFormId>9ed69773-2946-4217-b330-a66cba17898b</webFormId>
    <submitDate class="sql-timestamp">2011-07-05 18:31:47.166</submitDate>
    <customFields>Usercomment=The weak U.S. dollar only exaggerates rising global oil prices for American consumers. Countries with strong currencies, including those using the euro and the yen, are generally exposed to smaller price increases. |Commentquestion=Comments|Username=Mark Green|Useremail=mark.green@dotcms.com|Url=http://starter.dotcms.com/news/the-gas-price-rollercoaster#comments|Files=</customFields>
  </com.dotmarketing.portlets.webforms.model.WebForm>
  <com.dotmarketing.portlets.webforms.model.WebForm>
    <webFormId>a4908c82-24a4-4411-bc5d-a0f66e134f29</webFormId>
  </com.dotmarketing.portlets.webforms.model.WebForm>
  <com.dotmarketing.portlets.webforms.model.WebForm>
    <webFormId>a8f0dbe3-bc79-47fa-b4bb-ac0c7233e89d</webFormId>
    <submitDate class="sql-timestamp">2011-07-05 15:39:08.331</submitDate>
    <customFields>Usercomment=We tend to be kind of private about our money, but there&apos;s one last tip that might help you reach your financial goals more than all the other tips put together: talk about your budget. Tell your friends.|Commentquestion=re: Rethinking The Budget: 6 Counterintuitive Tips|Username=Jason Smith|Useremail=jason@dotcms.com|Url=http://starter.dotcms.com/news/rethinking-the-budget-6-counterintuitive-tips#comments|Files=</customFields>
  </com.dotmarketing.portlets.webforms.model.WebForm>
  <com.dotmarketing.portlets.webforms.model.WebForm>
    <webFormId>ac561626-64fd-4d1f-bdd2-03ff04a48652</webFormId>
  </com.dotmarketing.portlets.webforms.model.WebForm>
  <com.dotmarketing.portlets.webforms.model.WebForm>
    <webFormId>b117a7af-92f7-4661-a48a-edf173b931d9</webFormId>
    <submitDate class="sql-timestamp">2010-09-03 19:18:29.617</submitDate>
    <customFields>Taskauthor=system user system user|Tasklink=http://companyX.com/c/portal/layout?&amp;p_p_id EXT_21&amp;p_p_action 1&amp;p_p_state maximized&amp;p_p_mode view&amp;_EXT_21_struts_action %2Fext%2Fworkflows%2Fedit_workflow_task&amp;_EXT_21_cmd view&amp;_EXT_21_inode 9ecd7068-dc68-4bf6-92cd-0fb3a2e6da86&amp;p_l_id 34885ddb-3537-4a79-a02c-0550c5087d5c|Taskchange=New Task|Files=</customFields>
  </com.dotmarketing.portlets.webforms.model.WebForm>
  <com.dotmarketing.portlets.webforms.model.WebForm>
    <webFormId>b6412eb1-58e4-4ac8-a151-59fbd5dd19de</webFormId>
    <submitDate class="sql-timestamp">2011-10-05 11:20:47.647</submitDate>
    <customFields>Taskauthor=Admin User|Tasklink=http://demo.dotcms.com/c/portal/layout?&amp;p_p_id EXT_21&amp;p_p_action 1&amp;p_p_state maximized&amp;p_p_mode view&amp;_EXT_21_struts_action %2Fext%2Fworkflows%2Fedit_workflow_task&amp;_EXT_21_cmd view&amp;_EXT_21_inode 52a888db-f4fc-4a1e-976e-0a7c7a0adc99&amp;p_l_id 34885ddb-3537-4a79-a02c-0550c5087d5c|Taskchange=Status changed from OPEN -&gt; RESOLVED|Taskassignedto=Admin User|Files=</customFields>
  </com.dotmarketing.portlets.webforms.model.WebForm>
  <com.dotmarketing.portlets.webforms.model.WebForm>
    <webFormId>ca37795d-6a23-4ead-bcca-562d293209fd</webFormId>
  </com.dotmarketing.portlets.webforms.model.WebForm>
  <com.dotmarketing.portlets.webforms.model.WebForm>
    <webFormId>d6320900-d600-406f-aea3-75021a5ae1b8</webFormId>
    <submitDate class="sql-timestamp">2010-05-12 19:25:50.025</submitDate>
    <customFields>Taskauthor=Contributor Joe|Tasklink=http://companyX.com/c/portal/layout?&amp;p_p_id EXT_21&amp;p_p_action 1&amp;p_p_state maximized&amp;p_p_mode view&amp;_EXT_21_struts_action %2Fext%2Fworkflows%2Fedit_workflow_task&amp;_EXT_21_cmd view&amp;_EXT_21_inode 486531bf-956c-4f7b-9e1b-75bed2a6a243&amp;p_l_id 34885ddb-3537-4a79-a02c-0550c5087d5c|Taskchange=Hey, please review|Taskassignedto=Admin User|Files=</customFields>
  </com.dotmarketing.portlets.webforms.model.WebForm>
  <com.dotmarketing.portlets.webforms.model.WebForm>
    <webFormId>ed6a872f-c22a-4d6d-8aaf-0a27fbd72059</webFormId>
    <submitDate class="sql-timestamp">2010-09-03 19:19:01.533</submitDate>
    <customFields>Taskauthor=Admin User|Tasklink=http://companyX.com/c/portal/layout?&amp;p_p_id EXT_21&amp;p_p_action 1&amp;p_p_state maximized&amp;p_p_mode view&amp;_EXT_21_struts_action %2Fext%2Fworkflows%2Fedit_workflow_task&amp;_EXT_21_cmd view&amp;_EXT_21_inode 9ecd7068-dc68-4bf6-92cd-0fb3a2e6da86&amp;p_l_id 34885ddb-3537-4a79-a02c-0550c5087d5c|Taskchange=Status changed from OPEN -&gt; RESOLVED|Files=</customFields>
  </com.dotmarketing.portlets.webforms.model.WebForm>
  <com.dotmarketing.portlets.webforms.model.WebForm>
    <webFormId>f5f9bab5-4652-4337-b3fd-defb57e89fbc</webFormId>
    <submitDate class="sql-timestamp">2010-09-02 19:51:20.586</submitDate>
    <customFields>Taskauthor=Admin User|Tasklink=http://companyX.com/c/portal/layout?&amp;p_p_id EXT_21&amp;p_p_action 1&amp;p_p_state maximized&amp;p_p_mode view&amp;_EXT_21_struts_action %2Fext%2Fworkflows%2Fedit_workflow_task&amp;_EXT_21_cmd view&amp;_EXT_21_inode 33db42b1-c000-4b4e-88d3-07a95c4cf1a4&amp;p_l_id 34885ddb-3537-4a79-a02c-0550c5087d5c|Taskchange=Status changed from OPEN -&gt; RESOLVED|Files=</customFields>
  </com.dotmarketing.portlets.webforms.model.WebForm>
  <com.dotmarketing.portlets.webforms.model.WebForm>
    <webFormId>f83db089-ad52-4d5c-aaa5-bcbd97f69f27</webFormId>
    <submitDate class="sql-timestamp">2010-09-03 19:18:30.738</submitDate>
    <customFields>Usercomment=hey where are all the jokers that were on here saying that companyX would not meet estimates? In reality, companyX has added more value in the past 1.5 years than were added in all 8 previous years of. |Commentquestion=re: companyX Stock Rises on CEO&apos;s Earnings Forecast|Username=Jack C|Useremail=jack@jacksee.com|Url=http://starter.dotcms.org/news/companyx-stock-rises-on-ceo-s-earnings-forecast#comments|Files=</customFields>
  </com.dotmarketing.portlets.webforms.model.WebForm>
  <com.dotmarketing.portlets.webforms.model.WebForm>
    <webFormId>fb7d877e-3dc1-41de-b9e2-abc51f59b654</webFormId>
  </com.dotmarketing.portlets.webforms.model.WebForm>
  <com.dotmarketing.portlets.webforms.model.WebForm>
    <webFormId>fd650cea-567a-48de-8249-f788aedc6307</webFormId>
    <submitDate class="sql-timestamp">2010-08-30 18:09:19.857</submitDate>
    <customFields>Taskauthor=system user system user|Tasklink=http://companyX.com/c/portal/layout?&amp;p_p_id EXT_21&amp;p_p_action 1&amp;p_p_state maximized&amp;p_p_mode view&amp;_EXT_21_struts_action %2Fext%2Fworkflows%2Fedit_workflow_task&amp;_EXT_21_cmd view&amp;_EXT_21_inode 69c52335-de23-4141-9cca-1aa78a851148&amp;p_l_id 34885ddb-3537-4a79-a02c-0550c5087d5c|Taskchange=New Task|Files=</customFields>
  </com.dotmarketing.portlets.webforms.model.WebForm>
</list>