<list>
  <com.dotmarketing.portlets.containers.model.Container>
    <iDate class="sql-timestamp">2018-08-21 19:08:11.294</iDate>
    <type>containers</type>
    <inode>31f5d0fa-250f-4c50-a60f-0e93d2fbb082</inode>
    <identifier>a009df97-8ff8-454c-b0a1-353262b5d6a0</identifier>
    <title>Bottom</title>
    <friendlyName></friendlyName>
    <modDate class="sql-timestamp">2018-08-21 19:08:11.3</modDate>
    <modUser>dotcms.org.1</modUser>
    <sortOrder>0</sortOrder>
    <showOnMenu>false</showOnMenu>
    <code></code>
    <maxContentlets>10</maxContentlets>
    <useDiv>false</useDiv>
    <sortContentletsBy></sortContentletsBy>
    <preLoop>#ContainerInfo()</preLoop>
    <postLoop></postLoop>
    <staticify>false</staticify>
    <luceneQuery></luceneQuery>
    <notes></notes>
  </com.dotmarketing.portlets.containers.model.Container>
  <com.dotmarketing.portlets.containers.model.Container>
    <iDate class="sql-timestamp">2018-08-21 19:08:03.812</iDate>
    <type>containers</type>
    <inode>30dccddc-bb8e-4e3b-88d6-5e37249351c1</inode>
    <identifier>297ec25e-d4c6-43be-a86c-ed363e3c2808</identifier>
    <title>Top</title>
    <friendlyName></friendlyName>
    <modDate class="sql-timestamp">2018-08-21 19:08:03.82</modDate>
    <modUser>dotcms.org.1</modUser>
    <sortOrder>0</sortOrder>
    <showOnMenu>false</showOnMenu>
    <code></code>
    <maxContentlets>10</maxContentlets>
    <useDiv>false</useDiv>
    <sortContentletsBy></sortContentletsBy>
    <preLoop>#ContainerInfo()</preLoop>
    <postLoop></postLoop>
    <staticify>false</staticify>
    <luceneQuery></luceneQuery>
    <notes></notes>
  </com.dotmarketing.portlets.containers.model.Container>
  <com.dotmarketing.portlets.containers.model.Container>
    <iDate class="sql-timestamp">2018-08-21 18:56:57.527</iDate>
    <type>containers</type>
    <inode>661b5455-e5a9-45d4-8a1c-3decd54802cc</inode>
    <identifier>3c7fe016-0442-49d9-8d2f-f547a368d3ed</identifier>
    <title>Body Aside</title>
    <friendlyName></friendlyName>
    <modDate class="sql-timestamp">2018-08-21 18:56:57.537</modDate>
    <modUser>dotcms.org.1</modUser>
    <sortOrder>0</sortOrder>
    <showOnMenu>false</showOnMenu>
    <code></code>
    <maxContentlets>10</maxContentlets>
    <useDiv>false</useDiv>
    <sortContentletsBy></sortContentletsBy>
    <preLoop>#ContainerInfo()</preLoop>
    <postLoop></postLoop>
    <staticify>false</staticify>
    <luceneQuery></luceneQuery>
    <notes></notes>
  </com.dotmarketing.portlets.containers.model.Container>
  <com.dotmarketing.portlets.containers.model.Container>
    <iDate class="sql-timestamp">2018-08-21 18:56:50.37</iDate>
    <type>containers</type>
    <inode>1b04f53e-a1a9-43a0-95c2-db5f86592e21</inode>
    <identifier>c2583c16-4a8f-488f-86de-eb5a4409d7f8</identifier>
    <title>Body Main</title>
    <friendlyName></friendlyName>
    <modDate class="sql-timestamp">2018-08-21 18:56:50.378</modDate>
    <modUser>dotcms.org.1</modUser>
    <sortOrder>0</sortOrder>
    <showOnMenu>false</showOnMenu>
    <code></code>
    <maxContentlets>10</maxContentlets>
    <useDiv>false</useDiv>
    <sortContentletsBy></sortContentletsBy>
    <preLoop>#ContainerInfo()</preLoop>
    <postLoop></postLoop>
    <staticify>false</staticify>
    <luceneQuery></luceneQuery>
    <notes></notes>
  </com.dotmarketing.portlets.containers.model.Container>
  <com.dotmarketing.portlets.containers.model.Container>
    <iDate class="sql-timestamp">2018-08-21 18:23:27.552</iDate>
    <type>containers</type>
    <inode>824860fb-e30c-41bd-bc9f-6cbf6f4f55cd</inode>
    <identifier>e0aca367-1e1c-46d1-955f-86d0b1cc4778</identifier>
    <title>_Script Init</title>
    <friendlyName>Initialize Globals, Configuration Options, and Macros</friendlyName>
    <modDate class="sql-timestamp">2018-08-21 18:23:27.561</modDate>
    <modUser>dotcms.org.1</modUser>
    <sortOrder>0</sortOrder>
    <showOnMenu>false</showOnMenu>
    <code>## Globals, config, options&#xd;
#dotParse(&apos;/application/includes/globals.vtl&apos;)##&#xd;
#dotParse(&apos;/application/includes/options.vtl&apos;)##&#xd;
##&#xd;
## Macros&#xd;
#dotParse(&apos;/application/macros/json-get.vm&apos;)##&#xd;
#dotParse(&apos;/application/macros/container-info.vm&apos;)##&#xd;
#dotParse(&apos;/application/macros/template-column.vm&apos;)##&#xd;
#dotParse(&apos;/application/macros/slugify.vm&apos;)##&#xd;
#dotParse(&apos;/application/macros/truncate-string.vm&apos;)##&#xd;
#dotParse(&apos;/application/macros/button.vm&apos;)##</code>
    <maxContentlets>0</maxContentlets>
    <useDiv>false</useDiv>
    <sortContentletsBy></sortContentletsBy>
    <preLoop></preLoop>
    <postLoop></postLoop>
    <staticify>false</staticify>
    <luceneQuery></luceneQuery>
    <notes></notes>
  </com.dotmarketing.portlets.containers.model.Container>
  <com.dotmarketing.portlets.containers.model.Container>
    <iDate class="sql-timestamp">2018-08-13 20:47:02.56</iDate>
    <type>containers</type>
    <inode>9b1daaa0-f204-4287-906c-a727e2e4180d</inode>
    <identifier>e0aca367-1e1c-46d1-955f-86d0b1cc4778</identifier>
    <title>_Script Init</title>
    <friendlyName>Initialize Globals, Configuration Options, and Macros</friendlyName>
    <modDate class="sql-timestamp">2018-08-13 20:47:02.57</modDate>
    <modUser>dotcms.org.1</modUser>
    <sortOrder>0</sortOrder>
    <showOnMenu>false</showOnMenu>
    <code>## Globals, config, options&#xd;
#dotParse(&apos;/application/includes/globals.vtl&apos;)##&#xd;
#dotParse(&apos;/application/includes/options.vtl&apos;)##&#xd;
##&#xd;
## Macros&#xd;
#dotParse(&apos;/application/macros/json-get.vm&apos;)##&#xd;
#dotParse(&apos;/application/macros/template-column.vm&apos;)##&#xd;
#dotParse(&apos;/application/macros/slugify.vm&apos;)##&#xd;
#dotParse(&apos;/application/macros/truncate-string.vm&apos;)##&#xd;
#dotParse(&apos;/application/macros/button.vm&apos;)##</code>
    <maxContentlets>0</maxContentlets>
    <useDiv>false</useDiv>
    <sortContentletsBy></sortContentletsBy>
    <preLoop></preLoop>
    <postLoop></postLoop>
    <staticify>false</staticify>
    <luceneQuery></luceneQuery>
    <notes></notes>
  </com.dotmarketing.portlets.containers.model.Container>
  <com.dotmarketing.portlets.containers.model.Container>
    <iDate class="sql-timestamp">2018-08-13 20:46:29.79</iDate>
    <type>containers</type>
    <inode>a6acca31-5ef3-4033-8d23-c502eddbd645</inode>
    <identifier>42f38fb2-299b-486a-b1cf-91e7bd0ed7b5</identifier>
    <title>_Generic</title>
    <friendlyName>Generic Use Container</friendlyName>
    <modDate class="sql-timestamp">2018-08-21 15:58:40.027</modDate>
    <modUser>dotcms.org.1</modUser>
    <sortOrder>0</sortOrder>
    <showOnMenu>false</showOnMenu>
    <code></code>
    <maxContentlets>99</maxContentlets>
    <useDiv>false</useDiv>
    <sortContentletsBy></sortContentletsBy>
    <preLoop></preLoop>
    <postLoop>#dotParse(&quot;${CNT}content-generic.vtl&quot;)</postLoop>
    <staticify>false</staticify>
    <luceneQuery></luceneQuery>
    <notes></notes>
  </com.dotmarketing.portlets.containers.model.Container>
</list>