<list>
  <com.dotmarketing.beans.ContainerStructure>
    <id>0456411c-5b40-4c79-b8fb-292c4046dc36</id>
    <structureId>2a3e91e4-fbbf-4876-8c5b-2233c1739b05</structureId>
    <containerInode>31f5d0fa-250f-4c50-a60f-0e93d2fbb082</containerInode>
    <containerId>a009df97-8ff8-454c-b0a1-353262b5d6a0</containerId>
    <code>#dotParse(&quot;/application/containers/content-generic.vtl&quot;)</code>
  </com.dotmarketing.beans.ContainerStructure>
  <com.dotmarketing.beans.ContainerStructure>
    <id>78467606-1a6b-417a-bbea-69dda06fea94</id>
    <structureId>2a3e91e4-fbbf-4876-8c5b-2233c1739b05</structureId>
    <containerInode>30dccddc-bb8e-4e3b-88d6-5e37249351c1</containerInode>
    <containerId>297ec25e-d4c6-43be-a86c-ed363e3c2808</containerId>
    <code>#dotParse(&quot;/application/containers/content-generic.vtl&quot;)</code>
  </com.dotmarketing.beans.ContainerStructure>
  <com.dotmarketing.beans.ContainerStructure>
    <id>95e58c96-3577-4f55-8b4d-015748f00302</id>
    <structureId>2a3e91e4-fbbf-4876-8c5b-2233c1739b05</structureId>
    <containerInode>a6acca31-5ef3-4033-8d23-c502eddbd645</containerInode>
    <containerId>42f38fb2-299b-486a-b1cf-91e7bd0ed7b5</containerId>
    <code>#dotParse(&quot;${CNT}content-generic.vtl&quot;)</code>
  </com.dotmarketing.beans.ContainerStructure>
  <com.dotmarketing.beans.ContainerStructure>
    <id>c062aa19-d06a-4716-9f8b-d0a60990807d</id>
    <structureId>2a3e91e4-fbbf-4876-8c5b-2233c1739b05</structureId>
    <containerInode>661b5455-e5a9-45d4-8a1c-3decd54802cc</containerInode>
    <containerId>3c7fe016-0442-49d9-8d2f-f547a368d3ed</containerId>
    <code>#dotParse(&quot;/application/containers/content-generic.vtl&quot;)</code>
  </com.dotmarketing.beans.ContainerStructure>
  <com.dotmarketing.beans.ContainerStructure>
    <id>de3080c3-9b6b-4b95-b189-f1cc7082d1b2</id>
    <structureId>2a3e91e4-fbbf-4876-8c5b-2233c1739b05</structureId>
    <containerInode>1b04f53e-a1a9-43a0-95c2-db5f86592e21</containerInode>
    <containerId>c2583c16-4a8f-488f-86de-eb5a4409d7f8</containerId>
    <code>#dotParse(&quot;/application/containers/content-generic.vtl&quot;)</code>
  </com.dotmarketing.beans.ContainerStructure>
</list>