<list>
  <com.dotmarketing.portlets.contentlet.model.ContentletVersionInfo>
    <identifier>0157b81a-d6fc-49e8-ab88-e7a6164b398e</identifier>
    <deleted>false</deleted>
    <lockedOn class="sql-timestamp">2018-08-24 19:20:10.332</lockedOn>
    <lang>1</lang>
    <workingInode>103d9430-4a39-4e9f-abe6-7bc41ade888d</workingInode>
    <liveInode>103d9430-4a39-4e9f-abe6-7bc41ade888d</liveInode>
    <versionTs class="sql-timestamp">2018-08-24 19:20:10.32</versionTs>
  </com.dotmarketing.portlets.contentlet.model.ContentletVersionInfo>
  <com.dotmarketing.portlets.contentlet.model.ContentletVersionInfo>
    <identifier>02a180e4-c57d-4b02-a260-93c782410107</identifier>
    <deleted>false</deleted>
    <lockedOn class="sql-timestamp">2018-08-24 22:18:32.802</lockedOn>
    <lang>1</lang>
    <workingInode>27e861f2-b181-4bd7-910a-592639dee7a6</workingInode>
    <liveInode>27e861f2-b181-4bd7-910a-592639dee7a6</liveInode>
    <versionTs class="sql-timestamp">2018-08-24 22:18:32.794</versionTs>
  </com.dotmarketing.portlets.contentlet.model.ContentletVersionInfo>
  <com.dotmarketing.portlets.contentlet.model.ContentletVersionInfo>
    <identifier>058856c9-08fc-41f8-8a62-e977960ca4ce</identifier>
    <deleted>false</deleted>
    <lockedOn class="sql-timestamp">2018-08-24 19:20:09.196</lockedOn>
    <lang>1</lang>
    <workingInode>13077003-3a8c-4247-b9bc-0044bf47285b</workingInode>
    <liveInode>13077003-3a8c-4247-b9bc-0044bf47285b</liveInode>
    <versionTs class="sql-timestamp">2018-08-24 19:20:09.152</versionTs>
  </com.dotmarketing.portlets.contentlet.model.ContentletVersionInfo>
  <com.dotmarketing.portlets.contentlet.model.ContentletVersionInfo>
    <identifier>0a9d33c9-f86f-48c8-b0ad-9930eb9633b6</identifier>
    <deleted>false</deleted>
    <lockedOn class="sql-timestamp">2018-08-10 18:38:05.359</lockedOn>
    <lang>1</lang>
    <workingInode>b8039420-03ff-46aa-a9ef-dcced3556e6c</workingInode>
    <liveInode>b8039420-03ff-46aa-a9ef-dcced3556e6c</liveInode>
    <versionTs class="sql-timestamp">2018-08-10 18:38:05.364</versionTs>
  </com.dotmarketing.portlets.contentlet.model.ContentletVersionInfo>
  <com.dotmarketing.portlets.contentlet.model.ContentletVersionInfo>
    <identifier>17d9a86d-6895-4606-bc1d-716c995e2af1</identifier>
    <deleted>false</deleted>
    <lockedOn class="sql-timestamp">2018-08-24 19:20:09.425</lockedOn>
    <lang>1</lang>
    <workingInode>639f88c9-0289-4109-beb3-5ef800e0eb66</workingInode>
    <liveInode>639f88c9-0289-4109-beb3-5ef800e0eb66</liveInode>
    <versionTs class="sql-timestamp">2018-08-24 19:20:09.411</versionTs>
  </com.dotmarketing.portlets.contentlet.model.ContentletVersionInfo>
  <com.dotmarketing.portlets.contentlet.model.ContentletVersionInfo>
    <identifier>1fddf9d6-b56a-427b-a2bc-a9bd3c6e86bb</identifier>
    <deleted>false</deleted>
    <lockedOn class="sql-timestamp">2018-08-24 19:20:10.094</lockedOn>
    <lang>1</lang>
    <workingInode>3112737a-90e8-4bac-bcf8-c35602a24118</workingInode>
    <liveInode>3112737a-90e8-4bac-bcf8-c35602a24118</liveInode>
    <versionTs class="sql-timestamp">2018-08-24 19:20:10.086</versionTs>
  </com.dotmarketing.portlets.contentlet.model.ContentletVersionInfo>
  <com.dotmarketing.portlets.contentlet.model.ContentletVersionInfo>
    <identifier>238a07cc-e5b1-45d8-95e9-73808d466ef1</identifier>
    <deleted>false</deleted>
    <lockedOn class="sql-timestamp">2018-08-24 19:20:10.396</lockedOn>
    <lang>1</lang>
    <workingInode>de2fa535-b60f-42db-b328-d78022861994</workingInode>
    <liveInode>de2fa535-b60f-42db-b328-d78022861994</liveInode>
    <versionTs class="sql-timestamp">2018-08-24 19:20:10.368</versionTs>
  </com.dotmarketing.portlets.contentlet.model.ContentletVersionInfo>
  <com.dotmarketing.portlets.contentlet.model.ContentletVersionInfo>
    <identifier>2e5ef0a0-7d0b-4ece-aaa1-645efdc1c19d</identifier>
    <deleted>false</deleted>
    <lockedOn class="sql-timestamp">2018-08-10 18:38:05.336</lockedOn>
    <lang>1</lang>
    <workingInode>617a1a52-d051-433a-a684-1262247e52f5</workingInode>
    <liveInode>617a1a52-d051-433a-a684-1262247e52f5</liveInode>
    <versionTs class="sql-timestamp">2018-08-10 18:38:05.341</versionTs>
  </com.dotmarketing.portlets.contentlet.model.ContentletVersionInfo>
  <com.dotmarketing.portlets.contentlet.model.ContentletVersionInfo>
    <identifier>325027fc-afa8-45de-a616-e4a82080cbfe</identifier>
    <deleted>false</deleted>
    <lockedOn class="sql-timestamp">2018-08-24 19:20:08.534</lockedOn>
    <lang>1</lang>
    <workingInode>b42a4559-4b5d-45cb-8faa-dfdf20b883f4</workingInode>
    <liveInode>b42a4559-4b5d-45cb-8faa-dfdf20b883f4</liveInode>
    <versionTs class="sql-timestamp">2018-08-24 19:20:08.456</versionTs>
  </com.dotmarketing.portlets.contentlet.model.ContentletVersionInfo>
  <com.dotmarketing.portlets.contentlet.model.ContentletVersionInfo>
    <identifier>3732ba65-0687-4990-a91c-46641eff905c</identifier>
    <deleted>false</deleted>
    <lockedOn class="sql-timestamp">2018-08-24 19:20:08.926</lockedOn>
    <lang>1</lang>
    <workingInode>1415c4f8-8197-4350-97c7-480f95089193</workingInode>
    <liveInode>1415c4f8-8197-4350-97c7-480f95089193</liveInode>
    <versionTs class="sql-timestamp">2018-08-24 19:20:08.913</versionTs>
  </com.dotmarketing.portlets.contentlet.model.ContentletVersionInfo>
  <com.dotmarketing.portlets.contentlet.model.ContentletVersionInfo>
    <identifier>43548c31-9452-4eed-b8a0-2827a9a9e0b7</identifier>
    <deleted>false</deleted>
    <lockedOn class="sql-timestamp">2018-08-24 19:20:09.677</lockedOn>
    <lang>1</lang>
    <workingInode>50099836-8cf9-451e-b122-2ceab74169b1</workingInode>
    <liveInode>50099836-8cf9-451e-b122-2ceab74169b1</liveInode>
    <versionTs class="sql-timestamp">2018-08-24 19:20:09.666</versionTs>
  </com.dotmarketing.portlets.contentlet.model.ContentletVersionInfo>
  <com.dotmarketing.portlets.contentlet.model.ContentletVersionInfo>
    <identifier>48190c8c-42c4-46af-8d1a-0cd5db894797</identifier>
    <deleted>false</deleted>
    <lockedOn class="sql-timestamp">2018-08-10 16:52:09.097</lockedOn>
    <lang>1</lang>
    <workingInode>c8a5e8b0-94bb-45c9-8138-b3af8d858656</workingInode>
    <liveInode>c8a5e8b0-94bb-45c9-8138-b3af8d858656</liveInode>
    <versionTs class="sql-timestamp">2018-08-10 16:52:09.091</versionTs>
  </com.dotmarketing.portlets.contentlet.model.ContentletVersionInfo>
  <com.dotmarketing.portlets.contentlet.model.ContentletVersionInfo>
    <identifier>4a5356ea-46c7-4b43-a80a-6b1cfd04dd51</identifier>
    <deleted>false</deleted>
    <lockedOn class="sql-timestamp">2018-08-24 19:20:10.176</lockedOn>
    <lang>1</lang>
    <workingInode>5d90f738-60a3-405b-96da-2d506a35ce97</workingInode>
    <liveInode>5d90f738-60a3-405b-96da-2d506a35ce97</liveInode>
    <versionTs class="sql-timestamp">2018-08-24 19:20:10.131</versionTs>
  </com.dotmarketing.portlets.contentlet.model.ContentletVersionInfo>
  <com.dotmarketing.portlets.contentlet.model.ContentletVersionInfo>
    <identifier>543f3e39-4eee-4763-9c89-1b366bd4e226</identifier>
    <deleted>false</deleted>
    <lockedOn class="sql-timestamp">2018-08-24 19:20:10.265</lockedOn>
    <lang>1</lang>
    <workingInode>d3bf1f66-8919-45b4-83b0-9c9582c150cf</workingInode>
    <liveInode>d3bf1f66-8919-45b4-83b0-9c9582c150cf</liveInode>
    <versionTs class="sql-timestamp">2018-08-24 19:20:10.215</versionTs>
  </com.dotmarketing.portlets.contentlet.model.ContentletVersionInfo>
  <com.dotmarketing.portlets.contentlet.model.ContentletVersionInfo>
    <identifier>583169a1-3ae9-45fa-8080-b18d23f58721</identifier>
    <deleted>false</deleted>
    <lockedOn class="sql-timestamp">2018-08-24 19:20:09.43</lockedOn>
    <lang>1</lang>
    <workingInode>e123a7a4-cd47-4487-a33f-305963122528</workingInode>
    <liveInode>e123a7a4-cd47-4487-a33f-305963122528</liveInode>
    <versionTs class="sql-timestamp">2018-08-24 19:20:09.407</versionTs>
  </com.dotmarketing.portlets.contentlet.model.ContentletVersionInfo>
  <com.dotmarketing.portlets.contentlet.model.ContentletVersionInfo>
    <identifier>5bea3858-f003-4b0c-9de0-ef3662e8df00</identifier>
    <deleted>false</deleted>
    <lockedOn class="sql-timestamp">2018-08-24 19:20:09.649</lockedOn>
    <lang>1</lang>
    <workingInode>b038b9dc-f122-4997-8e9b-0971fbd3660e</workingInode>
    <liveInode>b038b9dc-f122-4997-8e9b-0971fbd3660e</liveInode>
    <versionTs class="sql-timestamp">2018-08-24 19:20:09.619</versionTs>
  </com.dotmarketing.portlets.contentlet.model.ContentletVersionInfo>
  <com.dotmarketing.portlets.contentlet.model.ContentletVersionInfo>
    <identifier>6d55be02-dc09-40f4-97be-20dd47d3fff3</identifier>
    <deleted>false</deleted>
    <lockedOn class="sql-timestamp">2018-08-24 19:20:08.929</lockedOn>
    <lang>1</lang>
    <workingInode>ffc4b4c2-9135-41a6-bb4e-055ccf974452</workingInode>
    <liveInode>ffc4b4c2-9135-41a6-bb4e-055ccf974452</liveInode>
    <versionTs class="sql-timestamp">2018-08-24 19:20:08.866</versionTs>
  </com.dotmarketing.portlets.contentlet.model.ContentletVersionInfo>
  <com.dotmarketing.portlets.contentlet.model.ContentletVersionInfo>
    <identifier>76bfe274-6f59-46e5-83c5-5652f49d195c</identifier>
    <deleted>false</deleted>
    <lockedOn class="sql-timestamp">2018-08-24 19:20:08.648</lockedOn>
    <lang>1</lang>
    <workingInode>bae5612a-5150-42a6-865f-337194dadb28</workingInode>
    <liveInode>bae5612a-5150-42a6-865f-337194dadb28</liveInode>
    <versionTs class="sql-timestamp">2018-08-24 19:20:08.638</versionTs>
  </com.dotmarketing.portlets.contentlet.model.ContentletVersionInfo>
  <com.dotmarketing.portlets.contentlet.model.ContentletVersionInfo>
    <identifier>80d79e73-fd8d-42dc-922e-c5fa757e31d6</identifier>
    <deleted>false</deleted>
    <lockedOn class="sql-timestamp">2018-08-24 19:20:09.95</lockedOn>
    <lang>1</lang>
    <workingInode>1a4748db-2e09-4711-ba51-e11c0a9c4417</workingInode>
    <liveInode>1a4748db-2e09-4711-ba51-e11c0a9c4417</liveInode>
    <versionTs class="sql-timestamp">2018-08-24 19:20:09.922</versionTs>
  </com.dotmarketing.portlets.contentlet.model.ContentletVersionInfo>
  <com.dotmarketing.portlets.contentlet.model.ContentletVersionInfo>
    <identifier>8721fcc3-f5dc-4ee6-a614-9773fed75576</identifier>
    <deleted>false</deleted>
    <lockedOn class="sql-timestamp">2018-08-24 19:20:10.13</lockedOn>
    <lang>1</lang>
    <workingInode>865df619-3fb6-44f7-aaca-1bad455015c8</workingInode>
    <liveInode>865df619-3fb6-44f7-aaca-1bad455015c8</liveInode>
    <versionTs class="sql-timestamp">2018-08-24 19:20:10.124</versionTs>
  </com.dotmarketing.portlets.contentlet.model.ContentletVersionInfo>
  <com.dotmarketing.portlets.contentlet.model.ContentletVersionInfo>
    <identifier>89580a20-c9b5-4e4c-91a0-b1f511953f7f</identifier>
    <deleted>false</deleted>
    <lockedOn class="sql-timestamp">2018-08-10 18:38:05.288</lockedOn>
    <lang>1</lang>
    <workingInode>893722f4-40af-433d-ad87-1c1fcf4258c5</workingInode>
    <liveInode>893722f4-40af-433d-ad87-1c1fcf4258c5</liveInode>
    <versionTs class="sql-timestamp">2018-08-10 18:38:05.295</versionTs>
  </com.dotmarketing.portlets.contentlet.model.ContentletVersionInfo>
  <com.dotmarketing.portlets.contentlet.model.ContentletVersionInfo>
    <identifier>8a89c87f-0947-4c25-ad96-2e639249e66b</identifier>
    <deleted>false</deleted>
    <lockedOn class="sql-timestamp">2018-08-24 19:20:10.412</lockedOn>
    <lang>1</lang>
    <workingInode>3bf80fac-1698-4d28-af64-1c28824cc002</workingInode>
    <liveInode>3bf80fac-1698-4d28-af64-1c28824cc002</liveInode>
    <versionTs class="sql-timestamp">2018-08-24 19:20:10.401</versionTs>
  </com.dotmarketing.portlets.contentlet.model.ContentletVersionInfo>
  <com.dotmarketing.portlets.contentlet.model.ContentletVersionInfo>
    <identifier>8fa556a3-f506-44b2-a1a3-a39c65c0cf72</identifier>
    <deleted>false</deleted>
    <lockedOn class="sql-timestamp">2018-08-24 19:20:09.419</lockedOn>
    <lang>1</lang>
    <workingInode>8fa116ee-3615-4554-9768-eeba1fd7c680</workingInode>
    <liveInode>8fa116ee-3615-4554-9768-eeba1fd7c680</liveInode>
    <versionTs class="sql-timestamp">2018-08-24 19:20:09.411</versionTs>
  </com.dotmarketing.portlets.contentlet.model.ContentletVersionInfo>
  <com.dotmarketing.portlets.contentlet.model.ContentletVersionInfo>
    <identifier>8fef464c-8a4f-42d3-8045-4442105a47bc</identifier>
    <deleted>false</deleted>
    <lockedOn class="sql-timestamp">2018-08-24 19:20:07.605</lockedOn>
    <lang>1</lang>
    <workingInode>a131d53a-2b4a-42b3-8dd0-9ee7a84cd294</workingInode>
    <liveInode>a131d53a-2b4a-42b3-8dd0-9ee7a84cd294</liveInode>
    <versionTs class="sql-timestamp">2018-08-24 19:20:07.574</versionTs>
  </com.dotmarketing.portlets.contentlet.model.ContentletVersionInfo>
  <com.dotmarketing.portlets.contentlet.model.ContentletVersionInfo>
    <identifier>9313ce37-b9ce-446a-aa0f-d5dc4ed316a7</identifier>
    <deleted>false</deleted>
    <lockedOn class="sql-timestamp">2018-08-24 19:20:09.201</lockedOn>
    <lang>1</lang>
    <workingInode>6be10ad7-9b92-4c1f-9669-0b0039878ea9</workingInode>
    <liveInode>6be10ad7-9b92-4c1f-9669-0b0039878ea9</liveInode>
    <versionTs class="sql-timestamp">2018-08-24 19:20:09.191</versionTs>
  </com.dotmarketing.portlets.contentlet.model.ContentletVersionInfo>
  <com.dotmarketing.portlets.contentlet.model.ContentletVersionInfo>
    <identifier>9964f3f9-66a1-492c-ab71-52db6a5c997f</identifier>
    <deleted>false</deleted>
    <lockedOn class="sql-timestamp">2018-08-24 19:20:09.945</lockedOn>
    <lang>1</lang>
    <workingInode>56eb6f2d-502f-4c81-b337-ff0a64b4ecd8</workingInode>
    <liveInode>56eb6f2d-502f-4c81-b337-ff0a64b4ecd8</liveInode>
    <versionTs class="sql-timestamp">2018-08-24 19:20:09.898</versionTs>
  </com.dotmarketing.portlets.contentlet.model.ContentletVersionInfo>
  <com.dotmarketing.portlets.contentlet.model.ContentletVersionInfo>
    <identifier>9af70154-ac5f-48b6-bf09-191367b3b470</identifier>
    <deleted>false</deleted>
    <lockedOn class="sql-timestamp">2018-08-24 19:20:09.581</lockedOn>
    <lang>1</lang>
    <workingInode>fc52c149-6018-411b-96d7-a77f65361bf6</workingInode>
    <liveInode>fc52c149-6018-411b-96d7-a77f65361bf6</liveInode>
    <versionTs class="sql-timestamp">2018-08-24 19:20:09.568</versionTs>
  </com.dotmarketing.portlets.contentlet.model.ContentletVersionInfo>
  <com.dotmarketing.portlets.contentlet.model.ContentletVersionInfo>
    <identifier>9d184249-941a-42a3-8fc5-0dc868489711</identifier>
    <deleted>false</deleted>
    <lockedOn class="sql-timestamp">2018-08-24 19:20:08.413</lockedOn>
    <lang>1</lang>
    <workingInode>0d1518f0-6e30-4cbf-8e53-06f359b88e06</workingInode>
    <liveInode>0d1518f0-6e30-4cbf-8e53-06f359b88e06</liveInode>
    <versionTs class="sql-timestamp">2018-08-24 19:20:08.381</versionTs>
  </com.dotmarketing.portlets.contentlet.model.ContentletVersionInfo>
  <com.dotmarketing.portlets.contentlet.model.ContentletVersionInfo>
    <identifier>9d713eba-035b-43de-830a-7a8f25df0c40</identifier>
    <deleted>false</deleted>
    <lockedOn class="sql-timestamp">2018-08-24 19:20:08.176</lockedOn>
    <lang>1</lang>
    <workingInode>a487a4e9-a7f3-4fdd-8813-079fce56b2ed</workingInode>
    <liveInode>a487a4e9-a7f3-4fdd-8813-079fce56b2ed</liveInode>
    <versionTs class="sql-timestamp">2018-08-24 19:20:08.163</versionTs>
  </com.dotmarketing.portlets.contentlet.model.ContentletVersionInfo>
  <com.dotmarketing.portlets.contentlet.model.ContentletVersionInfo>
    <identifier>9fae5bd7-8677-4195-a79c-ab27f330d887</identifier>
    <deleted>false</deleted>
    <lockedOn class="sql-timestamp">2018-08-24 19:36:55.791</lockedOn>
    <lang>1</lang>
    <workingInode>1c4bad5a-e0eb-4917-acb0-20a613c93ee3</workingInode>
    <liveInode>1c4bad5a-e0eb-4917-acb0-20a613c93ee3</liveInode>
    <versionTs class="sql-timestamp">2018-08-24 19:36:55.782</versionTs>
  </com.dotmarketing.portlets.contentlet.model.ContentletVersionInfo>
  <com.dotmarketing.portlets.contentlet.model.ContentletVersionInfo>
    <identifier>a70620ae-b18f-42d4-9fae-a1f20a1889fd</identifier>
    <deleted>false</deleted>
    <lockedOn class="sql-timestamp">2018-08-24 19:20:10.28</lockedOn>
    <lang>1</lang>
    <workingInode>206c6a73-35ce-406b-9574-2a8de0a519a6</workingInode>
    <liveInode>206c6a73-35ce-406b-9574-2a8de0a519a6</liveInode>
    <versionTs class="sql-timestamp">2018-08-24 19:20:10.258</versionTs>
  </com.dotmarketing.portlets.contentlet.model.ContentletVersionInfo>
  <com.dotmarketing.portlets.contentlet.model.ContentletVersionInfo>
    <identifier>ab6485a1-0f69-4436-8b91-e5e6ac08bc6b</identifier>
    <deleted>false</deleted>
    <lockedOn class="sql-timestamp">2018-08-24 19:20:09.929</lockedOn>
    <lang>1</lang>
    <workingInode>b3e820a1-97c8-47b1-be17-1b2a799f44c1</workingInode>
    <liveInode>b3e820a1-97c8-47b1-be17-1b2a799f44c1</liveInode>
    <versionTs class="sql-timestamp">2018-08-24 19:20:09.898</versionTs>
  </com.dotmarketing.portlets.contentlet.model.ContentletVersionInfo>
  <com.dotmarketing.portlets.contentlet.model.ContentletVersionInfo>
    <identifier>acb137f2-9b5f-4c52-b75b-f377ab6e7d9c</identifier>
    <deleted>false</deleted>
    <lockedOn class="sql-timestamp">2018-08-24 19:20:07.598</lockedOn>
    <lang>1</lang>
    <workingInode>5dbb03e2-34a9-4e61-8b6f-57a18f597ab4</workingInode>
    <liveInode>5dbb03e2-34a9-4e61-8b6f-57a18f597ab4</liveInode>
    <versionTs class="sql-timestamp">2018-08-24 19:20:07.575</versionTs>
  </com.dotmarketing.portlets.contentlet.model.ContentletVersionInfo>
  <com.dotmarketing.portlets.contentlet.model.ContentletVersionInfo>
    <identifier>b86c31fa-342e-4796-ac3b-cca383f5d8ef</identifier>
    <deleted>false</deleted>
    <lockedOn class="sql-timestamp">2018-08-24 19:20:08.273</lockedOn>
    <lang>1</lang>
    <workingInode>65e3b82d-2508-483f-bec7-34d8dd356586</workingInode>
    <liveInode>65e3b82d-2508-483f-bec7-34d8dd356586</liveInode>
    <versionTs class="sql-timestamp">2018-08-24 19:20:08.23</versionTs>
  </com.dotmarketing.portlets.contentlet.model.ContentletVersionInfo>
  <com.dotmarketing.portlets.contentlet.model.ContentletVersionInfo>
    <identifier>ba49a150-9188-4cf5-9295-6a6e2a51a42b</identifier>
    <deleted>false</deleted>
    <lockedOn class="sql-timestamp">2018-08-10 18:38:05.429</lockedOn>
    <lang>1</lang>
    <workingInode>32248f69-ccb2-46b5-8438-8dd0d49ab0ae</workingInode>
    <liveInode>32248f69-ccb2-46b5-8438-8dd0d49ab0ae</liveInode>
    <versionTs class="sql-timestamp">2018-08-10 18:38:05.434</versionTs>
  </com.dotmarketing.portlets.contentlet.model.ContentletVersionInfo>
  <com.dotmarketing.portlets.contentlet.model.ContentletVersionInfo>
    <identifier>bebaa3bb-c27f-4369-a1b7-1af96caf8d70</identifier>
    <deleted>false</deleted>
    <lockedOn class="sql-timestamp">2018-08-24 19:20:09.707</lockedOn>
    <lang>1</lang>
    <workingInode>f565afde-1095-4530-a7ab-0c3c5f8abc67</workingInode>
    <liveInode>f565afde-1095-4530-a7ab-0c3c5f8abc67</liveInode>
    <versionTs class="sql-timestamp">2018-08-24 19:20:09.679</versionTs>
  </com.dotmarketing.portlets.contentlet.model.ContentletVersionInfo>
  <com.dotmarketing.portlets.contentlet.model.ContentletVersionInfo>
    <identifier>c13294e6-a9c8-4795-b405-0b5af90b311e</identifier>
    <deleted>false</deleted>
    <lockedOn class="sql-timestamp">2018-08-24 19:20:08.423</lockedOn>
    <lang>1</lang>
    <workingInode>a0f80d2f-04c0-4ee5-92d6-753d725cca66</workingInode>
    <liveInode>a0f80d2f-04c0-4ee5-92d6-753d725cca66</liveInode>
    <versionTs class="sql-timestamp">2018-08-24 19:20:08.398</versionTs>
  </com.dotmarketing.portlets.contentlet.model.ContentletVersionInfo>
  <com.dotmarketing.portlets.contentlet.model.ContentletVersionInfo>
    <identifier>c2805852-57cb-4d6e-bc91-9b97d6ef50ca</identifier>
    <deleted>false</deleted>
    <lockedOn class="sql-timestamp">2018-08-10 18:38:05.262</lockedOn>
    <lang>1</lang>
    <workingInode>495afd69-dbfb-48c2-80e3-c17c97777639</workingInode>
    <liveInode>495afd69-dbfb-48c2-80e3-c17c97777639</liveInode>
    <versionTs class="sql-timestamp">2018-08-10 18:38:05.268</versionTs>
  </com.dotmarketing.portlets.contentlet.model.ContentletVersionInfo>
  <com.dotmarketing.portlets.contentlet.model.ContentletVersionInfo>
    <identifier>cb8daa2a-66f6-48f9-9c2d-3b031fb80b16</identifier>
    <deleted>false</deleted>
    <lockedOn class="sql-timestamp">2018-08-24 19:20:10.307</lockedOn>
    <lang>1</lang>
    <workingInode>a595af7c-e4f2-45c1-9744-eeaf91274bae</workingInode>
    <liveInode>a595af7c-e4f2-45c1-9744-eeaf91274bae</liveInode>
    <versionTs class="sql-timestamp">2018-08-24 19:20:10.283</versionTs>
  </com.dotmarketing.portlets.contentlet.model.ContentletVersionInfo>
  <com.dotmarketing.portlets.contentlet.model.ContentletVersionInfo>
    <identifier>d1cead20-9b8b-46c5-a813-a3268fbbc575</identifier>
    <deleted>false</deleted>
    <lockedOn class="sql-timestamp">2018-08-24 19:20:08.665</lockedOn>
    <lang>1</lang>
    <workingInode>bd96d585-79ec-4c29-952f-94211d17e772</workingInode>
    <liveInode>bd96d585-79ec-4c29-952f-94211d17e772</liveInode>
    <versionTs class="sql-timestamp">2018-08-24 19:20:08.631</versionTs>
  </com.dotmarketing.portlets.contentlet.model.ContentletVersionInfo>
  <com.dotmarketing.portlets.contentlet.model.ContentletVersionInfo>
    <identifier>ee40a8e9-24b5-493f-bacf-11027a3e14db</identifier>
    <deleted>false</deleted>
    <lockedOn class="sql-timestamp">2018-08-24 19:20:08.172</lockedOn>
    <lang>1</lang>
    <workingInode>3e83dc1b-9a88-4f8e-bb08-9b23788f3300</workingInode>
    <liveInode>3e83dc1b-9a88-4f8e-bb08-9b23788f3300</liveInode>
    <versionTs class="sql-timestamp">2018-08-24 19:20:08.148</versionTs>
  </com.dotmarketing.portlets.contentlet.model.ContentletVersionInfo>
  <com.dotmarketing.portlets.contentlet.model.ContentletVersionInfo>
    <identifier>f08e8ff0-5e37-4856-96ac-00c113b421f1</identifier>
    <deleted>false</deleted>
    <lockedOn class="sql-timestamp">2018-08-24 19:20:08.688</lockedOn>
    <lang>1</lang>
    <workingInode>4afea36f-cf7d-4c7f-bccc-6b0471f4dd3c</workingInode>
    <liveInode>4afea36f-cf7d-4c7f-bccc-6b0471f4dd3c</liveInode>
    <versionTs class="sql-timestamp">2018-08-24 19:20:08.681</versionTs>
  </com.dotmarketing.portlets.contentlet.model.ContentletVersionInfo>
  <com.dotmarketing.portlets.contentlet.model.ContentletVersionInfo>
    <identifier>f6e76ea1-7424-4b61-a30c-40e66baffbec</identifier>
    <deleted>false</deleted>
    <lockedOn class="sql-timestamp">2018-08-24 19:20:08.175</lockedOn>
    <lang>1</lang>
    <workingInode>52ccbe1e-96aa-4b1b-837b-0f8d001d4999</workingInode>
    <liveInode>52ccbe1e-96aa-4b1b-837b-0f8d001d4999</liveInode>
    <versionTs class="sql-timestamp">2018-08-24 19:20:08.13</versionTs>
  </com.dotmarketing.portlets.contentlet.model.ContentletVersionInfo>
  <com.dotmarketing.portlets.contentlet.model.ContentletVersionInfo>
    <identifier>fab29e0c-b164-4734-b278-050738512767</identifier>
    <deleted>false</deleted>
    <lockedOn class="sql-timestamp">2018-08-24 19:20:09.2</lockedOn>
    <lang>1</lang>
    <workingInode>09b84504-2ca1-4486-ae75-fc20c72ce7a0</workingInode>
    <liveInode>09b84504-2ca1-4486-ae75-fc20c72ce7a0</liveInode>
    <versionTs class="sql-timestamp">2018-08-24 19:20:09.154</versionTs>
  </com.dotmarketing.portlets.contentlet.model.ContentletVersionInfo>
  <com.dotmarketing.portlets.contentlet.model.ContentletVersionInfo>
    <identifier>fde14780-d777-4d80-989d-e17f3b0d8885</identifier>
    <deleted>false</deleted>
    <lockedOn class="sql-timestamp">2018-08-24 19:20:10.319</lockedOn>
    <lang>1</lang>
    <workingInode>c3ed7c0c-fa4e-485b-8f5c-23eb9aa39aa4</workingInode>
    <liveInode>c3ed7c0c-fa4e-485b-8f5c-23eb9aa39aa4</liveInode>
    <versionTs class="sql-timestamp">2018-08-24 19:20:10.285</versionTs>
  </com.dotmarketing.portlets.contentlet.model.ContentletVersionInfo>
  <com.dotmarketing.portlets.contentlet.model.ContentletVersionInfo>
    <identifier>fef4a0e7-0b19-489b-9cd0-3c56653fe5d4</identifier>
    <deleted>false</deleted>
    <lockedOn class="sql-timestamp">2018-08-24 19:20:07.599</lockedOn>
    <lang>1</lang>
    <workingInode>6dc98bcc-8c8f-4236-8b61-976fe9bf2715</workingInode>
    <liveInode>6dc98bcc-8c8f-4236-8b61-976fe9bf2715</liveInode>
    <versionTs class="sql-timestamp">2018-08-24 19:20:07.576</versionTs>
  </com.dotmarketing.portlets.contentlet.model.ContentletVersionInfo>
  <com.dotmarketing.portlets.contentlet.model.ContentletVersionInfo>
    <identifier>SYSTEM_HOST</identifier>
    <deleted>false</deleted>
    <lockedOn class="sql-timestamp">2012-06-07 09:46:26.0</lockedOn>
    <lang>1</lang>
    <workingInode>dbdec5e2-c02b-4cfb-83a9-4a4c4f3b2eb0</workingInode>
    <liveInode>dbdec5e2-c02b-4cfb-83a9-4a4c4f3b2eb0</liveInode>
    <versionTs class="sql-timestamp">2017-03-07 18:25:58.061</versionTs>
  </com.dotmarketing.portlets.contentlet.model.ContentletVersionInfo>
</list>