<list>
  <com.dotmarketing.portlets.templates.model.Template>
    <iDate class="sql-timestamp">2018-07-24 19:09:05.326</iDate>
    <type>template</type>
    <owner></owner>
    <inode>a090b2b0-0753-4771-934e-660b0368113c</inode>
    <identifier>96e19b30-4f82-4a40-82ed-e8640962be93</identifier>
    <title>anonymous_layout_1532459868249</title>
    <friendlyName></friendlyName>
    <modDate class="sql-timestamp">2018-07-24 19:17:48.275</modDate>
    <modUser>dotcms.org.1</modUser>
    <sortOrder>0</sortOrder>
    <showOnMenu>false</showOnMenu>
    <image></image>
    <drawed>true</drawed>
    <drawedBody>{&quot;header&quot;:true,&quot;footer&quot;:true,&quot;body&quot;:{&quot;rows&quot;:[{&quot;columns&quot;:[{&quot;containers&quot;:[{&quot;identifier&quot;:&quot;56bd55ea-b04b-480d-9e37-5d6f9217dcc3&quot;,&quot;uuid&quot;:&quot;1&quot;}],&quot;widthPercent&quot;:100,&quot;leftOffset&quot;:1,&quot;preview&quot;:false,&quot;width&quot;:12,&quot;left&quot;:0}],&quot;identifier&quot;:0},{&quot;columns&quot;:[{&quot;containers&quot;:[{&quot;identifier&quot;:&quot;56bd55ea-b04b-480d-9e37-5d6f9217dcc3&quot;,&quot;uuid&quot;:&quot;2&quot;}],&quot;widthPercent&quot;:100,&quot;leftOffset&quot;:1,&quot;preview&quot;:false,&quot;width&quot;:12,&quot;left&quot;:0}],&quot;identifier&quot;:0}]},&quot;sidebar&quot;:{&quot;containers&quot;:[],&quot;location&quot;:&quot;&quot;,&quot;width&quot;:&quot;small&quot;,&quot;widthPercent&quot;:20,&quot;preview&quot;:false}}</drawedBody>
    <theme>b0c4b5e2-a7f6-43c0-a72f-5fef2bfcac23</theme>
  </com.dotmarketing.portlets.templates.model.Template>
  <com.dotmarketing.portlets.templates.model.Template>
    <iDate class="sql-timestamp">2018-07-24 19:09:05.326</iDate>
    <type>template</type>
    <owner></owner>
    <inode>f5879d20-abff-479d-aaa4-b417a3725998</inode>
    <identifier>96e19b30-4f82-4a40-82ed-e8640962be93</identifier>
    <title>anonymous_layout_1532459354731</title>
    <friendlyName></friendlyName>
    <modDate class="sql-timestamp">2018-07-24 19:09:14.759</modDate>
    <modUser>dotcms.org.1</modUser>
    <sortOrder>0</sortOrder>
    <showOnMenu>false</showOnMenu>
    <image></image>
    <drawed>true</drawed>
    <drawedBody>{&quot;header&quot;:true,&quot;footer&quot;:true,&quot;body&quot;:{&quot;rows&quot;:[{&quot;columns&quot;:[{&quot;containers&quot;:[{&quot;identifier&quot;:&quot;56bd55ea-b04b-480d-9e37-5d6f9217dcc3&quot;,&quot;uuid&quot;:&quot;1&quot;}],&quot;widthPercent&quot;:100,&quot;leftOffset&quot;:1,&quot;preview&quot;:false,&quot;width&quot;:12,&quot;left&quot;:0}],&quot;identifier&quot;:0},{&quot;columns&quot;:[{&quot;containers&quot;:[{&quot;identifier&quot;:&quot;56bd55ea-b04b-480d-9e37-5d6f9217dcc3&quot;,&quot;uuid&quot;:&quot;2&quot;}],&quot;widthPercent&quot;:100,&quot;leftOffset&quot;:1,&quot;preview&quot;:false,&quot;width&quot;:12,&quot;left&quot;:0}],&quot;identifier&quot;:0}]},&quot;sidebar&quot;:{&quot;containers&quot;:[],&quot;location&quot;:&quot;&quot;,&quot;width&quot;:&quot;small&quot;,&quot;widthPercent&quot;:20,&quot;preview&quot;:false}}</drawedBody>
    <theme>b0c4b5e2-a7f6-43c0-a72f-5fef2bfcac23</theme>
  </com.dotmarketing.portlets.templates.model.Template>
  <com.dotmarketing.portlets.templates.model.Template>
    <iDate class="sql-timestamp">2018-07-24 19:09:05.326</iDate>
    <type>template</type>
    <owner></owner>
    <inode>99d02023-45dc-469d-8076-93daf391280d</inode>
    <identifier>96e19b30-4f82-4a40-82ed-e8640962be93</identifier>
    <title>anonymous_layout_1532459345326</title>
    <friendlyName></friendlyName>
    <modDate class="sql-timestamp">2018-07-24 19:09:05.359</modDate>
    <modUser>dotcms.org.1</modUser>
    <sortOrder>0</sortOrder>
    <showOnMenu>false</showOnMenu>
    <image></image>
    <drawed>true</drawed>
    <drawedBody>{&quot;header&quot;:true,&quot;footer&quot;:true,&quot;body&quot;:{&quot;rows&quot;:[{&quot;columns&quot;:[{&quot;containers&quot;:[{&quot;identifier&quot;:&quot;56bd55ea-b04b-480d-9e37-5d6f9217dcc3&quot;,&quot;uuid&quot;:&quot;1&quot;}],&quot;widthPercent&quot;:100,&quot;leftOffset&quot;:1,&quot;preview&quot;:false,&quot;width&quot;:12,&quot;left&quot;:0}],&quot;identifier&quot;:0},{&quot;columns&quot;:[{&quot;containers&quot;:[{&quot;identifier&quot;:&quot;56bd55ea-b04b-480d-9e37-5d6f9217dcc3&quot;,&quot;uuid&quot;:&quot;2&quot;}],&quot;widthPercent&quot;:66,&quot;leftOffset&quot;:1,&quot;preview&quot;:false,&quot;width&quot;:8,&quot;left&quot;:0},{&quot;containers&quot;:[{&quot;identifier&quot;:&quot;fc193c82-8c32-4abe-ba8a-49522328c93e&quot;,&quot;uuid&quot;:&quot;1&quot;}],&quot;widthPercent&quot;:33,&quot;leftOffset&quot;:9,&quot;preview&quot;:false,&quot;width&quot;:4,&quot;left&quot;:8}],&quot;identifier&quot;:0}]},&quot;sidebar&quot;:{&quot;containers&quot;:[],&quot;location&quot;:&quot;&quot;,&quot;width&quot;:&quot;small&quot;,&quot;widthPercent&quot;:20,&quot;preview&quot;:false}}</drawedBody>
    <theme>b0c4b5e2-a7f6-43c0-a72f-5fef2bfcac23</theme>
  </com.dotmarketing.portlets.templates.model.Template>
  <com.dotmarketing.portlets.templates.model.Template>
    <iDate class="sql-timestamp">2018-07-18 13:35:56.684</iDate>
    <type>template</type>
    <owner></owner>
    <inode>adba605c-4370-4db3-962e-b91ec4604e99</inode>
    <identifier>5389e6a5-ee91-4164-b6ad-cc4f695f1d84</identifier>
    <title>anonymous_layout_1531933597381</title>
    <friendlyName></friendlyName>
    <modDate class="sql-timestamp">2018-07-18 17:06:37.399</modDate>
    <modUser>dotcms.org.1</modUser>
    <sortOrder>0</sortOrder>
    <showOnMenu>false</showOnMenu>
    <image></image>
    <drawed>true</drawed>
    <drawedBody>{&quot;header&quot;:true,&quot;footer&quot;:true,&quot;body&quot;:{&quot;rows&quot;:[{&quot;columns&quot;:[{&quot;containers&quot;:[{&quot;identifier&quot;:&quot;56bd55ea-b04b-480d-9e37-5d6f9217dcc3&quot;,&quot;uuid&quot;:&quot;1&quot;}],&quot;widthPercent&quot;:100,&quot;leftOffset&quot;:1,&quot;preview&quot;:false,&quot;width&quot;:12,&quot;left&quot;:0}],&quot;identifier&quot;:0},{&quot;columns&quot;:[{&quot;containers&quot;:[{&quot;identifier&quot;:&quot;56bd55ea-b04b-480d-9e37-5d6f9217dcc3&quot;,&quot;uuid&quot;:&quot;2&quot;}],&quot;widthPercent&quot;:66,&quot;leftOffset&quot;:1,&quot;preview&quot;:false,&quot;width&quot;:8,&quot;left&quot;:0},{&quot;containers&quot;:[{&quot;identifier&quot;:&quot;fc193c82-8c32-4abe-ba8a-49522328c93e&quot;,&quot;uuid&quot;:&quot;1&quot;}],&quot;widthPercent&quot;:33,&quot;leftOffset&quot;:9,&quot;preview&quot;:false,&quot;width&quot;:4,&quot;left&quot;:8}],&quot;identifier&quot;:0}]},&quot;sidebar&quot;:{&quot;containers&quot;:[],&quot;location&quot;:&quot;&quot;,&quot;width&quot;:&quot;small&quot;,&quot;widthPercent&quot;:20,&quot;preview&quot;:false}}</drawedBody>
    <theme>b0c4b5e2-a7f6-43c0-a72f-5fef2bfcac23</theme>
  </com.dotmarketing.portlets.templates.model.Template>
  <com.dotmarketing.portlets.templates.model.Template>
    <iDate class="sql-timestamp">2018-07-18 13:35:56.684</iDate>
    <type>template</type>
    <owner></owner>
    <inode>7c389966-7f32-4172-b4ae-19f96cdacb58</inode>
    <identifier>5389e6a5-ee91-4164-b6ad-cc4f695f1d84</identifier>
    <title>anonymous_layout_1531933574329</title>
    <friendlyName></friendlyName>
    <modDate class="sql-timestamp">2018-07-18 17:06:14.35</modDate>
    <modUser>dotcms.org.1</modUser>
    <sortOrder>0</sortOrder>
    <showOnMenu>false</showOnMenu>
    <image></image>
    <drawed>true</drawed>
    <drawedBody>{&quot;header&quot;:true,&quot;footer&quot;:true,&quot;body&quot;:{&quot;rows&quot;:[{&quot;columns&quot;:[{&quot;containers&quot;:[{&quot;identifier&quot;:&quot;56bd55ea-b04b-480d-9e37-5d6f9217dcc3&quot;,&quot;uuid&quot;:&quot;1&quot;}],&quot;widthPercent&quot;:100,&quot;leftOffset&quot;:1,&quot;preview&quot;:false,&quot;width&quot;:12,&quot;left&quot;:0}],&quot;identifier&quot;:0},{&quot;columns&quot;:[{&quot;containers&quot;:[{&quot;identifier&quot;:&quot;56bd55ea-b04b-480d-9e37-5d6f9217dcc3&quot;,&quot;uuid&quot;:&quot;2&quot;}],&quot;widthPercent&quot;:66,&quot;leftOffset&quot;:1,&quot;preview&quot;:false,&quot;width&quot;:8,&quot;left&quot;:0},{&quot;containers&quot;:[{&quot;identifier&quot;:&quot;fc193c82-8c32-4abe-ba8a-49522328c93e&quot;,&quot;uuid&quot;:&quot;1&quot;}],&quot;widthPercent&quot;:33,&quot;leftOffset&quot;:9,&quot;preview&quot;:false,&quot;width&quot;:4,&quot;left&quot;:8}],&quot;identifier&quot;:0}]},&quot;sidebar&quot;:{&quot;containers&quot;:[],&quot;location&quot;:&quot;&quot;,&quot;width&quot;:&quot;small&quot;,&quot;widthPercent&quot;:20,&quot;preview&quot;:false}}</drawedBody>
    <theme>79479e0e-87d0-4260-9c12-3f05e303adcc</theme>
  </com.dotmarketing.portlets.templates.model.Template>
  <com.dotmarketing.portlets.templates.model.Template>
    <iDate class="sql-timestamp">2018-07-18 13:35:56.684</iDate>
    <type>template</type>
    <owner></owner>
    <inode>62f9e359-6f3d-44d2-9878-be73a51b2a67</inode>
    <identifier>5389e6a5-ee91-4164-b6ad-cc4f695f1d84</identifier>
    <title>anonymous_layout_1531929295685</title>
    <friendlyName></friendlyName>
    <modDate class="sql-timestamp">2018-07-18 15:54:55.7</modDate>
    <modUser>dotcms.org.1</modUser>
    <sortOrder>0</sortOrder>
    <showOnMenu>false</showOnMenu>
    <image></image>
    <drawed>true</drawed>
    <drawedBody>{&quot;header&quot;:true,&quot;footer&quot;:true,&quot;body&quot;:{&quot;rows&quot;:[{&quot;columns&quot;:[{&quot;containers&quot;:[{&quot;identifier&quot;:&quot;56bd55ea-b04b-480d-9e37-5d6f9217dcc3&quot;,&quot;uuid&quot;:&quot;1&quot;}],&quot;widthPercent&quot;:100,&quot;leftOffset&quot;:1,&quot;preview&quot;:false,&quot;width&quot;:12,&quot;left&quot;:0}],&quot;identifier&quot;:0},{&quot;columns&quot;:[{&quot;containers&quot;:[{&quot;identifier&quot;:&quot;56bd55ea-b04b-480d-9e37-5d6f9217dcc3&quot;,&quot;uuid&quot;:&quot;2&quot;}],&quot;widthPercent&quot;:66,&quot;leftOffset&quot;:1,&quot;preview&quot;:false,&quot;width&quot;:8,&quot;left&quot;:0},{&quot;containers&quot;:[{&quot;identifier&quot;:&quot;fc193c82-8c32-4abe-ba8a-49522328c93e&quot;,&quot;uuid&quot;:&quot;1&quot;}],&quot;widthPercent&quot;:33,&quot;leftOffset&quot;:9,&quot;preview&quot;:false,&quot;width&quot;:4,&quot;left&quot;:8}],&quot;identifier&quot;:0}]},&quot;sidebar&quot;:{&quot;containers&quot;:[],&quot;location&quot;:&quot;&quot;,&quot;width&quot;:&quot;small&quot;,&quot;widthPercent&quot;:20,&quot;preview&quot;:false}}</drawedBody>
    <theme>b0c4b5e2-a7f6-43c0-a72f-5fef2bfcac23</theme>
  </com.dotmarketing.portlets.templates.model.Template>
  <com.dotmarketing.portlets.templates.model.Template>
    <iDate class="sql-timestamp">2018-07-18 13:35:56.684</iDate>
    <type>template</type>
    <owner></owner>
    <inode>eecc9e3e-8d29-49fb-ab27-31e813a59929</inode>
    <identifier>5389e6a5-ee91-4164-b6ad-cc4f695f1d84</identifier>
    <title>anonymous_layout_1531923519077</title>
    <friendlyName></friendlyName>
    <modDate class="sql-timestamp">2018-07-18 14:18:39.081</modDate>
    <modUser>dotcms.org.1</modUser>
    <sortOrder>0</sortOrder>
    <showOnMenu>false</showOnMenu>
    <image></image>
    <drawed>true</drawed>
    <drawedBody>{&quot;header&quot;:true,&quot;footer&quot;:true,&quot;body&quot;:{&quot;rows&quot;:[{&quot;columns&quot;:[{&quot;containers&quot;:[{&quot;identifier&quot;:&quot;56bd55ea-b04b-480d-9e37-5d6f9217dcc3&quot;,&quot;uuid&quot;:&quot;1&quot;}],&quot;widthPercent&quot;:100,&quot;leftOffset&quot;:1,&quot;preview&quot;:false,&quot;width&quot;:12,&quot;left&quot;:0}],&quot;identifier&quot;:0},{&quot;columns&quot;:[{&quot;containers&quot;:[{&quot;identifier&quot;:&quot;56bd55ea-b04b-480d-9e37-5d6f9217dcc3&quot;,&quot;uuid&quot;:&quot;2&quot;}],&quot;widthPercent&quot;:50,&quot;leftOffset&quot;:1,&quot;preview&quot;:false,&quot;width&quot;:6,&quot;left&quot;:0},{&quot;containers&quot;:[{&quot;identifier&quot;:&quot;5eb11b21-6b13-4fb8-a823-1de20bba56c0&quot;,&quot;uuid&quot;:&quot;1&quot;}],&quot;widthPercent&quot;:50,&quot;leftOffset&quot;:7,&quot;preview&quot;:false,&quot;width&quot;:6,&quot;left&quot;:6}],&quot;identifier&quot;:0}]},&quot;sidebar&quot;:{&quot;containers&quot;:[],&quot;location&quot;:&quot;&quot;,&quot;width&quot;:&quot;small&quot;,&quot;widthPercent&quot;:20,&quot;preview&quot;:false}}</drawedBody>
    <theme>b0c4b5e2-a7f6-43c0-a72f-5fef2bfcac23</theme>
  </com.dotmarketing.portlets.templates.model.Template>
  <com.dotmarketing.portlets.templates.model.Template>
    <iDate class="sql-timestamp">2018-07-18 13:35:56.684</iDate>
    <type>template</type>
    <owner></owner>
    <inode>94287dae-bfb0-47e6-a37a-8b4c2fedccbe</inode>
    <identifier>5389e6a5-ee91-4164-b6ad-cc4f695f1d84</identifier>
    <title>anonymous_layout_1531923298116</title>
    <friendlyName></friendlyName>
    <modDate class="sql-timestamp">2018-07-18 14:14:58.127</modDate>
    <modUser>dotcms.org.1</modUser>
    <sortOrder>0</sortOrder>
    <showOnMenu>false</showOnMenu>
    <image></image>
    <drawed>true</drawed>
    <drawedBody>{&quot;header&quot;:true,&quot;footer&quot;:true,&quot;body&quot;:{&quot;rows&quot;:[{&quot;columns&quot;:[{&quot;containers&quot;:[{&quot;identifier&quot;:&quot;56bd55ea-b04b-480d-9e37-5d6f9217dcc3&quot;,&quot;uuid&quot;:&quot;1&quot;}],&quot;widthPercent&quot;:50,&quot;leftOffset&quot;:1,&quot;preview&quot;:false,&quot;width&quot;:6,&quot;left&quot;:0},{&quot;containers&quot;:[{&quot;identifier&quot;:&quot;5eb11b21-6b13-4fb8-a823-1de20bba56c0&quot;,&quot;uuid&quot;:&quot;1&quot;}],&quot;widthPercent&quot;:50,&quot;leftOffset&quot;:7,&quot;preview&quot;:false,&quot;width&quot;:6,&quot;left&quot;:6}],&quot;identifier&quot;:0}]},&quot;sidebar&quot;:{&quot;containers&quot;:[],&quot;location&quot;:&quot;&quot;,&quot;width&quot;:&quot;small&quot;,&quot;widthPercent&quot;:20,&quot;preview&quot;:false}}</drawedBody>
    <theme>b0c4b5e2-a7f6-43c0-a72f-5fef2bfcac23</theme>
  </com.dotmarketing.portlets.templates.model.Template>
  <com.dotmarketing.portlets.templates.model.Template>
    <iDate class="sql-timestamp">2018-07-18 13:35:56.684</iDate>
    <type>template</type>
    <owner></owner>
    <inode>1a1425b3-db93-4e6f-bc50-03ab23680035</inode>
    <identifier>5389e6a5-ee91-4164-b6ad-cc4f695f1d84</identifier>
    <title>anonymous_layout_1531923284764</title>
    <friendlyName></friendlyName>
    <modDate class="sql-timestamp">2018-07-18 14:14:44.776</modDate>
    <modUser>dotcms.org.1</modUser>
    <sortOrder>0</sortOrder>
    <showOnMenu>false</showOnMenu>
    <image></image>
    <drawed>true</drawed>
    <drawedBody>{&quot;header&quot;:false,&quot;footer&quot;:true,&quot;body&quot;:{&quot;rows&quot;:[{&quot;columns&quot;:[{&quot;containers&quot;:[{&quot;identifier&quot;:&quot;56bd55ea-b04b-480d-9e37-5d6f9217dcc3&quot;,&quot;uuid&quot;:&quot;1&quot;}],&quot;widthPercent&quot;:50,&quot;leftOffset&quot;:1,&quot;preview&quot;:false,&quot;width&quot;:6,&quot;left&quot;:0},{&quot;containers&quot;:[{&quot;identifier&quot;:&quot;5eb11b21-6b13-4fb8-a823-1de20bba56c0&quot;,&quot;uuid&quot;:&quot;1&quot;}],&quot;widthPercent&quot;:50,&quot;leftOffset&quot;:7,&quot;preview&quot;:false,&quot;width&quot;:6,&quot;left&quot;:6}],&quot;identifier&quot;:0}]},&quot;sidebar&quot;:{&quot;containers&quot;:[],&quot;location&quot;:&quot;&quot;,&quot;width&quot;:&quot;small&quot;,&quot;widthPercent&quot;:20,&quot;preview&quot;:false}}</drawedBody>
    <theme>b0c4b5e2-a7f6-43c0-a72f-5fef2bfcac23</theme>
  </com.dotmarketing.portlets.templates.model.Template>
  <com.dotmarketing.portlets.templates.model.Template>
    <iDate class="sql-timestamp">2018-07-18 13:35:56.684</iDate>
    <type>template</type>
    <owner></owner>
    <inode>f66b4641-566e-4f4b-abad-679282049f9f</inode>
    <identifier>5389e6a5-ee91-4164-b6ad-cc4f695f1d84</identifier>
    <title>anonymous_layout_1531923246839</title>
    <friendlyName></friendlyName>
    <modDate class="sql-timestamp">2018-07-18 14:14:06.852</modDate>
    <modUser>dotcms.org.1</modUser>
    <sortOrder>0</sortOrder>
    <showOnMenu>false</showOnMenu>
    <image></image>
    <drawed>true</drawed>
    <drawedBody>{&quot;header&quot;:false,&quot;footer&quot;:false,&quot;body&quot;:{&quot;rows&quot;:[{&quot;columns&quot;:[{&quot;containers&quot;:[{&quot;identifier&quot;:&quot;56bd55ea-b04b-480d-9e37-5d6f9217dcc3&quot;,&quot;uuid&quot;:&quot;1&quot;}],&quot;widthPercent&quot;:50,&quot;leftOffset&quot;:1,&quot;preview&quot;:false,&quot;width&quot;:6,&quot;left&quot;:0},{&quot;containers&quot;:[{&quot;identifier&quot;:&quot;5eb11b21-6b13-4fb8-a823-1de20bba56c0&quot;,&quot;uuid&quot;:&quot;1&quot;}],&quot;widthPercent&quot;:50,&quot;leftOffset&quot;:7,&quot;preview&quot;:false,&quot;width&quot;:6,&quot;left&quot;:6}],&quot;identifier&quot;:0}]},&quot;sidebar&quot;:{&quot;containers&quot;:[],&quot;location&quot;:&quot;&quot;,&quot;width&quot;:&quot;small&quot;,&quot;widthPercent&quot;:20,&quot;preview&quot;:false}}</drawedBody>
    <theme>b0c4b5e2-a7f6-43c0-a72f-5fef2bfcac23</theme>
  </com.dotmarketing.portlets.templates.model.Template>
  <com.dotmarketing.portlets.templates.model.Template>
    <iDate class="sql-timestamp">2018-07-18 13:35:56.684</iDate>
    <type>template</type>
    <owner></owner>
    <inode>0a4c299d-7ac1-44b5-8d8e-6b7c98da1f64</inode>
    <identifier>5389e6a5-ee91-4164-b6ad-cc4f695f1d84</identifier>
    <title>anonymous_layout_1531921833023</title>
    <friendlyName></friendlyName>
    <modDate class="sql-timestamp">2018-07-18 13:50:33.039</modDate>
    <modUser>dotcms.org.1</modUser>
    <sortOrder>0</sortOrder>
    <showOnMenu>false</showOnMenu>
    <image></image>
    <drawed>true</drawed>
    <drawedBody>{&quot;header&quot;:true,&quot;footer&quot;:true,&quot;body&quot;:{&quot;rows&quot;:[{&quot;columns&quot;:[{&quot;containers&quot;:[{&quot;identifier&quot;:&quot;56bd55ea-b04b-480d-9e37-5d6f9217dcc3&quot;,&quot;uuid&quot;:&quot;1&quot;}],&quot;widthPercent&quot;:50,&quot;leftOffset&quot;:1,&quot;preview&quot;:false,&quot;width&quot;:6,&quot;left&quot;:0},{&quot;containers&quot;:[{&quot;identifier&quot;:&quot;5eb11b21-6b13-4fb8-a823-1de20bba56c0&quot;,&quot;uuid&quot;:&quot;1&quot;}],&quot;widthPercent&quot;:50,&quot;leftOffset&quot;:7,&quot;preview&quot;:false,&quot;width&quot;:6,&quot;left&quot;:6}],&quot;identifier&quot;:0}]},&quot;sidebar&quot;:{&quot;containers&quot;:[],&quot;location&quot;:&quot;&quot;,&quot;width&quot;:&quot;small&quot;,&quot;widthPercent&quot;:20,&quot;preview&quot;:false}}</drawedBody>
    <theme>b0c4b5e2-a7f6-43c0-a72f-5fef2bfcac23</theme>
  </com.dotmarketing.portlets.templates.model.Template>
  <com.dotmarketing.portlets.templates.model.Template>
    <iDate class="sql-timestamp">2018-07-18 13:35:56.684</iDate>
    <type>template</type>
    <owner></owner>
    <inode>a4b54d4d-2a17-4892-ada9-97a374b14876</inode>
    <identifier>5389e6a5-ee91-4164-b6ad-cc4f695f1d84</identifier>
    <title>anonymous_layout_1531921824905</title>
    <friendlyName></friendlyName>
    <modDate class="sql-timestamp">2018-07-18 13:50:24.92</modDate>
    <modUser>dotcms.org.1</modUser>
    <sortOrder>0</sortOrder>
    <showOnMenu>false</showOnMenu>
    <image></image>
    <drawed>true</drawed>
    <drawedBody>{&quot;header&quot;:true,&quot;footer&quot;:true,&quot;body&quot;:{&quot;rows&quot;:[{&quot;columns&quot;:[{&quot;containers&quot;:[{&quot;identifier&quot;:&quot;56bd55ea-b04b-480d-9e37-5d6f9217dcc3&quot;,&quot;uuid&quot;:&quot;1&quot;}],&quot;widthPercent&quot;:50,&quot;leftOffset&quot;:1,&quot;preview&quot;:false,&quot;width&quot;:6,&quot;left&quot;:0},{&quot;containers&quot;:[{&quot;identifier&quot;:&quot;5eb11b21-6b13-4fb8-a823-1de20bba56c0&quot;,&quot;uuid&quot;:&quot;1&quot;}],&quot;widthPercent&quot;:50,&quot;leftOffset&quot;:7,&quot;preview&quot;:false,&quot;width&quot;:6,&quot;left&quot;:6}],&quot;identifier&quot;:0}]},&quot;sidebar&quot;:{&quot;containers&quot;:[],&quot;location&quot;:&quot;&quot;,&quot;width&quot;:&quot;small&quot;,&quot;widthPercent&quot;:20,&quot;preview&quot;:false}}</drawedBody>
    <theme>79479e0e-87d0-4260-9c12-3f05e303adcc</theme>
  </com.dotmarketing.portlets.templates.model.Template>
  <com.dotmarketing.portlets.templates.model.Template>
    <iDate class="sql-timestamp">2018-07-18 13:35:56.684</iDate>
    <type>template</type>
    <owner></owner>
    <inode>a555a6b8-517e-48a6-b8f9-37a11b6247ca</inode>
    <identifier>5389e6a5-ee91-4164-b6ad-cc4f695f1d84</identifier>
    <title>anonymous_layout_1531921485781</title>
    <friendlyName></friendlyName>
    <modDate class="sql-timestamp">2018-07-18 13:44:45.786</modDate>
    <modUser>dotcms.org.1</modUser>
    <sortOrder>0</sortOrder>
    <showOnMenu>false</showOnMenu>
    <image></image>
    <drawed>true</drawed>
    <drawedBody>{&quot;header&quot;:true,&quot;footer&quot;:true,&quot;body&quot;:{&quot;rows&quot;:[{&quot;columns&quot;:[{&quot;containers&quot;:[{&quot;identifier&quot;:&quot;56bd55ea-b04b-480d-9e37-5d6f9217dcc3&quot;,&quot;uuid&quot;:&quot;1&quot;}],&quot;widthPercent&quot;:50,&quot;leftOffset&quot;:1,&quot;preview&quot;:false,&quot;width&quot;:6,&quot;left&quot;:0},{&quot;containers&quot;:[{&quot;identifier&quot;:&quot;5eb11b21-6b13-4fb8-a823-1de20bba56c0&quot;,&quot;uuid&quot;:&quot;1&quot;}],&quot;widthPercent&quot;:50,&quot;leftOffset&quot;:7,&quot;preview&quot;:false,&quot;width&quot;:6,&quot;left&quot;:6}],&quot;identifier&quot;:0}]},&quot;sidebar&quot;:{&quot;containers&quot;:[],&quot;location&quot;:&quot;&quot;,&quot;width&quot;:&quot;small&quot;,&quot;widthPercent&quot;:20,&quot;preview&quot;:false}}</drawedBody>
    <theme>b0c4b5e2-a7f6-43c0-a72f-5fef2bfcac23</theme>
  </com.dotmarketing.portlets.templates.model.Template>
  <com.dotmarketing.portlets.templates.model.Template>
    <iDate class="sql-timestamp">2018-07-18 13:35:56.684</iDate>
    <type>template</type>
    <owner></owner>
    <inode>807e0640-8b94-4a51-927f-dcadf59216c2</inode>
    <identifier>5389e6a5-ee91-4164-b6ad-cc4f695f1d84</identifier>
    <title>anonymous_layout_1531921222661</title>
    <friendlyName></friendlyName>
    <modDate class="sql-timestamp">2018-07-18 13:40:22.666</modDate>
    <modUser>dotcms.org.1</modUser>
    <sortOrder>0</sortOrder>
    <showOnMenu>false</showOnMenu>
    <image></image>
    <drawed>true</drawed>
    <drawedBody>{&quot;header&quot;:false,&quot;footer&quot;:false,&quot;body&quot;:{&quot;rows&quot;:[{&quot;columns&quot;:[{&quot;containers&quot;:[{&quot;identifier&quot;:&quot;56bd55ea-b04b-480d-9e37-5d6f9217dcc3&quot;,&quot;uuid&quot;:&quot;1&quot;}],&quot;widthPercent&quot;:50,&quot;leftOffset&quot;:1,&quot;preview&quot;:false,&quot;width&quot;:6,&quot;left&quot;:0},{&quot;containers&quot;:[{&quot;identifier&quot;:&quot;5eb11b21-6b13-4fb8-a823-1de20bba56c0&quot;,&quot;uuid&quot;:&quot;1&quot;}],&quot;widthPercent&quot;:50,&quot;leftOffset&quot;:7,&quot;preview&quot;:false,&quot;width&quot;:6,&quot;left&quot;:6}],&quot;identifier&quot;:0}]},&quot;sidebar&quot;:{&quot;containers&quot;:[],&quot;location&quot;:&quot;&quot;,&quot;width&quot;:&quot;small&quot;,&quot;widthPercent&quot;:20,&quot;preview&quot;:false}}</drawedBody>
    <theme>b0c4b5e2-a7f6-43c0-a72f-5fef2bfcac23</theme>
  </com.dotmarketing.portlets.templates.model.Template>
  <com.dotmarketing.portlets.templates.model.Template>
    <iDate class="sql-timestamp">2018-07-18 13:35:56.684</iDate>
    <type>template</type>
    <owner></owner>
    <inode>f8c87549-6520-4488-8e84-de01acc6bbea</inode>
    <identifier>5389e6a5-ee91-4164-b6ad-cc4f695f1d84</identifier>
    <title>anonymous_layout_1531921209412</title>
    <friendlyName></friendlyName>
    <modDate class="sql-timestamp">2018-07-18 13:40:09.419</modDate>
    <modUser>dotcms.org.1</modUser>
    <sortOrder>0</sortOrder>
    <showOnMenu>false</showOnMenu>
    <image></image>
    <drawed>true</drawed>
    <drawedBody>{&quot;header&quot;:false,&quot;footer&quot;:true,&quot;body&quot;:{&quot;rows&quot;:[{&quot;columns&quot;:[{&quot;containers&quot;:[{&quot;identifier&quot;:&quot;56bd55ea-b04b-480d-9e37-5d6f9217dcc3&quot;,&quot;uuid&quot;:&quot;1&quot;}],&quot;widthPercent&quot;:50,&quot;leftOffset&quot;:1,&quot;preview&quot;:false,&quot;width&quot;:6,&quot;left&quot;:0},{&quot;containers&quot;:[{&quot;identifier&quot;:&quot;5eb11b21-6b13-4fb8-a823-1de20bba56c0&quot;,&quot;uuid&quot;:&quot;1&quot;}],&quot;widthPercent&quot;:50,&quot;leftOffset&quot;:7,&quot;preview&quot;:false,&quot;width&quot;:6,&quot;left&quot;:6}],&quot;identifier&quot;:0}]},&quot;sidebar&quot;:{&quot;containers&quot;:[],&quot;location&quot;:&quot;&quot;,&quot;width&quot;:&quot;small&quot;,&quot;widthPercent&quot;:20,&quot;preview&quot;:false}}</drawedBody>
    <theme>b0c4b5e2-a7f6-43c0-a72f-5fef2bfcac23</theme>
  </com.dotmarketing.portlets.templates.model.Template>
  <com.dotmarketing.portlets.templates.model.Template>
    <iDate class="sql-timestamp">2018-07-18 13:35:56.684</iDate>
    <type>template</type>
    <owner></owner>
    <inode>e9884e1c-c093-4fbb-805e-8f58ae916922</inode>
    <identifier>5389e6a5-ee91-4164-b6ad-cc4f695f1d84</identifier>
    <title>anonymous_layout_1531920956685</title>
    <friendlyName></friendlyName>
    <modDate class="sql-timestamp">2018-07-18 13:35:56.695</modDate>
    <modUser>dotcms.org.1</modUser>
    <sortOrder>0</sortOrder>
    <showOnMenu>false</showOnMenu>
    <image></image>
    <drawed>true</drawed>
    <drawedBody>{&quot;header&quot;:true,&quot;footer&quot;:true,&quot;body&quot;:{&quot;rows&quot;:[{&quot;columns&quot;:[{&quot;containers&quot;:[{&quot;identifier&quot;:&quot;56bd55ea-b04b-480d-9e37-5d6f9217dcc3&quot;,&quot;uuid&quot;:&quot;1&quot;}],&quot;widthPercent&quot;:50,&quot;leftOffset&quot;:1,&quot;preview&quot;:false,&quot;width&quot;:6,&quot;left&quot;:0},{&quot;containers&quot;:[{&quot;identifier&quot;:&quot;5eb11b21-6b13-4fb8-a823-1de20bba56c0&quot;,&quot;uuid&quot;:&quot;1&quot;}],&quot;widthPercent&quot;:50,&quot;leftOffset&quot;:7,&quot;preview&quot;:false,&quot;width&quot;:6,&quot;left&quot;:6}],&quot;identifier&quot;:0}]},&quot;sidebar&quot;:{&quot;containers&quot;:[],&quot;location&quot;:&quot;&quot;,&quot;width&quot;:&quot;small&quot;,&quot;widthPercent&quot;:20,&quot;preview&quot;:false}}</drawedBody>
    <theme>b0c4b5e2-a7f6-43c0-a72f-5fef2bfcac23</theme>
  </com.dotmarketing.portlets.templates.model.Template>
  <com.dotmarketing.portlets.templates.model.Template>
    <iDate class="sql-timestamp">2018-06-13 20:26:35.705</iDate>
    <type>template</type>
    <owner></owner>
    <inode>367a8fa6-327d-4858-b26c-e095036dee88</inode>
    <identifier>4341f0fd-a456-4d77-83da-a5cd7248624d</identifier>
    <title>anonymous_layout_1528922390015</title>
    <friendlyName></friendlyName>
    <modDate class="sql-timestamp">2018-06-13 20:39:50.02</modDate>
    <modUser>dotcms.org.1</modUser>
    <sortOrder>0</sortOrder>
    <showOnMenu>false</showOnMenu>
    <image></image>
    <drawed>true</drawed>
    <drawedBody>{&quot;header&quot;:true,&quot;footer&quot;:true,&quot;body&quot;:{&quot;rows&quot;:[{&quot;columns&quot;:[{&quot;containers&quot;:[{&quot;identifier&quot;:&quot;56bd55ea-b04b-480d-9e37-5d6f9217dcc3&quot;,&quot;uuid&quot;:&quot;1&quot;}],&quot;widthPercent&quot;:66,&quot;leftOffset&quot;:1,&quot;preview&quot;:false,&quot;width&quot;:8,&quot;left&quot;:0},{&quot;containers&quot;:[{&quot;identifier&quot;:&quot;5363c6c6-5ba0-4946-b7af-cf875188ac2e&quot;,&quot;uuid&quot;:&quot;1&quot;}],&quot;widthPercent&quot;:33,&quot;leftOffset&quot;:9,&quot;preview&quot;:false,&quot;width&quot;:4,&quot;left&quot;:8}],&quot;identifier&quot;:0}]},&quot;sidebar&quot;:{&quot;containers&quot;:[],&quot;location&quot;:&quot;&quot;,&quot;width&quot;:&quot;small&quot;,&quot;widthPercent&quot;:20,&quot;preview&quot;:false}}</drawedBody>
    <theme>79479e0e-87d0-4260-9c12-3f05e303adcc</theme>
  </com.dotmarketing.portlets.templates.model.Template>
  <com.dotmarketing.portlets.templates.model.Template>
    <iDate class="sql-timestamp">2018-06-13 20:26:35.705</iDate>
    <type>template</type>
    <owner></owner>
    <inode>e61c6bae-fe45-4be8-9fc9-95794c9da15a</inode>
    <identifier>4341f0fd-a456-4d77-83da-a5cd7248624d</identifier>
    <title>anonymous_layout_1528921756291</title>
    <friendlyName></friendlyName>
    <modDate class="sql-timestamp">2018-06-13 20:29:16.294</modDate>
    <modUser>dotcms.org.1</modUser>
    <sortOrder>0</sortOrder>
    <showOnMenu>false</showOnMenu>
    <image></image>
    <drawed>true</drawed>
    <drawedBody>{&quot;header&quot;:true,&quot;footer&quot;:true,&quot;body&quot;:{&quot;rows&quot;:[{&quot;columns&quot;:[{&quot;containers&quot;:[{&quot;identifier&quot;:&quot;56bd55ea-b04b-480d-9e37-5d6f9217dcc3&quot;,&quot;uuid&quot;:&quot;1&quot;}],&quot;widthPercent&quot;:66,&quot;leftOffset&quot;:1,&quot;preview&quot;:false,&quot;width&quot;:8,&quot;left&quot;:0},{&quot;containers&quot;:[{&quot;identifier&quot;:&quot;5363c6c6-5ba0-4946-b7af-cf875188ac2e&quot;,&quot;uuid&quot;:&quot;1&quot;}],&quot;widthPercent&quot;:33,&quot;leftOffset&quot;:9,&quot;preview&quot;:false,&quot;width&quot;:4,&quot;left&quot;:8}],&quot;identifier&quot;:0},{&quot;columns&quot;:[{&quot;containers&quot;:[{&quot;identifier&quot;:&quot;5eb11b21-6b13-4fb8-a823-1de20bba56c0&quot;,&quot;uuid&quot;:&quot;1&quot;}],&quot;widthPercent&quot;:25,&quot;leftOffset&quot;:1,&quot;preview&quot;:false,&quot;width&quot;:3,&quot;left&quot;:0}],&quot;identifier&quot;:0}]},&quot;sidebar&quot;:{&quot;containers&quot;:[],&quot;location&quot;:&quot;&quot;,&quot;width&quot;:&quot;small&quot;,&quot;widthPercent&quot;:20,&quot;preview&quot;:false}}</drawedBody>
    <theme>79479e0e-87d0-4260-9c12-3f05e303adcc</theme>
  </com.dotmarketing.portlets.templates.model.Template>
  <com.dotmarketing.portlets.templates.model.Template>
    <iDate class="sql-timestamp">2018-06-13 20:26:35.705</iDate>
    <type>template</type>
    <owner></owner>
    <inode>ef9a005b-676c-4003-9e39-3172f152fc63</inode>
    <identifier>4341f0fd-a456-4d77-83da-a5cd7248624d</identifier>
    <title>anonymous_layout_1528921727212</title>
    <friendlyName></friendlyName>
    <modDate class="sql-timestamp">2018-06-13 20:28:47.218</modDate>
    <modUser>dotcms.org.1</modUser>
    <sortOrder>0</sortOrder>
    <showOnMenu>false</showOnMenu>
    <image></image>
    <drawed>true</drawed>
    <drawedBody>{&quot;header&quot;:true,&quot;footer&quot;:true,&quot;body&quot;:{&quot;rows&quot;:[{&quot;columns&quot;:[{&quot;containers&quot;:[{&quot;identifier&quot;:&quot;56bd55ea-b04b-480d-9e37-5d6f9217dcc3&quot;,&quot;uuid&quot;:&quot;1&quot;}],&quot;widthPercent&quot;:66,&quot;leftOffset&quot;:1,&quot;preview&quot;:false,&quot;width&quot;:8,&quot;left&quot;:0},{&quot;containers&quot;:[{&quot;identifier&quot;:&quot;5363c6c6-5ba0-4946-b7af-cf875188ac2e&quot;,&quot;uuid&quot;:&quot;1&quot;}],&quot;widthPercent&quot;:33,&quot;leftOffset&quot;:9,&quot;preview&quot;:false,&quot;width&quot;:4,&quot;left&quot;:8}],&quot;identifier&quot;:0},{&quot;columns&quot;:[{&quot;containers&quot;:[{&quot;identifier&quot;:&quot;5eb11b21-6b13-4fb8-a823-1de20bba56c0&quot;,&quot;uuid&quot;:&quot;1&quot;}],&quot;widthPercent&quot;:25,&quot;leftOffset&quot;:1,&quot;preview&quot;:false,&quot;width&quot;:3,&quot;left&quot;:0}],&quot;identifier&quot;:0}]},&quot;sidebar&quot;:{&quot;containers&quot;:[],&quot;location&quot;:&quot;&quot;,&quot;width&quot;:&quot;small&quot;,&quot;widthPercent&quot;:20,&quot;preview&quot;:false}}</drawedBody>
    <theme>79479e0e-87d0-4260-9c12-3f05e303adcc</theme>
  </com.dotmarketing.portlets.templates.model.Template>
  <com.dotmarketing.portlets.templates.model.Template>
    <iDate class="sql-timestamp">2018-06-13 20:26:35.705</iDate>
    <type>template</type>
    <owner></owner>
    <inode>67ffdaee-9b8d-4310-b28a-9512f7549d5f</inode>
    <identifier>4341f0fd-a456-4d77-83da-a5cd7248624d</identifier>
    <title>anonymous_layout_1528921595705</title>
    <friendlyName></friendlyName>
    <modDate class="sql-timestamp">2018-06-13 20:26:35.708</modDate>
    <modUser>dotcms.org.1</modUser>
    <sortOrder>0</sortOrder>
    <showOnMenu>false</showOnMenu>
    <image></image>
    <drawed>true</drawed>
    <drawedBody>{&quot;header&quot;:true,&quot;footer&quot;:true,&quot;body&quot;:{&quot;rows&quot;:[{&quot;columns&quot;:[{&quot;containers&quot;:[{&quot;identifier&quot;:&quot;56bd55ea-b04b-480d-9e37-5d6f9217dcc3&quot;,&quot;uuid&quot;:&quot;1&quot;}],&quot;widthPercent&quot;:66,&quot;leftOffset&quot;:1,&quot;preview&quot;:false,&quot;width&quot;:8,&quot;left&quot;:0},{&quot;containers&quot;:[{&quot;identifier&quot;:&quot;5363c6c6-5ba0-4946-b7af-cf875188ac2e&quot;,&quot;uuid&quot;:&quot;1&quot;}],&quot;widthPercent&quot;:33,&quot;leftOffset&quot;:9,&quot;preview&quot;:false,&quot;width&quot;:4,&quot;left&quot;:8}],&quot;identifier&quot;:0},{&quot;columns&quot;:[{&quot;containers&quot;:[],&quot;widthPercent&quot;:25,&quot;leftOffset&quot;:1,&quot;preview&quot;:false,&quot;width&quot;:3,&quot;left&quot;:0}],&quot;identifier&quot;:0}]},&quot;sidebar&quot;:{&quot;containers&quot;:[],&quot;location&quot;:&quot;&quot;,&quot;width&quot;:&quot;small&quot;,&quot;widthPercent&quot;:20,&quot;preview&quot;:false}}</drawedBody>
    <theme>79479e0e-87d0-4260-9c12-3f05e303adcc</theme>
  </com.dotmarketing.portlets.templates.model.Template>
  <com.dotmarketing.portlets.templates.model.Template>
    <iDate class="sql-timestamp">2018-06-13 19:52:13.653</iDate>
    <type>template</type>
    <owner></owner>
    <inode>84d3cfd1-b476-4bd9-a775-7c0c421c3937</inode>
    <identifier>a55a982f-2b8f-4672-8a5a-f4560a42ec1d</identifier>
    <title>anonymous_layout_1528919573185</title>
    <friendlyName></friendlyName>
    <modDate class="sql-timestamp">2018-06-13 19:52:53.192</modDate>
    <modUser>dotcms.org.1</modUser>
    <sortOrder>0</sortOrder>
    <showOnMenu>false</showOnMenu>
    <image></image>
    <drawed>true</drawed>
    <drawedBody>{&quot;header&quot;:true,&quot;footer&quot;:true,&quot;body&quot;:{&quot;rows&quot;:[{&quot;columns&quot;:[{&quot;containers&quot;:[{&quot;identifier&quot;:&quot;56bd55ea-b04b-480d-9e37-5d6f9217dcc3&quot;,&quot;uuid&quot;:&quot;1&quot;}],&quot;widthPercent&quot;:33,&quot;leftOffset&quot;:1,&quot;preview&quot;:false,&quot;width&quot;:4,&quot;left&quot;:0},{&quot;containers&quot;:[{&quot;identifier&quot;:&quot;56bd55ea-b04b-480d-9e37-5d6f9217dcc3&quot;,&quot;uuid&quot;:&quot;2&quot;}],&quot;widthPercent&quot;:50,&quot;leftOffset&quot;:5,&quot;preview&quot;:false,&quot;width&quot;:6,&quot;left&quot;:4},{&quot;containers&quot;:[{&quot;identifier&quot;:&quot;56bd55ea-b04b-480d-9e37-5d6f9217dcc3&quot;,&quot;uuid&quot;:&quot;3&quot;}],&quot;widthPercent&quot;:16,&quot;leftOffset&quot;:11,&quot;preview&quot;:false,&quot;width&quot;:2,&quot;left&quot;:10}],&quot;identifier&quot;:0}]},&quot;sidebar&quot;:{&quot;containers&quot;:[],&quot;location&quot;:&quot;&quot;,&quot;width&quot;:&quot;small&quot;,&quot;widthPercent&quot;:20,&quot;preview&quot;:false}}</drawedBody>
    <theme>79479e0e-87d0-4260-9c12-3f05e303adcc</theme>
  </com.dotmarketing.portlets.templates.model.Template>
  <com.dotmarketing.portlets.templates.model.Template>
    <iDate class="sql-timestamp">2018-06-13 19:52:13.653</iDate>
    <type>template</type>
    <owner></owner>
    <inode>0903cbed-2fac-4428-8d90-80cfde1d2709</inode>
    <identifier>a55a982f-2b8f-4672-8a5a-f4560a42ec1d</identifier>
    <title>anonymous_layout_1528919533653</title>
    <friendlyName></friendlyName>
    <modDate class="sql-timestamp">2018-06-13 19:52:13.655</modDate>
    <modUser>dotcms.org.1</modUser>
    <sortOrder>0</sortOrder>
    <showOnMenu>false</showOnMenu>
    <image></image>
    <drawed>true</drawed>
    <drawedBody>{&quot;header&quot;:true,&quot;footer&quot;:true,&quot;body&quot;:{&quot;rows&quot;:[{&quot;columns&quot;:[{&quot;containers&quot;:[{&quot;identifier&quot;:&quot;56bd55ea-b04b-480d-9e37-5d6f9217dcc3&quot;,&quot;uuid&quot;:&quot;1&quot;}],&quot;widthPercent&quot;:33,&quot;leftOffset&quot;:1,&quot;preview&quot;:false,&quot;width&quot;:4,&quot;left&quot;:0},{&quot;containers&quot;:[],&quot;widthPercent&quot;:50,&quot;leftOffset&quot;:5,&quot;preview&quot;:false,&quot;width&quot;:6,&quot;left&quot;:4},{&quot;containers&quot;:[],&quot;widthPercent&quot;:16,&quot;leftOffset&quot;:11,&quot;preview&quot;:false,&quot;width&quot;:2,&quot;left&quot;:10}],&quot;identifier&quot;:0}]},&quot;sidebar&quot;:{&quot;containers&quot;:[],&quot;location&quot;:&quot;&quot;,&quot;width&quot;:&quot;small&quot;,&quot;widthPercent&quot;:20,&quot;preview&quot;:false}}</drawedBody>
    <theme>79479e0e-87d0-4260-9c12-3f05e303adcc</theme>
  </com.dotmarketing.portlets.templates.model.Template>
  <com.dotmarketing.portlets.templates.model.Template>
    <iDate class="sql-timestamp">2018-06-13 15:47:01.177</iDate>
    <type>template</type>
    <owner></owner>
    <inode>ab656a52-cd55-450b-818f-a33ac3996297</inode>
    <identifier>d1ec7b30-8e9e-4b3e-b075-9cd9557fee8b</identifier>
    <title>anonymous_layout_1528918253047</title>
    <friendlyName></friendlyName>
    <modDate class="sql-timestamp">2018-06-13 19:30:53.053</modDate>
    <modUser>dotcms.org.1</modUser>
    <sortOrder>0</sortOrder>
    <showOnMenu>false</showOnMenu>
    <image></image>
    <drawed>true</drawed>
    <drawedBody>{&quot;header&quot;:true,&quot;footer&quot;:true,&quot;body&quot;:{&quot;rows&quot;:[{&quot;columns&quot;:[{&quot;containers&quot;:[{&quot;identifier&quot;:&quot;56bd55ea-b04b-480d-9e37-5d6f9217dcc3&quot;,&quot;uuid&quot;:&quot;1&quot;}],&quot;widthPercent&quot;:100,&quot;leftOffset&quot;:1,&quot;preview&quot;:false,&quot;width&quot;:12,&quot;left&quot;:0}],&quot;identifier&quot;:0},{&quot;columns&quot;:[{&quot;containers&quot;:[{&quot;identifier&quot;:&quot;3f0255e8-b45d-46ea-8bb7-eb6597db4c1e&quot;,&quot;uuid&quot;:&quot;1&quot;}],&quot;widthPercent&quot;:25,&quot;leftOffset&quot;:1,&quot;preview&quot;:false,&quot;width&quot;:3,&quot;left&quot;:0},{&quot;containers&quot;:[{&quot;identifier&quot;:&quot;3f0255e8-b45d-46ea-8bb7-eb6597db4c1e&quot;,&quot;uuid&quot;:&quot;2&quot;}],&quot;widthPercent&quot;:25,&quot;leftOffset&quot;:4,&quot;preview&quot;:false,&quot;width&quot;:3,&quot;left&quot;:3},{&quot;containers&quot;:[{&quot;identifier&quot;:&quot;3f0255e8-b45d-46ea-8bb7-eb6597db4c1e&quot;,&quot;uuid&quot;:&quot;3&quot;}],&quot;widthPercent&quot;:25,&quot;leftOffset&quot;:7,&quot;preview&quot;:false,&quot;width&quot;:3,&quot;left&quot;:6},{&quot;containers&quot;:[{&quot;identifier&quot;:&quot;3f0255e8-b45d-46ea-8bb7-eb6597db4c1e&quot;,&quot;uuid&quot;:&quot;4&quot;}],&quot;widthPercent&quot;:25,&quot;leftOffset&quot;:10,&quot;preview&quot;:false,&quot;width&quot;:3,&quot;left&quot;:9}],&quot;identifier&quot;:0},{&quot;columns&quot;:[{&quot;containers&quot;:[{&quot;identifier&quot;:&quot;56bd55ea-b04b-480d-9e37-5d6f9217dcc3&quot;,&quot;uuid&quot;:&quot;2&quot;}],&quot;widthPercent&quot;:66,&quot;leftOffset&quot;:1,&quot;preview&quot;:false,&quot;width&quot;:8,&quot;left&quot;:0},{&quot;containers&quot;:[{&quot;identifier&quot;:&quot;5363c6c6-5ba0-4946-b7af-cf875188ac2e&quot;,&quot;uuid&quot;:&quot;1&quot;}],&quot;widthPercent&quot;:33,&quot;leftOffset&quot;:9,&quot;preview&quot;:false,&quot;width&quot;:4,&quot;left&quot;:8}],&quot;identifier&quot;:0}]},&quot;sidebar&quot;:{&quot;containers&quot;:[],&quot;location&quot;:&quot;&quot;,&quot;width&quot;:&quot;small&quot;,&quot;widthPercent&quot;:20,&quot;preview&quot;:false}}</drawedBody>
    <theme>79479e0e-87d0-4260-9c12-3f05e303adcc</theme>
  </com.dotmarketing.portlets.templates.model.Template>
  <com.dotmarketing.portlets.templates.model.Template>
    <iDate class="sql-timestamp">2018-06-13 15:47:01.177</iDate>
    <type>template</type>
    <owner></owner>
    <inode>141603ea-5edc-4acb-896e-5c764edc82ff</inode>
    <identifier>d1ec7b30-8e9e-4b3e-b075-9cd9557fee8b</identifier>
    <title>anonymous_layout_1528918236619</title>
    <friendlyName></friendlyName>
    <modDate class="sql-timestamp">2018-06-13 19:30:36.624</modDate>
    <modUser>dotcms.org.1</modUser>
    <sortOrder>0</sortOrder>
    <showOnMenu>false</showOnMenu>
    <image></image>
    <drawed>true</drawed>
    <drawedBody>{&quot;header&quot;:true,&quot;footer&quot;:true,&quot;body&quot;:{&quot;rows&quot;:[{&quot;columns&quot;:[{&quot;containers&quot;:[{&quot;identifier&quot;:&quot;56bd55ea-b04b-480d-9e37-5d6f9217dcc3&quot;,&quot;uuid&quot;:&quot;1&quot;}],&quot;widthPercent&quot;:100,&quot;leftOffset&quot;:1,&quot;preview&quot;:false,&quot;width&quot;:12,&quot;left&quot;:0}],&quot;identifier&quot;:0},{&quot;columns&quot;:[{&quot;containers&quot;:[{&quot;identifier&quot;:&quot;3f0255e8-b45d-46ea-8bb7-eb6597db4c1e&quot;,&quot;uuid&quot;:&quot;1&quot;}],&quot;widthPercent&quot;:25,&quot;leftOffset&quot;:1,&quot;preview&quot;:false,&quot;width&quot;:3,&quot;left&quot;:0},{&quot;containers&quot;:[{&quot;identifier&quot;:&quot;3f0255e8-b45d-46ea-8bb7-eb6597db4c1e&quot;,&quot;uuid&quot;:&quot;2&quot;}],&quot;widthPercent&quot;:25,&quot;leftOffset&quot;:4,&quot;preview&quot;:false,&quot;width&quot;:3,&quot;left&quot;:3},{&quot;containers&quot;:[{&quot;identifier&quot;:&quot;3f0255e8-b45d-46ea-8bb7-eb6597db4c1e&quot;,&quot;uuid&quot;:&quot;3&quot;}],&quot;widthPercent&quot;:25,&quot;leftOffset&quot;:7,&quot;preview&quot;:false,&quot;width&quot;:3,&quot;left&quot;:6},{&quot;containers&quot;:[],&quot;widthPercent&quot;:25,&quot;leftOffset&quot;:10,&quot;preview&quot;:false,&quot;width&quot;:3,&quot;left&quot;:9}],&quot;identifier&quot;:0},{&quot;columns&quot;:[{&quot;containers&quot;:[{&quot;identifier&quot;:&quot;56bd55ea-b04b-480d-9e37-5d6f9217dcc3&quot;,&quot;uuid&quot;:&quot;2&quot;}],&quot;widthPercent&quot;:66,&quot;leftOffset&quot;:1,&quot;preview&quot;:false,&quot;width&quot;:8,&quot;left&quot;:0},{&quot;containers&quot;:[{&quot;identifier&quot;:&quot;5363c6c6-5ba0-4946-b7af-cf875188ac2e&quot;,&quot;uuid&quot;:&quot;1&quot;}],&quot;widthPercent&quot;:33,&quot;leftOffset&quot;:9,&quot;preview&quot;:false,&quot;width&quot;:4,&quot;left&quot;:8}],&quot;identifier&quot;:0}]},&quot;sidebar&quot;:{&quot;containers&quot;:[],&quot;location&quot;:&quot;&quot;,&quot;width&quot;:&quot;small&quot;,&quot;widthPercent&quot;:20,&quot;preview&quot;:false}}</drawedBody>
    <theme>79479e0e-87d0-4260-9c12-3f05e303adcc</theme>
  </com.dotmarketing.portlets.templates.model.Template>
  <com.dotmarketing.portlets.templates.model.Template>
    <iDate class="sql-timestamp">2018-06-13 15:47:01.177</iDate>
    <type>template</type>
    <owner></owner>
    <inode>1dd4c25b-379c-4c40-956f-ab0e6cc08c8b</inode>
    <identifier>d1ec7b30-8e9e-4b3e-b075-9cd9557fee8b</identifier>
    <title>anonymous_layout_1528918123999</title>
    <friendlyName></friendlyName>
    <modDate class="sql-timestamp">2018-06-13 19:28:44.005</modDate>
    <modUser>dotcms.org.1</modUser>
    <sortOrder>0</sortOrder>
    <showOnMenu>false</showOnMenu>
    <image></image>
    <drawed>true</drawed>
    <drawedBody>{&quot;header&quot;:true,&quot;footer&quot;:true,&quot;body&quot;:{&quot;rows&quot;:[{&quot;columns&quot;:[{&quot;containers&quot;:[{&quot;identifier&quot;:&quot;56bd55ea-b04b-480d-9e37-5d6f9217dcc3&quot;,&quot;uuid&quot;:&quot;1&quot;}],&quot;widthPercent&quot;:100,&quot;leftOffset&quot;:1,&quot;preview&quot;:false,&quot;width&quot;:12,&quot;left&quot;:0}],&quot;identifier&quot;:0},{&quot;columns&quot;:[{&quot;containers&quot;:[{&quot;identifier&quot;:&quot;3f0255e8-b45d-46ea-8bb7-eb6597db4c1e&quot;,&quot;uuid&quot;:&quot;1&quot;}],&quot;widthPercent&quot;:33,&quot;leftOffset&quot;:1,&quot;preview&quot;:false,&quot;width&quot;:4,&quot;left&quot;:0},{&quot;containers&quot;:[{&quot;identifier&quot;:&quot;3f0255e8-b45d-46ea-8bb7-eb6597db4c1e&quot;,&quot;uuid&quot;:&quot;2&quot;}],&quot;widthPercent&quot;:33,&quot;leftOffset&quot;:5,&quot;preview&quot;:false,&quot;width&quot;:4,&quot;left&quot;:4},{&quot;containers&quot;:[{&quot;identifier&quot;:&quot;3f0255e8-b45d-46ea-8bb7-eb6597db4c1e&quot;,&quot;uuid&quot;:&quot;3&quot;}],&quot;widthPercent&quot;:33,&quot;leftOffset&quot;:9,&quot;preview&quot;:false,&quot;width&quot;:4,&quot;left&quot;:8}],&quot;identifier&quot;:0},{&quot;columns&quot;:[{&quot;containers&quot;:[{&quot;identifier&quot;:&quot;56bd55ea-b04b-480d-9e37-5d6f9217dcc3&quot;,&quot;uuid&quot;:&quot;2&quot;}],&quot;widthPercent&quot;:50,&quot;leftOffset&quot;:1,&quot;preview&quot;:false,&quot;width&quot;:6,&quot;left&quot;:0},{&quot;containers&quot;:[{&quot;identifier&quot;:&quot;5363c6c6-5ba0-4946-b7af-cf875188ac2e&quot;,&quot;uuid&quot;:&quot;1&quot;}],&quot;widthPercent&quot;:50,&quot;leftOffset&quot;:7,&quot;preview&quot;:false,&quot;width&quot;:6,&quot;left&quot;:6}],&quot;identifier&quot;:0}]},&quot;sidebar&quot;:{&quot;containers&quot;:[],&quot;location&quot;:&quot;&quot;,&quot;width&quot;:&quot;small&quot;,&quot;widthPercent&quot;:20,&quot;preview&quot;:false}}</drawedBody>
    <theme>79479e0e-87d0-4260-9c12-3f05e303adcc</theme>
  </com.dotmarketing.portlets.templates.model.Template>
  <com.dotmarketing.portlets.templates.model.Template>
    <iDate class="sql-timestamp">2018-06-13 15:47:01.177</iDate>
    <type>template</type>
    <owner></owner>
    <inode>6df045e3-774f-4af2-87a2-a528ed0fb78f</inode>
    <identifier>d1ec7b30-8e9e-4b3e-b075-9cd9557fee8b</identifier>
    <title>anonymous_layout_1528918083548</title>
    <friendlyName></friendlyName>
    <modDate class="sql-timestamp">2018-06-13 19:28:03.556</modDate>
    <modUser>dotcms.org.1</modUser>
    <sortOrder>0</sortOrder>
    <showOnMenu>false</showOnMenu>
    <image></image>
    <drawed>true</drawed>
    <drawedBody>{&quot;header&quot;:true,&quot;footer&quot;:true,&quot;body&quot;:{&quot;rows&quot;:[{&quot;columns&quot;:[{&quot;containers&quot;:[{&quot;identifier&quot;:&quot;56bd55ea-b04b-480d-9e37-5d6f9217dcc3&quot;,&quot;uuid&quot;:&quot;1&quot;}],&quot;widthPercent&quot;:100,&quot;leftOffset&quot;:1,&quot;preview&quot;:false,&quot;width&quot;:12,&quot;left&quot;:0}],&quot;identifier&quot;:0},{&quot;columns&quot;:[{&quot;containers&quot;:[{&quot;identifier&quot;:&quot;3f0255e8-b45d-46ea-8bb7-eb6597db4c1e&quot;,&quot;uuid&quot;:&quot;1&quot;}],&quot;widthPercent&quot;:33,&quot;leftOffset&quot;:1,&quot;preview&quot;:false,&quot;width&quot;:4,&quot;left&quot;:0},{&quot;containers&quot;:[{&quot;identifier&quot;:&quot;3f0255e8-b45d-46ea-8bb7-eb6597db4c1e&quot;,&quot;uuid&quot;:&quot;2&quot;}],&quot;widthPercent&quot;:33,&quot;leftOffset&quot;:5,&quot;preview&quot;:false,&quot;width&quot;:4,&quot;left&quot;:4},{&quot;containers&quot;:[{&quot;identifier&quot;:&quot;3f0255e8-b45d-46ea-8bb7-eb6597db4c1e&quot;,&quot;uuid&quot;:&quot;3&quot;}],&quot;widthPercent&quot;:33,&quot;leftOffset&quot;:9,&quot;preview&quot;:false,&quot;width&quot;:4,&quot;left&quot;:8}],&quot;identifier&quot;:0},{&quot;columns&quot;:[{&quot;containers&quot;:[{&quot;identifier&quot;:&quot;56bd55ea-b04b-480d-9e37-5d6f9217dcc3&quot;,&quot;uuid&quot;:&quot;2&quot;}],&quot;widthPercent&quot;:66,&quot;leftOffset&quot;:1,&quot;preview&quot;:false,&quot;width&quot;:8,&quot;left&quot;:0},{&quot;containers&quot;:[{&quot;identifier&quot;:&quot;5363c6c6-5ba0-4946-b7af-cf875188ac2e&quot;,&quot;uuid&quot;:&quot;1&quot;}],&quot;widthPercent&quot;:33,&quot;leftOffset&quot;:9,&quot;preview&quot;:false,&quot;width&quot;:4,&quot;left&quot;:8}],&quot;identifier&quot;:0}]},&quot;sidebar&quot;:{&quot;containers&quot;:[],&quot;location&quot;:&quot;&quot;,&quot;width&quot;:&quot;small&quot;,&quot;widthPercent&quot;:20,&quot;preview&quot;:false}}</drawedBody>
    <theme>79479e0e-87d0-4260-9c12-3f05e303adcc</theme>
  </com.dotmarketing.portlets.templates.model.Template>
  <com.dotmarketing.portlets.templates.model.Template>
    <iDate class="sql-timestamp">2018-06-13 15:47:01.177</iDate>
    <type>template</type>
    <owner></owner>
    <inode>025dc88e-fbf1-4c35-8a62-8c9d54a242c8</inode>
    <identifier>d1ec7b30-8e9e-4b3e-b075-9cd9557fee8b</identifier>
    <title>anonymous_layout_1528904821177</title>
    <friendlyName></friendlyName>
    <modDate class="sql-timestamp">2018-06-13 15:47:01.185</modDate>
    <modUser>dotcms.org.1</modUser>
    <sortOrder>0</sortOrder>
    <showOnMenu>false</showOnMenu>
    <image></image>
    <drawed>true</drawed>
    <drawedBody>{&quot;header&quot;:true,&quot;footer&quot;:true,&quot;body&quot;:{&quot;rows&quot;:[{&quot;columns&quot;:[{&quot;containers&quot;:[{&quot;identifier&quot;:&quot;56bd55ea-b04b-480d-9e37-5d6f9217dcc3&quot;,&quot;uuid&quot;:&quot;1&quot;}],&quot;widthPercent&quot;:100,&quot;leftOffset&quot;:1,&quot;preview&quot;:false,&quot;width&quot;:12,&quot;left&quot;:0}],&quot;identifier&quot;:0},{&quot;columns&quot;:[{&quot;containers&quot;:[{&quot;identifier&quot;:&quot;3f0255e8-b45d-46ea-8bb7-eb6597db4c1e&quot;,&quot;uuid&quot;:&quot;1&quot;}],&quot;widthPercent&quot;:25,&quot;leftOffset&quot;:1,&quot;preview&quot;:false,&quot;width&quot;:3,&quot;left&quot;:0},{&quot;containers&quot;:[{&quot;identifier&quot;:&quot;3f0255e8-b45d-46ea-8bb7-eb6597db4c1e&quot;,&quot;uuid&quot;:&quot;2&quot;}],&quot;widthPercent&quot;:25,&quot;leftOffset&quot;:4,&quot;preview&quot;:false,&quot;width&quot;:3,&quot;left&quot;:3},{&quot;containers&quot;:[{&quot;identifier&quot;:&quot;3f0255e8-b45d-46ea-8bb7-eb6597db4c1e&quot;,&quot;uuid&quot;:&quot;3&quot;}],&quot;widthPercent&quot;:25,&quot;leftOffset&quot;:7,&quot;preview&quot;:false,&quot;width&quot;:3,&quot;left&quot;:6},{&quot;containers&quot;:[{&quot;identifier&quot;:&quot;3f0255e8-b45d-46ea-8bb7-eb6597db4c1e&quot;,&quot;uuid&quot;:&quot;4&quot;}],&quot;widthPercent&quot;:25,&quot;leftOffset&quot;:10,&quot;preview&quot;:false,&quot;width&quot;:3,&quot;left&quot;:9}],&quot;identifier&quot;:0},{&quot;columns&quot;:[{&quot;containers&quot;:[{&quot;identifier&quot;:&quot;56bd55ea-b04b-480d-9e37-5d6f9217dcc3&quot;,&quot;uuid&quot;:&quot;2&quot;}],&quot;widthPercent&quot;:66,&quot;leftOffset&quot;:1,&quot;preview&quot;:false,&quot;width&quot;:8,&quot;left&quot;:0},{&quot;containers&quot;:[{&quot;identifier&quot;:&quot;5363c6c6-5ba0-4946-b7af-cf875188ac2e&quot;,&quot;uuid&quot;:&quot;1&quot;}],&quot;widthPercent&quot;:33,&quot;leftOffset&quot;:9,&quot;preview&quot;:false,&quot;width&quot;:4,&quot;left&quot;:8}],&quot;identifier&quot;:0}]},&quot;sidebar&quot;:{&quot;containers&quot;:[],&quot;location&quot;:&quot;&quot;,&quot;width&quot;:&quot;small&quot;,&quot;widthPercent&quot;:20,&quot;preview&quot;:false}}</drawedBody>
    <theme>79479e0e-87d0-4260-9c12-3f05e303adcc</theme>
  </com.dotmarketing.portlets.templates.model.Template>
  <com.dotmarketing.portlets.templates.model.Template>
    <iDate class="sql-timestamp">2018-04-17 16:32:57.509</iDate>
    <type>template</type>
    <owner></owner>
    <inode>86df7a65-5e49-477e-8c8b-5da49f362319</inode>
    <identifier>92f7025f-e5bf-4204-8446-81f9fe2086a0</identifier>
    <title>anonymous_layout_1523982777509</title>
    <friendlyName></friendlyName>
    <modDate class="sql-timestamp">2018-04-17 16:32:57.51</modDate>
    <modUser>dotcms.org.1</modUser>
    <sortOrder>0</sortOrder>
    <showOnMenu>false</showOnMenu>
    <image></image>
    <drawed>true</drawed>
    <drawedBody>{&quot;header&quot;:true,&quot;footer&quot;:true,&quot;body&quot;:{&quot;rows&quot;:[{&quot;columns&quot;:[{&quot;containers&quot;:[{&quot;identifier&quot;:&quot;56bd55ea-b04b-480d-9e37-5d6f9217dcc3&quot;,&quot;uuid&quot;:&quot;LEGACY_RELATION_TYPE&quot;}],&quot;widthPercent&quot;:66,&quot;leftOffset&quot;:1,&quot;preview&quot;:false,&quot;width&quot;:8,&quot;left&quot;:0},{&quot;containers&quot;:[{&quot;identifier&quot;:&quot;5363c6c6-5ba0-4946-b7af-cf875188ac2e&quot;,&quot;uuid&quot;:&quot;LEGACY_RELATION_TYPE&quot;}],&quot;widthPercent&quot;:33,&quot;leftOffset&quot;:9,&quot;preview&quot;:false,&quot;width&quot;:4,&quot;left&quot;:8}],&quot;identifier&quot;:0}]},&quot;sidebar&quot;:{&quot;location&quot;:&quot;right&quot;,&quot;width&quot;:&quot;small&quot;,&quot;widthPercent&quot;:0,&quot;preview&quot;:false}}</drawedBody>
    <theme>79479e0e-87d0-4260-9c12-3f05e303adcc</theme>
  </com.dotmarketing.portlets.templates.model.Template>
  <com.dotmarketing.portlets.templates.model.Template>
    <iDate class="sql-timestamp">2018-04-17 16:23:05.523</iDate>
    <type>template</type>
    <owner></owner>
    <inode>a6e15c75-2624-4699-873b-d23af2d9c383</inode>
    <identifier>0af52a46-484d-47cf-8137-e1bfffb69c66</identifier>
    <title>anonymous_layout_1523982672336</title>
    <friendlyName></friendlyName>
    <modDate class="sql-timestamp">2018-04-17 16:31:12.339</modDate>
    <modUser>dotcms.org.1</modUser>
    <sortOrder>0</sortOrder>
    <showOnMenu>false</showOnMenu>
    <image></image>
    <drawed>true</drawed>
    <drawedBody>{&quot;header&quot;:true,&quot;footer&quot;:true,&quot;body&quot;:{&quot;rows&quot;:[{&quot;columns&quot;:[{&quot;containers&quot;:[{&quot;identifier&quot;:&quot;56bd55ea-b04b-480d-9e37-5d6f9217dcc3&quot;,&quot;uuid&quot;:&quot;LEGACY_RELATION_TYPE&quot;}],&quot;widthPercent&quot;:100,&quot;leftOffset&quot;:1,&quot;preview&quot;:false,&quot;width&quot;:12,&quot;left&quot;:0}],&quot;identifier&quot;:0}]},&quot;sidebar&quot;:{&quot;containers&quot;:[],&quot;location&quot;:&quot;&quot;,&quot;width&quot;:&quot;small&quot;,&quot;widthPercent&quot;:0,&quot;preview&quot;:false}}</drawedBody>
    <theme>79479e0e-87d0-4260-9c12-3f05e303adcc</theme>
  </com.dotmarketing.portlets.templates.model.Template>
  <com.dotmarketing.portlets.templates.model.Template>
    <iDate class="sql-timestamp">2018-04-17 16:23:05.523</iDate>
    <type>template</type>
    <owner></owner>
    <inode>43318355-8922-4e78-8ad0-6db17ebaf18f</inode>
    <identifier>0af52a46-484d-47cf-8137-e1bfffb69c66</identifier>
    <title>anonymous_layout_1523982602125</title>
    <friendlyName></friendlyName>
    <modDate class="sql-timestamp">2018-04-17 16:30:02.127</modDate>
    <modUser>dotcms.org.1</modUser>
    <sortOrder>0</sortOrder>
    <showOnMenu>false</showOnMenu>
    <image></image>
    <drawed>true</drawed>
    <drawedBody>{&quot;header&quot;:true,&quot;footer&quot;:true,&quot;body&quot;:{&quot;rows&quot;:[{&quot;columns&quot;:[{&quot;containers&quot;:[{&quot;identifier&quot;:&quot;56bd55ea-b04b-480d-9e37-5d6f9217dcc3&quot;,&quot;uuid&quot;:&quot;LEGACY_RELATION_TYPE&quot;}],&quot;widthPercent&quot;:100,&quot;leftOffset&quot;:1,&quot;preview&quot;:false,&quot;width&quot;:12,&quot;left&quot;:0}],&quot;identifier&quot;:0}]},&quot;sidebar&quot;:{&quot;containers&quot;:[],&quot;location&quot;:&quot;right&quot;,&quot;width&quot;:&quot;small&quot;,&quot;widthPercent&quot;:0,&quot;preview&quot;:false}}</drawedBody>
    <theme>79479e0e-87d0-4260-9c12-3f05e303adcc</theme>
  </com.dotmarketing.portlets.templates.model.Template>
  <com.dotmarketing.portlets.templates.model.Template>
    <iDate class="sql-timestamp">2018-04-17 16:23:05.523</iDate>
    <type>template</type>
    <owner></owner>
    <inode>c4d0325b-b56b-4c0d-8366-2614f91f4cfd</inode>
    <identifier>0af52a46-484d-47cf-8137-e1bfffb69c66</identifier>
    <title>anonymous_layout_1523982289098</title>
    <friendlyName></friendlyName>
    <modDate class="sql-timestamp">2018-04-17 16:24:49.1</modDate>
    <modUser>dotcms.org.1</modUser>
    <sortOrder>0</sortOrder>
    <showOnMenu>false</showOnMenu>
    <image></image>
    <drawed>true</drawed>
    <drawedBody>{&quot;header&quot;:true,&quot;footer&quot;:true,&quot;body&quot;:{&quot;rows&quot;:[{&quot;columns&quot;:[{&quot;containers&quot;:[{&quot;identifier&quot;:&quot;56bd55ea-b04b-480d-9e37-5d6f9217dcc3&quot;,&quot;uuid&quot;:&quot;LEGACY_RELATION_TYPE&quot;}],&quot;widthPercent&quot;:100,&quot;leftOffset&quot;:1,&quot;preview&quot;:false,&quot;width&quot;:12,&quot;left&quot;:0}],&quot;identifier&quot;:0}]},&quot;sidebar&quot;:{&quot;containers&quot;:[],&quot;location&quot;:&quot;&quot;,&quot;width&quot;:&quot;small&quot;,&quot;widthPercent&quot;:0,&quot;preview&quot;:false}}</drawedBody>
    <theme>79479e0e-87d0-4260-9c12-3f05e303adcc</theme>
  </com.dotmarketing.portlets.templates.model.Template>
  <com.dotmarketing.portlets.templates.model.Template>
    <iDate class="sql-timestamp">2018-04-17 16:23:05.523</iDate>
    <type>template</type>
    <owner></owner>
    <inode>3a5c88e0-74c7-43fb-a1a9-e3449618792f</inode>
    <identifier>0af52a46-484d-47cf-8137-e1bfffb69c66</identifier>
    <title>anonymous_layout_1523982271048</title>
    <friendlyName></friendlyName>
    <modDate class="sql-timestamp">2018-04-17 16:24:31.05</modDate>
    <modUser>dotcms.org.1</modUser>
    <sortOrder>0</sortOrder>
    <showOnMenu>false</showOnMenu>
    <image></image>
    <drawed>true</drawed>
    <drawedBody>{&quot;header&quot;:true,&quot;footer&quot;:true,&quot;body&quot;:{&quot;rows&quot;:[{&quot;columns&quot;:[{&quot;containers&quot;:[{&quot;identifier&quot;:&quot;56bd55ea-b04b-480d-9e37-5d6f9217dcc3&quot;,&quot;uuid&quot;:&quot;LEGACY_RELATION_TYPE&quot;}],&quot;widthPercent&quot;:100,&quot;leftOffset&quot;:1,&quot;preview&quot;:false,&quot;width&quot;:12,&quot;left&quot;:0}],&quot;identifier&quot;:0}]},&quot;sidebar&quot;:{&quot;containers&quot;:[],&quot;location&quot;:&quot;right&quot;,&quot;width&quot;:&quot;small&quot;,&quot;widthPercent&quot;:0,&quot;preview&quot;:false}}</drawedBody>
    <theme>79479e0e-87d0-4260-9c12-3f05e303adcc</theme>
  </com.dotmarketing.portlets.templates.model.Template>
  <com.dotmarketing.portlets.templates.model.Template>
    <iDate class="sql-timestamp">2018-04-17 16:23:05.523</iDate>
    <type>template</type>
    <owner></owner>
    <inode>7d8146e9-05d9-4ed7-b07a-c2a1ae86043e</inode>
    <identifier>0af52a46-484d-47cf-8137-e1bfffb69c66</identifier>
    <title>anonymous_layout_1523982215923</title>
    <friendlyName></friendlyName>
    <modDate class="sql-timestamp">2018-04-17 16:23:35.928</modDate>
    <modUser>dotcms.org.1</modUser>
    <sortOrder>0</sortOrder>
    <showOnMenu>false</showOnMenu>
    <image></image>
    <drawed>true</drawed>
    <drawedBody>{&quot;header&quot;:true,&quot;footer&quot;:true,&quot;body&quot;:{&quot;rows&quot;:[{&quot;columns&quot;:[{&quot;containers&quot;:[{&quot;identifier&quot;:&quot;56bd55ea-b04b-480d-9e37-5d6f9217dcc3&quot;,&quot;uuid&quot;:&quot;LEGACY_RELATION_TYPE&quot;}],&quot;widthPercent&quot;:100,&quot;leftOffset&quot;:1,&quot;preview&quot;:false,&quot;width&quot;:12,&quot;left&quot;:0}],&quot;identifier&quot;:0}]},&quot;sidebar&quot;:{&quot;containers&quot;:[],&quot;location&quot;:&quot;&quot;,&quot;width&quot;:&quot;small&quot;,&quot;widthPercent&quot;:0,&quot;preview&quot;:false}}</drawedBody>
    <theme>79479e0e-87d0-4260-9c12-3f05e303adcc</theme>
  </com.dotmarketing.portlets.templates.model.Template>
  <com.dotmarketing.portlets.templates.model.Template>
    <iDate class="sql-timestamp">2018-04-17 16:23:05.523</iDate>
    <type>template</type>
    <owner></owner>
    <inode>daf8babe-967f-464b-a9e7-4fd127101f53</inode>
    <identifier>0af52a46-484d-47cf-8137-e1bfffb69c66</identifier>
    <title>anonymous_layout_1523982185523</title>
    <friendlyName></friendlyName>
    <modDate class="sql-timestamp">2018-04-17 16:23:05.529</modDate>
    <modUser>dotcms.org.1</modUser>
    <sortOrder>0</sortOrder>
    <showOnMenu>false</showOnMenu>
    <image></image>
    <drawed>true</drawed>
    <drawedBody>{&quot;header&quot;:true,&quot;footer&quot;:true,&quot;body&quot;:{&quot;rows&quot;:[{&quot;columns&quot;:[{&quot;containers&quot;:[{&quot;identifier&quot;:&quot;56bd55ea-b04b-480d-9e37-5d6f9217dcc3&quot;,&quot;uuid&quot;:&quot;LEGACY_RELATION_TYPE&quot;}],&quot;widthPercent&quot;:100,&quot;leftOffset&quot;:1,&quot;preview&quot;:false,&quot;width&quot;:12,&quot;left&quot;:0}],&quot;identifier&quot;:0}]},&quot;sidebar&quot;:{&quot;location&quot;:&quot;right&quot;,&quot;width&quot;:&quot;small&quot;,&quot;widthPercent&quot;:0,&quot;preview&quot;:false}}</drawedBody>
    <theme>79479e0e-87d0-4260-9c12-3f05e303adcc</theme>
  </com.dotmarketing.portlets.templates.model.Template>
  <com.dotmarketing.portlets.templates.model.Template>
    <iDate class="sql-timestamp">2018-04-06 17:11:20.204</iDate>
    <type>template</type>
    <owner></owner>
    <inode>a9b894fc-48dc-485b-b2d9-587956515e4c</inode>
    <identifier>4bb72d3b-e572-4910-8fc2-d725279adeb5</identifier>
    <title>anonymous_layout_1523036632378</title>
    <friendlyName></friendlyName>
    <modDate class="sql-timestamp">2018-04-06 17:43:52.381</modDate>
    <modUser>dotcms.org.1</modUser>
    <sortOrder>0</sortOrder>
    <showOnMenu>false</showOnMenu>
    <image></image>
    <drawed>true</drawed>
    <drawedBody>{&quot;header&quot;:true,&quot;footer&quot;:true,&quot;body&quot;:{&quot;rows&quot;:[{&quot;columns&quot;:[{&quot;containers&quot;:[{&quot;identifier&quot;:&quot;56bd55ea-b04b-480d-9e37-5d6f9217dcc3&quot;,&quot;uuid&quot;:&quot;LEGACY_RELATION_TYPE&quot;}],&quot;widthPercent&quot;:66,&quot;leftOffset&quot;:1,&quot;preview&quot;:false,&quot;width&quot;:8,&quot;left&quot;:0},{&quot;containers&quot;:[{&quot;identifier&quot;:&quot;5363c6c6-5ba0-4946-b7af-cf875188ac2e&quot;,&quot;uuid&quot;:&quot;LEGACY_RELATION_TYPE&quot;}],&quot;widthPercent&quot;:33,&quot;leftOffset&quot;:9,&quot;preview&quot;:false,&quot;width&quot;:4,&quot;left&quot;:8}],&quot;identifier&quot;:0}]},&quot;sidebar&quot;:{&quot;containers&quot;:[],&quot;location&quot;:&quot;&quot;,&quot;width&quot;:&quot;small&quot;,&quot;widthPercent&quot;:0,&quot;preview&quot;:false}}</drawedBody>
    <theme>79479e0e-87d0-4260-9c12-3f05e303adcc</theme>
  </com.dotmarketing.portlets.templates.model.Template>
  <com.dotmarketing.portlets.templates.model.Template>
    <iDate class="sql-timestamp">2018-04-06 17:11:20.204</iDate>
    <type>template</type>
    <owner></owner>
    <inode>48f88444-8c0e-4f11-8852-befdeb08fc8a</inode>
    <identifier>4bb72d3b-e572-4910-8fc2-d725279adeb5</identifier>
    <title>anonymous_layout_1523036590502</title>
    <friendlyName></friendlyName>
    <modDate class="sql-timestamp">2018-04-06 17:43:10.505</modDate>
    <modUser>dotcms.org.1</modUser>
    <sortOrder>0</sortOrder>
    <showOnMenu>false</showOnMenu>
    <image></image>
    <drawed>true</drawed>
    <drawedBody>{&quot;header&quot;:false,&quot;footer&quot;:true,&quot;body&quot;:{&quot;rows&quot;:[{&quot;columns&quot;:[{&quot;containers&quot;:[{&quot;identifier&quot;:&quot;56bd55ea-b04b-480d-9e37-5d6f9217dcc3&quot;,&quot;uuid&quot;:&quot;LEGACY_RELATION_TYPE&quot;}],&quot;widthPercent&quot;:66,&quot;leftOffset&quot;:1,&quot;preview&quot;:false,&quot;width&quot;:8,&quot;left&quot;:0},{&quot;containers&quot;:[{&quot;identifier&quot;:&quot;5363c6c6-5ba0-4946-b7af-cf875188ac2e&quot;,&quot;uuid&quot;:&quot;LEGACY_RELATION_TYPE&quot;}],&quot;widthPercent&quot;:33,&quot;leftOffset&quot;:9,&quot;preview&quot;:false,&quot;width&quot;:4,&quot;left&quot;:8}],&quot;identifier&quot;:0}]},&quot;sidebar&quot;:{&quot;containers&quot;:[],&quot;location&quot;:&quot;&quot;,&quot;width&quot;:&quot;small&quot;,&quot;widthPercent&quot;:0,&quot;preview&quot;:false}}</drawedBody>
    <theme>79479e0e-87d0-4260-9c12-3f05e303adcc</theme>
  </com.dotmarketing.portlets.templates.model.Template>
  <com.dotmarketing.portlets.templates.model.Template>
    <iDate class="sql-timestamp">2018-04-06 17:11:20.204</iDate>
    <type>template</type>
    <owner></owner>
    <inode>a5ecc078-6845-4e2b-ad2d-51c6e6ea37e0</inode>
    <identifier>4bb72d3b-e572-4910-8fc2-d725279adeb5</identifier>
    <title>anonymous_layout_1523034855635</title>
    <friendlyName></friendlyName>
    <modDate class="sql-timestamp">2018-04-06 17:14:15.638</modDate>
    <modUser>dotcms.org.1</modUser>
    <sortOrder>0</sortOrder>
    <showOnMenu>false</showOnMenu>
    <image></image>
    <drawed>true</drawed>
    <drawedBody>{&quot;header&quot;:true,&quot;footer&quot;:true,&quot;body&quot;:{&quot;rows&quot;:[{&quot;columns&quot;:[{&quot;containers&quot;:[{&quot;identifier&quot;:&quot;56bd55ea-b04b-480d-9e37-5d6f9217dcc3&quot;,&quot;uuid&quot;:&quot;LEGACY_RELATION_TYPE&quot;}],&quot;widthPercent&quot;:66,&quot;leftOffset&quot;:1,&quot;preview&quot;:false,&quot;width&quot;:8,&quot;left&quot;:0},{&quot;containers&quot;:[{&quot;identifier&quot;:&quot;5363c6c6-5ba0-4946-b7af-cf875188ac2e&quot;,&quot;uuid&quot;:&quot;LEGACY_RELATION_TYPE&quot;}],&quot;widthPercent&quot;:33,&quot;leftOffset&quot;:9,&quot;preview&quot;:false,&quot;width&quot;:4,&quot;left&quot;:8}],&quot;identifier&quot;:0}]},&quot;sidebar&quot;:{&quot;containers&quot;:[],&quot;location&quot;:&quot;&quot;,&quot;width&quot;:&quot;small&quot;,&quot;widthPercent&quot;:0,&quot;preview&quot;:false}}</drawedBody>
    <theme>79479e0e-87d0-4260-9c12-3f05e303adcc</theme>
  </com.dotmarketing.portlets.templates.model.Template>
  <com.dotmarketing.portlets.templates.model.Template>
    <iDate class="sql-timestamp">2018-04-06 17:11:20.204</iDate>
    <type>template</type>
    <owner></owner>
    <inode>5cbd216b-fa27-4a29-a150-0fe7517b0793</inode>
    <identifier>4bb72d3b-e572-4910-8fc2-d725279adeb5</identifier>
    <title>anonymous_layout_1523034819062</title>
    <friendlyName></friendlyName>
    <modDate class="sql-timestamp">2018-04-06 17:13:39.064</modDate>
    <modUser>dotcms.org.1</modUser>
    <sortOrder>0</sortOrder>
    <showOnMenu>false</showOnMenu>
    <image></image>
    <drawed>true</drawed>
    <drawedBody>{&quot;header&quot;:true,&quot;footer&quot;:true,&quot;body&quot;:{&quot;rows&quot;:[{&quot;columns&quot;:[{&quot;containers&quot;:[{&quot;identifier&quot;:&quot;56bd55ea-b04b-480d-9e37-5d6f9217dcc3&quot;,&quot;uuid&quot;:&quot;LEGACY_RELATION_TYPE&quot;}],&quot;widthPercent&quot;:33,&quot;leftOffset&quot;:1,&quot;preview&quot;:false,&quot;width&quot;:4,&quot;left&quot;:0},{&quot;containers&quot;:[{&quot;identifier&quot;:&quot;5363c6c6-5ba0-4946-b7af-cf875188ac2e&quot;,&quot;uuid&quot;:&quot;LEGACY_RELATION_TYPE&quot;}],&quot;widthPercent&quot;:33,&quot;leftOffset&quot;:9,&quot;preview&quot;:false,&quot;width&quot;:4,&quot;left&quot;:8}],&quot;identifier&quot;:0}]},&quot;sidebar&quot;:{&quot;containers&quot;:[],&quot;location&quot;:&quot;&quot;,&quot;width&quot;:&quot;small&quot;,&quot;widthPercent&quot;:0,&quot;preview&quot;:false}}</drawedBody>
    <theme>79479e0e-87d0-4260-9c12-3f05e303adcc</theme>
  </com.dotmarketing.portlets.templates.model.Template>
  <com.dotmarketing.portlets.templates.model.Template>
    <iDate class="sql-timestamp">2018-04-06 17:11:20.204</iDate>
    <type>template</type>
    <owner></owner>
    <inode>b0e089af-16b9-4a0c-9ebf-1f0589807ee4</inode>
    <identifier>4bb72d3b-e572-4910-8fc2-d725279adeb5</identifier>
    <title>anonymous_layout_1523034762905</title>
    <friendlyName></friendlyName>
    <modDate class="sql-timestamp">2018-04-06 17:12:42.907</modDate>
    <modUser>dotcms.org.1</modUser>
    <sortOrder>0</sortOrder>
    <showOnMenu>false</showOnMenu>
    <image></image>
    <drawed>true</drawed>
    <drawedBody>{&quot;header&quot;:true,&quot;footer&quot;:true,&quot;body&quot;:{&quot;rows&quot;:[{&quot;columns&quot;:[{&quot;containers&quot;:[{&quot;identifier&quot;:&quot;56bd55ea-b04b-480d-9e37-5d6f9217dcc3&quot;,&quot;uuid&quot;:&quot;LEGACY_RELATION_TYPE&quot;}],&quot;widthPercent&quot;:58,&quot;leftOffset&quot;:1,&quot;preview&quot;:false,&quot;width&quot;:7,&quot;left&quot;:0},{&quot;containers&quot;:[{&quot;identifier&quot;:&quot;5363c6c6-5ba0-4946-b7af-cf875188ac2e&quot;,&quot;uuid&quot;:&quot;LEGACY_RELATION_TYPE&quot;}],&quot;widthPercent&quot;:33,&quot;leftOffset&quot;:9,&quot;preview&quot;:false,&quot;width&quot;:4,&quot;left&quot;:8}],&quot;identifier&quot;:0}]},&quot;sidebar&quot;:{&quot;containers&quot;:[],&quot;location&quot;:&quot;&quot;,&quot;width&quot;:&quot;small&quot;,&quot;widthPercent&quot;:0,&quot;preview&quot;:false}}</drawedBody>
    <theme>79479e0e-87d0-4260-9c12-3f05e303adcc</theme>
  </com.dotmarketing.portlets.templates.model.Template>
  <com.dotmarketing.portlets.templates.model.Template>
    <iDate class="sql-timestamp">2018-04-06 17:11:20.204</iDate>
    <type>template</type>
    <owner></owner>
    <inode>6804ce27-41d8-4831-8f47-2a4e65282a65</inode>
    <identifier>4bb72d3b-e572-4910-8fc2-d725279adeb5</identifier>
    <title>anonymous_layout_1523034732672</title>
    <friendlyName></friendlyName>
    <modDate class="sql-timestamp">2018-04-06 17:12:12.674</modDate>
    <modUser>dotcms.org.1</modUser>
    <sortOrder>0</sortOrder>
    <showOnMenu>false</showOnMenu>
    <image></image>
    <drawed>true</drawed>
    <drawedBody>{&quot;header&quot;:true,&quot;footer&quot;:true,&quot;body&quot;:{&quot;rows&quot;:[{&quot;columns&quot;:[{&quot;containers&quot;:[{&quot;identifier&quot;:&quot;56bd55ea-b04b-480d-9e37-5d6f9217dcc3&quot;,&quot;uuid&quot;:&quot;LEGACY_RELATION_TYPE&quot;}],&quot;widthPercent&quot;:66,&quot;leftOffset&quot;:1,&quot;preview&quot;:false,&quot;width&quot;:8,&quot;left&quot;:0},{&quot;containers&quot;:[{&quot;identifier&quot;:&quot;5363c6c6-5ba0-4946-b7af-cf875188ac2e&quot;,&quot;uuid&quot;:&quot;LEGACY_RELATION_TYPE&quot;}],&quot;widthPercent&quot;:33,&quot;leftOffset&quot;:9,&quot;preview&quot;:false,&quot;width&quot;:4,&quot;left&quot;:8}],&quot;identifier&quot;:0}]},&quot;sidebar&quot;:{&quot;containers&quot;:[],&quot;location&quot;:&quot;&quot;,&quot;width&quot;:&quot;small&quot;,&quot;widthPercent&quot;:0,&quot;preview&quot;:false}}</drawedBody>
    <theme>79479e0e-87d0-4260-9c12-3f05e303adcc</theme>
  </com.dotmarketing.portlets.templates.model.Template>
  <com.dotmarketing.portlets.templates.model.Template>
    <iDate class="sql-timestamp">2018-04-06 17:11:20.204</iDate>
    <type>template</type>
    <owner></owner>
    <inode>6c26a7f1-f322-496d-a420-15a30cf6e52f</inode>
    <identifier>4bb72d3b-e572-4910-8fc2-d725279adeb5</identifier>
    <title>anonymous_layout_1523034718123</title>
    <friendlyName></friendlyName>
    <modDate class="sql-timestamp">2018-04-06 17:11:58.129</modDate>
    <modUser>dotcms.org.1</modUser>
    <sortOrder>0</sortOrder>
    <showOnMenu>false</showOnMenu>
    <image></image>
    <drawed>true</drawed>
    <drawedBody>{&quot;header&quot;:true,&quot;footer&quot;:true,&quot;body&quot;:{&quot;rows&quot;:[{&quot;columns&quot;:[{&quot;containers&quot;:[{&quot;identifier&quot;:&quot;56bd55ea-b04b-480d-9e37-5d6f9217dcc3&quot;,&quot;uuid&quot;:&quot;LEGACY_RELATION_TYPE&quot;}],&quot;widthPercent&quot;:58,&quot;leftOffset&quot;:1,&quot;preview&quot;:false,&quot;width&quot;:7,&quot;left&quot;:0},{&quot;containers&quot;:[{&quot;identifier&quot;:&quot;5363c6c6-5ba0-4946-b7af-cf875188ac2e&quot;,&quot;uuid&quot;:&quot;LEGACY_RELATION_TYPE&quot;}],&quot;widthPercent&quot;:33,&quot;leftOffset&quot;:9,&quot;preview&quot;:false,&quot;width&quot;:4,&quot;left&quot;:8}],&quot;identifier&quot;:0}]},&quot;sidebar&quot;:{&quot;containers&quot;:[],&quot;location&quot;:&quot;&quot;,&quot;width&quot;:&quot;small&quot;,&quot;widthPercent&quot;:0,&quot;preview&quot;:false}}</drawedBody>
    <theme>79479e0e-87d0-4260-9c12-3f05e303adcc</theme>
  </com.dotmarketing.portlets.templates.model.Template>
  <com.dotmarketing.portlets.templates.model.Template>
    <iDate class="sql-timestamp">2018-04-06 17:11:20.204</iDate>
    <type>template</type>
    <owner></owner>
    <inode>54545cfe-a636-4a5d-9384-1919978e9501</inode>
    <identifier>4bb72d3b-e572-4910-8fc2-d725279adeb5</identifier>
    <title>anonymous_layout_1523034680204</title>
    <friendlyName></friendlyName>
    <modDate class="sql-timestamp">2018-04-06 17:11:20.21</modDate>
    <modUser>dotcms.org.1</modUser>
    <sortOrder>0</sortOrder>
    <showOnMenu>false</showOnMenu>
    <image></image>
    <drawed>true</drawed>
    <drawedBody>{&quot;header&quot;:true,&quot;footer&quot;:true,&quot;body&quot;:{&quot;rows&quot;:[{&quot;columns&quot;:[{&quot;containers&quot;:[{&quot;identifier&quot;:&quot;56bd55ea-b04b-480d-9e37-5d6f9217dcc3&quot;,&quot;uuid&quot;:&quot;LEGACY_RELATION_TYPE&quot;}],&quot;widthPercent&quot;:33,&quot;leftOffset&quot;:1,&quot;preview&quot;:false,&quot;width&quot;:4,&quot;left&quot;:0},{&quot;containers&quot;:[{&quot;identifier&quot;:&quot;5363c6c6-5ba0-4946-b7af-cf875188ac2e&quot;,&quot;uuid&quot;:&quot;LEGACY_RELATION_TYPE&quot;}],&quot;widthPercent&quot;:33,&quot;leftOffset&quot;:9,&quot;preview&quot;:false,&quot;width&quot;:4,&quot;left&quot;:8}],&quot;identifier&quot;:0}]},&quot;sidebar&quot;:{&quot;location&quot;:&quot;&quot;,&quot;width&quot;:&quot;small&quot;,&quot;widthPercent&quot;:0,&quot;preview&quot;:false}}</drawedBody>
    <theme>79479e0e-87d0-4260-9c12-3f05e303adcc</theme>
  </com.dotmarketing.portlets.templates.model.Template>
  <com.dotmarketing.portlets.templates.model.Template>
    <iDate class="sql-timestamp">2018-03-05 14:50:08.317</iDate>
    <type>template</type>
    <owner></owner>
    <inode>4c7ce396-0685-4b66-bcfc-6561dd7dad33</inode>
    <identifier>86a1e1fe-c026-49f7-91c9-3fb5a77e0172</identifier>
    <title>anonymous_layout_1520261408317</title>
    <friendlyName></friendlyName>
    <modDate class="sql-timestamp">2018-03-05 14:51:43.404</modDate>
    <modUser>dotcms.org.1</modUser>
    <sortOrder>0</sortOrder>
    <showOnMenu>false</showOnMenu>
    <image></image>
    <drawed>true</drawed>
    <drawedBody>{&quot;header&quot;:true,&quot;footer&quot;:true,&quot;body&quot;:{&quot;rows&quot;:[{&quot;columns&quot;:[{&quot;containers&quot;:[{&quot;identifier&quot;:&quot;56bd55ea-b04b-480d-9e37-5d6f9217dcc3&quot;,&quot;uuid&quot;:&quot;LEGACY_RELATION_TYPE&quot;}],&quot;widthPercent&quot;:66,&quot;leftOffset&quot;:1,&quot;preview&quot;:false,&quot;width&quot;:8,&quot;left&quot;:0},{&quot;containers&quot;:[{&quot;identifier&quot;:&quot;5363c6c6-5ba0-4946-b7af-cf875188ac2e&quot;,&quot;uuid&quot;:&quot;LEGACY_RELATION_TYPE&quot;}],&quot;widthPercent&quot;:33,&quot;leftOffset&quot;:9,&quot;preview&quot;:false,&quot;width&quot;:4,&quot;left&quot;:8}],&quot;identifier&quot;:0},{&quot;columns&quot;:[{&quot;containers&quot;:[],&quot;widthPercent&quot;:50,&quot;leftOffset&quot;:1,&quot;preview&quot;:false,&quot;width&quot;:6,&quot;left&quot;:0},{&quot;containers&quot;:[],&quot;widthPercent&quot;:50,&quot;leftOffset&quot;:7,&quot;preview&quot;:false,&quot;width&quot;:6,&quot;left&quot;:6}],&quot;identifier&quot;:0}]},&quot;sidebar&quot;:{&quot;location&quot;:&quot;&quot;,&quot;width&quot;:&quot;small&quot;,&quot;widthPercent&quot;:0,&quot;preview&quot;:false}}</drawedBody>
    <theme>79479e0e-87d0-4260-9c12-3f05e303adcc</theme>
  </com.dotmarketing.portlets.templates.model.Template>
  <com.dotmarketing.portlets.templates.model.Template>
    <iDate class="sql-timestamp">2018-08-21 18:26:23.191</iDate>
    <type>template</type>
    <inode>257ed735-a6fb-476b-bd15-d21afda4ca21</inode>
    <identifier>77c8d0f1-950d-4f2a-a41c-820981aa40c9</identifier>
    <title>_Generic</title>
    <friendlyName>Generic Template</friendlyName>
    <modDate class="sql-timestamp">2018-08-21 18:26:23.2</modDate>
    <modUser>dotcms.org.1</modUser>
    <sortOrder>0</sortOrder>
    <showOnMenu>true</showOnMenu>
    <body>&lt;html&gt;
 &lt;head&gt;
  #dotParse(&apos;//default/application/themes/default/html_head.vtl&apos;)
  &lt;link rel=&quot;stylesheet&quot; type=&quot;text/css&quot; href=&quot;/html/css/template/reset-fonts-grids.css&quot; /&gt;
 &lt;/head&gt;
 &lt;body&gt;
  &lt;div id=&quot;resp-template&quot; name=&quot;globalContainer&quot;&gt;
   &lt;div id=&quot;hd-template&quot;&gt;
    #dotParse(&apos;//default/application/themes/default/header.vtl&apos;)
   &lt;/div&gt;
   &lt;div id=&quot;bd-template&quot;&gt;
    &lt;div id=&quot;yui-main-template&quot;&gt;
     &lt;div class=&quot;yui-b-template&quot; id=&quot;splitBody0&quot;&gt;
      #parseContainer(&apos;297ec25e-d4c6-43be-a86c-ed363e3c2808&apos;)
     &lt;/div&gt;
     &lt;div class=&quot;yui-b-template&quot; id=&quot;splitBody1&quot;&gt;
      &lt;div class=&quot;yui-gc-template&quot; id=&quot;yui-gc-template&quot;&gt;
       &lt;div class=&quot;yui-u-template first&quot; id=&quot;1_yui-u-grid-1&quot;&gt;
        #parseContainer(&apos;c2583c16-4a8f-488f-86de-eb5a4409d7f8&apos;)
       &lt;/div&gt;
       &lt;div class=&quot;yui-u-template&quot; id=&quot;1_yui-u-grid-2&quot;&gt;
        #parseContainer(&apos;3c7fe016-0442-49d9-8d2f-f547a368d3ed&apos;)
       &lt;/div&gt;
      &lt;/div&gt;
     &lt;/div&gt;
     &lt;div class=&quot;yui-b-template&quot; id=&quot;splitBody2&quot;&gt;
      #parseContainer(&apos;a009df97-8ff8-454c-b0a1-353262b5d6a0&apos;)
     &lt;/div&gt;
    &lt;/div&gt;
   &lt;/div&gt;
   &lt;div id=&quot;ft-template&quot;&gt;
    #dotParse(&apos;//default/application/themes/default/footer.vtl&apos;)
   &lt;/div&gt;
  &lt;/div&gt;
 &lt;/body&gt;
&lt;/html&gt;</body>
    <image></image>
    <drawed>true</drawed>
    <drawedBody>&lt;div id=&quot;resp-template&quot; name=&quot;globalContainer&quot;&gt;&lt;div id=&quot;hd-template&quot;&gt;&lt;h1&gt;Header&lt;/h1&gt;&lt;/div&gt;&lt;div id=&quot;bd-template&quot;&gt;&lt;div id=&quot;yui-main-template&quot;&gt;&lt;div class=&quot;yui-b-template&quot; id=&quot;splitBody0&quot;&gt;&lt;div class=&quot;addContainerSpan&quot;&gt;&lt;a href=&quot;javascript: showAddContainerDialog(&apos;splitBody0&apos;);&quot; title=&quot;Add Container&quot;&gt;&lt;span class=&quot;plusBlueIcon&quot;&gt;&lt;/span&gt;Add Container&lt;/a&gt;&lt;/div&gt;&lt;span class=&quot;titleContainerSpan&quot; id=&quot;splitBody0_span_297ec25e-d4c6-43be-a86c-ed363e3c2808&quot; title=&quot;container_297ec25e-d4c6-43be-a86c-ed363e3c2808&quot;&gt;&lt;div class=&quot;removeDiv&quot;&gt;&lt;a href=&quot;javascript: removeDrawedContainer(&apos;splitBody0&apos;,&apos;297ec25e-d4c6-43be-a86c-ed363e3c2808&apos;);&quot; title=&quot;Remove Container&quot;&gt;&lt;span class=&quot;minusIcon&quot;&gt;&lt;/span&gt;Remove Container&lt;/a&gt;&lt;/div&gt;&lt;div class=&quot;clear&quot;&gt;&lt;/div&gt;&lt;h2&gt;Container: Header&lt;/h2&gt;&lt;p&gt;Lorem ipsum dolor sit amet, consectetur adipisicing elit, sed do eiusmod tempor incididunt ut labore et dolore magna aliqua. Ut enim ad minim veniam, quis nostrud exercitation ullamco laboris nisi ut aliquip ex ea commodo consequat.&lt;/p&gt;&lt;/span&gt;&lt;div style=&quot;display: none;&quot; title=&quot;container_297ec25e-d4c6-43be-a86c-ed363e3c2808&quot; id=&quot;splitBody0_div_297ec25e-d4c6-43be-a86c-ed363e3c2808&quot;&gt;#parseContainer(&apos;297ec25e-d4c6-43be-a86c-ed363e3c2808&apos;)&#xd;
&lt;/div&gt;&lt;/div&gt;&lt;div class=&quot;yui-b-template&quot; id=&quot;splitBody1&quot;&gt;&lt;div class=&quot;yui-gc-template&quot; id=&quot;yui-gc-template&quot;&gt;&lt;div class=&quot;yui-u-template first&quot; id=&quot;1_yui-u-grid-1&quot;&gt;&lt;div class=&quot;addContainerSpan&quot;&gt;&lt;a href=&quot;javascript: showAddContainerDialog(&apos;1_yui-u-grid-1&apos;);&quot; title=&quot;Add Container&quot;&gt;&lt;span class=&quot;plusBlueIcon&quot;&gt;&lt;/span&gt;Add Container&lt;/a&gt;&lt;/div&gt;&lt;span class=&quot;titleContainerSpan&quot; id=&quot;1_yui-u-grid-1_span_c2583c16-4a8f-488f-86de-eb5a4409d7f8&quot; title=&quot;container_c2583c16-4a8f-488f-86de-eb5a4409d7f8&quot;&gt;&lt;div class=&quot;removeDiv&quot;&gt;&lt;a href=&quot;javascript: removeDrawedContainer(&apos;1_yui-u-grid-1&apos;,&apos;c2583c16-4a8f-488f-86de-eb5a4409d7f8&apos;);&quot; title=&quot;Remove Container&quot;&gt;&lt;span class=&quot;minusIcon&quot;&gt;&lt;/span&gt;Remove Container&lt;/a&gt;&lt;/div&gt;&lt;div class=&quot;clear&quot;&gt;&lt;/div&gt;&lt;h2&gt;Container: Body Main&lt;/h2&gt;&lt;p&gt;Lorem ipsum dolor sit amet, consectetur adipisicing elit, sed do eiusmod tempor incididunt ut labore et dolore magna aliqua. Ut enim ad minim veniam, quis nostrud exercitation ullamco laboris nisi ut aliquip ex ea commodo consequat.&lt;/p&gt;&lt;/span&gt;&lt;div style=&quot;display: none;&quot; title=&quot;container_c2583c16-4a8f-488f-86de-eb5a4409d7f8&quot; id=&quot;1_yui-u-grid-1_div_c2583c16-4a8f-488f-86de-eb5a4409d7f8&quot;&gt;#parseContainer(&apos;c2583c16-4a8f-488f-86de-eb5a4409d7f8&apos;)&#xd;
&lt;/div&gt;&lt;/div&gt;&lt;div class=&quot;yui-u-template&quot; id=&quot;1_yui-u-grid-2&quot;&gt;&lt;div class=&quot;addContainerSpan&quot;&gt;&lt;a href=&quot;javascript: showAddContainerDialog(&apos;1_yui-u-grid-2&apos;);&quot; title=&quot;Add Container&quot;&gt;&lt;span class=&quot;plusBlueIcon&quot;&gt;&lt;/span&gt;Add Container&lt;/a&gt;&lt;/div&gt;&lt;span class=&quot;titleContainerSpan&quot; id=&quot;1_yui-u-grid-2_span_3c7fe016-0442-49d9-8d2f-f547a368d3ed&quot; title=&quot;container_3c7fe016-0442-49d9-8d2f-f547a368d3ed&quot;&gt;&lt;div class=&quot;removeDiv&quot;&gt;&lt;a href=&quot;javascript: removeDrawedContainer(&apos;1_yui-u-grid-2&apos;,&apos;3c7fe016-0442-49d9-8d2f-f547a368d3ed&apos;);&quot; title=&quot;Remove Container&quot;&gt;&lt;span class=&quot;minusIcon&quot;&gt;&lt;/span&gt;Remove Container&lt;/a&gt;&lt;/div&gt;&lt;div class=&quot;clear&quot;&gt;&lt;/div&gt;&lt;h2&gt;Container: Body Aside&lt;/h2&gt;&lt;p&gt;Lorem ipsum dolor sit amet, consectetur adipisicing elit, sed do eiusmod tempor incididunt ut labore et dolore magna aliqua. Ut enim ad minim veniam, quis nostrud exercitation ullamco laboris nisi ut aliquip ex ea commodo consequat.&lt;/p&gt;&lt;/span&gt;&lt;div style=&quot;display: none;&quot; title=&quot;container_3c7fe016-0442-49d9-8d2f-f547a368d3ed&quot; id=&quot;1_yui-u-grid-2_div_3c7fe016-0442-49d9-8d2f-f547a368d3ed&quot;&gt;#parseContainer(&apos;3c7fe016-0442-49d9-8d2f-f547a368d3ed&apos;)&#xd;
&lt;/div&gt;&lt;/div&gt;&lt;/div&gt;&lt;/div&gt;&lt;div class=&quot;yui-b-template&quot; id=&quot;splitBody2&quot;&gt;&lt;div class=&quot;addContainerSpan&quot;&gt;&lt;a href=&quot;javascript: showAddContainerDialog(&apos;splitBody2&apos;);&quot; title=&quot;Add Container&quot;&gt;&lt;span class=&quot;plusBlueIcon&quot;&gt;&lt;/span&gt;Add Container&lt;/a&gt;&lt;/div&gt;&lt;span class=&quot;titleContainerSpan&quot; id=&quot;splitBody2_span_a009df97-8ff8-454c-b0a1-353262b5d6a0&quot; title=&quot;container_a009df97-8ff8-454c-b0a1-353262b5d6a0&quot;&gt;&lt;div class=&quot;removeDiv&quot;&gt;&lt;a href=&quot;javascript: removeDrawedContainer(&apos;splitBody2&apos;,&apos;a009df97-8ff8-454c-b0a1-353262b5d6a0&apos;);&quot; title=&quot;Remove Container&quot;&gt;&lt;span class=&quot;minusIcon&quot;&gt;&lt;/span&gt;Remove Container&lt;/a&gt;&lt;/div&gt;&lt;div class=&quot;clear&quot;&gt;&lt;/div&gt;&lt;h2&gt;Container: Footer&lt;/h2&gt;&lt;p&gt;Lorem ipsum dolor sit amet, consectetur adipisicing elit, sed do eiusmod tempor incididunt ut labore et dolore magna aliqua. Ut enim ad minim veniam, quis nostrud exercitation ullamco laboris nisi ut aliquip ex ea commodo consequat.&lt;/p&gt;&lt;/span&gt;&lt;div style=&quot;display: none;&quot; title=&quot;container_a009df97-8ff8-454c-b0a1-353262b5d6a0&quot; id=&quot;splitBody2_div_a009df97-8ff8-454c-b0a1-353262b5d6a0&quot;&gt;#parseContainer(&apos;a009df97-8ff8-454c-b0a1-353262b5d6a0&apos;)&#xd;
&lt;/div&gt;&lt;/div&gt;&lt;/div&gt;&lt;/div&gt;&lt;div id=&quot;ft-template&quot;&gt;&lt;h1&gt;Footer&lt;/h1&gt;&lt;/div&gt;&lt;/div&gt;</drawedBody>
    <countAddContainer>0</countAddContainer>
    <countContainers>0</countContainers>
    <theme>5a10d0ae-943e-41be-8729-daa180111abd</theme>
  </com.dotmarketing.portlets.templates.model.Template>
</list>