<list>
  <com.dotmarketing.tag.model.Tag>
    <userId></userId>
    <tagName>inflation</tagName>
    <tagId>0675e4ea-872d-4587-82bf-d73b2ce94f55</tagId>
    <persona>false</persona>
    <hostId>48190c8c-42c4-46af-8d1a-0cd5db894797</hostId>
  </com.dotmarketing.tag.model.Tag>
  <com.dotmarketing.tag.model.Tag>
    <userId></userId>
    <tagName>international</tagName>
    <tagId>11cbfb5a-7b89-4992-b6b5-96c5de2cb905</tagId>
    <persona>false</persona>
    <modDate class="sql-timestamp">2017-03-06 18:48:18.399</modDate>
    <hostId>48190c8c-42c4-46af-8d1a-0cd5db894797</hostId>
  </com.dotmarketing.tag.model.Tag>
  <com.dotmarketing.tag.model.Tag>
    <userId></userId>
    <tagName>aarp</tagName>
    <tagId>2172fab2-908b-4e21-8e1b-2a68249e4ae7</tagId>
    <persona>false</persona>
    <hostId>48190c8c-42c4-46af-8d1a-0cd5db894797</hostId>
  </com.dotmarketing.tag.model.Tag>
  <com.dotmarketing.tag.model.Tag>
    <userId></userId>
    <tagName>retiree</tagName>
    <tagId>2660c8e4-4c29-416a-9413-6e08c0478c0e</tagId>
    <persona>false</persona>
    <modDate class="sql-timestamp">2016-02-19 17:21:27.592</modDate>
    <hostId>48190c8c-42c4-46af-8d1a-0cd5db894797</hostId>
  </com.dotmarketing.tag.model.Tag>
  <com.dotmarketing.tag.model.Tag>
    <userId></userId>
    <tagName>asia</tagName>
    <tagId>28fe7a25-9b2c-474c-8197-59f010833b6f</tagId>
    <persona>false</persona>
    <hostId>48190c8c-42c4-46af-8d1a-0cd5db894797</hostId>
  </com.dotmarketing.tag.model.Tag>
  <com.dotmarketing.tag.model.Tag>
    <userId></userId>
    <tagName>annuities</tagName>
    <tagId>2b72fe19-28aa-45a2-b7af-bafc8284866f</tagId>
    <persona>false</persona>
    <hostId>48190c8c-42c4-46af-8d1a-0cd5db894797</hostId>
  </com.dotmarketing.tag.model.Tag>
  <com.dotmarketing.tag.model.Tag>
    <userId></userId>
    <tagName>globalinvestor</tagName>
    <tagId>3227f0b9-ab87-4a89-aff3-e90440d2fb18</tagId>
    <persona>false</persona>
    <modDate class="sql-timestamp">2016-02-19 17:21:03.874</modDate>
    <hostId>48190c8c-42c4-46af-8d1a-0cd5db894797</hostId>
  </com.dotmarketing.tag.model.Tag>
  <com.dotmarketing.tag.model.Tag>
    <userId></userId>
    <tagName>credit cards</tagName>
    <tagId>3738728b-f334-4c60-b6c5-286d6afa6def</tagId>
    <persona>false</persona>
    <hostId>48190c8c-42c4-46af-8d1a-0cd5db894797</hostId>
  </com.dotmarketing.tag.model.Tag>
  <com.dotmarketing.tag.model.Tag>
    <userId></userId>
    <tagName>estate planning</tagName>
    <tagId>44ed186d-24e5-46e2-bb19-acb3daad76c9</tagId>
    <persona>false</persona>
    <hostId>48190c8c-42c4-46af-8d1a-0cd5db894797</hostId>
  </com.dotmarketing.tag.model.Tag>
  <com.dotmarketing.tag.model.Tag>
    <userId></userId>
    <tagName>yield</tagName>
    <tagId>458ba734-3397-46e0-8082-65d546be2eea</tagId>
    <persona>false</persona>
    <hostId>48190c8c-42c4-46af-8d1a-0cd5db894797</hostId>
  </com.dotmarketing.tag.model.Tag>
  <com.dotmarketing.tag.model.Tag>
    <userId></userId>
    <tagName>french</tagName>
    <tagId>49d899bb-a05f-405f-862e-abdf4ebdfaf3</tagId>
    <persona>false</persona>
    <hostId>48190c8c-42c4-46af-8d1a-0cd5db894797</hostId>
  </com.dotmarketing.tag.model.Tag>
  <com.dotmarketing.tag.model.Tag>
    <userId></userId>
    <tagName>wealthlyprospect</tagName>
    <tagId>4dfa7e15-c397-41f0-b36c-10cbc367f591</tagId>
    <persona>true</persona>
    <modDate class="sql-timestamp">2016-02-19 17:21:11.842</modDate>
    <hostId>48190c8c-42c4-46af-8d1a-0cd5db894797</hostId>
  </com.dotmarketing.tag.model.Tag>
  <com.dotmarketing.tag.model.Tag>
    <userId></userId>
    <tagName>art</tagName>
    <tagId>5b84b0f3-0013-45dd-a7ed-0e792c519a9d</tagId>
    <persona>false</persona>
    <hostId>48190c8c-42c4-46af-8d1a-0cd5db894797</hostId>
  </com.dotmarketing.tag.model.Tag>
  <com.dotmarketing.tag.model.Tag>
    <userId></userId>
    <tagName>dollar</tagName>
    <tagId>5df6727d-11f7-4b08-ae8c-f446fe11e5e6</tagId>
    <persona>false</persona>
    <hostId>48190c8c-42c4-46af-8d1a-0cd5db894797</hostId>
  </com.dotmarketing.tag.model.Tag>
  <com.dotmarketing.tag.model.Tag>
    <userId></userId>
    <tagName>housing</tagName>
    <tagId>61a37733-dcc1-4661-8085-236c414bab8f</tagId>
    <persona>false</persona>
    <hostId>48190c8c-42c4-46af-8d1a-0cd5db894797</hostId>
  </com.dotmarketing.tag.model.Tag>
  <com.dotmarketing.tag.model.Tag>
    <userId></userId>
    <tagName>medical</tagName>
    <tagId>65156a10-970b-4bb2-855c-1ff7ceeb5f11</tagId>
    <persona>false</persona>
    <hostId>48190c8c-42c4-46af-8d1a-0cd5db894797</hostId>
  </com.dotmarketing.tag.model.Tag>
  <com.dotmarketing.tag.model.Tag>
    <userId></userId>
    <tagName>investing</tagName>
    <tagId>6b81153f-4871-4fb5-a1a8-33dc7813fbc1</tagId>
    <persona>false</persona>
    <hostId>48190c8c-42c4-46af-8d1a-0cd5db894797</hostId>
  </com.dotmarketing.tag.model.Tag>
  <com.dotmarketing.tag.model.Tag>
    <userId></userId>
    <tagName>firsttimeinvestor</tagName>
    <tagId>7070e002-b689-46bb-9be8-dba5cad8883d</tagId>
    <persona>false</persona>
    <hostId>48190c8c-42c4-46af-8d1a-0cd5db894797</hostId>
  </com.dotmarketing.tag.model.Tag>
  <com.dotmarketing.tag.model.Tag>
    <userId></userId>
    <tagName>germany</tagName>
    <tagId>805f93dc-ab71-4924-a6b9-366cb226269f</tagId>
    <persona>false</persona>
    <hostId>48190c8c-42c4-46af-8d1a-0cd5db894797</hostId>
  </com.dotmarketing.tag.model.Tag>
  <com.dotmarketing.tag.model.Tag>
    <userId></userId>
    <tagName>billionaire</tagName>
    <tagId>806fba38-d30e-4491-bb30-bc744ebd337e</tagId>
    <persona>false</persona>
    <hostId>48190c8c-42c4-46af-8d1a-0cd5db894797</hostId>
  </com.dotmarketing.tag.model.Tag>
  <com.dotmarketing.tag.model.Tag>
    <userId></userId>
    <tagName>us markets</tagName>
    <tagId>81bedbc4-64e5-4c4a-9f69-11f8400e3ed3</tagId>
    <persona>false</persona>
    <hostId>48190c8c-42c4-46af-8d1a-0cd5db894797</hostId>
  </com.dotmarketing.tag.model.Tag>
  <com.dotmarketing.tag.model.Tag>
    <userId></userId>
    <tagName>bric</tagName>
    <tagId>87aadc64-01d8-41a1-8499-0ca72b8106dd</tagId>
    <persona>false</persona>
    <hostId>48190c8c-42c4-46af-8d1a-0cd5db894797</hostId>
  </com.dotmarketing.tag.model.Tag>
  <com.dotmarketing.tag.model.Tag>
    <userId></userId>
    <tagName>china</tagName>
    <tagId>946e86c2-f11e-44f0-b590-ef3c373bfeba</tagId>
    <persona>false</persona>
    <hostId>48190c8c-42c4-46af-8d1a-0cd5db894797</hostId>
  </com.dotmarketing.tag.model.Tag>
  <com.dotmarketing.tag.model.Tag>
    <userId></userId>
    <tagName>trains</tagName>
    <tagId>9da251e4-2c91-4125-8466-e17b2219d782</tagId>
    <persona>false</persona>
    <hostId>48190c8c-42c4-46af-8d1a-0cd5db894797</hostId>
  </com.dotmarketing.tag.model.Tag>
  <com.dotmarketing.tag.model.Tag>
    <userId></userId>
    <tagName>home prices</tagName>
    <tagId>a684eeb7-43d1-4921-b4ff-c01b8175022c</tagId>
    <persona>false</persona>
    <hostId>48190c8c-42c4-46af-8d1a-0cd5db894797</hostId>
  </com.dotmarketing.tag.model.Tag>
  <com.dotmarketing.tag.model.Tag>
    <userId></userId>
    <tagName>etfs</tagName>
    <tagId>a7004546-b9cb-4bb1-bafe-e531b212e928</tagId>
    <persona>false</persona>
    <hostId>48190c8c-42c4-46af-8d1a-0cd5db894797</hostId>
  </com.dotmarketing.tag.model.Tag>
  <com.dotmarketing.tag.model.Tag>
    <userId></userId>
    <tagName>north america</tagName>
    <tagId>bd499eed-94d8-4269-b634-17df2b8b853c</tagId>
    <persona>false</persona>
    <hostId>48190c8c-42c4-46af-8d1a-0cd5db894797</hostId>
  </com.dotmarketing.tag.model.Tag>
  <com.dotmarketing.tag.model.Tag>
    <userId></userId>
    <tagName>australia</tagName>
    <tagId>c35b9d71-85f1-4fe2-8314-e6fd4c7c19b1</tagId>
    <persona>false</persona>
    <hostId>48190c8c-42c4-46af-8d1a-0cd5db894797</hostId>
  </com.dotmarketing.tag.model.Tag>
  <com.dotmarketing.tag.model.Tag>
    <userId></userId>
    <tagName>brazil</tagName>
    <tagId>c795a9f1-3828-450b-beb8-3174ccb40539</tagId>
    <persona>false</persona>
    <hostId>48190c8c-42c4-46af-8d1a-0cd5db894797</hostId>
  </com.dotmarketing.tag.model.Tag>
  <com.dotmarketing.tag.model.Tag>
    <userId></userId>
    <tagName>youngkid</tagName>
    <tagId>cb58996d-2d3f-46e0-9436-07ffca5f20d8</tagId>
    <persona>false</persona>
    <modDate class="sql-timestamp">2017-05-09 21:17:13.115</modDate>
    <hostId>48190c8c-42c4-46af-8d1a-0cd5db894797</hostId>
  </com.dotmarketing.tag.model.Tag>
  <com.dotmarketing.tag.model.Tag>
    <userId></userId>
    <tagName>social security</tagName>
    <tagId>de3f6270-a9cd-4cc0-9f7c-4b69a50497a9</tagId>
    <persona>false</persona>
    <hostId>48190c8c-42c4-46af-8d1a-0cd5db894797</hostId>
  </com.dotmarketing.tag.model.Tag>
  <com.dotmarketing.tag.model.Tag>
    <userId></userId>
    <tagName>young</tagName>
    <tagId>de78b447-4ea5-4ef6-bee1-ab61af602d71</tagId>
    <persona>false</persona>
    <hostId>48190c8c-42c4-46af-8d1a-0cd5db894797</hostId>
  </com.dotmarketing.tag.model.Tag>
  <com.dotmarketing.tag.model.Tag>
    <userId></userId>
    <tagName>medicare</tagName>
    <tagId>e4c00d8c-e494-4282-ba09-4e5452743b9a</tagId>
    <persona>false</persona>
    <hostId>48190c8c-42c4-46af-8d1a-0cd5db894797</hostId>
  </com.dotmarketing.tag.model.Tag>
  <com.dotmarketing.tag.model.Tag>
    <userId></userId>
    <tagName>politics</tagName>
    <tagId>e518cb6d-6857-4f1b-b8e1-d3a3341c8a0c</tagId>
    <persona>false</persona>
    <hostId>48190c8c-42c4-46af-8d1a-0cd5db894797</hostId>
  </com.dotmarketing.tag.model.Tag>
  <com.dotmarketing.tag.model.Tag>
    <userId></userId>
    <tagName>jobs</tagName>
    <tagId>ea5ce78d-a07d-41e9-9d23-bc0d7cf98c98</tagId>
    <persona>false</persona>
    <hostId>48190c8c-42c4-46af-8d1a-0cd5db894797</hostId>
  </com.dotmarketing.tag.model.Tag>
  <com.dotmarketing.tag.model.Tag>
    <userId></userId>
    <tagName>nigeria</tagName>
    <tagId>f4c7f2d9-ab40-411b-b138-ecf9f41b8df9</tagId>
    <persona>false</persona>
    <hostId>48190c8c-42c4-46af-8d1a-0cd5db894797</hostId>
  </com.dotmarketing.tag.model.Tag>
  <com.dotmarketing.tag.model.Tag>
    <userId></userId>
    <tagName>wealthyprospect</tagName>
    <tagId>f629b421-fdd5-47f1-8046-aac5701caca1</tagId>
    <persona>false</persona>
    <modDate class="sql-timestamp">2017-03-02 18:10:40.551</modDate>
    <hostId>48190c8c-42c4-46af-8d1a-0cd5db894797</hostId>
  </com.dotmarketing.tag.model.Tag>
  <com.dotmarketing.tag.model.Tag>
    <userId></userId>
    <tagName>intranet</tagName>
    <tagId>f812f0a8-0b81-4684-8ac1-0e84a56733b0</tagId>
    <persona>false</persona>
    <hostId>48190c8c-42c4-46af-8d1a-0cd5db894797</hostId>
  </com.dotmarketing.tag.model.Tag>
  <com.dotmarketing.tag.model.Tag>
    <userId></userId>
    <tagName>africa</tagName>
    <tagId>fcc415a6-cce0-4652-a4d6-391d8dce494c</tagId>
    <persona>false</persona>
    <hostId>48190c8c-42c4-46af-8d1a-0cd5db894797</hostId>
  </com.dotmarketing.tag.model.Tag>
</list>