<list>
  <com.dotmarketing.beans.Identifier>
    <id>48190c8c-42c4-46af-8d1a-0cd5db894797</id>
    <assetName>48190c8c-42c4-46af-8d1a-0cd5db894797.content</assetName>
    <assetType>contentlet</assetType>
    <parentPath>/</parentPath>
    <hostId>SYSTEM_HOST</hostId>
  </com.dotmarketing.beans.Identifier>
  <com.dotmarketing.beans.Identifier>
    <id>a9f30020-54ef-494e-92ed-645e757171c2</id>
    <assetName>index</assetName>
    <assetType>contentlet</assetType>
    <parentPath>/</parentPath>
    <hostId>48190c8c-42c4-46af-8d1a-0cd5db894797</hostId>
  </com.dotmarketing.beans.Identifier>
  <com.dotmarketing.beans.Identifier>
    <id>SYSTEM_HOST</id>
    <assetName>system host</assetName>
    <assetType>contentlet</assetType>
    <parentPath>/</parentPath>
    <hostId>SYSTEM_HOST</hostId>
  </com.dotmarketing.beans.Identifier>
  <com.dotmarketing.beans.Identifier>
    <id>bc9a1d37-dd2d-4d49-a29d-0c9be740bfaf</id>
    <assetName>system folder</assetName>
    <assetType>folder</assetType>
    <parentPath>/System folder</parentPath>
    <hostId>SYSTEM_HOST</hostId>
  </com.dotmarketing.beans.Identifier>
</list>