<list>
  <com.dotmarketing.portlets.templates.model.TemplateVersionInfo>
    <identifier>c4db5980-42bb-487b-93f6-bdf7db2461fa</identifier>
    <liveInode>6a7df75f-7daf-4ebf-b1ec-d504c04c3985</liveInode>
    <workingInode>6a7df75f-7daf-4ebf-b1ec-d504c04c3985</workingInode>
    <lockedOn class="sql-timestamp">2018-09-25 15:21:18.047</lockedOn>
    <deleted>false</deleted>
    <versionTs class="sql-timestamp">2018-08-07 17:46:43.669</versionTs>
  </com.dotmarketing.portlets.templates.model.TemplateVersionInfo>
</list>