<list>
  <com.dotmarketing.portlets.containers.model.Container>
    <iDate class="sql-timestamp">2018-09-25 15:20:11.515</iDate>
    <type>containers</type>
    <inode>441302a3-43a0-4acb-ae83-1f50c70c09ca</inode>
    <identifier>7ba755d1-dc6e-41dc-b435-d17ef183d649</identifier>
    <title>_Script Init</title>
    <friendlyName>Initialize Globals, Configuration Options, and Macros</friendlyName>
    <modDate class="sql-timestamp">2018-09-25 15:20:11.549</modDate>
    <modUser>dotcms.org.1</modUser>
    <sortOrder>0</sortOrder>
    <showOnMenu>false</showOnMenu>
    <code>## Globals, config, options&#xd;
#dotParse(&apos;/application/includes/globals.vtl&apos;)##&#xd;
#dotParse(&apos;/application/includes/options.vtl&apos;)##&#xd;
##&#xd;
## Macros&#xd;
#dotParse(&apos;/application/macros/json-get.vm&apos;)##&#xd;
#dotParse(&apos;/application/macros/template-column.vm&apos;)##&#xd;
#dotParse(&apos;/application/macros/slugify.vm&apos;)##&#xd;
#dotParse(&apos;/application/macros/truncate-string.vm&apos;)##&#xd;
#dotParse(&apos;/application/macros/button.vm&apos;)##&#xd;
#dotParse(&apos;/application/macros/container-info.vm&apos;)##</code>
    <maxContentlets>0</maxContentlets>
    <useDiv>false</useDiv>
    <sortContentletsBy></sortContentletsBy>
    <preLoop></preLoop>
    <postLoop></postLoop>
    <staticify>false</staticify>
    <luceneQuery></luceneQuery>
    <notes></notes>
  </com.dotmarketing.portlets.containers.model.Container>
  <com.dotmarketing.portlets.containers.model.Container>
    <iDate class="sql-timestamp">2018-08-07 17:42:28.333</iDate>
    <type>containers</type>
    <inode>2329ed60-c533-4ca1-bbc9-c22a9a10abdd</inode>
    <identifier>2b3fc5ca-76d6-48bd-8b71-65745799756c</identifier>
    <title>_Generic</title>
    <friendlyName>Generic Use Container</friendlyName>
    <modDate class="sql-timestamp">2018-08-07 17:42:28.366</modDate>
    <modUser>dotcms.org.1</modUser>
    <sortOrder>0</sortOrder>
    <showOnMenu>false</showOnMenu>
    <code></code>
    <maxContentlets>99</maxContentlets>
    <useDiv>false</useDiv>
    <sortContentletsBy></sortContentletsBy>
    <preLoop></preLoop>
    <postLoop></postLoop>
    <staticify>false</staticify>
    <luceneQuery></luceneQuery>
    <notes></notes>
  </com.dotmarketing.portlets.containers.model.Container>
</list>