<list>
  <com.dotmarketing.portlets.containers.model.ContainerVersionInfo>
    <identifier>2b3fc5ca-76d6-48bd-8b71-65745799756c</identifier>
    <liveInode>2329ed60-c533-4ca1-bbc9-c22a9a10abdd</liveInode>
    <workingInode>2329ed60-c533-4ca1-bbc9-c22a9a10abdd</workingInode>
    <lockedOn class="sql-timestamp">2018-09-25 15:09:29.903</lockedOn>
    <deleted>false</deleted>
    <versionTs class="sql-timestamp">2018-08-07 17:42:28.365</versionTs>
  </com.dotmarketing.portlets.containers.model.ContainerVersionInfo>
  <com.dotmarketing.portlets.containers.model.ContainerVersionInfo>
    <identifier>7ba755d1-dc6e-41dc-b435-d17ef183d649</identifier>
    <liveInode>441302a3-43a0-4acb-ae83-1f50c70c09ca</liveInode>
    <workingInode>441302a3-43a0-4acb-ae83-1f50c70c09ca</workingInode>
    <lockedOn class="sql-timestamp">2018-09-25 15:20:20.055</lockedOn>
    <deleted>false</deleted>
    <versionTs class="sql-timestamp">2018-09-25 15:20:11.548</versionTs>
  </com.dotmarketing.portlets.containers.model.ContainerVersionInfo>
</list>