<list>
  <com.dotmarketing.portlets.contentlet.model.ContentletVersionInfo>
    <identifier>007889ba-e768-4243-a30a-63b15d4a2cf8</identifier>
    <deleted>false</deleted>
    <lockedOn class="sql-timestamp">2018-09-25 15:06:10.652</lockedOn>
    <lang>1</lang>
    <workingInode>eb55b34a-1f23-43b5-984b-9022dd3958d5</workingInode>
    <liveInode>eb55b34a-1f23-43b5-984b-9022dd3958d5</liveInode>
    <versionTs class="sql-timestamp">2018-09-25 15:06:10.648</versionTs>
  </com.dotmarketing.portlets.contentlet.model.ContentletVersionInfo>
  <com.dotmarketing.portlets.contentlet.model.ContentletVersionInfo>
    <identifier>06b7f9eb-e5c7-4dd5-bbf5-93cdc8710a56</identifier>
    <deleted>false</deleted>
    <lockedOn class="sql-timestamp">2018-08-07 17:28:01.368</lockedOn>
    <lang>1</lang>
    <workingInode>5ea6f385-5ff9-4923-8cfe-ca08af09f320</workingInode>
    <liveInode>5ea6f385-5ff9-4923-8cfe-ca08af09f320</liveInode>
    <versionTs class="sql-timestamp">2018-08-07 17:28:01.554</versionTs>
  </com.dotmarketing.portlets.contentlet.model.ContentletVersionInfo>
  <com.dotmarketing.portlets.contentlet.model.ContentletVersionInfo>
    <identifier>08326ae7-8eae-4f5a-a7f7-eb13a8082a20</identifier>
    <deleted>false</deleted>
    <lockedOn class="sql-timestamp">2018-08-07 20:23:46.074</lockedOn>
    <lang>1</lang>
    <workingInode>dc92f6ae-6aa7-4cc5-ad2b-87326f98b60c</workingInode>
    <liveInode>dc92f6ae-6aa7-4cc5-ad2b-87326f98b60c</liveInode>
    <versionTs class="sql-timestamp">2018-08-07 20:23:46.069</versionTs>
  </com.dotmarketing.portlets.contentlet.model.ContentletVersionInfo>
  <com.dotmarketing.portlets.contentlet.model.ContentletVersionInfo>
    <identifier>098a1c4c-3804-4e9b-bd2c-93cdd8dbbc68</identifier>
    <deleted>false</deleted>
    <lockedOn class="sql-timestamp">2018-08-07 17:28:03.9</lockedOn>
    <lang>1</lang>
    <workingInode>ad167b29-e4a5-4bca-bc44-f5bc95d71d93</workingInode>
    <liveInode>ad167b29-e4a5-4bca-bc44-f5bc95d71d93</liveInode>
    <versionTs class="sql-timestamp">2018-08-07 17:28:03.947</versionTs>
  </com.dotmarketing.portlets.contentlet.model.ContentletVersionInfo>
  <com.dotmarketing.portlets.contentlet.model.ContentletVersionInfo>
    <identifier>0b1e2f98-8e79-4235-b7b4-87b3665f74c1</identifier>
    <deleted>false</deleted>
    <lockedOn class="sql-timestamp">2018-09-25 15:12:44.367</lockedOn>
    <lang>1</lang>
    <workingInode>26044ee7-7f27-4886-a0cb-95c8791b5b1e</workingInode>
    <liveInode>26044ee7-7f27-4886-a0cb-95c8791b5b1e</liveInode>
    <versionTs class="sql-timestamp">2018-09-25 15:12:44.364</versionTs>
  </com.dotmarketing.portlets.contentlet.model.ContentletVersionInfo>
  <com.dotmarketing.portlets.contentlet.model.ContentletVersionInfo>
    <identifier>19d1d0d4-7a1a-4c4f-b446-205b12b7d1cf</identifier>
    <deleted>false</deleted>
    <lockedOn class="sql-timestamp">2018-09-25 15:33:47.05</lockedOn>
    <lang>1</lang>
    <workingInode>34abb222-4cfc-44d8-95d3-50586ca3495c</workingInode>
    <liveInode>34abb222-4cfc-44d8-95d3-50586ca3495c</liveInode>
    <versionTs class="sql-timestamp">2018-09-25 15:33:47.055</versionTs>
  </com.dotmarketing.portlets.contentlet.model.ContentletVersionInfo>
  <com.dotmarketing.portlets.contentlet.model.ContentletVersionInfo>
    <identifier>1bd33867-cd93-454f-84cc-c0c0a9682e05</identifier>
    <deleted>false</deleted>
    <lockedOn class="sql-timestamp">2018-08-07 17:28:02.757</lockedOn>
    <lang>1</lang>
    <workingInode>7c3f88fe-8754-4ec7-b801-03245bde984a</workingInode>
    <liveInode>7c3f88fe-8754-4ec7-b801-03245bde984a</liveInode>
    <versionTs class="sql-timestamp">2018-08-07 17:28:02.77</versionTs>
  </com.dotmarketing.portlets.contentlet.model.ContentletVersionInfo>
  <com.dotmarketing.portlets.contentlet.model.ContentletVersionInfo>
    <identifier>27f63b69-1f8b-4a04-bbba-fefb30d96a76</identifier>
    <deleted>false</deleted>
    <lockedOn class="sql-timestamp">2018-09-25 15:33:46.257</lockedOn>
    <lang>1</lang>
    <workingInode>a8704bd9-78a9-4de5-9e2d-88a86a4ab8dd</workingInode>
    <liveInode>a8704bd9-78a9-4de5-9e2d-88a86a4ab8dd</liveInode>
    <versionTs class="sql-timestamp">2018-09-25 15:33:46.264</versionTs>
  </com.dotmarketing.portlets.contentlet.model.ContentletVersionInfo>
  <com.dotmarketing.portlets.contentlet.model.ContentletVersionInfo>
    <identifier>2a3477db-17d9-488d-a9fa-6c5074eb3a04</identifier>
    <deleted>false</deleted>
    <lockedOn class="sql-timestamp">2018-08-07 17:28:01.73</lockedOn>
    <lang>1</lang>
    <workingInode>1d40d874-c5d6-411e-8f12-d1f31e6b1fb2</workingInode>
    <liveInode>1d40d874-c5d6-411e-8f12-d1f31e6b1fb2</liveInode>
    <versionTs class="sql-timestamp">2018-08-07 17:28:01.768</versionTs>
  </com.dotmarketing.portlets.contentlet.model.ContentletVersionInfo>
  <com.dotmarketing.portlets.contentlet.model.ContentletVersionInfo>
    <identifier>371741da-eb33-4b65-a252-7119fbdcb7b7</identifier>
    <deleted>false</deleted>
    <lockedOn class="sql-timestamp">2018-09-25 15:33:46.652</lockedOn>
    <lang>1</lang>
    <workingInode>a4e5e3e3-1796-44a4-9a7d-dc04f8bbdb71</workingInode>
    <liveInode>a4e5e3e3-1796-44a4-9a7d-dc04f8bbdb71</liveInode>
    <versionTs class="sql-timestamp">2018-09-25 15:33:46.659</versionTs>
  </com.dotmarketing.portlets.contentlet.model.ContentletVersionInfo>
  <com.dotmarketing.portlets.contentlet.model.ContentletVersionInfo>
    <identifier>374f6fa7-9c07-4593-a99e-aa8f00aa3bd9</identifier>
    <deleted>false</deleted>
    <lockedOn class="sql-timestamp">2018-08-07 17:28:02.084</lockedOn>
    <lang>1</lang>
    <workingInode>978e15f4-6b10-47b6-884b-fe2a96a67923</workingInode>
    <liveInode>978e15f4-6b10-47b6-884b-fe2a96a67923</liveInode>
    <versionTs class="sql-timestamp">2018-08-07 17:28:02.11</versionTs>
  </com.dotmarketing.portlets.contentlet.model.ContentletVersionInfo>
  <com.dotmarketing.portlets.contentlet.model.ContentletVersionInfo>
    <identifier>3d820134-1d6b-4039-9ddd-ad555a4ce6da</identifier>
    <deleted>false</deleted>
    <lockedOn class="sql-timestamp">2018-09-25 15:33:47.249</lockedOn>
    <lang>1</lang>
    <workingInode>0247a2a7-7a4c-45ff-9dd1-6a3cf41abb21</workingInode>
    <liveInode>0247a2a7-7a4c-45ff-9dd1-6a3cf41abb21</liveInode>
    <versionTs class="sql-timestamp">2018-09-25 15:33:47.253</versionTs>
  </com.dotmarketing.portlets.contentlet.model.ContentletVersionInfo>
  <com.dotmarketing.portlets.contentlet.model.ContentletVersionInfo>
    <identifier>3f79a4ba-f4af-4c8d-98cb-4a3555b5726b</identifier>
    <deleted>false</deleted>
    <lockedOn class="sql-timestamp">2018-09-25 15:10:26.224</lockedOn>
    <lang>1</lang>
    <workingInode>fcc9bca1-8d74-4653-88a4-ea67d984f7f8</workingInode>
    <liveInode>fcc9bca1-8d74-4653-88a4-ea67d984f7f8</liveInode>
    <versionTs class="sql-timestamp">2018-09-25 15:10:26.219</versionTs>
  </com.dotmarketing.portlets.contentlet.model.ContentletVersionInfo>
  <com.dotmarketing.portlets.contentlet.model.ContentletVersionInfo>
    <identifier>48190c8c-42c4-46af-8d1a-0cd5db894797</identifier>
    <deleted>false</deleted>
    <lockedOn class="sql-timestamp">2018-08-07 15:52:59.021</lockedOn>
    <lang>1</lang>
    <workingInode>526b053f-6cf0-4165-8518-6aa5e055ffa4</workingInode>
    <liveInode>526b053f-6cf0-4165-8518-6aa5e055ffa4</liveInode>
    <versionTs class="sql-timestamp">2018-08-07 15:52:59.015</versionTs>
  </com.dotmarketing.portlets.contentlet.model.ContentletVersionInfo>
  <com.dotmarketing.portlets.contentlet.model.ContentletVersionInfo>
    <identifier>50ee455d-f88d-4d37-8477-f36b1f4de0cd</identifier>
    <deleted>false</deleted>
    <lockedOn class="sql-timestamp">2018-08-07 17:28:04.05</lockedOn>
    <lang>1</lang>
    <workingInode>080f1f32-864f-4a28-ba04-c7abc5b2f14b</workingInode>
    <liveInode>080f1f32-864f-4a28-ba04-c7abc5b2f14b</liveInode>
    <versionTs class="sql-timestamp">2018-08-07 17:28:04.077</versionTs>
  </com.dotmarketing.portlets.contentlet.model.ContentletVersionInfo>
  <com.dotmarketing.portlets.contentlet.model.ContentletVersionInfo>
    <identifier>53fb434c-70c4-4354-a2d8-df2ae4098404</identifier>
    <deleted>false</deleted>
    <lockedOn class="sql-timestamp">2018-09-25 15:33:47.455</lockedOn>
    <lang>1</lang>
    <workingInode>cfe9b4bc-4d6a-4eff-996a-55a24abdb8a6</workingInode>
    <liveInode>cfe9b4bc-4d6a-4eff-996a-55a24abdb8a6</liveInode>
    <versionTs class="sql-timestamp">2018-09-25 15:33:47.461</versionTs>
  </com.dotmarketing.portlets.contentlet.model.ContentletVersionInfo>
  <com.dotmarketing.portlets.contentlet.model.ContentletVersionInfo>
    <identifier>54067fad-5e6b-4ef9-b633-da5644f9ad8d</identifier>
    <deleted>false</deleted>
    <lockedOn class="sql-timestamp">2018-08-07 17:28:02.642</lockedOn>
    <lang>1</lang>
    <workingInode>f2d014ef-6f41-418a-b252-36b65978df9d</workingInode>
    <liveInode>f2d014ef-6f41-418a-b252-36b65978df9d</liveInode>
    <versionTs class="sql-timestamp">2018-08-07 17:28:02.686</versionTs>
  </com.dotmarketing.portlets.contentlet.model.ContentletVersionInfo>
  <com.dotmarketing.portlets.contentlet.model.ContentletVersionInfo>
    <identifier>55206e97-1203-426c-88c2-967d8e0da22f</identifier>
    <deleted>false</deleted>
    <lockedOn class="sql-timestamp">2018-08-13 16:33:29.948</lockedOn>
    <lang>1</lang>
    <workingInode>e7818694-e98d-4170-b099-416f0f44f4f2</workingInode>
    <liveInode>e7818694-e98d-4170-b099-416f0f44f4f2</liveInode>
    <versionTs class="sql-timestamp">2018-08-07 17:28:02.607</versionTs>
  </com.dotmarketing.portlets.contentlet.model.ContentletVersionInfo>
  <com.dotmarketing.portlets.contentlet.model.ContentletVersionInfo>
    <identifier>5c04fd29-19b3-494b-864c-6ce7b2e2ef94</identifier>
    <deleted>false</deleted>
    <lockedOn class="sql-timestamp">2018-09-25 15:33:46.849</lockedOn>
    <lang>1</lang>
    <workingInode>3ffb061d-3c9b-422d-9c86-92df5110e2ea</workingInode>
    <liveInode>3ffb061d-3c9b-422d-9c86-92df5110e2ea</liveInode>
    <versionTs class="sql-timestamp">2018-09-25 15:33:46.854</versionTs>
  </com.dotmarketing.portlets.contentlet.model.ContentletVersionInfo>
  <com.dotmarketing.portlets.contentlet.model.ContentletVersionInfo>
    <identifier>5c60ee0b-0095-47bd-9932-b1023ef3d333</identifier>
    <deleted>false</deleted>
    <lockedOn class="sql-timestamp">2018-08-07 17:28:03.858</lockedOn>
    <lang>1</lang>
    <workingInode>10f84e8b-a573-4981-80e4-c6f8f9f23205</workingInode>
    <liveInode>10f84e8b-a573-4981-80e4-c6f8f9f23205</liveInode>
    <versionTs class="sql-timestamp">2018-08-07 17:28:03.894</versionTs>
  </com.dotmarketing.portlets.contentlet.model.ContentletVersionInfo>
  <com.dotmarketing.portlets.contentlet.model.ContentletVersionInfo>
    <identifier>600bdacf-9d3a-4bed-92d4-828fdc69105b</identifier>
    <deleted>false</deleted>
    <lockedOn class="sql-timestamp">2018-08-07 17:28:01.733</lockedOn>
    <lang>1</lang>
    <workingInode>301a057c-fff3-4255-8368-8933ff976bd7</workingInode>
    <liveInode>301a057c-fff3-4255-8368-8933ff976bd7</liveInode>
    <versionTs class="sql-timestamp">2018-08-07 17:28:01.765</versionTs>
  </com.dotmarketing.portlets.contentlet.model.ContentletVersionInfo>
  <com.dotmarketing.portlets.contentlet.model.ContentletVersionInfo>
    <identifier>74604c69-34b8-4d11-970d-af126604b2bf</identifier>
    <deleted>false</deleted>
    <lockedOn class="sql-timestamp">2018-09-25 15:05:00.91</lockedOn>
    <lang>1</lang>
    <workingInode>1015e52d-0f74-4d0d-a3f8-f6380d5f2ece</workingInode>
    <liveInode>1015e52d-0f74-4d0d-a3f8-f6380d5f2ece</liveInode>
    <versionTs class="sql-timestamp">2018-09-25 15:05:00.907</versionTs>
  </com.dotmarketing.portlets.contentlet.model.ContentletVersionInfo>
  <com.dotmarketing.portlets.contentlet.model.ContentletVersionInfo>
    <identifier>76681009-6af9-4f41-8237-38121a924586</identifier>
    <deleted>false</deleted>
    <lockedOn class="sql-timestamp">2018-09-25 15:09:53.896</lockedOn>
    <lang>1</lang>
    <workingInode>95c89762-5f39-4a66-89fa-d1359ac75517</workingInode>
    <liveInode>95c89762-5f39-4a66-89fa-d1359ac75517</liveInode>
    <versionTs class="sql-timestamp">2018-09-25 15:09:53.894</versionTs>
  </com.dotmarketing.portlets.contentlet.model.ContentletVersionInfo>
  <com.dotmarketing.portlets.contentlet.model.ContentletVersionInfo>
    <identifier>79a79c5f-ceea-4afc-993a-f09d6889cbf6</identifier>
    <deleted>false</deleted>
    <lockedOn class="sql-timestamp">2018-09-25 15:33:46.055</lockedOn>
    <lang>1</lang>
    <workingInode>50989120-a795-4ba1-857d-127570f23aa5</workingInode>
    <liveInode>50989120-a795-4ba1-857d-127570f23aa5</liveInode>
    <versionTs class="sql-timestamp">2018-09-25 15:33:46.06</versionTs>
  </com.dotmarketing.portlets.contentlet.model.ContentletVersionInfo>
  <com.dotmarketing.portlets.contentlet.model.ContentletVersionInfo>
    <identifier>7dbab668-9463-4aa7-935e-70ba6c6c1b8d</identifier>
    <deleted>false</deleted>
    <lockedOn class="sql-timestamp">2018-08-08 19:32:16.248</lockedOn>
    <lang>1</lang>
    <workingInode>ef84d25d-7393-40e7-b3cb-46a66999fa93</workingInode>
    <liveInode>ef84d25d-7393-40e7-b3cb-46a66999fa93</liveInode>
    <versionTs class="sql-timestamp">2018-08-08 19:32:16.237</versionTs>
  </com.dotmarketing.portlets.contentlet.model.ContentletVersionInfo>
  <com.dotmarketing.portlets.contentlet.model.ContentletVersionInfo>
    <identifier>81e0040c-95f7-4282-b9b2-0b98579c1e80</identifier>
    <deleted>false</deleted>
    <lockedOn class="sql-timestamp">2018-09-25 15:13:38.953</lockedOn>
    <lang>1</lang>
    <workingInode>76e13753-5b43-49ac-a1c0-cc2772a8ecc2</workingInode>
    <liveInode>76e13753-5b43-49ac-a1c0-cc2772a8ecc2</liveInode>
    <versionTs class="sql-timestamp">2018-09-25 15:13:38.95</versionTs>
  </com.dotmarketing.portlets.contentlet.model.ContentletVersionInfo>
  <com.dotmarketing.portlets.contentlet.model.ContentletVersionInfo>
    <identifier>8601fbac-1fe0-4cd0-8e6d-f7a68ad6e030</identifier>
    <deleted>false</deleted>
    <lockedOn class="sql-timestamp">2018-09-25 15:04:26.6</lockedOn>
    <lang>1</lang>
    <workingInode>108ec0e4-e89e-4394-8db8-6a97b1cd47e4</workingInode>
    <liveInode>108ec0e4-e89e-4394-8db8-6a97b1cd47e4</liveInode>
    <versionTs class="sql-timestamp">2018-09-25 15:04:26.592</versionTs>
  </com.dotmarketing.portlets.contentlet.model.ContentletVersionInfo>
  <com.dotmarketing.portlets.contentlet.model.ContentletVersionInfo>
    <identifier>940f7c77-f2ca-445d-97eb-d6887f0d934a</identifier>
    <deleted>false</deleted>
    <lockedOn class="sql-timestamp">2018-08-07 17:28:02.9</lockedOn>
    <lang>1</lang>
    <workingInode>8299af5a-b813-4c17-8c17-3684cb580537</workingInode>
    <liveInode>8299af5a-b813-4c17-8c17-3684cb580537</liveInode>
    <versionTs class="sql-timestamp">2018-08-07 17:28:02.914</versionTs>
  </com.dotmarketing.portlets.contentlet.model.ContentletVersionInfo>
  <com.dotmarketing.portlets.contentlet.model.ContentletVersionInfo>
    <identifier>96fa3692-5e59-47c7-9642-df8127b49d0e</identifier>
    <deleted>false</deleted>
    <lockedOn class="sql-timestamp">2018-09-25 15:28:35.02</lockedOn>
    <lang>1</lang>
    <workingInode>7295b67d-7f9d-424f-9a27-25e48851b732</workingInode>
    <liveInode>7295b67d-7f9d-424f-9a27-25e48851b732</liveInode>
    <versionTs class="sql-timestamp">2018-09-25 15:28:35.026</versionTs>
  </com.dotmarketing.portlets.contentlet.model.ContentletVersionInfo>
  <com.dotmarketing.portlets.contentlet.model.ContentletVersionInfo>
    <identifier>ae7934d8-31f0-4867-aab9-585294610731</identifier>
    <deleted>false</deleted>
    <lockedOn class="sql-timestamp">2018-09-25 15:17:08.215</lockedOn>
    <lang>1</lang>
    <workingInode>6e5e5bf2-259f-467b-bc45-5245fd267f94</workingInode>
    <liveInode>6e5e5bf2-259f-467b-bc45-5245fd267f94</liveInode>
    <versionTs class="sql-timestamp">2018-09-25 15:17:08.241</versionTs>
  </com.dotmarketing.portlets.contentlet.model.ContentletVersionInfo>
  <com.dotmarketing.portlets.contentlet.model.ContentletVersionInfo>
    <identifier>b429e50b-ef6f-41ca-91ad-ac4ec0d32d3e</identifier>
    <deleted>false</deleted>
    <lockedOn class="sql-timestamp">2018-08-07 17:28:02.25</lockedOn>
    <lang>1</lang>
    <workingInode>7c19c16f-52d1-4169-bb8d-c64f8c2b4c34</workingInode>
    <liveInode>7c19c16f-52d1-4169-bb8d-c64f8c2b4c34</liveInode>
    <versionTs class="sql-timestamp">2018-08-07 17:28:02.28</versionTs>
  </com.dotmarketing.portlets.contentlet.model.ContentletVersionInfo>
  <com.dotmarketing.portlets.contentlet.model.ContentletVersionInfo>
    <identifier>bfb3bd4a-6c8f-4981-81d1-991940a00d31</identifier>
    <deleted>false</deleted>
    <lockedOn class="sql-timestamp">2018-09-25 15:06:26.906</lockedOn>
    <lang>1</lang>
    <workingInode>ce854f82-9847-4b87-8e46-3d598650b6ae</workingInode>
    <liveInode>ce854f82-9847-4b87-8e46-3d598650b6ae</liveInode>
    <versionTs class="sql-timestamp">2018-09-25 15:00:30.716</versionTs>
  </com.dotmarketing.portlets.contentlet.model.ContentletVersionInfo>
  <com.dotmarketing.portlets.contentlet.model.ContentletVersionInfo>
    <identifier>c4444e4a-1f28-497f-9b04-035a82820180</identifier>
    <deleted>false</deleted>
    <lockedOn class="sql-timestamp">2018-08-07 17:28:01.369</lockedOn>
    <lang>1</lang>
    <workingInode>f9f08d10-c9c2-4a99-87fb-be8676518243</workingInode>
    <liveInode>f9f08d10-c9c2-4a99-87fb-be8676518243</liveInode>
    <versionTs class="sql-timestamp">2018-08-07 17:28:01.554</versionTs>
  </com.dotmarketing.portlets.contentlet.model.ContentletVersionInfo>
  <com.dotmarketing.portlets.contentlet.model.ContentletVersionInfo>
    <identifier>d583cd49-05cb-4c52-9143-b499c7e7a482</identifier>
    <deleted>false</deleted>
    <lockedOn class="sql-timestamp">2018-09-25 15:33:45.871</lockedOn>
    <lang>1</lang>
    <workingInode>1724e6fe-1fa4-4f69-9737-2dae013d9f28</workingInode>
    <liveInode>1724e6fe-1fa4-4f69-9737-2dae013d9f28</liveInode>
    <versionTs class="sql-timestamp">2018-09-25 15:33:45.877</versionTs>
  </com.dotmarketing.portlets.contentlet.model.ContentletVersionInfo>
  <com.dotmarketing.portlets.contentlet.model.ContentletVersionInfo>
    <identifier>d7259d8f-6c2c-4845-b9ef-9a231ddd070d</identifier>
    <deleted>false</deleted>
    <lockedOn class="sql-timestamp">2018-08-07 17:28:02.063</lockedOn>
    <lang>1</lang>
    <workingInode>80de7c66-f726-43c0-b540-0f2dfc4ec681</workingInode>
    <liveInode>80de7c66-f726-43c0-b540-0f2dfc4ec681</liveInode>
    <versionTs class="sql-timestamp">2018-08-07 17:28:02.08</versionTs>
  </com.dotmarketing.portlets.contentlet.model.ContentletVersionInfo>
  <com.dotmarketing.portlets.contentlet.model.ContentletVersionInfo>
    <identifier>d793668e-1f54-4e83-8f57-9076af4b31c7</identifier>
    <deleted>false</deleted>
    <lockedOn class="sql-timestamp">2018-09-25 15:33:46.454</lockedOn>
    <lang>1</lang>
    <workingInode>1945e195-1023-4694-8bf3-501b204e6643</workingInode>
    <liveInode>1945e195-1023-4694-8bf3-501b204e6643</liveInode>
    <versionTs class="sql-timestamp">2018-09-25 15:33:46.458</versionTs>
  </com.dotmarketing.portlets.contentlet.model.ContentletVersionInfo>
  <com.dotmarketing.portlets.contentlet.model.ContentletVersionInfo>
    <identifier>dd749c7e-c79b-4b70-8c34-fb7fb234076e</identifier>
    <deleted>false</deleted>
    <lockedOn class="sql-timestamp">2018-08-07 19:30:17.304</lockedOn>
    <lang>1</lang>
    <workingInode>ce7b0370-8312-45af-935c-6bf9175e15f7</workingInode>
    <liveInode>ce7b0370-8312-45af-935c-6bf9175e15f7</liveInode>
    <versionTs class="sql-timestamp">2018-08-07 19:30:17.301</versionTs>
  </com.dotmarketing.portlets.contentlet.model.ContentletVersionInfo>
  <com.dotmarketing.portlets.contentlet.model.ContentletVersionInfo>
    <identifier>e9f449cb-4009-4029-a5ab-8c5c77d4c8d3</identifier>
    <deleted>false</deleted>
    <lockedOn class="sql-timestamp">2018-08-07 17:28:01.92</lockedOn>
    <lang>1</lang>
    <workingInode>c4b86483-eab2-4b15-9648-32385b0dd15f</workingInode>
    <liveInode>c4b86483-eab2-4b15-9648-32385b0dd15f</liveInode>
    <versionTs class="sql-timestamp">2018-08-07 17:28:01.944</versionTs>
  </com.dotmarketing.portlets.contentlet.model.ContentletVersionInfo>
  <com.dotmarketing.portlets.contentlet.model.ContentletVersionInfo>
    <identifier>edcbce87-6543-41e9-a550-8c48a411e9fd</identifier>
    <deleted>false</deleted>
    <lockedOn class="sql-timestamp">2018-09-25 15:28:34.835</lockedOn>
    <lang>1</lang>
    <workingInode>e5460aa0-dd24-4d10-888b-d3521eec0f21</workingInode>
    <liveInode>e5460aa0-dd24-4d10-888b-d3521eec0f21</liveInode>
    <versionTs class="sql-timestamp">2018-09-25 15:28:34.84</versionTs>
  </com.dotmarketing.portlets.contentlet.model.ContentletVersionInfo>
  <com.dotmarketing.portlets.contentlet.model.ContentletVersionInfo>
    <identifier>f401484f-27e7-427a-9662-6894df80c35c</identifier>
    <deleted>false</deleted>
    <lockedOn class="sql-timestamp">2018-08-07 17:28:04.096</lockedOn>
    <lang>1</lang>
    <workingInode>0cc62463-f3e6-4eac-9617-1dd49987da85</workingInode>
    <liveInode>0cc62463-f3e6-4eac-9617-1dd49987da85</liveInode>
    <versionTs class="sql-timestamp">2018-08-07 17:28:04.118</versionTs>
  </com.dotmarketing.portlets.contentlet.model.ContentletVersionInfo>
  <com.dotmarketing.portlets.contentlet.model.ContentletVersionInfo>
    <identifier>f94c7ad3-32c9-4778-840e-0720da1974d1</identifier>
    <deleted>false</deleted>
    <lockedOn class="sql-timestamp">2018-08-08 21:22:32.825</lockedOn>
    <lang>1</lang>
    <workingInode>b71b3e8c-8cca-440d-96ae-3b0e682fafa5</workingInode>
    <liveInode>b71b3e8c-8cca-440d-96ae-3b0e682fafa5</liveInode>
    <versionTs class="sql-timestamp">2018-08-08 21:22:32.835</versionTs>
  </com.dotmarketing.portlets.contentlet.model.ContentletVersionInfo>
  <com.dotmarketing.portlets.contentlet.model.ContentletVersionInfo>
    <identifier>SYSTEM_HOST</identifier>
    <deleted>false</deleted>
    <lockedOn class="sql-timestamp">2012-06-07 09:46:26.0</lockedOn>
    <lang>1</lang>
    <workingInode>dbdec5e2-c02b-4cfb-83a9-4a4c4f3b2eb0</workingInode>
    <liveInode>dbdec5e2-c02b-4cfb-83a9-4a4c4f3b2eb0</liveInode>
    <versionTs class="sql-timestamp">2017-03-07 18:25:58.061</versionTs>
  </com.dotmarketing.portlets.contentlet.model.ContentletVersionInfo>
</list>