<list>
  <com.dotmarketing.portlets.categories.model.Category>
    <iDate class="sql-timestamp">2011-11-17 18:57:07.329</iDate>
    <type>category</type>
    <owner></owner>
    <inode>375341a2-0912-422f-b903-2602b6105c70</inode>
    <categoryName>Event Types</categoryName>
    <key>event</key>
    <sortOrder>0</sortOrder>
    <active>true</active>
    <categoryVelocityVarName>eventTypes</categoryVelocityVarName>
    <modDate class="sql-timestamp">2014-03-21 14:11:18.976264</modDate>
  </com.dotmarketing.portlets.categories.model.Category>
  <com.dotmarketing.portlets.categories.model.Category>
    <iDate class="sql-timestamp">2011-06-30 21:37:01.625</iDate>
    <type>category</type>
    <owner></owner>
    <inode>3d5d641b-e5fd-409e-a283-b6fe7ab780d1</inode>
    <categoryName>Topic</categoryName>
    <key>topic</key>
    <sortOrder>0</sortOrder>
    <active>true</active>
    <categoryVelocityVarName>topic</categoryVelocityVarName>
    <modDate class="sql-timestamp">2014-03-21 14:11:18.976264</modDate>
  </com.dotmarketing.portlets.categories.model.Category>
</list>