<list>
  <com.dotmarketing.portlets.folders.model.Folder>
    <iDate class="sql-timestamp">2018-08-07 17:28:02.969</iDate>
    <type>folder</type>
    <owner></owner>
    <inode>21d1a913-da4e-490e-ae20-ef8cff36deee</inode>
    <identifier>9d5e2f70-b198-4902-a705-3ce04eb0de0d</identifier>
    <name>default</name>
    <sortOrder>0</sortOrder>
    <showOnMenu>false</showOnMenu>
    <hostId>48190c8c-42c4-46af-8d1a-0cd5db894797</hostId>
    <title>default</title>
    <filesMasks></filesMasks>
    <defaultFileType>33888b6f-7a8e-4069-b1b6-5c1aa9d0a48d</defaultFileType>
    <modDate class="sql-timestamp">2018-08-07 17:28:02.969</modDate>
  </com.dotmarketing.portlets.folders.model.Folder>
  <com.dotmarketing.portlets.folders.model.Folder>
    <iDate class="sql-timestamp">2018-08-07 17:28:01.234</iDate>
    <type>folder</type>
    <owner></owner>
    <inode>97e5bf0f-fc9b-4138-86e1-6cbeefada664</inode>
    <identifier>3b41b8ae-fa63-41b3-9398-fb32f8a3889e</identifier>
    <name>util</name>
    <sortOrder>0</sortOrder>
    <showOnMenu>false</showOnMenu>
    <hostId>48190c8c-42c4-46af-8d1a-0cd5db894797</hostId>
    <title>util</title>
    <filesMasks></filesMasks>
    <defaultFileType>33888b6f-7a8e-4069-b1b6-5c1aa9d0a48d</defaultFileType>
    <modDate class="sql-timestamp">2018-08-07 17:28:01.235</modDate>
  </com.dotmarketing.portlets.folders.model.Folder>
  <com.dotmarketing.portlets.folders.model.Folder>
    <iDate class="sql-timestamp">2018-08-07 17:28:01.209</iDate>
    <type>folder</type>
    <owner></owner>
    <inode>3ce153c2-5b3f-4bd3-a021-bb6eeac40149</inode>
    <identifier>78aa1e5b-2335-43bb-a010-902aec118871</identifier>
    <name>themes</name>
    <sortOrder>0</sortOrder>
    <showOnMenu>false</showOnMenu>
    <hostId>48190c8c-42c4-46af-8d1a-0cd5db894797</hostId>
    <title>themes</title>
    <filesMasks></filesMasks>
    <defaultFileType>33888b6f-7a8e-4069-b1b6-5c1aa9d0a48d</defaultFileType>
    <modDate class="sql-timestamp">2018-08-07 17:28:01.21</modDate>
  </com.dotmarketing.portlets.folders.model.Folder>
  <com.dotmarketing.portlets.folders.model.Folder>
    <iDate class="sql-timestamp">2018-08-07 17:28:01.151</iDate>
    <type>folder</type>
    <owner></owner>
    <inode>692287d1-dbbb-465d-bff9-e164624f4ecd</inode>
    <identifier>64fce176-91a9-4792-ad81-a8c2c75a7058</identifier>
    <name>macros</name>
    <sortOrder>0</sortOrder>
    <showOnMenu>false</showOnMenu>
    <hostId>48190c8c-42c4-46af-8d1a-0cd5db894797</hostId>
    <title>macros</title>
    <filesMasks></filesMasks>
    <defaultFileType>33888b6f-7a8e-4069-b1b6-5c1aa9d0a48d</defaultFileType>
    <modDate class="sql-timestamp">2018-08-07 17:28:01.152</modDate>
  </com.dotmarketing.portlets.folders.model.Folder>
  <com.dotmarketing.portlets.folders.model.Folder>
    <iDate class="sql-timestamp">2018-08-07 17:28:01.129</iDate>
    <type>folder</type>
    <owner></owner>
    <inode>87ed172d-b683-461f-8981-5856f2b7e8c5</inode>
    <identifier>fdad047f-fc92-449d-a76b-469fd0795764</identifier>
    <name>includes</name>
    <sortOrder>0</sortOrder>
    <showOnMenu>false</showOnMenu>
    <hostId>48190c8c-42c4-46af-8d1a-0cd5db894797</hostId>
    <title>includes</title>
    <filesMasks></filesMasks>
    <defaultFileType>33888b6f-7a8e-4069-b1b6-5c1aa9d0a48d</defaultFileType>
    <modDate class="sql-timestamp">2018-08-07 17:28:01.129</modDate>
  </com.dotmarketing.portlets.folders.model.Folder>
  <com.dotmarketing.portlets.folders.model.Folder>
    <iDate class="sql-timestamp">2018-08-07 17:28:01.067</iDate>
    <type>folder</type>
    <owner></owner>
    <inode>42c3dd5b-0878-4c98-a679-f68a48c66171</inode>
    <identifier>a1887217-fe73-4676-afc9-c7c6f0fc4e73</identifier>
    <name>custom-fields</name>
    <sortOrder>0</sortOrder>
    <showOnMenu>false</showOnMenu>
    <hostId>48190c8c-42c4-46af-8d1a-0cd5db894797</hostId>
    <title>custom-fields</title>
    <filesMasks></filesMasks>
    <defaultFileType>33888b6f-7a8e-4069-b1b6-5c1aa9d0a48d</defaultFileType>
    <modDate class="sql-timestamp">2018-08-07 17:28:01.068</modDate>
  </com.dotmarketing.portlets.folders.model.Folder>
  <com.dotmarketing.portlets.folders.model.Folder>
    <iDate class="sql-timestamp">2018-08-07 17:28:01.048</iDate>
    <type>folder</type>
    <owner></owner>
    <inode>46ccf8c0-a3a9-4aca-858c-898d3963ba36</inode>
    <identifier>abafa7fa-4471-4e37-9743-b6647d838bb6</identifier>
    <name>containers</name>
    <sortOrder>0</sortOrder>
    <showOnMenu>false</showOnMenu>
    <hostId>48190c8c-42c4-46af-8d1a-0cd5db894797</hostId>
    <title>containers</title>
    <filesMasks></filesMasks>
    <defaultFileType>33888b6f-7a8e-4069-b1b6-5c1aa9d0a48d</defaultFileType>
    <modDate class="sql-timestamp">2018-08-07 17:28:01.049</modDate>
  </com.dotmarketing.portlets.folders.model.Folder>
  <com.dotmarketing.portlets.folders.model.Folder>
    <iDate class="sql-timestamp">2018-08-07 17:28:00.982</iDate>
    <type>folder</type>
    <owner></owner>
    <inode>a20bf00d-0bf7-427c-a337-d832a4a7721c</inode>
    <identifier>9c96dd9c-92d5-479d-90c8-59e0c8c6fb23</identifier>
    <name>async</name>
    <sortOrder>0</sortOrder>
    <showOnMenu>false</showOnMenu>
    <hostId>48190c8c-42c4-46af-8d1a-0cd5db894797</hostId>
    <title>async</title>
    <filesMasks></filesMasks>
    <defaultFileType>33888b6f-7a8e-4069-b1b6-5c1aa9d0a48d</defaultFileType>
    <modDate class="sql-timestamp">2018-08-07 17:28:00.984</modDate>
  </com.dotmarketing.portlets.folders.model.Folder>
  <com.dotmarketing.portlets.folders.model.Folder>
    <iDate class="sql-timestamp">2018-08-07 17:28:00.957</iDate>
    <type>folder</type>
    <owner></owner>
    <inode>dae7a308-0e6e-4915-b84f-f53357d8e3c4</inode>
    <identifier>6e9f2a13-fe56-4af5-9cab-40852ea994ca</identifier>
    <name>static</name>
    <sortOrder>0</sortOrder>
    <showOnMenu>false</showOnMenu>
    <hostId>48190c8c-42c4-46af-8d1a-0cd5db894797</hostId>
    <title>static</title>
    <filesMasks></filesMasks>
    <defaultFileType>33888b6f-7a8e-4069-b1b6-5c1aa9d0a48d</defaultFileType>
    <modDate class="sql-timestamp">2018-08-07 17:28:00.958</modDate>
  </com.dotmarketing.portlets.folders.model.Folder>
  <com.dotmarketing.portlets.folders.model.Folder>
    <iDate class="sql-timestamp">2018-08-07 17:28:00.899</iDate>
    <type>folder</type>
    <owner></owner>
    <inode>64c5bf96-4680-4d24-b116-b96e1cb2726b</inode>
    <identifier>d1d54245-cd33-4350-8b68-7e1f8b000c61</identifier>
    <name>json</name>
    <sortOrder>0</sortOrder>
    <showOnMenu>false</showOnMenu>
    <hostId>48190c8c-42c4-46af-8d1a-0cd5db894797</hostId>
    <title>json</title>
    <filesMasks></filesMasks>
    <defaultFileType>33888b6f-7a8e-4069-b1b6-5c1aa9d0a48d</defaultFileType>
    <modDate class="sql-timestamp">2018-08-07 17:28:00.9</modDate>
  </com.dotmarketing.portlets.folders.model.Folder>
  <com.dotmarketing.portlets.folders.model.Folder>
    <iDate class="sql-timestamp">2018-08-07 17:28:00.881</iDate>
    <type>folder</type>
    <owner></owner>
    <inode>3851ee7e-e75a-4828-a009-39dedf9741fe</inode>
    <identifier>720c3b60-4183-4ca4-a4a7-2a0fd74506de</identifier>
    <name>js</name>
    <sortOrder>0</sortOrder>
    <showOnMenu>false</showOnMenu>
    <hostId>48190c8c-42c4-46af-8d1a-0cd5db894797</hostId>
    <title>js</title>
    <filesMasks></filesMasks>
    <defaultFileType>33888b6f-7a8e-4069-b1b6-5c1aa9d0a48d</defaultFileType>
    <modDate class="sql-timestamp">2018-08-07 17:28:00.881</modDate>
  </com.dotmarketing.portlets.folders.model.Folder>
  <com.dotmarketing.portlets.folders.model.Folder>
    <iDate class="sql-timestamp">2018-08-07 17:28:00.818</iDate>
    <type>folder</type>
    <owner></owner>
    <inode>5a14e881-2d7f-42fc-948d-140599f3aee0</inode>
    <identifier>59c76aed-918b-4d30-9c65-70e06ad37988</identifier>
    <name>img</name>
    <sortOrder>0</sortOrder>
    <showOnMenu>false</showOnMenu>
    <hostId>48190c8c-42c4-46af-8d1a-0cd5db894797</hostId>
    <title>img</title>
    <filesMasks></filesMasks>
    <defaultFileType>33888b6f-7a8e-4069-b1b6-5c1aa9d0a48d</defaultFileType>
    <modDate class="sql-timestamp">2018-08-07 17:28:00.819</modDate>
  </com.dotmarketing.portlets.folders.model.Folder>
  <com.dotmarketing.portlets.folders.model.Folder>
    <iDate class="sql-timestamp">2018-08-07 17:28:00.803</iDate>
    <type>folder</type>
    <owner></owner>
    <inode>c3a3576e-2af5-46e4-819f-46023ab1d0c0</inode>
    <identifier>68b4cba1-286e-4615-9f33-3bac9f0d05e0</identifier>
    <name>fonts</name>
    <sortOrder>0</sortOrder>
    <showOnMenu>false</showOnMenu>
    <hostId>48190c8c-42c4-46af-8d1a-0cd5db894797</hostId>
    <title>fonts</title>
    <filesMasks></filesMasks>
    <defaultFileType>33888b6f-7a8e-4069-b1b6-5c1aa9d0a48d</defaultFileType>
    <modDate class="sql-timestamp">2018-08-07 17:28:00.804</modDate>
  </com.dotmarketing.portlets.folders.model.Folder>
  <com.dotmarketing.portlets.folders.model.Folder>
    <iDate class="sql-timestamp">2018-08-07 17:28:00.731</iDate>
    <type>folder</type>
    <owner></owner>
    <inode>1e4baad5-d1c4-4a91-95e0-6a2d66d5b148</inode>
    <identifier>13a96c82-5a7c-45cf-9ed0-6c39f352b05d</identifier>
    <name>docs</name>
    <sortOrder>0</sortOrder>
    <showOnMenu>false</showOnMenu>
    <hostId>48190c8c-42c4-46af-8d1a-0cd5db894797</hostId>
    <title>docs</title>
    <filesMasks></filesMasks>
    <defaultFileType>33888b6f-7a8e-4069-b1b6-5c1aa9d0a48d</defaultFileType>
    <modDate class="sql-timestamp">2018-08-07 17:28:00.732</modDate>
  </com.dotmarketing.portlets.folders.model.Folder>
  <com.dotmarketing.portlets.folders.model.Folder>
    <iDate class="sql-timestamp">2018-08-07 17:28:00.724</iDate>
    <type>folder</type>
    <owner></owner>
    <inode>ed1ac362-d85c-468a-b42f-3142b09c6e0b</inode>
    <identifier>1488cc0d-97cf-4e3a-865b-fe971717934a</identifier>
    <name>application</name>
    <sortOrder>0</sortOrder>
    <showOnMenu>false</showOnMenu>
    <hostId>48190c8c-42c4-46af-8d1a-0cd5db894797</hostId>
    <title>application</title>
    <filesMasks></filesMasks>
    <defaultFileType>33888b6f-7a8e-4069-b1b6-5c1aa9d0a48d</defaultFileType>
    <modDate class="sql-timestamp">2018-08-07 17:28:00.725</modDate>
  </com.dotmarketing.portlets.folders.model.Folder>
  <com.dotmarketing.portlets.folders.model.Folder>
    <iDate class="sql-timestamp">2018-08-07 17:28:00.636</iDate>
    <type>folder</type>
    <owner></owner>
    <inode>76e03160-33c5-4c8f-8ec7-2f3a3c35b891</inode>
    <identifier>a249f954-45ab-4c90-a5b7-d9af520e5ee2</identifier>
    <name>css</name>
    <sortOrder>0</sortOrder>
    <showOnMenu>false</showOnMenu>
    <hostId>48190c8c-42c4-46af-8d1a-0cd5db894797</hostId>
    <title>css</title>
    <filesMasks></filesMasks>
    <defaultFileType>33888b6f-7a8e-4069-b1b6-5c1aa9d0a48d</defaultFileType>
    <modDate class="sql-timestamp">2018-08-07 17:28:00.645</modDate>
  </com.dotmarketing.portlets.folders.model.Folder>
  <com.dotmarketing.portlets.folders.model.Folder>
    <iDate class="sql-timestamp">2009-10-08 20:27:18.0</iDate>
    <type>folder</type>
    <owner>system</owner>
    <inode>SYSTEM_FOLDER</inode>
    <identifier>bc9a1d37-dd2d-4d49-a29d-0c9be740bfaf</identifier>
    <name>system folder</name>
    <sortOrder>0</sortOrder>
    <showOnMenu>false</showOnMenu>
    <hostId>SYSTEM_HOST</hostId>
    <title>System folder</title>
    <filesMasks></filesMasks>
    <defaultFileType>33888b6f-7a8e-4069-b1b6-5c1aa9d0a48d</defaultFileType>
    <modDate class="sql-timestamp">2017-03-07 18:25:58.116</modDate>
  </com.dotmarketing.portlets.folders.model.Folder>
</list>