<list>
  <com.dotmarketing.beans.Identifier>
    <id>08326ae7-8eae-4f5a-a7f7-eb13a8082a20</id>
    <assetName>content.4ca15971-09d6-4504-a598-c566f334a0c1</assetName>
    <assetType>contentlet</assetType>
    <parentPath>/</parentPath>
    <hostId>SYSTEM_HOST</hostId>
  </com.dotmarketing.beans.Identifier>
  <com.dotmarketing.beans.Identifier>
    <id>13a96c82-5a7c-45cf-9ed0-6c39f352b05d</id>
    <assetName>docs</assetName>
    <assetType>folder</assetType>
    <parentPath>/</parentPath>
    <hostId>48190c8c-42c4-46af-8d1a-0cd5db894797</hostId>
  </com.dotmarketing.beans.Identifier>
  <com.dotmarketing.beans.Identifier>
    <id>1488cc0d-97cf-4e3a-865b-fe971717934a</id>
    <assetName>application</assetName>
    <assetType>folder</assetType>
    <parentPath>/</parentPath>
    <hostId>48190c8c-42c4-46af-8d1a-0cd5db894797</hostId>
  </com.dotmarketing.beans.Identifier>
  <com.dotmarketing.beans.Identifier>
    <id>19d1d0d4-7a1a-4c4f-b446-205b12b7d1cf</id>
    <assetName>content.34abb222-4cfc-44d8-95d3-50586ca3495c</assetName>
    <assetType>contentlet</assetType>
    <parentPath>/</parentPath>
    <hostId>SYSTEM_HOST</hostId>
  </com.dotmarketing.beans.Identifier>
  <com.dotmarketing.beans.Identifier>
    <id>27f63b69-1f8b-4a04-bbba-fefb30d96a76</id>
    <assetName>content.a8704bd9-78a9-4de5-9e2d-88a86a4ab8dd</assetName>
    <assetType>contentlet</assetType>
    <parentPath>/</parentPath>
    <hostId>SYSTEM_HOST</hostId>
  </com.dotmarketing.beans.Identifier>
  <com.dotmarketing.beans.Identifier>
    <id>2b3fc5ca-76d6-48bd-8b71-65745799756c</id>
    <assetName>2b3fc5ca-76d6-48bd-8b71-65745799756c.containers</assetName>
    <assetType>containers</assetType>
    <parentPath>/</parentPath>
    <hostId>48190c8c-42c4-46af-8d1a-0cd5db894797</hostId>
  </com.dotmarketing.beans.Identifier>
  <com.dotmarketing.beans.Identifier>
    <id>371741da-eb33-4b65-a252-7119fbdcb7b7</id>
    <assetName>content.a4e5e3e3-1796-44a4-9a7d-dc04f8bbdb71</assetName>
    <assetType>contentlet</assetType>
    <parentPath>/</parentPath>
    <hostId>SYSTEM_HOST</hostId>
  </com.dotmarketing.beans.Identifier>
  <com.dotmarketing.beans.Identifier>
    <id>3d820134-1d6b-4039-9ddd-ad555a4ce6da</id>
    <assetName>content.0247a2a7-7a4c-45ff-9dd1-6a3cf41abb21</assetName>
    <assetType>contentlet</assetType>
    <parentPath>/</parentPath>
    <hostId>SYSTEM_HOST</hostId>
  </com.dotmarketing.beans.Identifier>
  <com.dotmarketing.beans.Identifier>
    <id>48190c8c-42c4-46af-8d1a-0cd5db894797</id>
    <assetName>48190c8c-42c4-46af-8d1a-0cd5db894797.content</assetName>
    <assetType>contentlet</assetType>
    <parentPath>/</parentPath>
    <hostId>SYSTEM_HOST</hostId>
  </com.dotmarketing.beans.Identifier>
  <com.dotmarketing.beans.Identifier>
    <id>53fb434c-70c4-4354-a2d8-df2ae4098404</id>
    <assetName>content.cfe9b4bc-4d6a-4eff-996a-55a24abdb8a6</assetName>
    <assetType>contentlet</assetType>
    <parentPath>/</parentPath>
    <hostId>SYSTEM_HOST</hostId>
  </com.dotmarketing.beans.Identifier>
  <com.dotmarketing.beans.Identifier>
    <id>59c76aed-918b-4d30-9c65-70e06ad37988</id>
    <assetName>img</assetName>
    <assetType>folder</assetType>
    <parentPath>/</parentPath>
    <hostId>48190c8c-42c4-46af-8d1a-0cd5db894797</hostId>
  </com.dotmarketing.beans.Identifier>
  <com.dotmarketing.beans.Identifier>
    <id>5c04fd29-19b3-494b-864c-6ce7b2e2ef94</id>
    <assetName>content.3ffb061d-3c9b-422d-9c86-92df5110e2ea</assetName>
    <assetType>contentlet</assetType>
    <parentPath>/</parentPath>
    <hostId>SYSTEM_HOST</hostId>
  </com.dotmarketing.beans.Identifier>
  <com.dotmarketing.beans.Identifier>
    <id>68b4cba1-286e-4615-9f33-3bac9f0d05e0</id>
    <assetName>fonts</assetName>
    <assetType>folder</assetType>
    <parentPath>/</parentPath>
    <hostId>48190c8c-42c4-46af-8d1a-0cd5db894797</hostId>
  </com.dotmarketing.beans.Identifier>
  <com.dotmarketing.beans.Identifier>
    <id>6e9f2a13-fe56-4af5-9cab-40852ea994ca</id>
    <assetName>static</assetName>
    <assetType>folder</assetType>
    <parentPath>/</parentPath>
    <hostId>48190c8c-42c4-46af-8d1a-0cd5db894797</hostId>
  </com.dotmarketing.beans.Identifier>
  <com.dotmarketing.beans.Identifier>
    <id>720c3b60-4183-4ca4-a4a7-2a0fd74506de</id>
    <assetName>js</assetName>
    <assetType>folder</assetType>
    <parentPath>/</parentPath>
    <hostId>48190c8c-42c4-46af-8d1a-0cd5db894797</hostId>
  </com.dotmarketing.beans.Identifier>
  <com.dotmarketing.beans.Identifier>
    <id>79a79c5f-ceea-4afc-993a-f09d6889cbf6</id>
    <assetName>content.50989120-a795-4ba1-857d-127570f23aa5</assetName>
    <assetType>contentlet</assetType>
    <parentPath>/</parentPath>
    <hostId>SYSTEM_HOST</hostId>
  </com.dotmarketing.beans.Identifier>
  <com.dotmarketing.beans.Identifier>
    <id>7ba755d1-dc6e-41dc-b435-d17ef183d649</id>
    <assetName>7ba755d1-dc6e-41dc-b435-d17ef183d649.containers</assetName>
    <assetType>containers</assetType>
    <parentPath>/</parentPath>
    <hostId>48190c8c-42c4-46af-8d1a-0cd5db894797</hostId>
  </com.dotmarketing.beans.Identifier>
  <com.dotmarketing.beans.Identifier>
    <id>96fa3692-5e59-47c7-9642-df8127b49d0e</id>
    <assetName>content.7295b67d-7f9d-424f-9a27-25e48851b732</assetName>
    <assetType>contentlet</assetType>
    <parentPath>/</parentPath>
    <hostId>SYSTEM_HOST</hostId>
  </com.dotmarketing.beans.Identifier>
  <com.dotmarketing.beans.Identifier>
    <id>a249f954-45ab-4c90-a5b7-d9af520e5ee2</id>
    <assetName>css</assetName>
    <assetType>folder</assetType>
    <parentPath>/</parentPath>
    <hostId>48190c8c-42c4-46af-8d1a-0cd5db894797</hostId>
  </com.dotmarketing.beans.Identifier>
  <com.dotmarketing.beans.Identifier>
    <id>bfb3bd4a-6c8f-4981-81d1-991940a00d31</id>
    <assetName>index</assetName>
    <assetType>contentlet</assetType>
    <parentPath>/</parentPath>
    <hostId>48190c8c-42c4-46af-8d1a-0cd5db894797</hostId>
  </com.dotmarketing.beans.Identifier>
  <com.dotmarketing.beans.Identifier>
    <id>c4db5980-42bb-487b-93f6-bdf7db2461fa</id>
    <assetName>c4db5980-42bb-487b-93f6-bdf7db2461fa.template</assetName>
    <assetType>template</assetType>
    <parentPath>/</parentPath>
    <hostId>48190c8c-42c4-46af-8d1a-0cd5db894797</hostId>
  </com.dotmarketing.beans.Identifier>
  <com.dotmarketing.beans.Identifier>
    <id>d1d54245-cd33-4350-8b68-7e1f8b000c61</id>
    <assetName>json</assetName>
    <assetType>folder</assetType>
    <parentPath>/</parentPath>
    <hostId>48190c8c-42c4-46af-8d1a-0cd5db894797</hostId>
  </com.dotmarketing.beans.Identifier>
  <com.dotmarketing.beans.Identifier>
    <id>d583cd49-05cb-4c52-9143-b499c7e7a482</id>
    <assetName>content.1724e6fe-1fa4-4f69-9737-2dae013d9f28</assetName>
    <assetType>contentlet</assetType>
    <parentPath>/</parentPath>
    <hostId>SYSTEM_HOST</hostId>
  </com.dotmarketing.beans.Identifier>
  <com.dotmarketing.beans.Identifier>
    <id>d793668e-1f54-4e83-8f57-9076af4b31c7</id>
    <assetName>content.1945e195-1023-4694-8bf3-501b204e6643</assetName>
    <assetType>contentlet</assetType>
    <parentPath>/</parentPath>
    <hostId>SYSTEM_HOST</hostId>
  </com.dotmarketing.beans.Identifier>
  <com.dotmarketing.beans.Identifier>
    <id>edcbce87-6543-41e9-a550-8c48a411e9fd</id>
    <assetName>content.e5460aa0-dd24-4d10-888b-d3521eec0f21</assetName>
    <assetType>contentlet</assetType>
    <parentPath>/</parentPath>
    <hostId>SYSTEM_HOST</hostId>
  </com.dotmarketing.beans.Identifier>
  <com.dotmarketing.beans.Identifier>
    <id>f94c7ad3-32c9-4778-840e-0720da1974d1</id>
    <assetName>content.b71b3e8c-8cca-440d-96ae-3b0e682fafa5</assetName>
    <assetType>contentlet</assetType>
    <parentPath>/</parentPath>
    <hostId>SYSTEM_HOST</hostId>
  </com.dotmarketing.beans.Identifier>
  <com.dotmarketing.beans.Identifier>
    <id>SYSTEM_HOST</id>
    <assetName>system host</assetName>
    <assetType>contentlet</assetType>
    <parentPath>/</parentPath>
    <hostId>SYSTEM_HOST</hostId>
  </com.dotmarketing.beans.Identifier>
  <com.dotmarketing.beans.Identifier>
    <id>3b41b8ae-fa63-41b3-9398-fb32f8a3889e</id>
    <assetName>util</assetName>
    <assetType>folder</assetType>
    <parentPath>/application/</parentPath>
    <hostId>48190c8c-42c4-46af-8d1a-0cd5db894797</hostId>
  </com.dotmarketing.beans.Identifier>
  <com.dotmarketing.beans.Identifier>
    <id>64fce176-91a9-4792-ad81-a8c2c75a7058</id>
    <assetName>macros</assetName>
    <assetType>folder</assetType>
    <parentPath>/application/</parentPath>
    <hostId>48190c8c-42c4-46af-8d1a-0cd5db894797</hostId>
  </com.dotmarketing.beans.Identifier>
  <com.dotmarketing.beans.Identifier>
    <id>78aa1e5b-2335-43bb-a010-902aec118871</id>
    <assetName>themes</assetName>
    <assetType>folder</assetType>
    <parentPath>/application/</parentPath>
    <hostId>48190c8c-42c4-46af-8d1a-0cd5db894797</hostId>
  </com.dotmarketing.beans.Identifier>
  <com.dotmarketing.beans.Identifier>
    <id>9c96dd9c-92d5-479d-90c8-59e0c8c6fb23</id>
    <assetName>async</assetName>
    <assetType>folder</assetType>
    <parentPath>/application/</parentPath>
    <hostId>48190c8c-42c4-46af-8d1a-0cd5db894797</hostId>
  </com.dotmarketing.beans.Identifier>
  <com.dotmarketing.beans.Identifier>
    <id>a1887217-fe73-4676-afc9-c7c6f0fc4e73</id>
    <assetName>custom-fields</assetName>
    <assetType>folder</assetType>
    <parentPath>/application/</parentPath>
    <hostId>48190c8c-42c4-46af-8d1a-0cd5db894797</hostId>
  </com.dotmarketing.beans.Identifier>
  <com.dotmarketing.beans.Identifier>
    <id>abafa7fa-4471-4e37-9743-b6647d838bb6</id>
    <assetName>containers</assetName>
    <assetType>folder</assetType>
    <parentPath>/application/</parentPath>
    <hostId>48190c8c-42c4-46af-8d1a-0cd5db894797</hostId>
  </com.dotmarketing.beans.Identifier>
  <com.dotmarketing.beans.Identifier>
    <id>fdad047f-fc92-449d-a76b-469fd0795764</id>
    <assetName>includes</assetName>
    <assetType>folder</assetType>
    <parentPath>/application/</parentPath>
    <hostId>48190c8c-42c4-46af-8d1a-0cd5db894797</hostId>
  </com.dotmarketing.beans.Identifier>
  <com.dotmarketing.beans.Identifier>
    <id>0b1e2f98-8e79-4235-b7b4-87b3665f74c1</id>
    <assetName>velocity-include.vtl</assetName>
    <assetType>contentlet</assetType>
    <parentPath>/application/containers/</parentPath>
    <hostId>48190c8c-42c4-46af-8d1a-0cd5db894797</hostId>
  </com.dotmarketing.beans.Identifier>
  <com.dotmarketing.beans.Identifier>
    <id>2a3477db-17d9-488d-a9fa-6c5074eb3a04</id>
    <assetName>content-generic.vtl</assetName>
    <assetType>contentlet</assetType>
    <parentPath>/application/containers/</parentPath>
    <hostId>48190c8c-42c4-46af-8d1a-0cd5db894797</hostId>
  </com.dotmarketing.beans.Identifier>
  <com.dotmarketing.beans.Identifier>
    <id>600bdacf-9d3a-4bed-92d4-828fdc69105b</id>
    <assetName>file-asset.vtl</assetName>
    <assetType>contentlet</assetType>
    <parentPath>/application/containers/</parentPath>
    <hostId>48190c8c-42c4-46af-8d1a-0cd5db894797</hostId>
  </com.dotmarketing.beans.Identifier>
  <com.dotmarketing.beans.Identifier>
    <id>d7259d8f-6c2c-4845-b9ef-9a231ddd070d</id>
    <assetName>markdown-editor.vtl</assetName>
    <assetType>contentlet</assetType>
    <parentPath>/application/custom-fields/</parentPath>
    <hostId>48190c8c-42c4-46af-8d1a-0cd5db894797</hostId>
  </com.dotmarketing.beans.Identifier>
  <com.dotmarketing.beans.Identifier>
    <id>dd749c7e-c79b-4b70-8c34-fb7fb234076e</id>
    <assetName>template-layout.vtl</assetName>
    <assetType>contentlet</assetType>
    <parentPath>/application/custom-fields/</parentPath>
    <hostId>48190c8c-42c4-46af-8d1a-0cd5db894797</hostId>
  </com.dotmarketing.beans.Identifier>
  <com.dotmarketing.beans.Identifier>
    <id>e9f449cb-4009-4029-a5ab-8c5c77d4c8d3</id>
    <assetName>field-button.vtl</assetName>
    <assetType>contentlet</assetType>
    <parentPath>/application/custom-fields/</parentPath>
    <hostId>48190c8c-42c4-46af-8d1a-0cd5db894797</hostId>
  </com.dotmarketing.beans.Identifier>
  <com.dotmarketing.beans.Identifier>
    <id>374f6fa7-9c07-4593-a99e-aa8f00aa3bd9</id>
    <assetName>asset-imports.vtl</assetName>
    <assetType>contentlet</assetType>
    <parentPath>/application/includes/</parentPath>
    <hostId>48190c8c-42c4-46af-8d1a-0cd5db894797</hostId>
  </com.dotmarketing.beans.Identifier>
  <com.dotmarketing.beans.Identifier>
    <id>7dbab668-9463-4aa7-935e-70ba6c6c1b8d</id>
    <assetName>globals.vtl</assetName>
    <assetType>contentlet</assetType>
    <parentPath>/application/includes/</parentPath>
    <hostId>48190c8c-42c4-46af-8d1a-0cd5db894797</hostId>
  </com.dotmarketing.beans.Identifier>
  <com.dotmarketing.beans.Identifier>
    <id>81e0040c-95f7-4282-b9b2-0b98579c1e80</id>
    <assetName>social-meta.vtl</assetName>
    <assetType>contentlet</assetType>
    <parentPath>/application/includes/</parentPath>
    <hostId>48190c8c-42c4-46af-8d1a-0cd5db894797</hostId>
  </com.dotmarketing.beans.Identifier>
  <com.dotmarketing.beans.Identifier>
    <id>8601fbac-1fe0-4cd0-8e6d-f7a68ad6e030</id>
    <assetName>template-parameters.vtl</assetName>
    <assetType>contentlet</assetType>
    <parentPath>/application/includes/</parentPath>
    <hostId>48190c8c-42c4-46af-8d1a-0cd5db894797</hostId>
  </com.dotmarketing.beans.Identifier>
  <com.dotmarketing.beans.Identifier>
    <id>b429e50b-ef6f-41ca-91ad-ac4ec0d32d3e</id>
    <assetName>options.vtl</assetName>
    <assetType>contentlet</assetType>
    <parentPath>/application/includes/</parentPath>
    <hostId>48190c8c-42c4-46af-8d1a-0cd5db894797</hostId>
  </com.dotmarketing.beans.Identifier>
  <com.dotmarketing.beans.Identifier>
    <id>1bd33867-cd93-454f-84cc-c0c0a9682e05</id>
    <assetName>slugify.vm</assetName>
    <assetType>contentlet</assetType>
    <parentPath>/application/macros/</parentPath>
    <hostId>48190c8c-42c4-46af-8d1a-0cd5db894797</hostId>
  </com.dotmarketing.beans.Identifier>
  <com.dotmarketing.beans.Identifier>
    <id>54067fad-5e6b-4ef9-b633-da5644f9ad8d</id>
    <assetName>json-get.vm</assetName>
    <assetType>contentlet</assetType>
    <parentPath>/application/macros/</parentPath>
    <hostId>48190c8c-42c4-46af-8d1a-0cd5db894797</hostId>
  </com.dotmarketing.beans.Identifier>
  <com.dotmarketing.beans.Identifier>
    <id>55206e97-1203-426c-88c2-967d8e0da22f</id>
    <assetName>button.vm</assetName>
    <assetType>contentlet</assetType>
    <parentPath>/application/macros/</parentPath>
    <hostId>48190c8c-42c4-46af-8d1a-0cd5db894797</hostId>
  </com.dotmarketing.beans.Identifier>
  <com.dotmarketing.beans.Identifier>
    <id>74604c69-34b8-4d11-970d-af126604b2bf</id>
    <assetName>template-column.vm</assetName>
    <assetType>contentlet</assetType>
    <parentPath>/application/macros/</parentPath>
    <hostId>48190c8c-42c4-46af-8d1a-0cd5db894797</hostId>
  </com.dotmarketing.beans.Identifier>
  <com.dotmarketing.beans.Identifier>
    <id>940f7c77-f2ca-445d-97eb-d6887f0d934a</id>
    <assetName>truncate-string.vm</assetName>
    <assetType>contentlet</assetType>
    <parentPath>/application/macros/</parentPath>
    <hostId>48190c8c-42c4-46af-8d1a-0cd5db894797</hostId>
  </com.dotmarketing.beans.Identifier>
  <com.dotmarketing.beans.Identifier>
    <id>ae7934d8-31f0-4867-aab9-585294610731</id>
    <assetName>container-info.vm</assetName>
    <assetType>contentlet</assetType>
    <parentPath>/application/macros/</parentPath>
    <hostId>48190c8c-42c4-46af-8d1a-0cd5db894797</hostId>
  </com.dotmarketing.beans.Identifier>
  <com.dotmarketing.beans.Identifier>
    <id>9d5e2f70-b198-4902-a705-3ce04eb0de0d</id>
    <assetName>default</assetName>
    <assetType>folder</assetType>
    <parentPath>/application/themes/</parentPath>
    <hostId>48190c8c-42c4-46af-8d1a-0cd5db894797</hostId>
  </com.dotmarketing.beans.Identifier>
  <com.dotmarketing.beans.Identifier>
    <id>007889ba-e768-4243-a30a-63b15d4a2cf8</id>
    <assetName>template.vtl</assetName>
    <assetType>contentlet</assetType>
    <parentPath>/application/themes/default/</parentPath>
    <hostId>48190c8c-42c4-46af-8d1a-0cd5db894797</hostId>
  </com.dotmarketing.beans.Identifier>
  <com.dotmarketing.beans.Identifier>
    <id>098a1c4c-3804-4e9b-bd2c-93cdd8dbbc68</id>
    <assetName>footer.vtl</assetName>
    <assetType>contentlet</assetType>
    <parentPath>/application/themes/default/</parentPath>
    <hostId>48190c8c-42c4-46af-8d1a-0cd5db894797</hostId>
  </com.dotmarketing.beans.Identifier>
  <com.dotmarketing.beans.Identifier>
    <id>50ee455d-f88d-4d37-8477-f36b1f4de0cd</id>
    <assetName>header.vtl</assetName>
    <assetType>contentlet</assetType>
    <parentPath>/application/themes/default/</parentPath>
    <hostId>48190c8c-42c4-46af-8d1a-0cd5db894797</hostId>
  </com.dotmarketing.beans.Identifier>
  <com.dotmarketing.beans.Identifier>
    <id>5c60ee0b-0095-47bd-9932-b1023ef3d333</id>
    <assetName>bottom.vtl</assetName>
    <assetType>contentlet</assetType>
    <parentPath>/application/themes/default/</parentPath>
    <hostId>48190c8c-42c4-46af-8d1a-0cd5db894797</hostId>
  </com.dotmarketing.beans.Identifier>
  <com.dotmarketing.beans.Identifier>
    <id>f401484f-27e7-427a-9662-6894df80c35c</id>
    <assetName>html_head.vtl</assetName>
    <assetType>contentlet</assetType>
    <parentPath>/application/themes/default/</parentPath>
    <hostId>48190c8c-42c4-46af-8d1a-0cd5db894797</hostId>
  </com.dotmarketing.beans.Identifier>
  <com.dotmarketing.beans.Identifier>
    <id>3f79a4ba-f4af-4c8d-98cb-4a3555b5726b</id>
    <assetName>container-info.vtl</assetName>
    <assetType>contentlet</assetType>
    <parentPath>/application/util/</parentPath>
    <hostId>48190c8c-42c4-46af-8d1a-0cd5db894797</hostId>
  </com.dotmarketing.beans.Identifier>
  <com.dotmarketing.beans.Identifier>
    <id>76681009-6af9-4f41-8237-38121a924586</id>
    <assetName>contentlet-info.vtl</assetName>
    <assetType>contentlet</assetType>
    <parentPath>/application/util/</parentPath>
    <hostId>48190c8c-42c4-46af-8d1a-0cd5db894797</hostId>
  </com.dotmarketing.beans.Identifier>
  <com.dotmarketing.beans.Identifier>
    <id>06b7f9eb-e5c7-4dd5-bbf5-93cdc8710a56</id>
    <assetName>ethode-dotcms-share.png</assetName>
    <assetType>contentlet</assetType>
    <parentPath>/img/</parentPath>
    <hostId>48190c8c-42c4-46af-8d1a-0cd5db894797</hostId>
  </com.dotmarketing.beans.Identifier>
  <com.dotmarketing.beans.Identifier>
    <id>c4444e4a-1f28-497f-9b04-035a82820180</id>
    <assetName>ethode-dotcms.png</assetName>
    <assetType>contentlet</assetType>
    <parentPath>/img/</parentPath>
    <hostId>48190c8c-42c4-46af-8d1a-0cd5db894797</hostId>
  </com.dotmarketing.beans.Identifier>
  <com.dotmarketing.beans.Identifier>
    <id>bc9a1d37-dd2d-4d49-a29d-0c9be740bfaf</id>
    <assetName>system folder</assetName>
    <assetType>folder</assetType>
    <parentPath>/System folder</parentPath>
    <hostId>SYSTEM_HOST</hostId>
  </com.dotmarketing.beans.Identifier>
</list>