<list>
  <com.dotmarketing.portlets.contentlet.model.ContentletVersionInfo>
    <identifier>48190c8c-42c4-46af-8d1a-0cd5db894797</identifier>
    <deleted>false</deleted>
    <lockedOn class="sql-timestamp">2018-08-07 15:52:59.021</lockedOn>
    <lang>1</lang>
    <workingInode>526b053f-6cf0-4165-8518-6aa5e055ffa4</workingInode>
    <liveInode>526b053f-6cf0-4165-8518-6aa5e055ffa4</liveInode>
    <versionTs class="sql-timestamp">2018-08-07 15:52:59.015</versionTs>
  </com.dotmarketing.portlets.contentlet.model.ContentletVersionInfo>
  <com.dotmarketing.portlets.contentlet.model.ContentletVersionInfo>
    <identifier>a9f30020-54ef-494e-92ed-645e757171c2</identifier>
    <deleted>false</deleted>
    <lockedOn class="sql-timestamp">2017-05-09 20:47:35.313</lockedOn>
    <lang>2</lang>
    <workingInode>86f83a33-6b4b-4c57-bd0d-973089be1562</workingInode>
    <liveInode>86f83a33-6b4b-4c57-bd0d-973089be1562</liveInode>
    <versionTs class="sql-timestamp">2016-01-14 21:43:14.576</versionTs>
  </com.dotmarketing.portlets.contentlet.model.ContentletVersionInfo>
  <com.dotmarketing.portlets.contentlet.model.ContentletVersionInfo>
    <identifier>SYSTEM_HOST</identifier>
    <deleted>false</deleted>
    <lockedOn class="sql-timestamp">2012-06-07 09:46:26.0</lockedOn>
    <lang>1</lang>
    <workingInode>dbdec5e2-c02b-4cfb-83a9-4a4c4f3b2eb0</workingInode>
    <liveInode>dbdec5e2-c02b-4cfb-83a9-4a4c4f3b2eb0</liveInode>
    <versionTs class="sql-timestamp">2017-03-07 18:25:58.061</versionTs>
  </com.dotmarketing.portlets.contentlet.model.ContentletVersionInfo>
</list>