[ {
  "contentType" : {
    "clazz" : "com.dotcms.contenttype.model.type.ImmutableWidgetContentType",
    "multilingualable" : false,
    "name" : "Forms",
    "id" : "4d21b6d8-1711-4ae6-9419-89e2b1ae5a06",
    "description" : "Forms",
    "defaultType" : false,
    "fixed" : true,
    "iDate" : 1386212452315,
    "system" : true,
    "versionable" : true,
    "variable" : "forms",
    "owner" : "system",
    "modDate" : 1533662619000,
    "host" : "SYSTEM_HOST",
    "folder" : "SYSTEM_FOLDER"
  },
  "fields" : [ {
    "clazz" : "com.dotcms.contenttype.model.field.ImmutableTextField",
    "dataType" : "TEXT",
    "searchable" : true,
    "unique" : false,
    "indexed" : true,
    "listed" : true,
    "readOnly" : false,
    "id" : "31519868-f318-4447-88e7-0ffc2fe4b2cd",
    "modDate" : 1533662619000,
    "name" : "Form ID",
    "required" : true,
    "variable" : "formId",
    "sortOrder" : 1,
    "fixed" : true,
    "contentTypeId" : "4d21b6d8-1711-4ae6-9419-89e2b1ae5a06",
    "dbColumn" : "text1",
    "iDate" : 1311024265000
  }, {
    "clazz" : "com.dotcms.contenttype.model.field.ImmutableTextField",
    "dataType" : "TEXT",
    "searchable" : true,
    "unique" : false,
    "indexed" : true,
    "listed" : true,
    "readOnly" : false,
    "id" : "8859f1ed-84ad-4105-acda-5d5d29553d9b",
    "modDate" : 1533662619000,
    "name" : "Widget Title",
    "required" : true,
    "variable" : "widgetTitle",
    "sortOrder" : 1,
    "fixed" : true,
    "contentTypeId" : "4d21b6d8-1711-4ae6-9419-89e2b1ae5a06",
    "dbColumn" : "text3",
    "iDate" : 1497472233000
  }, {
    "clazz" : "com.dotcms.contenttype.model.field.ImmutableConstantField",
    "dataType" : "SYSTEM",
    "searchable" : true,
    "unique" : false,
    "indexed" : true,
    "listed" : false,
    "readOnly" : true,
    "id" : "d12a2a4f-45f1-4194-95e3-338865e7afde",
    "modDate" : 1533662619000,
    "name" : "Widget Usage",
    "required" : false,
    "variable" : "widgetUsage",
    "sortOrder" : 2,
    "fixed" : true,
    "contentTypeId" : "4d21b6d8-1711-4ae6-9419-89e2b1ae5a06",
    "dbColumn" : "system_field",
    "iDate" : 1497472233000
  }, {
    "clazz" : "com.dotcms.contenttype.model.field.ImmutableTextAreaField",
    "dataType" : "TEXT",
    "searchable" : true,
    "unique" : false,
    "indexed" : true,
    "listed" : false,
    "readOnly" : false,
    "id" : "4e20dfbc-3952-4ca6-b2b6-b40aad8dc42d",
    "modDate" : 1533662619000,
    "name" : "Widget Code",
    "required" : true,
    "variable" : "widgetCode",
    "sortOrder" : 3,
    "defaultValue" : "#submitContent(\"${formId}\")",
    "fixed" : true,
    "contentTypeId" : "4d21b6d8-1711-4ae6-9419-89e2b1ae5a06",
    "dbColumn" : "text2",
    "iDate" : 1311024265000
  }, {
    "clazz" : "com.dotcms.contenttype.model.field.ImmutableConstantField",
    "dataType" : "SYSTEM",
    "searchable" : true,
    "unique" : false,
    "indexed" : true,
    "listed" : false,
    "readOnly" : true,
    "id" : "6b33d6be-d197-4f9e-8fc3-d20d36e08c75",
    "modDate" : 1533662619000,
    "name" : "Widget Pre-Execute",
    "required" : false,
    "variable" : "widgetPreexecute",
    "sortOrder" : 4,
    "fixed" : true,
    "contentTypeId" : "4d21b6d8-1711-4ae6-9419-89e2b1ae5a06",
    "dbColumn" : "system_field",
    "iDate" : 1497472233000
  } ],
  "fieldVariables" : [ ]
}, {
  "contentType" : {
    "clazz" : "com.dotcms.contenttype.model.type.ImmutableSimpleContentType",
    "name" : "Comments",
    "id" : "a007def2-896d-4fd1-843b-d3abb5305f3f",
    "description" : "Comments structure for all content",
    "defaultType" : false,
    "fixed" : true,
    "iDate" : 1386211300302,
    "system" : false,
    "versionable" : true,
    "multilingualable" : false,
    "variable" : "Comments",
    "modDate" : 1533662619000,
    "host" : "SYSTEM_HOST",
    "folder" : "SYSTEM_FOLDER"
  },
  "fields" : [ {
    "clazz" : "com.dotcms.contenttype.model.field.ImmutableTextField",
    "dataType" : "TEXT",
    "searchable" : false,
    "unique" : false,
    "indexed" : true,
    "listed" : true,
    "readOnly" : false,
    "id" : "b6ac789e-6c04-4aa4-92d0-b5348b1341cd",
    "modDate" : 1533662619000,
    "name" : "Title",
    "required" : true,
    "variable" : "title",
    "sortOrder" : 0,
    "fixed" : true,
    "contentTypeId" : "a007def2-896d-4fd1-843b-d3abb5305f3f",
    "dbColumn" : "text1",
    "iDate" : 1309876071000
  }, {
    "clazz" : "com.dotcms.contenttype.model.field.ImmutableTextField",
    "dataType" : "TEXT",
    "searchable" : false,
    "unique" : false,
    "indexed" : false,
    "listed" : false,
    "readOnly" : false,
    "id" : "00c65b24-8f22-44d9-a36f-2eaf7a1ee839",
    "modDate" : 1533662619000,
    "name" : "UserId",
    "required" : false,
    "variable" : "userid",
    "sortOrder" : 2,
    "fixed" : true,
    "contentTypeId" : "a007def2-896d-4fd1-843b-d3abb5305f3f",
    "dbColumn" : "text2",
    "iDate" : 1309876071000
  }, {
    "clazz" : "com.dotcms.contenttype.model.field.ImmutableTextField",
    "dataType" : "TEXT",
    "searchable" : false,
    "unique" : false,
    "indexed" : false,
    "listed" : false,
    "readOnly" : false,
    "id" : "e663f6bc-c6c4-4676-8be4-fa71fdb0cdd3",
    "modDate" : 1533662619000,
    "name" : "Author",
    "required" : false,
    "variable" : "author",
    "sortOrder" : 3,
    "fixed" : true,
    "contentTypeId" : "a007def2-896d-4fd1-843b-d3abb5305f3f",
    "dbColumn" : "text3",
    "iDate" : 1309876071000
  }, {
    "clazz" : "com.dotcms.contenttype.model.field.ImmutableTextField",
    "dataType" : "TEXT",
    "searchable" : false,
    "unique" : false,
    "indexed" : true,
    "listed" : true,
    "readOnly" : false,
    "id" : "fe73df6d-9b92-4120-862e-c48c0a2a812d",
    "modDate" : 1533662619000,
    "name" : "Email",
    "required" : true,
    "variable" : "email",
    "sortOrder" : 4,
    "fixed" : true,
    "contentTypeId" : "a007def2-896d-4fd1-843b-d3abb5305f3f",
    "dbColumn" : "text4",
    "iDate" : 1309876071000
  }, {
    "clazz" : "com.dotcms.contenttype.model.field.ImmutableTextField",
    "dataType" : "TEXT",
    "searchable" : false,
    "unique" : false,
    "indexed" : false,
    "listed" : false,
    "readOnly" : false,
    "id" : "303af3a6-1250-432c-b300-0e073f60c3a3",
    "modDate" : 1533662619000,
    "name" : "Website",
    "required" : false,
    "variable" : "website",
    "sortOrder" : 5,
    "fixed" : true,
    "contentTypeId" : "a007def2-896d-4fd1-843b-d3abb5305f3f",
    "dbColumn" : "text5",
    "iDate" : 1309876071000
  }, {
    "clazz" : "com.dotcms.contenttype.model.field.ImmutableWysiwygField",
    "dataType" : "LONG_TEXT",
    "searchable" : false,
    "unique" : false,
    "indexed" : true,
    "listed" : false,
    "readOnly" : false,
    "id" : "e2b867d4-f15d-46cf-904e-a537cc2df541",
    "modDate" : 1533662619000,
    "name" : "Comment",
    "required" : true,
    "variable" : "comment",
    "sortOrder" : 6,
    "fixed" : true,
    "contentTypeId" : "a007def2-896d-4fd1-843b-d3abb5305f3f",
    "dbColumn" : "text_area1",
    "iDate" : 1309876071000
  }, {
    "clazz" : "com.dotcms.contenttype.model.field.ImmutableRadioField",
    "dataType" : "TEXT",
    "searchable" : false,
    "unique" : false,
    "indexed" : false,
    "listed" : false,
    "readOnly" : false,
    "id" : "36d16a40-2ec2-474e-a1cd-c35786a8284b",
    "modDate" : 1533662619000,
    "name" : "Email Response",
    "required" : false,
    "variable" : "emailResponse",
    "sortOrder" : 7,
    "values" : "Yes|yes\r\nNo|no",
    "fixed" : true,
    "contentTypeId" : "a007def2-896d-4fd1-843b-d3abb5305f3f",
    "dbColumn" : "text6",
    "iDate" : 1309876071000
  }, {
    "clazz" : "com.dotcms.contenttype.model.field.ImmutableTextField",
    "dataType" : "TEXT",
    "searchable" : false,
    "unique" : false,
    "indexed" : false,
    "listed" : false,
    "readOnly" : false,
    "id" : "71f3043a-d1c1-4d71-b37a-787334117b2a",
    "modDate" : 1533662619000,
    "name" : "IP Address",
    "required" : false,
    "variable" : "ipAddress",
    "sortOrder" : 8,
    "fixed" : true,
    "contentTypeId" : "a007def2-896d-4fd1-843b-d3abb5305f3f",
    "dbColumn" : "text7",
    "iDate" : 1309876071000
  }, {
    "clazz" : "com.dotcms.contenttype.model.field.ImmutableDateTimeField",
    "dataType" : "DATE",
    "searchable" : false,
    "unique" : false,
    "indexed" : true,
    "listed" : false,
    "readOnly" : false,
    "id" : "2765c954-702c-4999-a2f2-e8a3de2239d7",
    "modDate" : 1533662619000,
    "name" : "DatePublished",
    "required" : false,
    "variable" : "datePublished",
    "sortOrder" : 9,
    "fixed" : true,
    "contentTypeId" : "a007def2-896d-4fd1-843b-d3abb5305f3f",
    "dbColumn" : "date1",
    "iDate" : 1309876071000
  }, {
    "clazz" : "com.dotcms.contenttype.model.field.ImmutableTextField",
    "dataType" : "INTEGER",
    "searchable" : true,
    "unique" : false,
    "indexed" : true,
    "listed" : false,
    "readOnly" : false,
    "id" : "1700770a-7f33-4bb3-9ac3-f053da7c42c8",
    "modDate" : 1533662619000,
    "name" : "CommentsCount",
    "required" : false,
    "variable" : "commentscount",
    "sortOrder" : 2147483647,
    "values" : "0",
    "defaultValue" : "0",
    "fixed" : true,
    "contentTypeId" : "a007def2-896d-4fd1-843b-d3abb5305f3f",
    "dbColumn" : "integer1",
    "iDate" : 1309889161000
  } ],
  "fieldVariables" : [ ]
}, {
  "contentType" : {
    "clazz" : "com.dotcms.contenttype.model.type.ImmutableFileAssetContentType",
    "name" : "File Asset",
    "id" : "33888b6f-7a8e-4069-b1b6-5c1aa9d0a48d",
    "description" : "Default structure for all uploaded files",
    "defaultType" : false,
    "fixed" : true,
    "iDate" : 1323987554982,
    "system" : false,
    "versionable" : true,
    "multilingualable" : false,
    "variable" : "FileAsset",
    "owner" : "system",
    "modDate" : 1533662619000,
    "host" : "SYSTEM_HOST",
    "folder" : "SYSTEM_FOLDER"
  },
  "fields" : [ {
    "clazz" : "com.dotcms.contenttype.model.field.ImmutableHostFolderField",
    "indexed" : true,
    "dataType" : "TEXT",
    "searchable" : true,
    "unique" : false,
    "listed" : false,
    "readOnly" : false,
    "id" : "9e194425-7cea-45b1-81b9-aa53b4f9641e",
    "modDate" : 1533662619000,
    "name" : "Host Or Folder",
    "required" : true,
    "variable" : "hostFolder",
    "sortOrder" : 1,
    "fixed" : true,
    "contentTypeId" : "33888b6f-7a8e-4069-b1b6-5c1aa9d0a48d",
    "dbColumn" : "text1",
    "iDate" : 1323987555000
  }, {
    "clazz" : "com.dotcms.contenttype.model.field.ImmutableTextField",
    "dataType" : "TEXT",
    "searchable" : true,
    "unique" : false,
    "indexed" : true,
    "listed" : true,
    "readOnly" : true,
    "id" : "f07d5eeb-609c-414a-83c7-948fce643e99",
    "modDate" : 1533662619000,
    "name" : "File Name",
    "required" : false,
    "variable" : "fileName",
    "sortOrder" : 2,
    "fixed" : true,
    "contentTypeId" : "33888b6f-7a8e-4069-b1b6-5c1aa9d0a48d",
    "dbColumn" : "text3",
    "iDate" : 1323987555000
  }, {
    "clazz" : "com.dotcms.contenttype.model.field.ImmutableBinaryField",
    "dataType" : "SYSTEM",
    "searchable" : false,
    "unique" : false,
    "indexed" : false,
    "listed" : false,
    "readOnly" : false,
    "id" : "468512c0-423e-4f1a-b94c-7cf8b064260a",
    "modDate" : 1533662619000,
    "name" : "File Asset",
    "required" : true,
    "variable" : "fileAsset",
    "sortOrder" : 3,
    "fixed" : true,
    "contentTypeId" : "33888b6f-7a8e-4069-b1b6-5c1aa9d0a48d",
    "dbColumn" : "system_field",
    "iDate" : 1323987555000
  }, {
    "clazz" : "com.dotcms.contenttype.model.field.ImmutableTextField",
    "dataType" : "TEXT",
    "searchable" : true,
    "unique" : false,
    "indexed" : true,
    "listed" : false,
    "readOnly" : false,
    "id" : "f49faf40-ae06-48b4-8801-cf169c9d2eb7",
    "modDate" : 1533662619000,
    "name" : "Title",
    "required" : true,
    "variable" : "title",
    "sortOrder" : 4,
    "fixed" : true,
    "contentTypeId" : "33888b6f-7a8e-4069-b1b6-5c1aa9d0a48d",
    "dbColumn" : "text2",
    "iDate" : 1323987555000
  }, {
    "clazz" : "com.dotcms.contenttype.model.field.ImmutableTabDividerField",
    "fieldContentTypeProperties" : [ ],
    "dataType" : "SYSTEM",
    "searchable" : false,
    "unique" : false,
    "indexed" : false,
    "listed" : false,
    "readOnly" : false,
    "id" : "3bceabd2-a59d-4ad7-86f2-b557bfc205bb",
    "modDate" : 1533662619000,
    "name" : "Metadata",
    "required" : false,
    "variable" : "MetadataTab",
    "sortOrder" : 5,
    "fixed" : false,
    "contentTypeId" : "33888b6f-7a8e-4069-b1b6-5c1aa9d0a48d",
    "dbColumn" : "system_field",
    "iDate" : 1323987555000
  }, {
    "clazz" : "com.dotcms.contenttype.model.field.ImmutableKeyValueField",
    "indexed" : true,
    "dataType" : "LONG_TEXT",
    "searchable" : true,
    "unique" : false,
    "listed" : false,
    "readOnly" : true,
    "id" : "c6960e09-8eb1-431e-8a5d-fa22d91cd6f1",
    "modDate" : 1533662619000,
    "name" : "Metadata",
    "required" : false,
    "variable" : "metaData",
    "sortOrder" : 6,
    "fixed" : true,
    "contentTypeId" : "33888b6f-7a8e-4069-b1b6-5c1aa9d0a48d",
    "dbColumn" : "text_area1",
    "iDate" : 1323987555000
  }, {
    "clazz" : "com.dotcms.contenttype.model.field.ImmutableCheckboxField",
    "dataType" : "TEXT",
    "searchable" : false,
    "unique" : false,
    "indexed" : true,
    "listed" : false,
    "readOnly" : false,
    "id" : "b889dbf8-5e2c-4537-9f2b-024892cf2928",
    "modDate" : 1533662619000,
    "name" : "Show On Menu",
    "required" : false,
    "variable" : "showOnMenu",
    "sortOrder" : 7,
    "values" : "|true",
    "defaultValue" : "false",
    "fixed" : true,
    "contentTypeId" : "33888b6f-7a8e-4069-b1b6-5c1aa9d0a48d",
    "dbColumn" : "text4",
    "iDate" : 1323987555000
  }, {
    "clazz" : "com.dotcms.contenttype.model.field.ImmutableTextField",
    "dataType" : "INTEGER",
    "searchable" : false,
    "unique" : false,
    "indexed" : true,
    "listed" : false,
    "readOnly" : false,
    "id" : "46c9ead3-f501-42ca-9ac6-289ef109809f",
    "modDate" : 1533662619000,
    "name" : "Sort Order",
    "required" : false,
    "variable" : "sortOrder",
    "sortOrder" : 8,
    "defaultValue" : "0",
    "fixed" : true,
    "contentTypeId" : "33888b6f-7a8e-4069-b1b6-5c1aa9d0a48d",
    "dbColumn" : "integer1",
    "iDate" : 1323987555000
  }, {
    "clazz" : "com.dotcms.contenttype.model.field.ImmutableTextField",
    "dataType" : "TEXT",
    "searchable" : false,
    "unique" : false,
    "indexed" : true,
    "listed" : false,
    "readOnly" : false,
    "id" : "280f79fd-2c84-4840-8672-0651558974bd",
    "modDate" : 1533662619000,
    "name" : "Description",
    "required" : false,
    "variable" : "description",
    "sortOrder" : 9,
    "fixed" : true,
    "contentTypeId" : "33888b6f-7a8e-4069-b1b6-5c1aa9d0a48d",
    "dbColumn" : "text5",
    "iDate" : 1323987555000
  } ],
  "fieldVariables" : [ ]
}, {
  "contentType" : {
    "clazz" : "com.dotcms.contenttype.model.type.ImmutableSimpleContentType",
    "name" : "Event",
    "id" : "f6259cc9-5d78-453e-8167-efd7b72b2e96",
    "description" : "Calendar and events",
    "defaultType" : false,
    "detailPage" : "8aff34ed-d163-4311-9712-9b74e51e0044",
    "fixed" : true,
    "iDate" : 1407251903938,
    "system" : false,
    "versionable" : true,
    "multilingualable" : false,
    "variable" : "calendarEvent",
    "urlMapPattern" : "/news-events/events/{urlTitle}",
    "modDate" : 1533662620000,
    "host" : "SYSTEM_HOST",
    "folder" : "SYSTEM_FOLDER"
  },
  "fields" : [ {
    "clazz" : "com.dotcms.contenttype.model.field.ImmutableHostFolderField",
    "indexed" : true,
    "dataType" : "SYSTEM",
    "searchable" : true,
    "unique" : false,
    "listed" : false,
    "readOnly" : false,
    "id" : "98e9924d-8847-4ceb-a2a7-19508c3c1106",
    "modDate" : 1533662619000,
    "name" : "Host",
    "required" : false,
    "variable" : "host1",
    "sortOrder" : 1,
    "fixed" : true,
    "contentTypeId" : "f6259cc9-5d78-453e-8167-efd7b72b2e96",
    "dbColumn" : "system_field",
    "iDate" : 1272032818000
  }, {
    "clazz" : "com.dotcms.contenttype.model.field.ImmutableTextField",
    "dataType" : "TEXT",
    "searchable" : true,
    "unique" : false,
    "indexed" : true,
    "listed" : true,
    "readOnly" : false,
    "id" : "7adb7ed2-4c15-4399-9675-c32f84ba8ff9",
    "modDate" : 1533662619000,
    "name" : "Title",
    "required" : true,
    "variable" : "title",
    "sortOrder" : 2,
    "fixed" : true,
    "contentTypeId" : "f6259cc9-5d78-453e-8167-efd7b72b2e96",
    "dbColumn" : "text1",
    "iDate" : 1267145780000
  }, {
    "clazz" : "com.dotcms.contenttype.model.field.ImmutableCustomField",
    "dataType" : "LONG_TEXT",
    "searchable" : true,
    "unique" : false,
    "indexed" : true,
    "listed" : true,
    "readOnly" : false,
    "id" : "2d9bd5ac-ee66-4523-94a7-05897c609a98",
    "modDate" : 1533662619000,
    "name" : "URL Title",
    "required" : false,
    "variable" : "urlTitle",
    "sortOrder" : 3,
    "values" : "#dotParse('/application/vtl/custom-fields/url-title.vtl')",
    "fixed" : false,
    "contentTypeId" : "f6259cc9-5d78-453e-8167-efd7b72b2e96",
    "dbColumn" : "text_area2",
    "iDate" : 1279547718000
  }, {
    "clazz" : "com.dotcms.contenttype.model.field.ImmutableDateTimeField",
    "dataType" : "DATE",
    "searchable" : true,
    "unique" : false,
    "indexed" : true,
    "listed" : true,
    "readOnly" : false,
    "id" : "2a918837-0e1f-41b9-8fc0-e8fca2a1bff4",
    "modDate" : 1533662619000,
    "name" : "Start Date",
    "required" : true,
    "variable" : "startDate",
    "sortOrder" : 4,
    "fixed" : true,
    "contentTypeId" : "f6259cc9-5d78-453e-8167-efd7b72b2e96",
    "dbColumn" : "date1",
    "iDate" : 1267145781000
  }, {
    "clazz" : "com.dotcms.contenttype.model.field.ImmutableDateTimeField",
    "dataType" : "DATE",
    "searchable" : false,
    "unique" : false,
    "indexed" : true,
    "listed" : false,
    "readOnly" : false,
    "id" : "28a791c8-67b9-4797-b036-bbad65a57ee7",
    "modDate" : 1533662619000,
    "name" : "End Date",
    "required" : true,
    "variable" : "endDate",
    "sortOrder" : 5,
    "fixed" : true,
    "contentTypeId" : "f6259cc9-5d78-453e-8167-efd7b72b2e96",
    "dbColumn" : "date2",
    "iDate" : 1267145781000
  }, {
    "clazz" : "com.dotcms.contenttype.model.field.ImmutableWysiwygField",
    "dataType" : "LONG_TEXT",
    "searchable" : true,
    "unique" : false,
    "indexed" : true,
    "listed" : false,
    "readOnly" : false,
    "id" : "ed892f16-a88e-4cdc-b9c3-8324709f8a21",
    "modDate" : 1533662619000,
    "name" : "Description",
    "required" : false,
    "variable" : "description",
    "sortOrder" : 6,
    "fixed" : true,
    "contentTypeId" : "f6259cc9-5d78-453e-8167-efd7b72b2e96",
    "dbColumn" : "text_area1",
    "iDate" : 1267145781000
  }, {
    "clazz" : "com.dotcms.contenttype.model.field.ImmutableTextField",
    "dataType" : "TEXT",
    "searchable" : false,
    "unique" : false,
    "indexed" : false,
    "listed" : false,
    "readOnly" : false,
    "id" : "0b91b302-2d62-4af1-bee5-12f2222c97c7",
    "modDate" : 1533662619000,
    "name" : "Link",
    "required" : false,
    "variable" : "link",
    "sortOrder" : 7,
    "fixed" : true,
    "contentTypeId" : "f6259cc9-5d78-453e-8167-efd7b72b2e96",
    "dbColumn" : "text2",
    "iDate" : 1267145781000
  }, {
    "clazz" : "com.dotcms.contenttype.model.field.ImmutableImageField",
    "dataType" : "TEXT",
    "searchable" : false,
    "unique" : false,
    "indexed" : false,
    "listed" : false,
    "readOnly" : false,
    "id" : "52c92b4e-ab2f-43df-a423-fed67c733e78",
    "modDate" : 1533662619000,
    "name" : "Image",
    "required" : false,
    "variable" : "image",
    "sortOrder" : 8,
    "fixed" : true,
    "contentTypeId" : "f6259cc9-5d78-453e-8167-efd7b72b2e96",
    "dbColumn" : "text3",
    "iDate" : 1267145781000
  }, {
    "clazz" : "com.dotcms.contenttype.model.field.ImmutableFileField",
    "dataType" : "TEXT",
    "searchable" : false,
    "unique" : false,
    "indexed" : false,
    "listed" : false,
    "readOnly" : false,
    "id" : "5919331b-62f3-45e7-bd80-0ddbe0bf297a",
    "modDate" : 1533662620000,
    "name" : "File",
    "required" : false,
    "variable" : "file",
    "sortOrder" : 9,
    "fixed" : true,
    "contentTypeId" : "f6259cc9-5d78-453e-8167-efd7b72b2e96",
    "dbColumn" : "text4",
    "iDate" : 1267145781000
  }, {
    "clazz" : "com.dotcms.contenttype.model.field.ImmutableTagField",
    "indexed" : true,
    "dataType" : "SYSTEM",
    "searchable" : true,
    "unique" : false,
    "listed" : false,
    "readOnly" : false,
    "id" : "33e793f0-f1dc-4986-847b-5b0a529b4373",
    "modDate" : 1533662620000,
    "name" : "Tags",
    "required" : false,
    "variable" : "tags",
    "sortOrder" : 10,
    "fixed" : true,
    "contentTypeId" : "f6259cc9-5d78-453e-8167-efd7b72b2e96",
    "dbColumn" : "system_field",
    "iDate" : 1267145781000
  }, {
    "clazz" : "com.dotcms.contenttype.model.field.ImmutableHiddenField",
    "dataType" : "BOOL",
    "searchable" : true,
    "unique" : false,
    "indexed" : true,
    "listed" : false,
    "readOnly" : false,
    "id" : "74715ca5-6f1c-4580-b511-f91dbe5ad703",
    "modDate" : 1533662620000,
    "name" : "Recurs",
    "required" : false,
    "variable" : "recurs",
    "sortOrder" : 10,
    "fixed" : true,
    "contentTypeId" : "f6259cc9-5d78-453e-8167-efd7b72b2e96",
    "dbColumn" : "bool1",
    "iDate" : 1293202515000
  }, {
    "clazz" : "com.dotcms.contenttype.model.field.ImmutableHiddenField",
    "dataType" : "DATE",
    "searchable" : true,
    "unique" : false,
    "indexed" : true,
    "listed" : false,
    "readOnly" : false,
    "id" : "8d699885-867b-4b96-bff9-1198e96f8941",
    "modDate" : 1533662620000,
    "name" : "Recurrence Start",
    "required" : false,
    "variable" : "recurrenceStart",
    "sortOrder" : 11,
    "fixed" : true,
    "contentTypeId" : "f6259cc9-5d78-453e-8167-efd7b72b2e96",
    "dbColumn" : "date3",
    "iDate" : 1293202515000
  }, {
    "clazz" : "com.dotcms.contenttype.model.field.ImmutableCategoryField",
    "indexed" : true,
    "dataType" : "SYSTEM",
    "searchable" : false,
    "unique" : false,
    "listed" : false,
    "readOnly" : false,
    "id" : "c7849b12-f7d8-4810-8ec9-e603faed954f",
    "modDate" : 1533662620000,
    "name" : "Categories",
    "required" : false,
    "variable" : "categories",
    "sortOrder" : 11,
    "values" : "375341a2-0912-422f-b903-2602b6105c70",
    "fixed" : false,
    "contentTypeId" : "f6259cc9-5d78-453e-8167-efd7b72b2e96",
    "dbColumn" : "system_field",
    "iDate" : 1277841532000
  }, {
    "clazz" : "com.dotcms.contenttype.model.field.ImmutableHiddenField",
    "dataType" : "DATE",
    "searchable" : true,
    "unique" : false,
    "indexed" : true,
    "listed" : false,
    "readOnly" : false,
    "id" : "1f4b74e2-d00f-4245-840d-f84297438069",
    "modDate" : 1533662620000,
    "name" : "Recurrence End",
    "required" : false,
    "variable" : "recurrenceEnd",
    "sortOrder" : 12,
    "fixed" : true,
    "contentTypeId" : "f6259cc9-5d78-453e-8167-efd7b72b2e96",
    "dbColumn" : "date4",
    "iDate" : 1293202515000
  }, {
    "clazz" : "com.dotcms.contenttype.model.field.ImmutableHiddenField",
    "dataType" : "TEXT",
    "searchable" : true,
    "unique" : false,
    "indexed" : true,
    "listed" : false,
    "readOnly" : false,
    "id" : "314c6664-d8be-452b-acca-d62d908b4a34",
    "modDate" : 1533662620000,
    "name" : "Recurrence Occurs",
    "required" : false,
    "variable" : "recurrenceOccurs",
    "sortOrder" : 13,
    "fixed" : true,
    "contentTypeId" : "f6259cc9-5d78-453e-8167-efd7b72b2e96",
    "dbColumn" : "text7",
    "iDate" : 1293202515000
  }, {
    "clazz" : "com.dotcms.contenttype.model.field.ImmutableHiddenField",
    "dataType" : "INTEGER",
    "searchable" : true,
    "unique" : false,
    "indexed" : true,
    "listed" : false,
    "readOnly" : false,
    "id" : "ea67f7b5-d7b4-4f7c-ae1a-5c008f3a8a16",
    "modDate" : 1533662620000,
    "name" : "Recurrence Interval",
    "required" : false,
    "variable" : "recurrenceInterval",
    "sortOrder" : 14,
    "fixed" : true,
    "contentTypeId" : "f6259cc9-5d78-453e-8167-efd7b72b2e96",
    "dbColumn" : "integer1",
    "iDate" : 1293202515000
  }, {
    "clazz" : "com.dotcms.contenttype.model.field.ImmutableHiddenField",
    "dataType" : "LONG_TEXT",
    "searchable" : true,
    "unique" : false,
    "indexed" : true,
    "listed" : false,
    "readOnly" : false,
    "id" : "a8ee0bef-3f5b-4572-9a24-c4d0112548c4",
    "modDate" : 1533662620000,
    "name" : "Recurrence Days of Week",
    "required" : false,
    "variable" : "recurrenceDaysOfWeek",
    "sortOrder" : 15,
    "fixed" : true,
    "contentTypeId" : "f6259cc9-5d78-453e-8167-efd7b72b2e96",
    "dbColumn" : "text_area3",
    "iDate" : 1293202515000
  }, {
    "clazz" : "com.dotcms.contenttype.model.field.ImmutableHiddenField",
    "dataType" : "INTEGER",
    "searchable" : true,
    "unique" : false,
    "indexed" : true,
    "listed" : false,
    "readOnly" : false,
    "id" : "5a3bcf8b-0939-4996-b8c8-57bc76ad5fef",
    "modDate" : 1533662620000,
    "name" : "Recurrence Day of Month",
    "required" : false,
    "variable" : "recurrenceDayOfMonth",
    "sortOrder" : 16,
    "fixed" : true,
    "contentTypeId" : "f6259cc9-5d78-453e-8167-efd7b72b2e96",
    "dbColumn" : "integer2",
    "iDate" : 1293202515000
  }, {
    "clazz" : "com.dotcms.contenttype.model.field.ImmutableHiddenField",
    "dataType" : "LONG_TEXT",
    "searchable" : true,
    "unique" : false,
    "indexed" : true,
    "listed" : false,
    "readOnly" : false,
    "id" : "f231c8a7-9606-4823-8185-6e2172fd5506",
    "modDate" : 1533662620000,
    "name" : "Recurrence Dates to Ignore",
    "required" : false,
    "variable" : "recurrenceDatesToIgnore",
    "sortOrder" : 17,
    "fixed" : true,
    "contentTypeId" : "f6259cc9-5d78-453e-8167-efd7b72b2e96",
    "dbColumn" : "text_area4",
    "iDate" : 1293202515000
  }, {
    "clazz" : "com.dotcms.contenttype.model.field.ImmutableHiddenField",
    "dataType" : "TEXT",
    "searchable" : true,
    "unique" : false,
    "indexed" : true,
    "listed" : false,
    "readOnly" : false,
    "id" : "cf46e80e-7b1f-40b1-b9c7-fb837af60d38",
    "modDate" : 1533662620000,
    "name" : "Disconnected From",
    "required" : false,
    "variable" : "disconnectedFrom",
    "sortOrder" : 18,
    "fixed" : true,
    "contentTypeId" : "f6259cc9-5d78-453e-8167-efd7b72b2e96",
    "dbColumn" : "text8",
    "iDate" : 1293202515000
  }, {
    "clazz" : "com.dotcms.contenttype.model.field.ImmutableHiddenField",
    "dataType" : "BOOL",
    "searchable" : true,
    "unique" : false,
    "indexed" : true,
    "listed" : false,
    "readOnly" : false,
    "id" : "c46e28fd-38e9-46d2-ab04-168b18cbde23",
    "modDate" : 1533662620000,
    "name" : "No Recurrence End",
    "required" : false,
    "variable" : "noRecurrenceEnd",
    "sortOrder" : 19,
    "fixed" : true,
    "contentTypeId" : "f6259cc9-5d78-453e-8167-efd7b72b2e96",
    "dbColumn" : "bool2",
    "iDate" : 1293202515000
  }, {
    "clazz" : "com.dotcms.contenttype.model.field.ImmutableHiddenField",
    "dataType" : "DATE",
    "searchable" : true,
    "unique" : false,
    "indexed" : true,
    "listed" : false,
    "readOnly" : false,
    "id" : "1da87215-92d1-499c-aeda-517d54114ead",
    "modDate" : 1533662620000,
    "name" : "Original Start Date",
    "required" : false,
    "variable" : "originalStartDate",
    "sortOrder" : 20,
    "fixed" : true,
    "contentTypeId" : "f6259cc9-5d78-453e-8167-efd7b72b2e96",
    "dbColumn" : "date5",
    "iDate" : 1293202515000
  }, {
    "clazz" : "com.dotcms.contenttype.model.field.ImmutableHiddenField",
    "dataType" : "INTEGER",
    "searchable" : true,
    "unique" : false,
    "indexed" : true,
    "listed" : false,
    "readOnly" : false,
    "id" : "5074b1c3-0bc3-495f-be95-72c82d749a67",
    "modDate" : 1533662620000,
    "name" : "Recurrence Day Of Week",
    "required" : false,
    "variable" : "recurrenceDayOfWeek",
    "sortOrder" : 21,
    "fixed" : true,
    "contentTypeId" : "f6259cc9-5d78-453e-8167-efd7b72b2e96",
    "dbColumn" : "integer3",
    "iDate" : 1293202515000
  }, {
    "clazz" : "com.dotcms.contenttype.model.field.ImmutableHiddenField",
    "dataType" : "INTEGER",
    "searchable" : true,
    "unique" : false,
    "indexed" : true,
    "listed" : false,
    "readOnly" : false,
    "id" : "40f1dd0a-d4dd-4ce7-abef-0bc1ce711bb4",
    "modDate" : 1533662620000,
    "name" : "Recurrence Week Of Month",
    "required" : false,
    "variable" : "recurrenceWeekOfMonth",
    "sortOrder" : 22,
    "fixed" : true,
    "contentTypeId" : "f6259cc9-5d78-453e-8167-efd7b72b2e96",
    "dbColumn" : "integer4",
    "iDate" : 1293202515000
  }, {
    "clazz" : "com.dotcms.contenttype.model.field.ImmutableHiddenField",
    "dataType" : "INTEGER",
    "searchable" : true,
    "unique" : false,
    "indexed" : true,
    "listed" : false,
    "readOnly" : false,
    "id" : "b48eb11e-8de0-417d-a768-46fa4d0e0b5c",
    "modDate" : 1533662620000,
    "name" : "Recurrence Month Of Year",
    "required" : false,
    "variable" : "recurrenceMonthOfYear",
    "sortOrder" : 23,
    "fixed" : true,
    "contentTypeId" : "f6259cc9-5d78-453e-8167-efd7b72b2e96",
    "dbColumn" : "integer5",
    "iDate" : 1293202515000
  } ],
  "fieldVariables" : [ ]
}, {
  "contentType" : {
    "clazz" : "com.dotcms.contenttype.model.type.ImmutableSimpleContentType",
    "name" : "Host",
    "id" : "855a2d72-f2f3-4169-8b04-ac5157c4380c",
    "description" : "System hosts information",
    "defaultType" : false,
    "fixed" : true,
    "iDate" : 1459192214085,
    "system" : true,
    "versionable" : true,
    "multilingualable" : false,
    "variable" : "Host",
    "modDate" : 1533662620000,
    "host" : "SYSTEM_HOST",
    "folder" : "SYSTEM_FOLDER"
  },
  "fields" : [ {
    "clazz" : "com.dotcms.contenttype.model.field.ImmutableTextField",
    "dataType" : "TEXT",
    "searchable" : true,
    "unique" : true,
    "indexed" : true,
    "listed" : true,
    "readOnly" : false,
    "id" : "ec8cc36f-6058-4ab5-9bfb-fc36ab011ee5",
    "modDate" : 1533662620000,
    "name" : "Host Name",
    "required" : true,
    "variable" : "hostName",
    "sortOrder" : 1,
    "fixed" : true,
    "contentTypeId" : "855a2d72-f2f3-4169-8b04-ac5157c4380c",
    "dbColumn" : "text1",
    "iDate" : 1258480531000
  }, {
    "clazz" : "com.dotcms.contenttype.model.field.ImmutableTextAreaField",
    "dataType" : "LONG_TEXT",
    "searchable" : true,
    "unique" : false,
    "indexed" : true,
    "listed" : true,
    "readOnly" : false,
    "id" : "01f23a87-9859-4860-8368-f70a6ba9687f",
    "modDate" : 1533662620000,
    "name" : "Aliases",
    "required" : false,
    "variable" : "aliases",
    "sortOrder" : 2,
    "fixed" : true,
    "contentTypeId" : "855a2d72-f2f3-4169-8b04-ac5157c4380c",
    "dbColumn" : "text_area1",
    "iDate" : 1258480531000
  }, {
    "clazz" : "com.dotcms.contenttype.model.field.ImmutableCustomField",
    "dataType" : "TEXT",
    "searchable" : false,
    "unique" : false,
    "indexed" : true,
    "listed" : false,
    "readOnly" : false,
    "id" : "cf5d08aa-7ff0-4fc8-a6ac-5a36e82cd741",
    "modDate" : 1533662620000,
    "name" : "Tag Storage",
    "required" : false,
    "variable" : "tagStorage",
    "sortOrder" : 3,
    "values" : "#parse('static/tag/tag_storage_field_creation.vtl')",
    "fixed" : true,
    "contentTypeId" : "855a2d72-f2f3-4169-8b04-ac5157c4380c",
    "dbColumn" : "text4",
    "iDate" : 1323987554000
  }, {
    "clazz" : "com.dotcms.contenttype.model.field.ImmutableHiddenField",
    "dataType" : "BOOL",
    "searchable" : false,
    "unique" : false,
    "indexed" : true,
    "listed" : false,
    "readOnly" : true,
    "id" : "c4628fad-9122-404a-8248-faaac4e6c29f",
    "modDate" : 1533662620000,
    "name" : "Is Default",
    "required" : false,
    "variable" : "isDefault",
    "sortOrder" : 3,
    "values" : "true|true\nfalse|false",
    "defaultValue" : "false",
    "fixed" : true,
    "contentTypeId" : "855a2d72-f2f3-4169-8b04-ac5157c4380c",
    "dbColumn" : "bool1",
    "iDate" : 1258480531000
  }, {
    "clazz" : "com.dotcms.contenttype.model.field.ImmutableBinaryField",
    "dataType" : "SYSTEM",
    "searchable" : false,
    "unique" : false,
    "indexed" : false,
    "listed" : false,
    "readOnly" : false,
    "id" : "8377586d-ac40-43b9-81ce-55b64f24433b",
    "modDate" : 1533662620000,
    "name" : "Host Thumbnail",
    "required" : false,
    "variable" : "hostThumbnail",
    "sortOrder" : 4,
    "fixed" : true,
    "contentTypeId" : "855a2d72-f2f3-4169-8b04-ac5157c4380c",
    "dbColumn" : "system_field",
    "iDate" : 1258480531000
  }, {
    "clazz" : "com.dotcms.contenttype.model.field.ImmutableHiddenField",
    "dataType" : "BOOL",
    "searchable" : false,
    "unique" : false,
    "indexed" : true,
    "listed" : false,
    "readOnly" : true,
    "id" : "a0712c61-06ec-4019-a148-21d53fe05f92",
    "modDate" : 1533662620000,
    "name" : "Is System Host",
    "required" : false,
    "variable" : "isSystemHost",
    "sortOrder" : 4,
    "values" : "true|true\nfalse|false",
    "defaultValue" : "false",
    "fixed" : true,
    "contentTypeId" : "855a2d72-f2f3-4169-8b04-ac5157c4380c",
    "dbColumn" : "bool2",
    "iDate" : 1258480531000
  }, {
    "clazz" : "com.dotcms.contenttype.model.field.ImmutableRadioField",
    "dataType" : "BOOL",
    "searchable" : false,
    "unique" : false,
    "indexed" : true,
    "listed" : false,
    "readOnly" : false,
    "id" : "2f00a11d-f64c-4f8f-8126-238cc01fbf96",
    "modDate" : 1533662620000,
    "name" : "Run Dashboard",
    "required" : false,
    "variable" : "runDashboard",
    "sortOrder" : 5,
    "values" : "Yes|1\r\nNo|0",
    "defaultValue" : "0",
    "fixed" : true,
    "contentTypeId" : "855a2d72-f2f3-4169-8b04-ac5157c4380c",
    "dbColumn" : "bool3",
    "iDate" : 1301085005000
  }, {
    "clazz" : "com.dotcms.contenttype.model.field.ImmutableLineDividerField",
    "fieldContentTypeProperties" : [ ],
    "dataType" : "SYSTEM",
    "searchable" : false,
    "unique" : false,
    "indexed" : false,
    "listed" : false,
    "readOnly" : false,
    "id" : "4e01f028-dbf8-41f6-8c3d-92c89e00ddbd",
    "modDate" : 1533662620000,
    "name" : "Meta Data (Default)",
    "required" : false,
    "variable" : "metaData",
    "sortOrder" : 6,
    "fixed" : false,
    "contentTypeId" : "855a2d72-f2f3-4169-8b04-ac5157c4380c",
    "dbColumn" : "system_field",
    "iDate" : 1272568823000
  }, {
    "clazz" : "com.dotcms.contenttype.model.field.ImmutableTextAreaField",
    "dataType" : "LONG_TEXT",
    "searchable" : false,
    "unique" : false,
    "indexed" : false,
    "listed" : false,
    "readOnly" : false,
    "id" : "bca1a66b-4ab0-44aa-b73c-502390d4b4f1",
    "modDate" : 1533662620000,
    "name" : "Keywords",
    "required" : false,
    "variable" : "keywords",
    "sortOrder" : 7,
    "regexCheck" : "[^(<[.\\n]+>)]*",
    "hint" : "Use comma to seperate keywords",
    "fixed" : false,
    "contentTypeId" : "855a2d72-f2f3-4169-8b04-ac5157c4380c",
    "dbColumn" : "text_area3",
    "iDate" : 1271774960000
  }, {
    "clazz" : "com.dotcms.contenttype.model.field.ImmutableTextAreaField",
    "dataType" : "LONG_TEXT",
    "searchable" : false,
    "unique" : false,
    "indexed" : false,
    "listed" : false,
    "readOnly" : false,
    "id" : "04b1cdea-6c48-4a1b-bf47-6edfd5091246",
    "modDate" : 1533662620000,
    "name" : "Description",
    "required" : false,
    "variable" : "description",
    "sortOrder" : 8,
    "regexCheck" : "[^(<[.\\n]+>)]*",
    "hint" : "Used by default in page meta data description field",
    "fixed" : false,
    "contentTypeId" : "855a2d72-f2f3-4169-8b04-ac5157c4380c",
    "dbColumn" : "text_area2",
    "iDate" : 1271774778000
  }, {
    "clazz" : "com.dotcms.contenttype.model.field.ImmutableLineDividerField",
    "fieldContentTypeProperties" : [ ],
    "dataType" : "SYSTEM",
    "searchable" : false,
    "unique" : false,
    "indexed" : false,
    "listed" : false,
    "readOnly" : false,
    "id" : "5ee13991-970e-4a0b-b5e8-6547d7bb3bf2",
    "modDate" : 1533662620000,
    "name" : "Site Tags",
    "required" : false,
    "variable" : "siteKeys",
    "sortOrder" : 9,
    "fixed" : false,
    "contentTypeId" : "855a2d72-f2f3-4169-8b04-ac5157c4380c",
    "dbColumn" : "system_field",
    "iDate" : 1272568891000
  }, {
    "clazz" : "com.dotcms.contenttype.model.field.ImmutableTextAreaField",
    "dataType" : "LONG_TEXT",
    "searchable" : false,
    "unique" : false,
    "indexed" : false,
    "listed" : false,
    "readOnly" : false,
    "id" : "f450cd53-6a33-4684-9d3f-4c0bdc5c362d",
    "modDate" : 1533662620000,
    "name" : "Tag Management",
    "required" : false,
    "variable" : "tagManagement",
    "sortOrder" : 10,
    "fixed" : false,
    "contentTypeId" : "855a2d72-f2f3-4169-8b04-ac5157c4380c",
    "dbColumn" : "text_area4",
    "iDate" : 1459192211000
  }, {
    "clazz" : "com.dotcms.contenttype.model.field.ImmutableTextField",
    "dataType" : "TEXT",
    "searchable" : false,
    "unique" : false,
    "indexed" : false,
    "listed" : false,
    "readOnly" : false,
    "id" : "f41dcc3c-36ce-4ea5-a621-23011936c418",
    "modDate" : 1533662620000,
    "name" : "Google Map",
    "required" : false,
    "variable" : "googleMap",
    "sortOrder" : 11,
    "regexCheck" : "[^(<[.\\n]+>)]*",
    "hint" : "Google Map Key",
    "fixed" : false,
    "contentTypeId" : "855a2d72-f2f3-4169-8b04-ac5157c4380c",
    "dbColumn" : "text5",
    "iDate" : 1272568944000
  }, {
    "clazz" : "com.dotcms.contenttype.model.field.ImmutableTextField",
    "dataType" : "TEXT",
    "searchable" : false,
    "unique" : false,
    "indexed" : false,
    "listed" : false,
    "readOnly" : false,
    "id" : "02d02031-ef53-43f2-9845-6a2a85538072",
    "modDate" : 1533662620000,
    "name" : "Google Analytics",
    "required" : false,
    "variable" : "googleAnalytics",
    "sortOrder" : 12,
    "regexCheck" : "[^(<[.\\n]+>)]*",
    "fixed" : false,
    "contentTypeId" : "855a2d72-f2f3-4169-8b04-ac5157c4380c",
    "dbColumn" : "text6",
    "iDate" : 1276800851000
  }, {
    "clazz" : "com.dotcms.contenttype.model.field.ImmutableTextField",
    "dataType" : "TEXT",
    "searchable" : false,
    "unique" : false,
    "indexed" : false,
    "listed" : false,
    "readOnly" : false,
    "id" : "4242af9d-2cc9-440f-a136-c92f1fe0e65a",
    "modDate" : 1533662620000,
    "name" : "Add This",
    "required" : false,
    "variable" : "addThis",
    "sortOrder" : 13,
    "regexCheck" : "[^(<[.\\n]+>)]*",
    "hint" : "Add This Pub ID",
    "fixed" : false,
    "contentTypeId" : "855a2d72-f2f3-4169-8b04-ac5157c4380c",
    "dbColumn" : "text2",
    "iDate" : 1310062867000
  } ],
  "fieldVariables" : [ ]
}, {
  "contentType" : {
    "clazz" : "com.dotcms.contenttype.model.type.ImmutableSimpleContentType",
    "name" : "Content (Generic)",
    "id" : "2a3e91e4-fbbf-4876-8c5b-2233c1739b05",
    "defaultType" : true,
    "fixed" : false,
    "iDate" : 1489089096038,
    "system" : false,
    "versionable" : true,
    "multilingualable" : false,
    "variable" : "webPageContent",
    "modDate" : 1533662621000,
    "host" : "SYSTEM_HOST",
    "folder" : "SYSTEM_FOLDER"
  },
  "fields" : [ {
    "clazz" : "com.dotcms.contenttype.model.field.ImmutableTextField",
    "dataType" : "TEXT",
    "searchable" : true,
    "unique" : false,
    "indexed" : true,
    "listed" : true,
    "readOnly" : false,
    "id" : "9f5a97dc-703c-4721-9cce-29478671558b",
    "modDate" : 1533662621000,
    "name" : "Title",
    "required" : true,
    "variable" : "title",
    "sortOrder" : 1,
    "regexCheck" : "[^(<[.\\n]+>)]*",
    "fixed" : false,
    "contentTypeId" : "2a3e91e4-fbbf-4876-8c5b-2233c1739b05",
    "dbColumn" : "text1",
    "iDate" : 1266980755000
  }, {
    "clazz" : "com.dotcms.contenttype.model.field.ImmutableHostFolderField",
    "indexed" : true,
    "dataType" : "SYSTEM",
    "searchable" : false,
    "unique" : false,
    "listed" : false,
    "readOnly" : false,
    "id" : "49c5bd96-d70c-441c-9c5f-7ccaa8e7ff9a",
    "modDate" : 1533662621000,
    "name" : "Site",
    "required" : true,
    "variable" : "contentHost",
    "sortOrder" : 2,
    "fixed" : false,
    "contentTypeId" : "2a3e91e4-fbbf-4876-8c5b-2233c1739b05",
    "dbColumn" : "system_field",
    "iDate" : 1267120629000
  }, {
    "clazz" : "com.dotcms.contenttype.model.field.ImmutableWysiwygField",
    "dataType" : "LONG_TEXT",
    "searchable" : false,
    "unique" : false,
    "indexed" : false,
    "listed" : false,
    "readOnly" : false,
    "id" : "5c6e0bff-cfeb-44c6-86e2-a0ba40e7b66c",
    "modDate" : 1533662621000,
    "name" : "Body",
    "required" : true,
    "variable" : "body",
    "sortOrder" : 3,
    "fixed" : false,
    "contentTypeId" : "2a3e91e4-fbbf-4876-8c5b-2233c1739b05",
    "dbColumn" : "text_area1",
    "iDate" : 1266980784000
  } ],
  "fieldVariables" : [ ]
}, {
  "contentType" : {
    "clazz" : "com.dotcms.contenttype.model.type.ImmutableSimpleContentType",
    "name" : "Device",
    "id" : "c6e3a3c6-a0c6-494b-9ae8-bde7322bc68e",
    "defaultType" : false,
    "fixed" : false,
    "iDate" : 1488911158339,
    "system" : false,
    "versionable" : true,
    "multilingualable" : false,
    "variable" : "PreviewDevice",
    "owner" : "dotcms.org.1",
    "modDate" : 1533662621000,
    "host" : "48190c8c-42c4-46af-8d1a-0cd5db894797",
    "folder" : "SYSTEM_FOLDER"
  },
  "fields" : [ {
    "clazz" : "com.dotcms.contenttype.model.field.ImmutableTextField",
    "dataType" : "TEXT",
    "searchable" : true,
    "unique" : false,
    "indexed" : true,
    "listed" : true,
    "readOnly" : false,
    "id" : "3ff698f0-6edf-4cf1-80ee-34fd3e9e3b70",
    "modDate" : 1533662621000,
    "name" : "Name",
    "required" : true,
    "variable" : "name",
    "sortOrder" : 1,
    "fixed" : false,
    "contentTypeId" : "c6e3a3c6-a0c6-494b-9ae8-bde7322bc68e",
    "dbColumn" : "text1",
    "iDate" : 1486580667000
  }, {
    "clazz" : "com.dotcms.contenttype.model.field.ImmutableTextField",
    "dataType" : "INTEGER",
    "searchable" : false,
    "unique" : false,
    "indexed" : false,
    "listed" : false,
    "readOnly" : false,
    "id" : "fa7ac3d7-d442-4477-8662-a88885352728",
    "modDate" : 1533662621000,
    "name" : "Physical Width",
    "required" : false,
    "variable" : "physicalWidth",
    "sortOrder" : 2,
    "fixed" : false,
    "contentTypeId" : "c6e3a3c6-a0c6-494b-9ae8-bde7322bc68e",
    "dbColumn" : "integer2",
    "iDate" : 1486580840000
  }, {
    "clazz" : "com.dotcms.contenttype.model.field.ImmutableTextField",
    "dataType" : "INTEGER",
    "searchable" : false,
    "unique" : false,
    "indexed" : false,
    "listed" : false,
    "readOnly" : false,
    "id" : "12af029c-217a-45ee-a683-baab61ee7ddf",
    "modDate" : 1533662621000,
    "name" : "Physical Height",
    "required" : false,
    "variable" : "physicalHeight",
    "sortOrder" : 3,
    "fixed" : false,
    "contentTypeId" : "c6e3a3c6-a0c6-494b-9ae8-bde7322bc68e",
    "dbColumn" : "integer3",
    "iDate" : 1486580855000
  }, {
    "clazz" : "com.dotcms.contenttype.model.field.ImmutableTextField",
    "dataType" : "TEXT",
    "searchable" : false,
    "unique" : false,
    "indexed" : true,
    "listed" : true,
    "readOnly" : false,
    "id" : "7d10f7dc-cf0f-405d-ae4b-1d46942b4a8f",
    "modDate" : 1533662621000,
    "name" : "CSS Width",
    "required" : false,
    "variable" : "cssWidth",
    "sortOrder" : 4,
    "fixed" : false,
    "contentTypeId" : "c6e3a3c6-a0c6-494b-9ae8-bde7322bc68e",
    "dbColumn" : "text2",
    "iDate" : 1486580687000
  }, {
    "clazz" : "com.dotcms.contenttype.model.field.ImmutableTextField",
    "dataType" : "TEXT",
    "searchable" : false,
    "unique" : false,
    "indexed" : true,
    "listed" : true,
    "readOnly" : false,
    "id" : "848ec05e-2c89-483f-98de-adca6f9a77fe",
    "modDate" : 1533662621000,
    "name" : "CSS Height",
    "required" : false,
    "variable" : "cssHeight",
    "sortOrder" : 5,
    "fixed" : false,
    "contentTypeId" : "c6e3a3c6-a0c6-494b-9ae8-bde7322bc68e",
    "dbColumn" : "text3",
    "iDate" : 1486580715000
  }, {
    "clazz" : "com.dotcms.contenttype.model.field.ImmutableTextField",
    "dataType" : "FLOAT",
    "searchable" : false,
    "unique" : false,
    "indexed" : true,
    "listed" : true,
    "readOnly" : false,
    "id" : "e59fa37c-29dd-43ab-bbe2-b9bb92036c59",
    "modDate" : 1533662621000,
    "name" : "Pixel Ratio",
    "required" : false,
    "variable" : "pixelRatio",
    "sortOrder" : 6,
    "fixed" : false,
    "contentTypeId" : "c6e3a3c6-a0c6-494b-9ae8-bde7322bc68e",
    "dbColumn" : "float1",
    "iDate" : 1486580734000
  }, {
    "clazz" : "com.dotcms.contenttype.model.field.ImmutableTextField",
    "dataType" : "TEXT",
    "searchable" : false,
    "unique" : false,
    "indexed" : false,
    "listed" : false,
    "readOnly" : false,
    "id" : "000ef75f-59e2-4c89-9cec-247e371ecd77",
    "modDate" : 1533662621000,
    "name" : "Physical ppi",
    "required" : false,
    "variable" : "physicalPpi",
    "sortOrder" : 7,
    "fixed" : false,
    "contentTypeId" : "c6e3a3c6-a0c6-494b-9ae8-bde7322bc68e",
    "dbColumn" : "text4",
    "iDate" : 1486580874000
  }, {
    "clazz" : "com.dotcms.contenttype.model.field.ImmutableTextField",
    "dataType" : "INTEGER",
    "searchable" : false,
    "unique" : false,
    "indexed" : false,
    "listed" : false,
    "readOnly" : false,
    "id" : "48633376-bd98-4f3e-98bb-7616f057a735",
    "modDate" : 1533662621000,
    "name" : "CSS ppi",
    "required" : false,
    "variable" : "cssPpi",
    "sortOrder" : 8,
    "fixed" : false,
    "contentTypeId" : "c6e3a3c6-a0c6-494b-9ae8-bde7322bc68e",
    "dbColumn" : "integer1",
    "iDate" : 1486580799000
  } ],
  "fieldVariables" : [ ]
}, {
  "contentType" : {
    "clazz" : "com.dotcms.contenttype.model.type.ImmutableVanityUrlContentType",
    "name" : "Vanity URL",
    "id" : "8e850645-bb92-4fda-a765-e67063a59be0",
    "description" : "Default Content Type for Vanity URLs",
    "defaultType" : false,
    "fixed" : true,
    "iDate" : 1504211929349,
    "system" : false,
    "versionable" : true,
    "multilingualable" : false,
    "variable" : "Vanityurl",
    "owner" : "system",
    "modDate" : 1533662621000,
    "host" : "SYSTEM_HOST",
    "folder" : "SYSTEM_FOLDER"
  },
  "fields" : [ {
    "clazz" : "com.dotcms.contenttype.model.field.ImmutableTextField",
    "dataType" : "TEXT",
    "searchable" : true,
    "unique" : false,
    "indexed" : true,
    "listed" : true,
    "readOnly" : false,
    "id" : "4e64a309-8c5e-48cf-b4a9-e724a5e09575",
    "modDate" : 1533662621000,
    "name" : "Title",
    "required" : true,
    "variable" : "title",
    "sortOrder" : 1,
    "fixed" : true,
    "contentTypeId" : "8e850645-bb92-4fda-a765-e67063a59be0",
    "dbColumn" : "text1",
    "iDate" : 1504211929000
  }, {
    "clazz" : "com.dotcms.contenttype.model.field.ImmutableCustomField",
    "dataType" : "TEXT",
    "searchable" : false,
    "unique" : false,
    "indexed" : true,
    "listed" : false,
    "readOnly" : false,
    "id" : "3b7f25bb-c5be-48bb-b00b-5b1b754e550c",
    "modDate" : 1533662621000,
    "name" : "Site",
    "required" : true,
    "variable" : "site",
    "sortOrder" : 2,
    "values" : "$velutil.mergeTemplate('/static/content/site_selector_field_render.vtl')",
    "fixed" : true,
    "contentTypeId" : "8e850645-bb92-4fda-a765-e67063a59be0",
    "dbColumn" : "text2",
    "iDate" : 1504211929000
  }, {
    "clazz" : "com.dotcms.contenttype.model.field.ImmutableTextField",
    "dataType" : "TEXT",
    "searchable" : true,
    "unique" : false,
    "indexed" : true,
    "listed" : true,
    "readOnly" : false,
    "id" : "de4fea7f-4d8f-48eb-8a63-20772dced99a",
    "modDate" : 1533662621000,
    "name" : "Uri",
    "required" : true,
    "variable" : "uri",
    "sortOrder" : 3,
    "fixed" : true,
    "contentTypeId" : "8e850645-bb92-4fda-a765-e67063a59be0",
    "dbColumn" : "text3",
    "iDate" : 1504211929000
  }, {
    "clazz" : "com.dotcms.contenttype.model.field.ImmutableSelectField",
    "dataType" : "INTEGER",
    "searchable" : true,
    "unique" : false,
    "indexed" : true,
    "listed" : true,
    "readOnly" : false,
    "id" : "7e438b93-b631-4812-9c9c-331b03e6b1cd",
    "modDate" : 1533662621000,
    "name" : "Action",
    "required" : true,
    "variable" : "action",
    "sortOrder" : 4,
    "values" : "200 - Forward|200\r\n301 - Permanent Redirect|301\r\n302 - Temporary Redirect|302",
    "fixed" : true,
    "contentTypeId" : "8e850645-bb92-4fda-a765-e67063a59be0",
    "dbColumn" : "integer1",
    "iDate" : 1504211929000
  }, {
    "clazz" : "com.dotcms.contenttype.model.field.ImmutableCustomField",
    "dataType" : "TEXT",
    "searchable" : false,
    "unique" : false,
    "indexed" : true,
    "listed" : true,
    "readOnly" : false,
    "id" : "49f3803a-b2b0-4e03-bb2e-d1bb2a1c135e",
    "modDate" : 1533662621000,
    "name" : "Forward To",
    "required" : true,
    "variable" : "forwardTo",
    "sortOrder" : 5,
    "values" : "$velutil.mergeTemplate('/static/content/file_browser_field_render.vtl')",
    "fixed" : true,
    "contentTypeId" : "8e850645-bb92-4fda-a765-e67063a59be0",
    "dbColumn" : "text4",
    "iDate" : 1504211929000
  }, {
    "clazz" : "com.dotcms.contenttype.model.field.ImmutableTextField",
    "dataType" : "INTEGER",
    "searchable" : true,
    "unique" : false,
    "indexed" : true,
    "listed" : false,
    "readOnly" : false,
    "id" : "9ae3e58a-75c9-4e4a-90f3-6f0d5f32a6f0",
    "modDate" : 1533662621000,
    "name" : "Order",
    "required" : true,
    "variable" : "order",
    "sortOrder" : 6,
    "defaultValue" : "0",
    "fixed" : true,
    "contentTypeId" : "8e850645-bb92-4fda-a765-e67063a59be0",
    "dbColumn" : "integer2",
    "iDate" : 1504211929000
  } ],
  "fieldVariables" : [ ]
}, {
  "contentType" : {
    "clazz" : "com.dotcms.contenttype.model.type.ImmutableKeyValueContentType",
    "multilingualable" : false,
    "name" : "Language Variable",
    "id" : "f4d7c1b8-2c88-4071-abf1-a5328977b07d",
    "description" : "Default Content Type for Language Variables",
    "defaultType" : false,
    "fixed" : true,
    "iDate" : 1504211929714,
    "system" : false,
    "versionable" : true,
    "variable" : "Languagevariable",
    "owner" : "system",
    "modDate" : 1533662621000,
    "host" : "SYSTEM_HOST",
    "folder" : "SYSTEM_FOLDER"
  },
  "fields" : [ {
    "clazz" : "com.dotcms.contenttype.model.field.ImmutableTextField",
    "dataType" : "TEXT",
    "searchable" : true,
    "unique" : true,
    "indexed" : true,
    "listed" : true,
    "readOnly" : false,
    "id" : "05b6edc6-6443-4dc7-a884-f029b12e5a0d",
    "modDate" : 1533662621000,
    "name" : "Key",
    "required" : true,
    "variable" : "key",
    "sortOrder" : 1,
    "fixed" : true,
    "contentTypeId" : "f4d7c1b8-2c88-4071-abf1-a5328977b07d",
    "dbColumn" : "text1",
    "iDate" : 1504211930000
  }, {
    "clazz" : "com.dotcms.contenttype.model.field.ImmutableTextAreaField",
    "dataType" : "LONG_TEXT",
    "searchable" : true,
    "unique" : false,
    "indexed" : true,
    "listed" : true,
    "readOnly" : false,
    "id" : "c7829c13-cf47-4a20-9331-85fb314cef8e",
    "modDate" : 1533662621000,
    "name" : "Value",
    "required" : true,
    "variable" : "value",
    "sortOrder" : 2,
    "fixed" : true,
    "contentTypeId" : "f4d7c1b8-2c88-4071-abf1-a5328977b07d",
    "dbColumn" : "text_area1",
    "iDate" : 1504211930000
  } ],
  "fieldVariables" : [ ]
}, {
  "contentType" : {
    "clazz" : "com.dotcms.contenttype.model.type.ImmutablePersonaContentType",
    "name" : "Persona",
    "id" : "c938b15f-bcb6-49ef-8651-14d455a97045",
    "description" : "Default Structure for Personas",
    "defaultType" : false,
    "fixed" : true,
    "iDate" : 1533657332250,
    "system" : true,
    "versionable" : true,
    "multilingualable" : false,
    "variable" : "persona",
    "owner" : "system",
    "modDate" : 1533662621000,
    "host" : "SYSTEM_HOST",
    "folder" : "SYSTEM_FOLDER"
  },
  "fields" : [ {
    "clazz" : "com.dotcms.contenttype.model.field.ImmutableHostFolderField",
    "indexed" : true,
    "dataType" : "SYSTEM",
    "searchable" : true,
    "unique" : false,
    "listed" : false,
    "readOnly" : false,
    "id" : "606ac3af-63e5-4bd4-bfa1-c4c672bb8eb8",
    "modDate" : 1533662621000,
    "name" : "Site/Folder",
    "required" : true,
    "variable" : "hostFolder",
    "sortOrder" : 1,
    "fixed" : true,
    "contentTypeId" : "c938b15f-bcb6-49ef-8651-14d455a97045",
    "dbColumn" : "system_field",
    "iDate" : 1533657332000
  }, {
    "clazz" : "com.dotcms.contenttype.model.field.ImmutableTextField",
    "dataType" : "TEXT",
    "searchable" : true,
    "unique" : false,
    "indexed" : true,
    "listed" : true,
    "readOnly" : false,
    "id" : "0ea2bd92-4b2d-48a2-a394-77fd560b1fce",
    "modDate" : 1533662621000,
    "name" : "Name",
    "required" : true,
    "variable" : "name",
    "sortOrder" : 2,
    "fixed" : true,
    "contentTypeId" : "c938b15f-bcb6-49ef-8651-14d455a97045",
    "dbColumn" : "text1",
    "iDate" : 1533657332000
  }, {
    "clazz" : "com.dotcms.contenttype.model.field.ImmutableCustomField",
    "dataType" : "TEXT",
    "searchable" : true,
    "unique" : false,
    "indexed" : true,
    "listed" : true,
    "readOnly" : false,
    "id" : "6b25d960-034d-4030-b785-89cc01baaa3d",
    "modDate" : 1533662621000,
    "name" : "Key Tag",
    "required" : true,
    "variable" : "keyTag",
    "sortOrder" : 3,
    "values" : "$velutil.mergeTemplate('/static/personas/keytag_custom_field.vtl')",
    "regexCheck" : "[a-zA-Z0-9]+",
    "fixed" : true,
    "contentTypeId" : "c938b15f-bcb6-49ef-8651-14d455a97045",
    "dbColumn" : "text2",
    "iDate" : 1533657332000
  }, {
    "clazz" : "com.dotcms.contenttype.model.field.ImmutableBinaryField",
    "dataType" : "SYSTEM",
    "searchable" : false,
    "unique" : false,
    "indexed" : false,
    "listed" : false,
    "readOnly" : false,
    "id" : "07cfbc2c-47de-4c78-a411-176fe8bb24a5",
    "modDate" : 1533662621000,
    "name" : "Photo",
    "required" : false,
    "variable" : "photo",
    "sortOrder" : 4,
    "fixed" : true,
    "contentTypeId" : "c938b15f-bcb6-49ef-8651-14d455a97045",
    "dbColumn" : "system_field",
    "iDate" : 1533657332000
  }, {
    "clazz" : "com.dotcms.contenttype.model.field.ImmutableTagField",
    "indexed" : true,
    "dataType" : "SYSTEM",
    "searchable" : true,
    "unique" : false,
    "listed" : false,
    "readOnly" : false,
    "id" : "2dab7223-ebb5-411b-922f-611a30bc2a2b",
    "modDate" : 1533662621000,
    "name" : "Other Tags",
    "required" : false,
    "variable" : "tags",
    "sortOrder" : 5,
    "fixed" : true,
    "contentTypeId" : "c938b15f-bcb6-49ef-8651-14d455a97045",
    "dbColumn" : "system_field",
    "iDate" : 1533657332000
  }, {
    "clazz" : "com.dotcms.contenttype.model.field.ImmutableTextAreaField",
    "dataType" : "LONG_TEXT",
    "searchable" : true,
    "unique" : false,
    "indexed" : true,
    "listed" : false,
    "readOnly" : false,
    "id" : "65e4e742-d87a-47ff-84ef-fde44e889e27",
    "modDate" : 1533662621000,
    "name" : "Description",
    "required" : false,
    "variable" : "description",
    "sortOrder" : 6,
    "fixed" : true,
    "contentTypeId" : "c938b15f-bcb6-49ef-8651-14d455a97045",
    "dbColumn" : "text_area2",
    "iDate" : 1533657332000
  } ],
  "fieldVariables" : [ ]
}, {
  "contentType" : {
    "clazz" : "com.dotcms.contenttype.model.type.ImmutableSimpleContentType",
    "name" : "Template Parameters",
    "id" : "b22efc1a-9735-4363-8d9b-d65afb746da9",
    "description" : "Create custom definitions of Template Layouts",
    "defaultType" : false,
    "fixed" : false,
    "iDate" : 1533665171487,
    "system" : false,
    "versionable" : true,
    "multilingualable" : false,
    "variable" : "Templateparameters",
    "owner" : "dotcms.org.1",
    "modDate" : 1533673440000,
    "host" : "SYSTEM_HOST",
    "folder" : "SYSTEM_FOLDER"
  },
  "fields" : [ {
    "clazz" : "com.dotcms.contenttype.model.field.ImmutableTextField",
    "dataType" : "TEXT",
    "searchable" : true,
    "unique" : false,
    "indexed" : true,
    "listed" : true,
    "readOnly" : false,
    "id" : "8ee18e71-4a9d-40c0-9172-d8c5db9e2645",
    "modDate" : 1533665648000,
    "name" : "Description",
    "required" : true,
    "variable" : "description",
    "sortOrder" : 1,
    "fixed" : false,
    "contentTypeId" : "b22efc1a-9735-4363-8d9b-d65afb746da9",
    "dbColumn" : "text1",
    "iDate" : 1533665212000
  }, {
    "clazz" : "com.dotcms.contenttype.model.field.ImmutableTabDividerField",
    "fieldContentTypeProperties" : [ ],
    "dataType" : "SYSTEM",
    "searchable" : false,
    "unique" : false,
    "indexed" : false,
    "listed" : false,
    "readOnly" : false,
    "id" : "a9363203-846f-4c93-8647-a46edb36ba90",
    "modDate" : 1533665648000,
    "name" : "Page Components",
    "required" : false,
    "variable" : "pageComponents",
    "sortOrder" : 3,
    "fixed" : false,
    "contentTypeId" : "b22efc1a-9735-4363-8d9b-d65afb746da9",
    "dbColumn" : "system_field",
    "iDate" : 1533665276000
  }, {
    "clazz" : "com.dotcms.contenttype.model.field.ImmutableTextAreaField",
    "dataType" : "LONG_TEXT",
    "searchable" : false,
    "unique" : false,
    "indexed" : false,
    "listed" : false,
    "readOnly" : false,
    "id" : "11e15c8b-146a-49d0-a4db-4d98a4cc904c",
    "modDate" : 1533665648000,
    "name" : "Row Pre",
    "required" : false,
    "variable" : "rowPre",
    "sortOrder" : 4,
    "fixed" : false,
    "contentTypeId" : "b22efc1a-9735-4363-8d9b-d65afb746da9",
    "dbColumn" : "text_area1",
    "iDate" : 1533665290000
  }, {
    "clazz" : "com.dotcms.contenttype.model.field.ImmutableTextAreaField",
    "dataType" : "LONG_TEXT",
    "searchable" : false,
    "unique" : false,
    "indexed" : false,
    "listed" : false,
    "readOnly" : false,
    "id" : "f8b160fc-562c-4feb-9485-e520a4f20fa9",
    "modDate" : 1533665648000,
    "name" : "Row Post",
    "required" : false,
    "variable" : "rowPost",
    "sortOrder" : 5,
    "fixed" : false,
    "contentTypeId" : "b22efc1a-9735-4363-8d9b-d65afb746da9",
    "dbColumn" : "text_area2",
    "iDate" : 1533665299000
  }, {
    "clazz" : "com.dotcms.contenttype.model.field.ImmutableTextAreaField",
    "dataType" : "LONG_TEXT",
    "searchable" : false,
    "unique" : false,
    "indexed" : false,
    "listed" : false,
    "readOnly" : false,
    "id" : "863022b6-b9c6-4810-94b7-7cb47dc0da03",
    "modDate" : 1533665648000,
    "name" : "Page Pre",
    "required" : false,
    "variable" : "pagePre",
    "sortOrder" : 6,
    "fixed" : false,
    "contentTypeId" : "b22efc1a-9735-4363-8d9b-d65afb746da9",
    "dbColumn" : "text_area3",
    "iDate" : 1533665311000
  }, {
    "clazz" : "com.dotcms.contenttype.model.field.ImmutableTextAreaField",
    "dataType" : "LONG_TEXT",
    "searchable" : false,
    "unique" : false,
    "indexed" : false,
    "listed" : false,
    "readOnly" : false,
    "id" : "d1708348-2689-43cb-8725-81cf7868f658",
    "modDate" : 1533665648000,
    "name" : "Page Post",
    "required" : false,
    "variable" : "pagePost",
    "sortOrder" : 7,
    "fixed" : false,
    "contentTypeId" : "b22efc1a-9735-4363-8d9b-d65afb746da9",
    "dbColumn" : "text_area4",
    "iDate" : 1533665321000
  }, {
    "clazz" : "com.dotcms.contenttype.model.field.ImmutableTextAreaField",
    "dataType" : "LONG_TEXT",
    "searchable" : false,
    "unique" : false,
    "indexed" : false,
    "listed" : false,
    "readOnly" : false,
    "id" : "c87a8b7f-68f6-4407-8366-073df58d13a5",
    "modDate" : 1533665648000,
    "name" : "Main Pre",
    "required" : false,
    "variable" : "mainPre",
    "sortOrder" : 8,
    "fixed" : false,
    "contentTypeId" : "b22efc1a-9735-4363-8d9b-d65afb746da9",
    "dbColumn" : "text_area21",
    "iDate" : 1533665624000
  }, {
    "clazz" : "com.dotcms.contenttype.model.field.ImmutableTextAreaField",
    "dataType" : "LONG_TEXT",
    "searchable" : false,
    "unique" : false,
    "indexed" : false,
    "listed" : false,
    "readOnly" : false,
    "id" : "c9c10a08-137e-4ad8-a7ee-009ce6a99e3f",
    "modDate" : 1533665648000,
    "name" : "Main Post",
    "required" : false,
    "variable" : "mainPost",
    "sortOrder" : 9,
    "fixed" : false,
    "contentTypeId" : "b22efc1a-9735-4363-8d9b-d65afb746da9",
    "dbColumn" : "text_area22",
    "iDate" : 1533665643000
  }, {
    "clazz" : "com.dotcms.contenttype.model.field.ImmutableTextAreaField",
    "dataType" : "LONG_TEXT",
    "searchable" : false,
    "unique" : false,
    "indexed" : false,
    "listed" : false,
    "readOnly" : false,
    "id" : "884a7184-4183-4c10-b865-451fcb6f4033",
    "modDate" : 1533665648000,
    "name" : "Header Pre",
    "required" : false,
    "variable" : "headerPre",
    "sortOrder" : 10,
    "fixed" : false,
    "contentTypeId" : "b22efc1a-9735-4363-8d9b-d65afb746da9",
    "dbColumn" : "text_area5",
    "iDate" : 1533665333000
  }, {
    "clazz" : "com.dotcms.contenttype.model.field.ImmutableTextAreaField",
    "dataType" : "LONG_TEXT",
    "searchable" : false,
    "unique" : false,
    "indexed" : false,
    "listed" : false,
    "readOnly" : false,
    "id" : "43baafe6-e507-4f1f-b416-365616e0fba7",
    "modDate" : 1533665648000,
    "name" : "Header Post",
    "required" : false,
    "variable" : "headerPost",
    "sortOrder" : 11,
    "fixed" : false,
    "contentTypeId" : "b22efc1a-9735-4363-8d9b-d65afb746da9",
    "dbColumn" : "text_area6",
    "iDate" : 1533665342000
  }, {
    "clazz" : "com.dotcms.contenttype.model.field.ImmutableTextAreaField",
    "dataType" : "LONG_TEXT",
    "searchable" : false,
    "unique" : false,
    "indexed" : false,
    "listed" : false,
    "readOnly" : false,
    "id" : "7c00035f-915f-4718-9bbc-366645e9d79e",
    "modDate" : 1533665649000,
    "name" : "Footer Pre",
    "required" : false,
    "variable" : "footerPre",
    "sortOrder" : 12,
    "fixed" : false,
    "contentTypeId" : "b22efc1a-9735-4363-8d9b-d65afb746da9",
    "dbColumn" : "text_area7",
    "iDate" : 1533665352000
  }, {
    "clazz" : "com.dotcms.contenttype.model.field.ImmutableTextAreaField",
    "dataType" : "LONG_TEXT",
    "searchable" : false,
    "unique" : false,
    "indexed" : false,
    "listed" : false,
    "readOnly" : false,
    "id" : "fdf80212-0e25-4432-a771-9fb6dc30f67e",
    "modDate" : 1533665649000,
    "name" : "Footer Post",
    "required" : false,
    "variable" : "footerPost",
    "sortOrder" : 13,
    "fixed" : false,
    "contentTypeId" : "b22efc1a-9735-4363-8d9b-d65afb746da9",
    "dbColumn" : "text_area8",
    "iDate" : 1533665368000
  }, {
    "clazz" : "com.dotcms.contenttype.model.field.ImmutableTabDividerField",
    "fieldContentTypeProperties" : [ ],
    "dataType" : "SYSTEM",
    "searchable" : false,
    "unique" : false,
    "indexed" : false,
    "listed" : false,
    "readOnly" : false,
    "id" : "af12bb5d-5a76-4b12-ba02-7d1f04083a1e",
    "modDate" : 1533665649000,
    "name" : "Columns",
    "required" : false,
    "variable" : "columns",
    "sortOrder" : 14,
    "fixed" : false,
    "contentTypeId" : "b22efc1a-9735-4363-8d9b-d65afb746da9",
    "dbColumn" : "system_field",
    "iDate" : 1533665384000
  }, {
    "clazz" : "com.dotcms.contenttype.model.field.ImmutableTextAreaField",
    "dataType" : "LONG_TEXT",
    "searchable" : false,
    "unique" : false,
    "indexed" : false,
    "listed" : false,
    "readOnly" : false,
    "id" : "bda742fc-2532-43a1-ba75-14b45026d417",
    "modDate" : 1533665649000,
    "name" : "Column 100 Percent Pre",
    "required" : false,
    "variable" : "column100PercentPre",
    "sortOrder" : 15,
    "fixed" : false,
    "contentTypeId" : "b22efc1a-9735-4363-8d9b-d65afb746da9",
    "dbColumn" : "text_area9",
    "iDate" : 1533665429000
  }, {
    "clazz" : "com.dotcms.contenttype.model.field.ImmutableTextAreaField",
    "dataType" : "LONG_TEXT",
    "searchable" : false,
    "unique" : false,
    "indexed" : false,
    "listed" : false,
    "readOnly" : false,
    "id" : "2fa80359-aeaf-45a1-b85d-06bd6f3e6d61",
    "modDate" : 1533665649000,
    "name" : "Column 100 Percent Post",
    "required" : false,
    "variable" : "column100PercentPost",
    "sortOrder" : 16,
    "fixed" : false,
    "contentTypeId" : "b22efc1a-9735-4363-8d9b-d65afb746da9",
    "dbColumn" : "text_area10",
    "iDate" : 1533665444000
  }, {
    "clazz" : "com.dotcms.contenttype.model.field.ImmutableTextAreaField",
    "dataType" : "LONG_TEXT",
    "searchable" : false,
    "unique" : false,
    "indexed" : false,
    "listed" : false,
    "readOnly" : false,
    "id" : "dfa1edc8-a99c-42c4-bfc4-cabff7728d88",
    "modDate" : 1533665649000,
    "name" : "Column 75 Percent Pre",
    "required" : false,
    "variable" : "column75PercentPre",
    "sortOrder" : 17,
    "fixed" : false,
    "contentTypeId" : "b22efc1a-9735-4363-8d9b-d65afb746da9",
    "dbColumn" : "text_area11",
    "iDate" : 1533665459000
  }, {
    "clazz" : "com.dotcms.contenttype.model.field.ImmutableTextAreaField",
    "dataType" : "LONG_TEXT",
    "searchable" : false,
    "unique" : false,
    "indexed" : false,
    "listed" : false,
    "readOnly" : false,
    "id" : "9cdf8614-3120-46bb-a701-0e35e86a3cc5",
    "modDate" : 1533665649000,
    "name" : "Column 75 Percent Post",
    "required" : false,
    "variable" : "column75PercentPost",
    "sortOrder" : 18,
    "fixed" : false,
    "contentTypeId" : "b22efc1a-9735-4363-8d9b-d65afb746da9",
    "dbColumn" : "text_area12",
    "iDate" : 1533665467000
  }, {
    "clazz" : "com.dotcms.contenttype.model.field.ImmutableTextAreaField",
    "dataType" : "LONG_TEXT",
    "searchable" : false,
    "unique" : false,
    "indexed" : false,
    "listed" : false,
    "readOnly" : false,
    "id" : "764771f9-2429-4f05-9b97-0206a8b9aa77",
    "modDate" : 1533665649000,
    "name" : "Column 66 Percent Pre",
    "required" : false,
    "variable" : "column66PercentPre",
    "sortOrder" : 19,
    "fixed" : false,
    "contentTypeId" : "b22efc1a-9735-4363-8d9b-d65afb746da9",
    "dbColumn" : "text_area13",
    "iDate" : 1533665486000
  }, {
    "clazz" : "com.dotcms.contenttype.model.field.ImmutableTextAreaField",
    "dataType" : "LONG_TEXT",
    "searchable" : false,
    "unique" : false,
    "indexed" : false,
    "listed" : false,
    "readOnly" : false,
    "id" : "b8477d5c-1cb8-4a8c-a7ce-f9263db445e9",
    "modDate" : 1533665649000,
    "name" : "Column 66 Percent Post",
    "required" : false,
    "variable" : "column66PercentPost",
    "sortOrder" : 20,
    "fixed" : false,
    "contentTypeId" : "b22efc1a-9735-4363-8d9b-d65afb746da9",
    "dbColumn" : "text_area14",
    "iDate" : 1533665494000
  }, {
    "clazz" : "com.dotcms.contenttype.model.field.ImmutableTextAreaField",
    "dataType" : "LONG_TEXT",
    "searchable" : false,
    "unique" : false,
    "indexed" : false,
    "listed" : false,
    "readOnly" : false,
    "id" : "4150131c-b57c-4e8a-9645-38dd98aeeee2",
    "modDate" : 1533665649000,
    "name" : "Column 50 Percent Pre",
    "required" : false,
    "variable" : "column50PercentPre",
    "sortOrder" : 21,
    "fixed" : false,
    "contentTypeId" : "b22efc1a-9735-4363-8d9b-d65afb746da9",
    "dbColumn" : "text_area15",
    "iDate" : 1533665518000
  }, {
    "clazz" : "com.dotcms.contenttype.model.field.ImmutableTextAreaField",
    "dataType" : "LONG_TEXT",
    "searchable" : false,
    "unique" : false,
    "indexed" : false,
    "listed" : false,
    "readOnly" : false,
    "id" : "5972a8d9-e3c7-4cdb-bec1-4726ceb2263c",
    "modDate" : 1533665649000,
    "name" : "Column 50 Percent Post",
    "required" : false,
    "variable" : "column50PercentPost",
    "sortOrder" : 22,
    "fixed" : false,
    "contentTypeId" : "b22efc1a-9735-4363-8d9b-d65afb746da9",
    "dbColumn" : "text_area16",
    "iDate" : 1533665527000
  }, {
    "clazz" : "com.dotcms.contenttype.model.field.ImmutableTextAreaField",
    "dataType" : "LONG_TEXT",
    "searchable" : false,
    "unique" : false,
    "indexed" : false,
    "listed" : false,
    "readOnly" : false,
    "id" : "327e0f2f-c8f0-4997-a2df-0a1aef5c5554",
    "modDate" : 1533665649000,
    "name" : "Column 33 Percent Pre",
    "required" : false,
    "variable" : "column33PercentPre",
    "sortOrder" : 23,
    "fixed" : false,
    "contentTypeId" : "b22efc1a-9735-4363-8d9b-d65afb746da9",
    "dbColumn" : "text_area17",
    "iDate" : 1533665540000
  }, {
    "clazz" : "com.dotcms.contenttype.model.field.ImmutableTextAreaField",
    "dataType" : "LONG_TEXT",
    "searchable" : false,
    "unique" : false,
    "indexed" : false,
    "listed" : false,
    "readOnly" : false,
    "id" : "2eda7788-2208-4f37-b1d7-82ea7528c3ca",
    "modDate" : 1533665649000,
    "name" : "Column 33 Percent Post",
    "required" : false,
    "variable" : "column33PercentPost",
    "sortOrder" : 24,
    "fixed" : false,
    "contentTypeId" : "b22efc1a-9735-4363-8d9b-d65afb746da9",
    "dbColumn" : "text_area18",
    "iDate" : 1533665548000
  }, {
    "clazz" : "com.dotcms.contenttype.model.field.ImmutableTextAreaField",
    "dataType" : "LONG_TEXT",
    "searchable" : false,
    "unique" : false,
    "indexed" : false,
    "listed" : false,
    "readOnly" : false,
    "id" : "67d63d1a-db93-4d81-9e1d-c0dac5c58eb7",
    "modDate" : 1533665649000,
    "name" : "Column 25 Percent Pre",
    "required" : false,
    "variable" : "column25PercentPre",
    "sortOrder" : 25,
    "fixed" : false,
    "contentTypeId" : "b22efc1a-9735-4363-8d9b-d65afb746da9",
    "dbColumn" : "text_area19",
    "iDate" : 1533665564000
  }, {
    "clazz" : "com.dotcms.contenttype.model.field.ImmutableTextAreaField",
    "dataType" : "LONG_TEXT",
    "searchable" : false,
    "unique" : false,
    "indexed" : false,
    "listed" : false,
    "readOnly" : false,
    "id" : "149e3bce-b4f6-4155-8412-925fe383f960",
    "modDate" : 1533665649000,
    "name" : "Column 25 Percent Post",
    "required" : false,
    "variable" : "column25PercentPost",
    "sortOrder" : 26,
    "fixed" : false,
    "contentTypeId" : "b22efc1a-9735-4363-8d9b-d65afb746da9",
    "dbColumn" : "text_area20",
    "iDate" : 1533665580000
  } ],
  "fieldVariables" : [ ]
}, {
  "contentType" : {
    "clazz" : "com.dotcms.contenttype.model.type.ImmutablePageContentType",
    "name" : "Page Asset",
    "id" : "c541abb1-69b3-4bc5-8430-5e09e5239cc8",
    "description" : "Default Structure for Pages",
    "defaultType" : false,
    "fixed" : true,
    "iDate" : 1432826794750,
    "system" : false,
    "versionable" : true,
    "multilingualable" : false,
    "variable" : "htmlpageasset",
    "owner" : "system",
    "modDate" : 1533854535000,
    "host" : "SYSTEM_HOST",
    "folder" : "SYSTEM_FOLDER"
  },
  "fields" : [ {
    "clazz" : "com.dotcms.contenttype.model.field.ImmutableCustomField",
    "dataType" : "TEXT",
    "searchable" : true,
    "unique" : false,
    "indexed" : true,
    "listed" : true,
    "readOnly" : false,
    "id" : "c623cd2f-6653-47d8-9825-1153061ea088",
    "modDate" : 1533854535000,
    "name" : "Title",
    "required" : true,
    "variable" : "title",
    "sortOrder" : 1,
    "values" : "$velutil.mergeTemplate('/static/htmlpage_assets/title_custom_field.vtl')",
    "fixed" : true,
    "contentTypeId" : "c541abb1-69b3-4bc5-8430-5e09e5239cc8",
    "dbColumn" : "text1",
    "iDate" : 1421416266000
  }, {
    "clazz" : "com.dotcms.contenttype.model.field.ImmutableTextField",
    "dataType" : "TEXT",
    "searchable" : true,
    "unique" : false,
    "indexed" : true,
    "listed" : true,
    "readOnly" : false,
    "id" : "a1bfbb4f-b78b-4197-94e7-917f4e812043",
    "modDate" : 1533854535000,
    "name" : "Url",
    "required" : true,
    "variable" : "url",
    "sortOrder" : 2,
    "fixed" : true,
    "contentTypeId" : "c541abb1-69b3-4bc5-8430-5e09e5239cc8",
    "dbColumn" : "text3",
    "iDate" : 1421416266000
  }, {
    "clazz" : "com.dotcms.contenttype.model.field.ImmutableHostFolderField",
    "indexed" : true,
    "dataType" : "TEXT",
    "searchable" : true,
    "unique" : false,
    "listed" : false,
    "readOnly" : false,
    "id" : "23b5f1be-935e-442e-be48-1cf2d1c96d71",
    "modDate" : 1533854535000,
    "name" : "Host or Folder",
    "required" : true,
    "variable" : "hostFolder",
    "sortOrder" : 3,
    "fixed" : true,
    "contentTypeId" : "c541abb1-69b3-4bc5-8430-5e09e5239cc8",
    "dbColumn" : "text2",
    "iDate" : 1421416266000
  }, {
    "clazz" : "com.dotcms.contenttype.model.field.ImmutableCustomField",
    "dataType" : "TEXT",
    "searchable" : true,
    "unique" : false,
    "indexed" : true,
    "listed" : false,
    "readOnly" : false,
    "id" : "bf73876b-8517-4123-a0ec-d862ba6e8797",
    "modDate" : 1533854535000,
    "name" : "Template",
    "required" : true,
    "variable" : "template",
    "sortOrder" : 4,
    "values" : "$velutil.mergeTemplate('/static/htmlpage_assets/template_custom_field.vtl')",
    "fixed" : true,
    "contentTypeId" : "c541abb1-69b3-4bc5-8430-5e09e5239cc8",
    "dbColumn" : "text5",
    "iDate" : 1421416266000
  }, {
    "clazz" : "com.dotcms.contenttype.model.field.ImmutableCustomField",
    "dataType" : "LONG_TEXT",
    "searchable" : false,
    "unique" : false,
    "indexed" : false,
    "listed" : false,
    "readOnly" : false,
    "id" : "5b9004a3-e398-4850-aca9-0e7afcf3781f",
    "modDate" : 1533854535000,
    "name" : "Layout",
    "required" : false,
    "variable" : "layout",
    "sortOrder" : 5,
    "values" : "#dotParse('/application/custom-fields/template-layout.vtl')",
    "fixed" : false,
    "contentTypeId" : "c541abb1-69b3-4bc5-8430-5e09e5239cc8",
    "dbColumn" : "text_area4",
    "iDate" : 1533666044000
  }, {
    "clazz" : "com.dotcms.contenttype.model.field.ImmutableTextAreaField",
    "dataType" : "LONG_TEXT",
    "searchable" : false,
    "unique" : false,
    "indexed" : false,
    "listed" : false,
    "readOnly" : false,
    "id" : "d149d6d5-829a-4738-9534-b694f1489b13",
    "modDate" : 1533854535000,
    "name" : "Asset Imports",
    "required" : false,
    "variable" : "assetImports",
    "sortOrder" : 6,
    "fixed" : false,
    "contentTypeId" : "c541abb1-69b3-4bc5-8430-5e09e5239cc8",
    "dbColumn" : "text_area5",
    "iDate" : 1533854531000
  }, {
    "clazz" : "com.dotcms.contenttype.model.field.ImmutableTextField",
    "dataType" : "TEXT",
    "searchable" : true,
    "unique" : false,
    "indexed" : true,
    "listed" : false,
    "readOnly" : false,
    "id" : "d8a7431e-140d-4076-bf07-17fdfad6a14e",
    "modDate" : 1533854535000,
    "name" : "Friendly Name",
    "required" : true,
    "variable" : "friendlyname",
    "sortOrder" : 7,
    "fixed" : true,
    "contentTypeId" : "c541abb1-69b3-4bc5-8430-5e09e5239cc8",
    "dbColumn" : "text7",
    "iDate" : 1421416266000
  }, {
    "clazz" : "com.dotcms.contenttype.model.field.ImmutableCheckboxField",
    "dataType" : "TEXT",
    "searchable" : false,
    "unique" : false,
    "indexed" : true,
    "listed" : false,
    "readOnly" : false,
    "id" : "99ac031c-7d72-4b08-bedd-37a71b594950",
    "modDate" : 1533854535000,
    "name" : "Show on Menu",
    "required" : false,
    "variable" : "showOnMenu",
    "sortOrder" : 8,
    "values" : "|true",
    "defaultValue" : "false",
    "fixed" : true,
    "contentTypeId" : "c541abb1-69b3-4bc5-8430-5e09e5239cc8",
    "dbColumn" : "text6",
    "iDate" : 1421416266000
  }, {
    "clazz" : "com.dotcms.contenttype.model.field.ImmutableTextField",
    "dataType" : "INTEGER",
    "searchable" : true,
    "unique" : false,
    "indexed" : true,
    "listed" : false,
    "readOnly" : false,
    "id" : "1677ca4f-e46f-449f-ae59-4952fb567e5e",
    "modDate" : 1533854535000,
    "name" : "Sort Order",
    "required" : true,
    "variable" : "sortOrder",
    "sortOrder" : 9,
    "defaultValue" : "0",
    "fixed" : true,
    "contentTypeId" : "c541abb1-69b3-4bc5-8430-5e09e5239cc8",
    "dbColumn" : "integer1",
    "iDate" : 1421416266000
  }, {
    "clazz" : "com.dotcms.contenttype.model.field.ImmutableCustomField",
    "dataType" : "TEXT",
    "searchable" : true,
    "unique" : false,
    "indexed" : true,
    "listed" : false,
    "readOnly" : false,
    "id" : "e633ab20-0aa1-4ed1-b052-82a711af61df",
    "modDate" : 1533854535000,
    "name" : "Cache TTL",
    "required" : true,
    "variable" : "cachettl",
    "sortOrder" : 10,
    "values" : "$velutil.mergeTemplate('/static/htmlpage_assets/cachettl_custom_field.vtl')",
    "regexCheck" : "^[0-9]+$",
    "fixed" : true,
    "contentTypeId" : "c541abb1-69b3-4bc5-8430-5e09e5239cc8",
    "dbColumn" : "text4",
    "iDate" : 1421416266000
  }, {
    "clazz" : "com.dotcms.contenttype.model.field.ImmutableTabDividerField",
    "fieldContentTypeProperties" : [ ],
    "dataType" : "SYSTEM",
    "searchable" : false,
    "unique" : false,
    "indexed" : false,
    "listed" : false,
    "readOnly" : false,
    "id" : "1aa4bbc6-d30e-4b43-8f13-d6e8f2a58a52",
    "modDate" : 1533854535000,
    "name" : "Advanced Properties",
    "required" : false,
    "variable" : "advancedtab",
    "sortOrder" : 11,
    "fixed" : false,
    "contentTypeId" : "c541abb1-69b3-4bc5-8430-5e09e5239cc8",
    "dbColumn" : "system_field",
    "iDate" : 1421416266000
  }, {
    "clazz" : "com.dotcms.contenttype.model.field.ImmutableCustomField",
    "dataType" : "TEXT",
    "searchable" : true,
    "unique" : false,
    "indexed" : true,
    "listed" : false,
    "readOnly" : false,
    "id" : "ba99667c-87be-44cd-82b6-4aa7bb157ac7",
    "modDate" : 1533854535000,
    "name" : "Redirect Url",
    "required" : false,
    "variable" : "redirecturl",
    "sortOrder" : 12,
    "values" : "$velutil.mergeTemplate('/static/htmlpage_assets/redirect_custom_field.vtl')",
    "fixed" : true,
    "contentTypeId" : "c541abb1-69b3-4bc5-8430-5e09e5239cc8",
    "dbColumn" : "text8",
    "iDate" : 1421416266000
  }, {
    "clazz" : "com.dotcms.contenttype.model.field.ImmutableCheckboxField",
    "dataType" : "TEXT",
    "searchable" : false,
    "unique" : false,
    "indexed" : true,
    "listed" : false,
    "readOnly" : false,
    "id" : "b0d65eee-b050-4fa2-bcf6-4016dc4e20af",
    "modDate" : 1533854535000,
    "name" : "HTTPS Required",
    "required" : false,
    "variable" : "httpsreq",
    "sortOrder" : 13,
    "values" : "|true",
    "defaultValue" : "false",
    "fixed" : true,
    "contentTypeId" : "c541abb1-69b3-4bc5-8430-5e09e5239cc8",
    "dbColumn" : "text9",
    "iDate" : 1421416266000
  }, {
    "clazz" : "com.dotcms.contenttype.model.field.ImmutableTextAreaField",
    "dataType" : "LONG_TEXT",
    "searchable" : true,
    "unique" : false,
    "indexed" : true,
    "listed" : false,
    "readOnly" : false,
    "id" : "dfc5f28d-d47e-4007-869a-f2d5cfbc3d39",
    "modDate" : 1533854535000,
    "name" : "SEO Description",
    "required" : false,
    "variable" : "seodescription",
    "sortOrder" : 14,
    "fixed" : true,
    "contentTypeId" : "c541abb1-69b3-4bc5-8430-5e09e5239cc8",
    "dbColumn" : "text_area1",
    "iDate" : 1421416266000
  }, {
    "clazz" : "com.dotcms.contenttype.model.field.ImmutableTextAreaField",
    "dataType" : "LONG_TEXT",
    "searchable" : true,
    "unique" : false,
    "indexed" : true,
    "listed" : false,
    "readOnly" : false,
    "id" : "f00b3844-820d-4967-9f8e-0cce68d22b13",
    "modDate" : 1533854535000,
    "name" : "SEO Keywords",
    "required" : false,
    "variable" : "seokeywords",
    "sortOrder" : 15,
    "fixed" : true,
    "contentTypeId" : "c541abb1-69b3-4bc5-8430-5e09e5239cc8",
    "dbColumn" : "text_area2",
    "iDate" : 1421416266000
  }, {
    "clazz" : "com.dotcms.contenttype.model.field.ImmutableTextAreaField",
    "dataType" : "LONG_TEXT",
    "searchable" : true,
    "unique" : false,
    "indexed" : true,
    "listed" : false,
    "readOnly" : false,
    "id" : "c50906a6-dafb-4348-a185-a9334448813c",
    "modDate" : 1533854535000,
    "name" : "Page Metadata",
    "required" : false,
    "variable" : "pagemetadata",
    "sortOrder" : 16,
    "fixed" : true,
    "contentTypeId" : "c541abb1-69b3-4bc5-8430-5e09e5239cc8",
    "dbColumn" : "text_area3",
    "iDate" : 1421416266000
  }, {
    "clazz" : "com.dotcms.contenttype.model.field.ImmutableTextField",
    "dataType" : "TEXT",
    "searchable" : false,
    "unique" : false,
    "indexed" : false,
    "listed" : false,
    "readOnly" : false,
    "id" : "95b191a7-a28e-463f-bb0f-e0d36fb40022",
    "modDate" : 1533854535000,
    "name" : "Canonical URL",
    "required" : false,
    "variable" : "canonicalUrl",
    "sortOrder" : 17,
    "fixed" : false,
    "contentTypeId" : "c541abb1-69b3-4bc5-8430-5e09e5239cc8",
    "dbColumn" : "text10",
    "iDate" : 1432826795000
  } ],
  "fieldVariables" : [ ]
}, {
  "contentType" : {
    "clazz" : "com.dotcms.contenttype.model.type.ImmutableSimpleContentType",
    "name" : "Structured Content Extended Meta Data",
    "id" : "48fbaa84-3ec6-4bd3-bc8e-665094434378",
    "description" : "Provides additional facility for extended meta-data",
    "defaultType" : false,
    "fixed" : false,
    "iDate" : 1533761513645,
    "system" : false,
    "versionable" : true,
    "multilingualable" : false,
    "variable" : "Structuredcontentextendedmetadata",
    "owner" : "dotcms.org.1",
    "modDate" : 1534180096000,
    "host" : "48190c8c-42c4-46af-8d1a-0cd5db894797",
    "folder" : "SYSTEM_FOLDER"
  },
  "fields" : [ {
    "clazz" : "com.dotcms.contenttype.model.field.ImmutableTextField",
    "dataType" : "TEXT",
    "searchable" : true,
    "unique" : true,
    "indexed" : true,
    "listed" : true,
    "readOnly" : false,
    "id" : "d8de45b8-e5a1-4add-9f22-ebcb14f61235",
    "modDate" : 1533762597000,
    "name" : "Content Type",
    "required" : true,
    "variable" : "contentType",
    "sortOrder" : 1,
    "fixed" : false,
    "contentTypeId" : "48fbaa84-3ec6-4bd3-bc8e-665094434378",
    "dbColumn" : "text1",
    "iDate" : 1533762597000
  }, {
    "clazz" : "com.dotcms.contenttype.model.field.ImmutableTextField",
    "dataType" : "TEXT",
    "searchable" : true,
    "unique" : false,
    "indexed" : true,
    "listed" : true,
    "readOnly" : false,
    "id" : "05e5ecae-7fdd-4e34-8860-ab116846ae58",
    "modDate" : 1533762604000,
    "name" : "Type",
    "required" : false,
    "variable" : "type",
    "sortOrder" : 2,
    "hint" : "Use OpenGraph Standard Types",
    "fixed" : false,
    "contentTypeId" : "48fbaa84-3ec6-4bd3-bc8e-665094434378",
    "dbColumn" : "text2",
    "iDate" : 1533762604000
  }, {
    "clazz" : "com.dotcms.contenttype.model.field.ImmutableTextField",
    "dataType" : "TEXT",
    "searchable" : false,
    "unique" : false,
    "indexed" : false,
    "listed" : false,
    "readOnly" : false,
    "id" : "29a3ca96-bf27-45d4-b659-d198c55b69d1",
    "modDate" : 1533762609000,
    "name" : "Locale",
    "required" : false,
    "variable" : "locale",
    "sortOrder" : 3,
    "fixed" : false,
    "contentTypeId" : "48fbaa84-3ec6-4bd3-bc8e-665094434378",
    "dbColumn" : "text3",
    "iDate" : 1533762609000
  }, {
    "clazz" : "com.dotcms.contenttype.model.field.ImmutableTextField",
    "dataType" : "TEXT",
    "searchable" : false,
    "unique" : false,
    "indexed" : false,
    "listed" : false,
    "readOnly" : false,
    "id" : "0aa68215-f383-445d-b718-206557214fce",
    "modDate" : 1533762616000,
    "name" : "Alternate Locale",
    "required" : false,
    "variable" : "alternateLocale",
    "sortOrder" : 4,
    "fixed" : false,
    "contentTypeId" : "48fbaa84-3ec6-4bd3-bc8e-665094434378",
    "dbColumn" : "text4",
    "iDate" : 1533762616000
  }, {
    "clazz" : "com.dotcms.contenttype.model.field.ImmutableKeyValueField",
    "indexed" : false,
    "dataType" : "LONG_TEXT",
    "searchable" : false,
    "unique" : false,
    "listed" : false,
    "readOnly" : false,
    "id" : "e3b171ba-cc39-4eeb-884e-f6fc2db68b7b",
    "modDate" : 1533762624000,
    "name" : "Additional Parameters",
    "required" : false,
    "variable" : "additionalParameters",
    "sortOrder" : 5,
    "fixed" : false,
    "contentTypeId" : "48fbaa84-3ec6-4bd3-bc8e-665094434378",
    "dbColumn" : "text_area1",
    "iDate" : 1533762624000
  }, {
    "clazz" : "com.dotcms.contenttype.model.field.ImmutableTabDividerField",
    "fieldContentTypeProperties" : [ ],
    "dataType" : "SYSTEM",
    "searchable" : false,
    "unique" : false,
    "indexed" : false,
    "listed" : false,
    "readOnly" : false,
    "id" : "ea0d564a-e6ab-4c41-9515-46878cb6c9b9",
    "modDate" : 1533762630000,
    "name" : "Image Data",
    "required" : false,
    "variable" : "imageData",
    "sortOrder" : 6,
    "fixed" : false,
    "contentTypeId" : "48fbaa84-3ec6-4bd3-bc8e-665094434378",
    "dbColumn" : "system_field",
    "iDate" : 1533762630000
  }, {
    "clazz" : "com.dotcms.contenttype.model.field.ImmutableImageField",
    "dataType" : "TEXT",
    "searchable" : false,
    "unique" : false,
    "indexed" : false,
    "listed" : false,
    "readOnly" : false,
    "id" : "2a43f116-dc56-4c3d-96cb-07bbb2b1b8a9",
    "modDate" : 1533762636000,
    "name" : "Image File",
    "required" : false,
    "variable" : "imageFile",
    "sortOrder" : 7,
    "fixed" : false,
    "contentTypeId" : "48fbaa84-3ec6-4bd3-bc8e-665094434378",
    "dbColumn" : "text5",
    "iDate" : 1533762636000
  }, {
    "clazz" : "com.dotcms.contenttype.model.field.ImmutableTabDividerField",
    "fieldContentTypeProperties" : [ ],
    "dataType" : "SYSTEM",
    "searchable" : false,
    "unique" : false,
    "indexed" : false,
    "listed" : false,
    "readOnly" : false,
    "id" : "f7b6dfd0-4ec3-490d-927b-27c35a68904d",
    "modDate" : 1533762643000,
    "name" : "Social Media",
    "required" : false,
    "variable" : "socialMedia",
    "sortOrder" : 8,
    "fixed" : false,
    "contentTypeId" : "48fbaa84-3ec6-4bd3-bc8e-665094434378",
    "dbColumn" : "system_field",
    "iDate" : 1533762643000
  }, {
    "clazz" : "com.dotcms.contenttype.model.field.ImmutableTextField",
    "dataType" : "TEXT",
    "searchable" : false,
    "unique" : false,
    "indexed" : false,
    "listed" : false,
    "readOnly" : false,
    "id" : "e352576e-f14c-46e0-8d91-b22f13fbdbc9",
    "modDate" : 1533762648000,
    "name" : "Facebook App Id",
    "required" : false,
    "variable" : "facebookAppId",
    "sortOrder" : 9,
    "fixed" : false,
    "contentTypeId" : "48fbaa84-3ec6-4bd3-bc8e-665094434378",
    "dbColumn" : "text6",
    "iDate" : 1533762648000
  }, {
    "clazz" : "com.dotcms.contenttype.model.field.ImmutableTextField",
    "dataType" : "TEXT",
    "searchable" : false,
    "unique" : false,
    "indexed" : false,
    "listed" : false,
    "readOnly" : false,
    "id" : "46f7631c-1c2a-4315-bc15-a8fdc4feba3d",
    "modDate" : 1533762654000,
    "name" : "Twitter Card",
    "required" : false,
    "variable" : "twitterCard",
    "sortOrder" : 10,
    "fixed" : false,
    "contentTypeId" : "48fbaa84-3ec6-4bd3-bc8e-665094434378",
    "dbColumn" : "text7",
    "iDate" : 1533762654000
  }, {
    "clazz" : "com.dotcms.contenttype.model.field.ImmutableTextField",
    "dataType" : "TEXT",
    "searchable" : false,
    "unique" : false,
    "indexed" : false,
    "listed" : false,
    "readOnly" : false,
    "id" : "c020942e-91ba-4b2b-807b-df3ea576d6d1",
    "modDate" : 1533762662000,
    "name" : "Twitter Site",
    "required" : false,
    "variable" : "twitterSite",
    "sortOrder" : 11,
    "fixed" : false,
    "contentTypeId" : "48fbaa84-3ec6-4bd3-bc8e-665094434378",
    "dbColumn" : "text8",
    "iDate" : 1533762662000
  }, {
    "clazz" : "com.dotcms.contenttype.model.field.ImmutableTextField",
    "dataType" : "TEXT",
    "searchable" : false,
    "unique" : false,
    "indexed" : false,
    "listed" : false,
    "readOnly" : false,
    "id" : "aaac1b86-e693-43ea-9db7-8618f42a219c",
    "modDate" : 1533762669000,
    "name" : "Twitter Creator",
    "required" : false,
    "variable" : "twitterCreator",
    "sortOrder" : 12,
    "fixed" : false,
    "contentTypeId" : "48fbaa84-3ec6-4bd3-bc8e-665094434378",
    "dbColumn" : "text9",
    "iDate" : 1533762669000
  }, {
    "clazz" : "com.dotcms.contenttype.model.field.ImmutableTabDividerField",
    "fieldContentTypeProperties" : [ ],
    "dataType" : "SYSTEM",
    "searchable" : false,
    "unique" : false,
    "indexed" : false,
    "listed" : false,
    "readOnly" : false,
    "id" : "66a7f020-298e-4c02-9767-dacfd9abd0eb",
    "modDate" : 1533762675000,
    "name" : "URL Mapped",
    "required" : false,
    "variable" : "urlMapped",
    "sortOrder" : 13,
    "fixed" : false,
    "contentTypeId" : "48fbaa84-3ec6-4bd3-bc8e-665094434378",
    "dbColumn" : "system_field",
    "iDate" : 1533762675000
  }, {
    "clazz" : "com.dotcms.contenttype.model.field.ImmutableTextField",
    "dataType" : "TEXT",
    "searchable" : false,
    "unique" : false,
    "indexed" : false,
    "listed" : false,
    "readOnly" : false,
    "id" : "b74a0e09-f1c8-4eb5-8e18-845cef36b4f7",
    "modDate" : 1533762681000,
    "name" : "Title Field",
    "required" : false,
    "variable" : "titleField",
    "sortOrder" : 14,
    "fixed" : false,
    "contentTypeId" : "48fbaa84-3ec6-4bd3-bc8e-665094434378",
    "dbColumn" : "text10",
    "iDate" : 1533762681000
  }, {
    "clazz" : "com.dotcms.contenttype.model.field.ImmutableTextField",
    "dataType" : "TEXT",
    "searchable" : false,
    "unique" : false,
    "indexed" : false,
    "listed" : false,
    "readOnly" : false,
    "id" : "bdfe5557-366a-402d-a4ce-0678c498fa7a",
    "modDate" : 1533762687000,
    "name" : "Description Field",
    "required" : false,
    "variable" : "descriptionField",
    "sortOrder" : 15,
    "fixed" : false,
    "contentTypeId" : "48fbaa84-3ec6-4bd3-bc8e-665094434378",
    "dbColumn" : "text11",
    "iDate" : 1533762687000
  }, {
    "clazz" : "com.dotcms.contenttype.model.field.ImmutableRadioField",
    "dataType" : "TEXT",
    "searchable" : false,
    "unique" : false,
    "indexed" : false,
    "listed" : false,
    "readOnly" : false,
    "id" : "cff11988-4270-44f1-8d08-72cbf69aa309",
    "modDate" : 1533762693000,
    "name" : "Image Field Type",
    "required" : false,
    "variable" : "imageFieldType",
    "sortOrder" : 16,
    "values" : "Image|image\r\nBinary|binary",
    "fixed" : false,
    "contentTypeId" : "48fbaa84-3ec6-4bd3-bc8e-665094434378",
    "dbColumn" : "text12",
    "iDate" : 1533762693000
  }, {
    "clazz" : "com.dotcms.contenttype.model.field.ImmutableTextField",
    "dataType" : "TEXT",
    "searchable" : false,
    "unique" : false,
    "indexed" : false,
    "listed" : false,
    "readOnly" : false,
    "id" : "53c4c032-6ec1-4e30-871d-78e50ca7ee18",
    "modDate" : 1533762697000,
    "name" : "Image Field",
    "required" : false,
    "variable" : "imageField",
    "sortOrder" : 17,
    "fixed" : false,
    "contentTypeId" : "48fbaa84-3ec6-4bd3-bc8e-665094434378",
    "dbColumn" : "text13",
    "iDate" : 1533762697000
  }, {
    "clazz" : "com.dotcms.contenttype.model.field.ImmutableRadioField",
    "dataType" : "BOOL",
    "searchable" : false,
    "unique" : false,
    "indexed" : false,
    "listed" : false,
    "readOnly" : false,
    "id" : "8ba5a773-3d98-4559-9629-af8636646c63",
    "modDate" : 1533762705000,
    "name" : "Use Global Extended Parameters",
    "required" : false,
    "variable" : "useGlobalExtendedParameters",
    "sortOrder" : 18,
    "values" : "No|0\r\nYes|1",
    "hint" : "Will add global meta data from this contentlet alongside field specified",
    "fixed" : false,
    "contentTypeId" : "48fbaa84-3ec6-4bd3-bc8e-665094434378",
    "dbColumn" : "bool1",
    "iDate" : 1533762705000
  }, {
    "clazz" : "com.dotcms.contenttype.model.field.ImmutableSelectField",
    "dataType" : "TEXT",
    "searchable" : false,
    "unique" : false,
    "indexed" : false,
    "listed" : false,
    "readOnly" : false,
    "id" : "94cbd988-3b87-4886-8c01-589928f63756",
    "modDate" : 1533762711000,
    "name" : "Additional Parameters Field Type",
    "required" : false,
    "variable" : "additionalParametersFieldType",
    "sortOrder" : 19,
    "values" : "Text|text\r\nKey/Value|keys",
    "fixed" : false,
    "contentTypeId" : "48fbaa84-3ec6-4bd3-bc8e-665094434378",
    "dbColumn" : "text14",
    "iDate" : 1533762711000
  }, {
    "clazz" : "com.dotcms.contenttype.model.field.ImmutableTextField",
    "dataType" : "TEXT",
    "searchable" : false,
    "unique" : false,
    "indexed" : false,
    "listed" : false,
    "readOnly" : false,
    "id" : "314fb1b5-d5e8-447b-9ef4-cac4a554c7e1",
    "modDate" : 1533762718000,
    "name" : "Additional Parameters Field Name",
    "required" : false,
    "variable" : "additionalParametersFieldName",
    "sortOrder" : 20,
    "fixed" : false,
    "contentTypeId" : "48fbaa84-3ec6-4bd3-bc8e-665094434378",
    "dbColumn" : "text15",
    "iDate" : 1533762718000
  }, {
    "clazz" : "com.dotcms.contenttype.model.field.ImmutableCustomField",
    "dataType" : "LONG_TEXT",
    "searchable" : false,
    "unique" : false,
    "indexed" : false,
    "listed" : false,
    "readOnly" : false,
    "id" : "ccc88079-e94a-4fe1-9f55-69918aa70762",
    "modDate" : 1534180096000,
    "name" : "Test Field",
    "required" : false,
    "variable" : "testField",
    "sortOrder" : 21,
    "values" : "#dotParse('/application/custom-fields/field-button.vtl')",
    "fixed" : false,
    "contentTypeId" : "48fbaa84-3ec6-4bd3-bc8e-665094434378",
    "dbColumn" : "text_area2",
    "iDate" : 1534180096000
  } ],
  "fieldVariables" : [ ]
}, {
  "contentType" : {
    "clazz" : "com.dotcms.contenttype.model.type.ImmutableWidgetContentType",
    "multilingualable" : false,
    "name" : "Content Widget",
    "id" : "31b882ef-1a92-4f00-b260-540b7de20b30",
    "description" : "General Content Widgets",
    "defaultType" : false,
    "fixed" : false,
    "iDate" : 1536873145867,
    "system" : false,
    "versionable" : true,
    "variable" : "Contentwidget",
    "owner" : "dotcms.org.1",
    "modDate" : 1536873196000,
    "host" : "48190c8c-42c4-46af-8d1a-0cd5db894797",
    "folder" : "SYSTEM_FOLDER"
  },
  "fields" : [ {
    "clazz" : "com.dotcms.contenttype.model.field.ImmutableTextField",
    "dataType" : "TEXT",
    "searchable" : true,
    "unique" : false,
    "indexed" : true,
    "listed" : true,
    "readOnly" : false,
    "id" : "15400a35-42f5-40ca-8d1d-7303c5e4b35f",
    "modDate" : 1536873146000,
    "name" : "Widget Title",
    "required" : true,
    "variable" : "widgetTitle",
    "sortOrder" : 1,
    "fixed" : true,
    "contentTypeId" : "31b882ef-1a92-4f00-b260-540b7de20b30",
    "dbColumn" : "text1",
    "iDate" : 1536873146000
  }, {
    "clazz" : "com.dotcms.contenttype.model.field.ImmutableConstantField",
    "dataType" : "SYSTEM",
    "searchable" : true,
    "unique" : false,
    "indexed" : true,
    "listed" : false,
    "readOnly" : true,
    "id" : "2769951a-f5cc-4285-af6e-a6aaa1d8dd91",
    "modDate" : 1536873146000,
    "name" : "Widget Usage",
    "required" : false,
    "variable" : "widgetUsage",
    "sortOrder" : 2,
    "fixed" : true,
    "contentTypeId" : "31b882ef-1a92-4f00-b260-540b7de20b30",
    "dbColumn" : "system_field",
    "iDate" : 1536873146000
  }, {
    "clazz" : "com.dotcms.contenttype.model.field.ImmutableConstantField",
    "dataType" : "SYSTEM",
    "searchable" : true,
    "unique" : false,
    "indexed" : true,
    "listed" : false,
    "readOnly" : true,
    "id" : "13cd70ce-16ea-48d9-9b74-b8d532b1335e",
    "modDate" : 1536873158000,
    "name" : "Widget Code",
    "required" : false,
    "variable" : "widgetCode",
    "sortOrder" : 3,
    "values" : "#dotParse('/application/containers/velocity-include')",
    "fixed" : true,
    "contentTypeId" : "31b882ef-1a92-4f00-b260-540b7de20b30",
    "dbColumn" : "system_field",
    "iDate" : 1536873146000
  }, {
    "clazz" : "com.dotcms.contenttype.model.field.ImmutableConstantField",
    "dataType" : "SYSTEM",
    "searchable" : true,
    "unique" : false,
    "indexed" : true,
    "listed" : false,
    "readOnly" : true,
    "id" : "3249dd1f-c7d5-41d0-a966-45ca6e9c2f63",
    "modDate" : 1536873146000,
    "name" : "Widget Pre-Execute",
    "required" : false,
    "variable" : "widgetPreexecute",
    "sortOrder" : 4,
    "fixed" : true,
    "contentTypeId" : "31b882ef-1a92-4f00-b260-540b7de20b30",
    "dbColumn" : "system_field",
    "iDate" : 1536873146000
  }, {
    "clazz" : "com.dotcms.contenttype.model.field.ImmutableFileField",
    "dataType" : "TEXT",
    "searchable" : false,
    "unique" : false,
    "indexed" : false,
    "listed" : false,
    "readOnly" : false,
    "id" : "fbe2b569-616b-4dbe-b311-3fd5f854b3c7",
    "modDate" : 1536873177000,
    "name" : "Velocity File",
    "required" : false,
    "variable" : "velocityFile",
    "sortOrder" : 5,
    "fixed" : false,
    "contentTypeId" : "31b882ef-1a92-4f00-b260-540b7de20b30",
    "dbColumn" : "text2",
    "iDate" : 1536873177000
  }, {
    "clazz" : "com.dotcms.contenttype.model.field.ImmutableWysiwygField",
    "dataType" : "LONG_TEXT",
    "searchable" : false,
    "unique" : false,
    "indexed" : false,
    "listed" : false,
    "readOnly" : false,
    "id" : "ffaa4457-35e2-452f-91ad-d567aef77cdd",
    "modDate" : 1536873196000,
    "name" : "Code",
    "required" : false,
    "variable" : "code",
    "sortOrder" : 6,
    "fixed" : false,
    "contentTypeId" : "31b882ef-1a92-4f00-b260-540b7de20b30",
    "dbColumn" : "text_area1",
    "iDate" : 1536873196000
  } ],
  "fieldVariables" : [ ]
} ]