<list>
  <com.dotmarketing.portlets.contentlet.model.ContentletVersionInfo>
    <identifier>00e5aa21-e7e8-4c12-85c9-0bc9e530cd08</identifier>
    <liveInode>ed3c8541-a991-4490-81bb-0c106dd3fa99</liveInode>
    <workingInode>ed3c8541-a991-4490-81bb-0c106dd3fa99</workingInode>
    <lockedOn class="sql-timestamp">2019-03-21 15:06:13.139</lockedOn>
    <deleted>false</deleted>
    <versionTs class="sql-timestamp">2019-04-15 19:16:06.812</versionTs>
    <lang>1</lang>
  </com.dotmarketing.portlets.contentlet.model.ContentletVersionInfo>
  <com.dotmarketing.portlets.contentlet.model.ContentletVersionInfo>
    <identifier>015d167a-19c6-461e-b7a3-72039015a50d</identifier>
    <liveInode>b8f8cb66-f79f-4ac5-a7bb-ecab72cb8292</liveInode>
    <workingInode>b8f8cb66-f79f-4ac5-a7bb-ecab72cb8292</workingInode>
    <lockedOn class="sql-timestamp">2019-03-21 15:06:23.219</lockedOn>
    <deleted>false</deleted>
    <versionTs class="sql-timestamp">2019-03-21 15:06:23.235</versionTs>
    <lang>1</lang>
  </com.dotmarketing.portlets.contentlet.model.ContentletVersionInfo>
  <com.dotmarketing.portlets.contentlet.model.ContentletVersionInfo>
    <identifier>02d5fbb6-573b-409b-b418-f9e1dad07c5d</identifier>
    <liveInode>41978379-070d-4f55-8771-51afea0ced3d</liveInode>
    <workingInode>41978379-070d-4f55-8771-51afea0ced3d</workingInode>
    <lockedOn class="sql-timestamp">2019-04-12 21:04:58.864</lockedOn>
    <deleted>false</deleted>
    <versionTs class="sql-timestamp">2019-04-12 21:04:59.854</versionTs>
    <lang>1</lang>
  </com.dotmarketing.portlets.contentlet.model.ContentletVersionInfo>
  <com.dotmarketing.portlets.contentlet.model.ContentletVersionInfo>
    <identifier>05af6f99-fdc2-4bc9-92cf-8766c812f4b3</identifier>
    <liveInode>4fdbf53d-7be0-4363-b74c-add15e462374</liveInode>
    <workingInode>4fdbf53d-7be0-4363-b74c-add15e462374</workingInode>
    <lockedOn class="sql-timestamp">2017-02-08 19:11:04.0</lockedOn>
    <deleted>false</deleted>
    <versionTs class="sql-timestamp">2017-03-07 18:25:58.796</versionTs>
    <lang>1</lang>
  </com.dotmarketing.portlets.contentlet.model.ContentletVersionInfo>
  <com.dotmarketing.portlets.contentlet.model.ContentletVersionInfo>
    <identifier>14024149-580a-47c5-9791-0e92287ac18d</identifier>
    <liveInode>83b1c2bf-d35e-41c1-8b3c-c2ef44aed78d</liveInode>
    <workingInode>83b1c2bf-d35e-41c1-8b3c-c2ef44aed78d</workingInode>
    <lockedOn class="sql-timestamp">2019-03-21 15:06:23.06</lockedOn>
    <deleted>false</deleted>
    <versionTs class="sql-timestamp">2019-03-21 15:06:23.076</versionTs>
    <lang>1</lang>
  </com.dotmarketing.portlets.contentlet.model.ContentletVersionInfo>
  <com.dotmarketing.portlets.contentlet.model.ContentletVersionInfo>
    <identifier>15788e22-0094-441c-8742-5302ce57d8d2</identifier>
    <liveInode>d8be7508-dcfe-435c-98f2-9c4da10cec55</liveInode>
    <workingInode>d8be7508-dcfe-435c-98f2-9c4da10cec55</workingInode>
    <lockedOn class="sql-timestamp">2019-03-21 15:06:23.242</lockedOn>
    <deleted>false</deleted>
    <versionTs class="sql-timestamp">2019-03-21 15:06:23.258</versionTs>
    <lang>1</lang>
  </com.dotmarketing.portlets.contentlet.model.ContentletVersionInfo>
  <com.dotmarketing.portlets.contentlet.model.ContentletVersionInfo>
    <identifier>198182ba-d9a4-4b5b-acda-74d5cf9e8079</identifier>
    <liveInode>c38b0e9d-1088-4dfc-bb35-29d586693748</liveInode>
    <workingInode>c38b0e9d-1088-4dfc-bb35-29d586693748</workingInode>
    <lockedOn class="sql-timestamp">2019-04-12 18:56:22.824</lockedOn>
    <deleted>false</deleted>
    <versionTs class="sql-timestamp">2019-04-12 21:06:18.62</versionTs>
    <lang>1</lang>
  </com.dotmarketing.portlets.contentlet.model.ContentletVersionInfo>
  <com.dotmarketing.portlets.contentlet.model.ContentletVersionInfo>
    <identifier>1c56ba62-1f41-4b81-bd62-b6eacff3ad23</identifier>
    <liveInode>f30e6dc9-e951-4f71-bb1c-a98b49238806</liveInode>
    <workingInode>f30e6dc9-e951-4f71-bb1c-a98b49238806</workingInode>
    <lockedOn class="sql-timestamp">2016-02-19 17:21:03.875</lockedOn>
    <deleted>false</deleted>
    <versionTs class="sql-timestamp">2016-02-19 17:21:03.856</versionTs>
    <lang>1</lang>
  </com.dotmarketing.portlets.contentlet.model.ContentletVersionInfo>
  <com.dotmarketing.portlets.contentlet.model.ContentletVersionInfo>
    <identifier>1da82279-ff01-4254-8de9-cff3fc318b3b</identifier>
    <liveInode>cb266c59-8390-4332-8447-8629a04abaa7</liveInode>
    <workingInode>cb266c59-8390-4332-8447-8629a04abaa7</workingInode>
    <lockedOn class="sql-timestamp">2019-03-21 15:06:53.929</lockedOn>
    <deleted>false</deleted>
    <versionTs class="sql-timestamp">2019-03-21 15:06:53.943</versionTs>
    <lang>1</lang>
  </com.dotmarketing.portlets.contentlet.model.ContentletVersionInfo>
  <com.dotmarketing.portlets.contentlet.model.ContentletVersionInfo>
    <identifier>232625ae-5a5f-4802-b2c2-f85f3e8ba835</identifier>
    <liveInode>e2cf4565-e533-459a-97b2-97e83fdba953</liveInode>
    <workingInode>e2cf4565-e533-459a-97b2-97e83fdba953</workingInode>
    <lockedOn class="sql-timestamp">2019-04-12 21:04:54.818</lockedOn>
    <deleted>false</deleted>
    <versionTs class="sql-timestamp">2019-04-12 21:04:55.814</versionTs>
    <lang>1</lang>
  </com.dotmarketing.portlets.contentlet.model.ContentletVersionInfo>
  <com.dotmarketing.portlets.contentlet.model.ContentletVersionInfo>
    <identifier>241408b9-a1ec-4343-9c13-0adc9c3173ba</identifier>
    <liveInode>20ed0e1b-e79c-4b37-817b-4cfc6cbd325d</liveInode>
    <workingInode>20ed0e1b-e79c-4b37-817b-4cfc6cbd325d</workingInode>
    <lockedOn class="sql-timestamp">2019-03-21 15:06:23.137</lockedOn>
    <deleted>false</deleted>
    <versionTs class="sql-timestamp">2019-03-21 15:06:23.15</versionTs>
    <lang>1</lang>
  </com.dotmarketing.portlets.contentlet.model.ContentletVersionInfo>
  <com.dotmarketing.portlets.contentlet.model.ContentletVersionInfo>
    <identifier>26c82137-c6ce-4027-ac6d-d871dcb3bda5</identifier>
    <liveInode>d6ab9d6b-5736-41c8-a9e7-5d5b3ee2b26e</liveInode>
    <workingInode>d6ab9d6b-5736-41c8-a9e7-5d5b3ee2b26e</workingInode>
    <lockedOn class="sql-timestamp">2019-03-21 15:06:35.44</lockedOn>
    <deleted>false</deleted>
    <versionTs class="sql-timestamp">2019-04-12 20:49:10.809</versionTs>
    <lang>1</lang>
  </com.dotmarketing.portlets.contentlet.model.ContentletVersionInfo>
  <com.dotmarketing.portlets.contentlet.model.ContentletVersionInfo>
    <identifier>2b93fde0-dfda-4259-911a-bce96c82468d</identifier>
    <liveInode>b9159f52-c57a-4d59-868b-9e735eea8f76</liveInode>
    <workingInode>b9159f52-c57a-4d59-868b-9e735eea8f76</workingInode>
    <lockedOn class="sql-timestamp">2017-02-08 19:11:04.0</lockedOn>
    <deleted>false</deleted>
    <versionTs class="sql-timestamp">2017-03-07 18:25:58.738</versionTs>
    <lang>1</lang>
  </com.dotmarketing.portlets.contentlet.model.ContentletVersionInfo>
  <com.dotmarketing.portlets.contentlet.model.ContentletVersionInfo>
    <identifier>2e4566ef-b0e5-42db-9c85-97932ed39996</identifier>
    <liveInode>10aadac3-1006-4305-8512-0b04609c1cb0</liveInode>
    <workingInode>10aadac3-1006-4305-8512-0b04609c1cb0</workingInode>
    <lockedOn class="sql-timestamp">2019-04-12 19:43:59.591</lockedOn>
    <deleted>false</deleted>
    <versionTs class="sql-timestamp">2019-04-12 19:43:58.494</versionTs>
    <lang>1</lang>
  </com.dotmarketing.portlets.contentlet.model.ContentletVersionInfo>
  <com.dotmarketing.portlets.contentlet.model.ContentletVersionInfo>
    <identifier>34c720cd-4b46-4a67-9e4b-2117071d01f1</identifier>
    <liveInode>3ffaff2c-3b82-4bd6-8622-ec2637cc0ac6</liveInode>
    <workingInode>3ffaff2c-3b82-4bd6-8622-ec2637cc0ac6</workingInode>
    <lockedOn class="sql-timestamp">2016-02-19 17:21:20.021</lockedOn>
    <deleted>false</deleted>
    <versionTs class="sql-timestamp">2016-02-19 17:21:20.005</versionTs>
    <lang>1</lang>
  </com.dotmarketing.portlets.contentlet.model.ContentletVersionInfo>
  <com.dotmarketing.portlets.contentlet.model.ContentletVersionInfo>
    <identifier>39c5ead5-62c3-46db-b22c-033b44b28766</identifier>
    <liveInode>facc9d5f-6d29-40f9-b5b6-1cb14c075a78</liveInode>
    <workingInode>facc9d5f-6d29-40f9-b5b6-1cb14c075a78</workingInode>
    <lockedOn class="sql-timestamp">2019-03-21 15:06:35.419</lockedOn>
    <deleted>false</deleted>
    <versionTs class="sql-timestamp">2019-03-21 15:06:35.439</versionTs>
    <lang>1</lang>
  </com.dotmarketing.portlets.contentlet.model.ContentletVersionInfo>
  <com.dotmarketing.portlets.contentlet.model.ContentletVersionInfo>
    <identifier>3b72df4c-1f1a-4a6f-8531-2cdacd496ad8</identifier>
    <liveInode>f0cd5e1f-c803-4cfc-841d-ede16713e702</liveInode>
    <workingInode>f0cd5e1f-c803-4cfc-841d-ede16713e702</workingInode>
    <lockedOn class="sql-timestamp">2019-03-21 15:05:58.269</lockedOn>
    <deleted>false</deleted>
    <versionTs class="sql-timestamp">2019-03-21 15:05:58.286</versionTs>
    <lang>1</lang>
  </com.dotmarketing.portlets.contentlet.model.ContentletVersionInfo>
  <com.dotmarketing.portlets.contentlet.model.ContentletVersionInfo>
    <identifier>3cd79729-0efe-4414-ad72-2d5a084d490c</identifier>
    <liveInode>cc72ed10-0456-4bd6-89f9-1ffaf68c448e</liveInode>
    <workingInode>cc72ed10-0456-4bd6-89f9-1ffaf68c448e</workingInode>
    <lockedOn class="sql-timestamp">2019-04-12 19:26:21.066</lockedOn>
    <deleted>false</deleted>
    <versionTs class="sql-timestamp">2019-04-12 19:26:21.043</versionTs>
    <lang>1</lang>
  </com.dotmarketing.portlets.contentlet.model.ContentletVersionInfo>
  <com.dotmarketing.portlets.contentlet.model.ContentletVersionInfo>
    <identifier>411b4c19-614e-4f19-b490-60d325b7bb52</identifier>
    <liveInode>eaf1b9b1-f95e-4778-a015-39b3cc9d390e</liveInode>
    <workingInode>eaf1b9b1-f95e-4778-a015-39b3cc9d390e</workingInode>
    <lockedOn class="sql-timestamp">2019-04-12 18:38:48.318</lockedOn>
    <deleted>false</deleted>
    <versionTs class="sql-timestamp">2019-04-15 19:24:16.179</versionTs>
    <lang>1</lang>
  </com.dotmarketing.portlets.contentlet.model.ContentletVersionInfo>
  <com.dotmarketing.portlets.contentlet.model.ContentletVersionInfo>
    <identifier>44d669ae-d0f6-4f07-a0a8-85ce0c3959ad</identifier>
    <liveInode>87ee5ada-1374-49b5-a666-f35b6dd87432</liveInode>
    <workingInode>87ee5ada-1374-49b5-a666-f35b6dd87432</workingInode>
    <lockedOn class="sql-timestamp">2019-04-15 19:20:45.083</lockedOn>
    <deleted>false</deleted>
    <versionTs class="sql-timestamp">2019-04-15 19:20:45.884</versionTs>
    <lang>1</lang>
  </com.dotmarketing.portlets.contentlet.model.ContentletVersionInfo>
  <com.dotmarketing.portlets.contentlet.model.ContentletVersionInfo>
    <identifier>48190c8c-42c4-46af-8d1a-0cd5db894797</identifier>
    <liveInode>ed8be910-529a-454c-b3bc-91844a6199aa</liveInode>
    <workingInode>ed8be910-529a-454c-b3bc-91844a6199aa</workingInode>
    <lockedOn class="sql-timestamp">2019-04-12 19:27:05.088</lockedOn>
    <deleted>false</deleted>
    <versionTs class="sql-timestamp">2019-04-12 19:27:04.077</versionTs>
    <lang>1</lang>
  </com.dotmarketing.portlets.contentlet.model.ContentletVersionInfo>
  <com.dotmarketing.portlets.contentlet.model.ContentletVersionInfo>
    <identifier>503be167-bb48-4880-85ac-e6076ecb12b9</identifier>
    <liveInode>0da049d9-4689-43b2-90a8-44f5739112bb</liveInode>
    <workingInode>0da049d9-4689-43b2-90a8-44f5739112bb</workingInode>
    <lockedOn class="sql-timestamp">2019-03-21 16:28:28.811</lockedOn>
    <deleted>false</deleted>
    <versionTs class="sql-timestamp">2019-03-21 16:28:27.801</versionTs>
    <lang>1</lang>
  </com.dotmarketing.portlets.contentlet.model.ContentletVersionInfo>
  <com.dotmarketing.portlets.contentlet.model.ContentletVersionInfo>
    <identifier>5b0a8283-924b-4f4f-ae1c-471c8737dfdd</identifier>
    <liveInode>5cf08286-9187-4cd1-82f7-67a6ad3b833b</liveInode>
    <workingInode>5cf08286-9187-4cd1-82f7-67a6ad3b833b</workingInode>
    <lockedOn class="sql-timestamp">2019-03-21 15:06:23.33</lockedOn>
    <deleted>false</deleted>
    <versionTs class="sql-timestamp">2019-04-15 19:33:51.419</versionTs>
    <lang>1</lang>
  </com.dotmarketing.portlets.contentlet.model.ContentletVersionInfo>
  <com.dotmarketing.portlets.contentlet.model.ContentletVersionInfo>
    <identifier>5d7cf613-d477-47fc-9bb4-ef13d0657e82</identifier>
    <liveInode>f30c17fa-6b6a-4c6a-88e0-15781f5035a3</liveInode>
    <workingInode>f30c17fa-6b6a-4c6a-88e0-15781f5035a3</workingInode>
    <lockedOn class="sql-timestamp">2019-04-12 21:04:56.841</lockedOn>
    <deleted>false</deleted>
    <versionTs class="sql-timestamp">2019-04-12 21:04:57.834</versionTs>
    <lang>1</lang>
  </com.dotmarketing.portlets.contentlet.model.ContentletVersionInfo>
  <com.dotmarketing.portlets.contentlet.model.ContentletVersionInfo>
    <identifier>651a4dc8-2124-45d8-8bd2-d8e68ad358a8</identifier>
    <liveInode>35c8f77d-80e7-4c2f-8486-3df59822efe5</liveInode>
    <workingInode>35c8f77d-80e7-4c2f-8486-3df59822efe5</workingInode>
    <lockedOn class="sql-timestamp">2017-09-01 17:15:28.46</lockedOn>
    <deleted>false</deleted>
    <versionTs class="sql-timestamp">2017-09-01 17:15:28.443</versionTs>
    <lang>1</lang>
  </com.dotmarketing.portlets.contentlet.model.ContentletVersionInfo>
  <com.dotmarketing.portlets.contentlet.model.ContentletVersionInfo>
    <identifier>6e13f4a3-e025-4a99-8ad0-ff707014c6a2</identifier>
    <liveInode>1041bde8-27ea-4c68-af96-ddbb633a1a7c</liveInode>
    <workingInode>1041bde8-27ea-4c68-af96-ddbb633a1a7c</workingInode>
    <lockedOn class="sql-timestamp">2019-04-12 18:58:39.392</lockedOn>
    <deleted>false</deleted>
    <versionTs class="sql-timestamp">2019-04-16 00:58:30.98</versionTs>
    <lang>1</lang>
  </com.dotmarketing.portlets.contentlet.model.ContentletVersionInfo>
  <com.dotmarketing.portlets.contentlet.model.ContentletVersionInfo>
    <identifier>7017fe6a-4578-4a5f-9a00-e44cd90520e5</identifier>
    <liveInode>70e07b58-d467-4710-826a-bbd0f6a3a6cb</liveInode>
    <workingInode>70e07b58-d467-4710-826a-bbd0f6a3a6cb</workingInode>
    <lockedOn class="sql-timestamp">2019-03-21 16:01:08.232</lockedOn>
    <deleted>false</deleted>
    <versionTs class="sql-timestamp">2019-03-21 16:01:08.873</versionTs>
    <lang>1</lang>
  </com.dotmarketing.portlets.contentlet.model.ContentletVersionInfo>
  <com.dotmarketing.portlets.contentlet.model.ContentletVersionInfo>
    <identifier>72b5e70e-9d58-468d-a45b-dce77feb3581</identifier>
    <liveInode>ace1c1db-aada-44d7-b9e8-658492c2c750</liveInode>
    <workingInode>ace1c1db-aada-44d7-b9e8-658492c2c750</workingInode>
    <lockedOn class="sql-timestamp">2019-04-15 19:20:03.856</lockedOn>
    <deleted>false</deleted>
    <versionTs class="sql-timestamp">2019-04-15 19:20:02.842</versionTs>
    <lang>1</lang>
  </com.dotmarketing.portlets.contentlet.model.ContentletVersionInfo>
  <com.dotmarketing.portlets.contentlet.model.ContentletVersionInfo>
    <identifier>75fd4566-a292-41bf-86e6-e649c5a71afd</identifier>
    <liveInode>0b75f0ec-1243-445f-932c-6e78f26b6f80</liveInode>
    <workingInode>0b75f0ec-1243-445f-932c-6e78f26b6f80</workingInode>
    <lockedOn class="sql-timestamp">2019-03-21 13:54:34.141</lockedOn>
    <deleted>false</deleted>
    <versionTs class="sql-timestamp">2019-03-21 13:54:34.557</versionTs>
    <lang>1</lang>
  </com.dotmarketing.portlets.contentlet.model.ContentletVersionInfo>
  <com.dotmarketing.portlets.contentlet.model.ContentletVersionInfo>
    <identifier>8d3d68ca-e661-47a4-9c32-309a4b6b92ee</identifier>
    <liveInode>d0c01911-1c50-40d8-bb80-92cf28cfa684</liveInode>
    <workingInode>d0c01911-1c50-40d8-bb80-92cf28cfa684</workingInode>
    <lockedOn class="sql-timestamp">2017-02-08 19:11:06.0</lockedOn>
    <deleted>false</deleted>
    <versionTs class="sql-timestamp">2017-03-07 18:25:58.716</versionTs>
    <lang>1</lang>
  </com.dotmarketing.portlets.contentlet.model.ContentletVersionInfo>
  <com.dotmarketing.portlets.contentlet.model.ContentletVersionInfo>
    <identifier>8e47b8f4-31ee-4dfd-9218-23a9bd0b8b0a</identifier>
    <liveInode>94ecbee2-8f1d-4b22-a03b-b5a3846e3bb9</liveInode>
    <workingInode>94ecbee2-8f1d-4b22-a03b-b5a3846e3bb9</workingInode>
    <lockedOn class="sql-timestamp">2019-03-21 15:53:57.804</lockedOn>
    <deleted>false</deleted>
    <versionTs class="sql-timestamp">2019-03-21 15:53:56.792</versionTs>
    <lang>1</lang>
  </com.dotmarketing.portlets.contentlet.model.ContentletVersionInfo>
  <com.dotmarketing.portlets.contentlet.model.ContentletVersionInfo>
    <identifier>8ef608e3-7ac8-45fe-9c72-3d5f584a0a50</identifier>
    <liveInode>07d97e06-ce87-4390-83c0-0fadcd9e7373</liveInode>
    <workingInode>07d97e06-ce87-4390-83c0-0fadcd9e7373</workingInode>
    <lockedOn class="sql-timestamp">2017-02-09 16:21:56.0</lockedOn>
    <deleted>false</deleted>
    <versionTs class="sql-timestamp">2017-03-07 18:25:58.841</versionTs>
    <lang>1</lang>
  </com.dotmarketing.portlets.contentlet.model.ContentletVersionInfo>
  <com.dotmarketing.portlets.contentlet.model.ContentletVersionInfo>
    <identifier>914c93c2-800a-4638-8832-349c221cc87a</identifier>
    <liveInode>02bd14a0-4139-4535-a746-8389ae716981</liveInode>
    <workingInode>02bd14a0-4139-4535-a746-8389ae716981</workingInode>
    <lockedOn class="sql-timestamp">2016-02-19 17:21:27.592</lockedOn>
    <deleted>false</deleted>
    <versionTs class="sql-timestamp">2016-02-19 17:21:27.578</versionTs>
    <lang>1</lang>
  </com.dotmarketing.portlets.contentlet.model.ContentletVersionInfo>
  <com.dotmarketing.portlets.contentlet.model.ContentletVersionInfo>
    <identifier>9378b055-5431-4269-9916-e3e427865746</identifier>
    <liveInode>fa823a7b-a25b-4afd-954a-8a1bd0e2ff27</liveInode>
    <workingInode>fa823a7b-a25b-4afd-954a-8a1bd0e2ff27</workingInode>
    <lockedOn class="sql-timestamp">2019-04-12 19:12:17.145</lockedOn>
    <deleted>false</deleted>
    <versionTs class="sql-timestamp">2019-03-21 16:07:36.165</versionTs>
    <lang>1</lang>
  </com.dotmarketing.portlets.contentlet.model.ContentletVersionInfo>
  <com.dotmarketing.portlets.contentlet.model.ContentletVersionInfo>
    <identifier>946f740b-ffe5-41da-9203-83906a10460d</identifier>
    <liveInode>5f70a930-1e43-4ebf-b259-afa3465fe02c</liveInode>
    <workingInode>5f70a930-1e43-4ebf-b259-afa3465fe02c</workingInode>
    <lockedOn class="sql-timestamp">2019-03-21 15:48:01.55</lockedOn>
    <deleted>false</deleted>
    <versionTs class="sql-timestamp">2019-03-21 15:48:00.539</versionTs>
    <lang>1</lang>
  </com.dotmarketing.portlets.contentlet.model.ContentletVersionInfo>
  <com.dotmarketing.portlets.contentlet.model.ContentletVersionInfo>
    <identifier>948b30d2-58ae-4a51-a357-10200fd8d32d</identifier>
    <liveInode>7fdab599-716b-40be-aac3-18454c040783</liveInode>
    <workingInode>7fdab599-716b-40be-aac3-18454c040783</workingInode>
    <lockedOn class="sql-timestamp">2019-03-21 15:06:13.272</lockedOn>
    <deleted>false</deleted>
    <versionTs class="sql-timestamp">2019-04-15 19:36:30.915</versionTs>
    <lang>1</lang>
  </com.dotmarketing.portlets.contentlet.model.ContentletVersionInfo>
  <com.dotmarketing.portlets.contentlet.model.ContentletVersionInfo>
    <identifier>965a3649-42a4-4856-b272-51b3b1327ed6</identifier>
    <liveInode>bc4afbcf-ebbb-4652-8fff-6d0b27f8254b</liveInode>
    <workingInode>bc4afbcf-ebbb-4652-8fff-6d0b27f8254b</workingInode>
    <lockedOn class="sql-timestamp">2017-02-08 19:11:04.0</lockedOn>
    <deleted>false</deleted>
    <versionTs class="sql-timestamp">2017-03-07 18:25:58.76</versionTs>
    <lang>1</lang>
  </com.dotmarketing.portlets.contentlet.model.ContentletVersionInfo>
  <com.dotmarketing.portlets.contentlet.model.ContentletVersionInfo>
    <identifier>97b39a03-2f0a-41b1-82c4-ff8a1b5fe741</identifier>
    <liveInode>07ecf81c-94e8-45ff-a001-b719b55d66e0</liveInode>
    <workingInode>07ecf81c-94e8-45ff-a001-b719b55d66e0</workingInode>
    <lockedOn class="sql-timestamp">2019-03-21 15:06:13.051</lockedOn>
    <deleted>false</deleted>
    <versionTs class="sql-timestamp">2019-03-21 15:06:13.068</versionTs>
    <lang>1</lang>
  </com.dotmarketing.portlets.contentlet.model.ContentletVersionInfo>
  <com.dotmarketing.portlets.contentlet.model.ContentletVersionInfo>
    <identifier>a5b9384b-f5c2-4975-89ee-f28706831d83</identifier>
    <liveInode>278a50df-957f-4743-b715-bcba6a529c56</liveInode>
    <workingInode>278a50df-957f-4743-b715-bcba6a529c56</workingInode>
    <lockedOn class="sql-timestamp">2017-02-08 19:11:04.0</lockedOn>
    <deleted>false</deleted>
    <versionTs class="sql-timestamp">2017-03-07 18:25:58.777</versionTs>
    <lang>1</lang>
  </com.dotmarketing.portlets.contentlet.model.ContentletVersionInfo>
  <com.dotmarketing.portlets.contentlet.model.ContentletVersionInfo>
    <identifier>a713d74c-8605-4dfb-b775-a2551eff6f4d</identifier>
    <liveInode>53dfd532-59d8-48ec-8bae-1ac3a3a652da</liveInode>
    <workingInode>53dfd532-59d8-48ec-8bae-1ac3a3a652da</workingInode>
    <lockedOn class="sql-timestamp">2019-04-12 21:04:50.762</lockedOn>
    <deleted>false</deleted>
    <versionTs class="sql-timestamp">2019-04-12 21:04:51.754</versionTs>
    <lang>1</lang>
  </com.dotmarketing.portlets.contentlet.model.ContentletVersionInfo>
  <com.dotmarketing.portlets.contentlet.model.ContentletVersionInfo>
    <identifier>aaf17ebb-d550-494f-8d64-195d731023ba</identifier>
    <liveInode>648b4520-df68-44e9-9e97-e77eb8217321</liveInode>
    <workingInode>648b4520-df68-44e9-9e97-e77eb8217321</workingInode>
    <lockedOn class="sql-timestamp">2019-03-21 15:05:43.289</lockedOn>
    <deleted>false</deleted>
    <versionTs class="sql-timestamp">2019-03-21 15:05:43.336</versionTs>
    <lang>1</lang>
  </com.dotmarketing.portlets.contentlet.model.ContentletVersionInfo>
  <com.dotmarketing.portlets.contentlet.model.ContentletVersionInfo>
    <identifier>af0cabbc-a404-45b0-bee9-9acce61cc09b</identifier>
    <liveInode>72902eb3-fe28-4eb7-8199-0eda5b7e8937</liveInode>
    <workingInode>72902eb3-fe28-4eb7-8199-0eda5b7e8937</workingInode>
    <lockedOn class="sql-timestamp">2019-03-21 15:06:23.161</lockedOn>
    <deleted>false</deleted>
    <versionTs class="sql-timestamp">2019-04-15 19:31:24.218</versionTs>
    <lang>1</lang>
  </com.dotmarketing.portlets.contentlet.model.ContentletVersionInfo>
  <com.dotmarketing.portlets.contentlet.model.ContentletVersionInfo>
    <identifier>afe2f105-cf9a-449b-bc3e-31cbef7b2c14</identifier>
    <liveInode>bb1671c4-4e35-4dca-a08a-fcf90d870078</liveInode>
    <workingInode>bb1671c4-4e35-4dca-a08a-fcf90d870078</workingInode>
    <lockedOn class="sql-timestamp">2019-03-21 15:53:31.516</lockedOn>
    <deleted>false</deleted>
    <versionTs class="sql-timestamp">2019-03-21 15:53:31.752</versionTs>
    <lang>1</lang>
  </com.dotmarketing.portlets.contentlet.model.ContentletVersionInfo>
  <com.dotmarketing.portlets.contentlet.model.ContentletVersionInfo>
    <identifier>b7cd9f1c-79e7-4a10-802b-9923a741fa06</identifier>
    <liveInode>b6b0709f-5896-4c25-9d55-6aaa0a48b537</liveInode>
    <workingInode>b6b0709f-5896-4c25-9d55-6aaa0a48b537</workingInode>
    <lockedOn class="sql-timestamp">2019-03-21 15:06:35.506</lockedOn>
    <deleted>false</deleted>
    <versionTs class="sql-timestamp">2019-04-15 19:49:41.562</versionTs>
    <lang>1</lang>
  </com.dotmarketing.portlets.contentlet.model.ContentletVersionInfo>
  <com.dotmarketing.portlets.contentlet.model.ContentletVersionInfo>
    <identifier>bcb036d3-cd4b-4801-96d9-d5677641fa6e</identifier>
    <liveInode>46a96d5d-7e0a-45cb-abd2-d1b1ea79f643</liveInode>
    <workingInode>46a96d5d-7e0a-45cb-abd2-d1b1ea79f643</workingInode>
    <lockedOn class="sql-timestamp">2019-03-21 15:06:35.521</lockedOn>
    <deleted>false</deleted>
    <versionTs class="sql-timestamp">2019-03-21 15:06:35.534</versionTs>
    <lang>1</lang>
  </com.dotmarketing.portlets.contentlet.model.ContentletVersionInfo>
  <com.dotmarketing.portlets.contentlet.model.ContentletVersionInfo>
    <identifier>c0236cbf-53a5-4c8b-8399-e4ae8aabd662</identifier>
    <liveInode>70d7996b-42a4-4afe-a428-43cd474ed59f</liveInode>
    <workingInode>70d7996b-42a4-4afe-a428-43cd474ed59f</workingInode>
    <lockedOn class="sql-timestamp">2017-02-08 19:11:04.0</lockedOn>
    <deleted>false</deleted>
    <versionTs class="sql-timestamp">2017-03-07 18:25:58.866</versionTs>
    <lang>1</lang>
  </com.dotmarketing.portlets.contentlet.model.ContentletVersionInfo>
  <com.dotmarketing.portlets.contentlet.model.ContentletVersionInfo>
    <identifier>c1f7091c-18c1-4c24-a307-a6e3bd572ae5</identifier>
    <liveInode>4e8df318-8f86-47e9-938c-8358d33d2f1e</liveInode>
    <workingInode>4e8df318-8f86-47e9-938c-8358d33d2f1e</workingInode>
    <lockedOn class="sql-timestamp">2019-03-21 15:05:43.45</lockedOn>
    <deleted>false</deleted>
    <versionTs class="sql-timestamp">2019-03-21 15:05:43.47</versionTs>
    <lang>1</lang>
  </com.dotmarketing.portlets.contentlet.model.ContentletVersionInfo>
  <com.dotmarketing.portlets.contentlet.model.ContentletVersionInfo>
    <identifier>c2e3bec0-3de2-4adb-bbd1-9dcf436ec4d5</identifier>
    <liveInode>1d663c79-0f77-480d-a3a7-04b9006492a4</liveInode>
    <workingInode>1d663c79-0f77-480d-a3a7-04b9006492a4</workingInode>
    <lockedOn class="sql-timestamp">2019-03-21 15:05:43.289</lockedOn>
    <deleted>false</deleted>
    <versionTs class="sql-timestamp">2019-03-21 15:05:43.335</versionTs>
    <lang>1</lang>
  </com.dotmarketing.portlets.contentlet.model.ContentletVersionInfo>
  <com.dotmarketing.portlets.contentlet.model.ContentletVersionInfo>
    <identifier>c532ff23-15c5-4d20-9bc3-696e28233802</identifier>
    <liveInode>2f83a353-ae50-40ca-9f81-3749284c0495</liveInode>
    <workingInode>2f83a353-ae50-40ca-9f81-3749284c0495</workingInode>
    <lockedOn class="sql-timestamp">2019-04-12 21:04:46.694</lockedOn>
    <deleted>false</deleted>
    <versionTs class="sql-timestamp">2019-04-12 21:04:47.716</versionTs>
    <lang>1</lang>
  </com.dotmarketing.portlets.contentlet.model.ContentletVersionInfo>
  <com.dotmarketing.portlets.contentlet.model.ContentletVersionInfo>
    <identifier>c7feb745-0cac-4dd3-aac2-d969221bbe54</identifier>
    <liveInode>d156a9ec-a376-44a5-b454-ac631c17ee67</liveInode>
    <workingInode>d156a9ec-a376-44a5-b454-ac631c17ee67</workingInode>
    <lockedOn class="sql-timestamp">2017-02-08 19:11:06.0</lockedOn>
    <deleted>false</deleted>
    <versionTs class="sql-timestamp">2017-03-07 18:25:58.816</versionTs>
    <lang>1</lang>
  </com.dotmarketing.portlets.contentlet.model.ContentletVersionInfo>
  <com.dotmarketing.portlets.contentlet.model.ContentletVersionInfo>
    <identifier>d33f0e12-c6af-48bb-99a8-be0a6152ee51</identifier>
    <liveInode>75a4f7ba-7218-4bed-bb10-bd3807ea223c</liveInode>
    <workingInode>75a4f7ba-7218-4bed-bb10-bd3807ea223c</workingInode>
    <lockedOn class="sql-timestamp">2019-04-12 21:04:48.744</lockedOn>
    <deleted>false</deleted>
    <versionTs class="sql-timestamp">2019-04-12 21:04:49.737</versionTs>
    <lang>1</lang>
  </com.dotmarketing.portlets.contentlet.model.ContentletVersionInfo>
  <com.dotmarketing.portlets.contentlet.model.ContentletVersionInfo>
    <identifier>d4ffa84f-8746-46f8-ac29-1f8ca2c7eaeb</identifier>
    <liveInode>d475422a-e9f0-4ef5-8797-147f630df47d</liveInode>
    <workingInode>d475422a-e9f0-4ef5-8797-147f630df47d</workingInode>
    <lockedOn class="sql-timestamp">2017-03-02 18:10:40.576</lockedOn>
    <deleted>false</deleted>
    <versionTs class="sql-timestamp">2017-03-02 18:10:40.499</versionTs>
    <lang>1</lang>
  </com.dotmarketing.portlets.contentlet.model.ContentletVersionInfo>
  <com.dotmarketing.portlets.contentlet.model.ContentletVersionInfo>
    <identifier>d60e7224-557a-4045-930d-4165937107ab</identifier>
    <liveInode>712d14ed-c3db-4d21-88d3-d67254891803</liveInode>
    <workingInode>712d14ed-c3db-4d21-88d3-d67254891803</workingInode>
    <lockedOn class="sql-timestamp">2019-04-12 21:05:00.879</lockedOn>
    <deleted>false</deleted>
    <versionTs class="sql-timestamp">2019-04-12 21:05:01.873</versionTs>
    <lang>1</lang>
  </com.dotmarketing.portlets.contentlet.model.ContentletVersionInfo>
  <com.dotmarketing.portlets.contentlet.model.ContentletVersionInfo>
    <identifier>dc1f0437-c135-41bf-b4d9-8f0233acf7e2</identifier>
    <liveInode>d9cd73b7-3579-45cb-9ad4-438ef90a40aa</liveInode>
    <workingInode>d9cd73b7-3579-45cb-9ad4-438ef90a40aa</workingInode>
    <lockedOn class="sql-timestamp">2019-04-12 21:07:00.952</lockedOn>
    <deleted>false</deleted>
    <versionTs class="sql-timestamp">2019-04-12 21:07:39.05</versionTs>
    <lang>1</lang>
  </com.dotmarketing.portlets.contentlet.model.ContentletVersionInfo>
  <com.dotmarketing.portlets.contentlet.model.ContentletVersionInfo>
    <identifier>ea05f980-b5b9-4804-8d87-c97b06e40021</identifier>
    <liveInode>a8ec1003-189a-4c20-85cc-35d3908f181e</liveInode>
    <workingInode>a8ec1003-189a-4c20-85cc-35d3908f181e</workingInode>
    <lockedOn class="sql-timestamp">2019-04-12 21:04:52.777</lockedOn>
    <deleted>false</deleted>
    <versionTs class="sql-timestamp">2019-04-12 21:04:53.769</versionTs>
    <lang>1</lang>
  </com.dotmarketing.portlets.contentlet.model.ContentletVersionInfo>
  <com.dotmarketing.portlets.contentlet.model.ContentletVersionInfo>
    <identifier>f242f3bd-5be3-4547-87ed-615321f23fa1</identifier>
    <liveInode>38fde44a-554e-40cf-b4ec-9dc344df6a37</liveInode>
    <workingInode>38fde44a-554e-40cf-b4ec-9dc344df6a37</workingInode>
    <lockedOn class="sql-timestamp">2019-03-21 15:06:35.591</lockedOn>
    <deleted>false</deleted>
    <versionTs class="sql-timestamp">2019-03-21 15:06:35.601</versionTs>
    <lang>1</lang>
  </com.dotmarketing.portlets.contentlet.model.ContentletVersionInfo>
  <com.dotmarketing.portlets.contentlet.model.ContentletVersionInfo>
    <identifier>f7b033f6-f949-40e5-9ff2-66355c324bdc</identifier>
    <liveInode>7d2949be-1e63-48eb-bb72-31ff86dbd988</liveInode>
    <workingInode>7d2949be-1e63-48eb-bb72-31ff86dbd988</workingInode>
    <lockedOn class="sql-timestamp">2019-03-21 15:05:58.352</lockedOn>
    <deleted>false</deleted>
    <versionTs class="sql-timestamp">2019-03-21 15:05:58.364</versionTs>
    <lang>1</lang>
  </com.dotmarketing.portlets.contentlet.model.ContentletVersionInfo>
  <com.dotmarketing.portlets.contentlet.model.ContentletVersionInfo>
    <identifier>f81e78ab-713d-4505-87a8-8f80c33afd76</identifier>
    <liveInode>de86865a-40fb-451e-a3fc-bf9d14615e51</liveInode>
    <workingInode>de86865a-40fb-451e-a3fc-bf9d14615e51</workingInode>
    <lockedOn class="sql-timestamp">2019-03-21 15:06:23.061</lockedOn>
    <deleted>false</deleted>
    <versionTs class="sql-timestamp">2019-03-21 15:06:23.078</versionTs>
    <lang>1</lang>
  </com.dotmarketing.portlets.contentlet.model.ContentletVersionInfo>
  <com.dotmarketing.portlets.contentlet.model.ContentletVersionInfo>
    <identifier>f8d60f79-e006-42e0-894f-5d3488b796f6</identifier>
    <liveInode>a1278895-5989-41c9-8cdd-9bf5fb1eac07</liveInode>
    <workingInode>a1278895-5989-41c9-8cdd-9bf5fb1eac07</workingInode>
    <lockedOn class="sql-timestamp">2017-02-09 16:22:58.0</lockedOn>
    <deleted>false</deleted>
    <versionTs class="sql-timestamp">2017-03-07 18:25:58.695</versionTs>
    <lang>1</lang>
  </com.dotmarketing.portlets.contentlet.model.ContentletVersionInfo>
  <com.dotmarketing.portlets.contentlet.model.ContentletVersionInfo>
    <identifier>fd568618-b2ef-4992-a9ab-08fb2b82fc5d</identifier>
    <liveInode>92b6e70a-0b3d-4d4a-9625-2749a5c64e46</liveInode>
    <workingInode>92b6e70a-0b3d-4d4a-9625-2749a5c64e46</workingInode>
    <lockedOn class="sql-timestamp">2019-03-21 15:05:58.282</lockedOn>
    <deleted>false</deleted>
    <versionTs class="sql-timestamp">2019-03-21 15:05:58.302</versionTs>
    <lang>1</lang>
  </com.dotmarketing.portlets.contentlet.model.ContentletVersionInfo>
  <com.dotmarketing.portlets.contentlet.model.ContentletVersionInfo>
    <identifier>SYSTEM_HOST</identifier>
    <liveInode>dbdec5e2-c02b-4cfb-83a9-4a4c4f3b2eb0</liveInode>
    <workingInode>dbdec5e2-c02b-4cfb-83a9-4a4c4f3b2eb0</workingInode>
    <lockedOn class="sql-timestamp">2012-06-07 09:46:26.0</lockedOn>
    <deleted>false</deleted>
    <versionTs class="sql-timestamp">2017-03-07 18:25:58.061</versionTs>
    <lang>1</lang>
  </com.dotmarketing.portlets.contentlet.model.ContentletVersionInfo>
</list>