<list>
  <com.dotmarketing.portlets.containers.model.Container>
    <iDate class="sql-timestamp">2019-03-21 16:10:27.926</iDate>
    <type>containers</type>
    <inode>89d19983-6480-41a3-9f60-c7f544b46a00</inode>
    <identifier>293c57e5-8e84-4e87-8d5a-0fc927df18d3</identifier>
    <source>DB</source>
    <title>_Generic</title>
    <friendlyName>Generic Use Container</friendlyName>
    <modDate class="sql-timestamp">2019-03-21 16:10:27.935</modDate>
    <modUser>dotcms.org.1</modUser>
    <sortOrder>0</sortOrder>
    <showOnMenu>false</showOnMenu>
    <code></code>
    <maxContentlets>30</maxContentlets>
    <useDiv>false</useDiv>
    <sortContentletsBy></sortContentletsBy>
    <preLoop>#ContainerInfo()</preLoop>
    <postLoop></postLoop>
    <staticify>false</staticify>
    <luceneQuery></luceneQuery>
    <notes></notes>
  </com.dotmarketing.portlets.containers.model.Container>
  <com.dotmarketing.portlets.containers.model.Container>
    <iDate class="sql-timestamp">2019-03-21 16:10:22.075</iDate>
    <type>containers</type>
    <inode>08827801-e4c5-4b11-9b78-154eea6fdb6c</inode>
    <identifier>969c90c7-a363-4b84-bce6-787c0884ecbc</identifier>
    <source>DB</source>
    <title>_Main Content 5</title>
    <friendlyName></friendlyName>
    <modDate class="sql-timestamp">2019-03-21 16:10:22.085</modDate>
    <modUser>dotcms.org.1</modUser>
    <sortOrder>0</sortOrder>
    <showOnMenu>false</showOnMenu>
    <code></code>
    <maxContentlets>30</maxContentlets>
    <useDiv>false</useDiv>
    <sortContentletsBy></sortContentletsBy>
    <preLoop>#ContainerInfo()</preLoop>
    <postLoop></postLoop>
    <staticify>false</staticify>
    <luceneQuery></luceneQuery>
    <notes></notes>
  </com.dotmarketing.portlets.containers.model.Container>
  <com.dotmarketing.portlets.containers.model.Container>
    <iDate class="sql-timestamp">2019-03-21 16:10:18.85</iDate>
    <type>containers</type>
    <inode>3b2de5b9-a890-487d-ab25-88885243f728</inode>
    <identifier>fe996643-30c0-4293-889f-85a16e41be13</identifier>
    <source>DB</source>
    <title>_Main Content 4</title>
    <friendlyName></friendlyName>
    <modDate class="sql-timestamp">2019-03-21 16:10:18.859</modDate>
    <modUser>dotcms.org.1</modUser>
    <sortOrder>0</sortOrder>
    <showOnMenu>false</showOnMenu>
    <code></code>
    <maxContentlets>30</maxContentlets>
    <useDiv>false</useDiv>
    <sortContentletsBy></sortContentletsBy>
    <preLoop>#ContainerInfo()</preLoop>
    <postLoop></postLoop>
    <staticify>false</staticify>
    <luceneQuery></luceneQuery>
    <notes></notes>
  </com.dotmarketing.portlets.containers.model.Container>
  <com.dotmarketing.portlets.containers.model.Container>
    <iDate class="sql-timestamp">2019-03-21 16:10:15.925</iDate>
    <type>containers</type>
    <inode>2940ef11-60d2-4659-a915-a4a58ef7e850</inode>
    <identifier>d85c2d2c-623d-4cdc-9a00-ce01ee8f92b8</identifier>
    <source>DB</source>
    <title>_Main Content 3</title>
    <friendlyName></friendlyName>
    <modDate class="sql-timestamp">2019-03-21 16:10:15.935</modDate>
    <modUser>dotcms.org.1</modUser>
    <sortOrder>0</sortOrder>
    <showOnMenu>false</showOnMenu>
    <code></code>
    <maxContentlets>30</maxContentlets>
    <useDiv>false</useDiv>
    <sortContentletsBy></sortContentletsBy>
    <preLoop>#ContainerInfo()</preLoop>
    <postLoop></postLoop>
    <staticify>false</staticify>
    <luceneQuery></luceneQuery>
    <notes></notes>
  </com.dotmarketing.portlets.containers.model.Container>
  <com.dotmarketing.portlets.containers.model.Container>
    <iDate class="sql-timestamp">2019-03-21 16:10:12.8</iDate>
    <type>containers</type>
    <inode>a5121051-0800-4232-b32d-0a3093ee733a</inode>
    <identifier>9ff03323-31ca-434d-a2f6-1de6cc1ad103</identifier>
    <source>DB</source>
    <title>_Main Content 2</title>
    <friendlyName></friendlyName>
    <modDate class="sql-timestamp">2019-03-21 16:10:12.807</modDate>
    <modUser>dotcms.org.1</modUser>
    <sortOrder>0</sortOrder>
    <showOnMenu>false</showOnMenu>
    <code></code>
    <maxContentlets>30</maxContentlets>
    <useDiv>false</useDiv>
    <sortContentletsBy></sortContentletsBy>
    <preLoop>#ContainerInfo()</preLoop>
    <postLoop></postLoop>
    <staticify>false</staticify>
    <luceneQuery></luceneQuery>
    <notes></notes>
  </com.dotmarketing.portlets.containers.model.Container>
  <com.dotmarketing.portlets.containers.model.Container>
    <iDate class="sql-timestamp">2019-03-21 16:10:09.227</iDate>
    <type>containers</type>
    <inode>abc42922-88d0-481d-8971-a6a56939f9ca</inode>
    <identifier>b0829958-a28a-492e-ab5c-109880838df6</identifier>
    <source>DB</source>
    <title>_Main Content 1</title>
    <friendlyName></friendlyName>
    <modDate class="sql-timestamp">2019-03-21 16:10:09.235</modDate>
    <modUser>dotcms.org.1</modUser>
    <sortOrder>0</sortOrder>
    <showOnMenu>false</showOnMenu>
    <code></code>
    <maxContentlets>30</maxContentlets>
    <useDiv>false</useDiv>
    <sortContentletsBy></sortContentletsBy>
    <preLoop>#ContainerInfo()</preLoop>
    <postLoop></postLoop>
    <staticify>false</staticify>
    <luceneQuery></luceneQuery>
    <notes></notes>
  </com.dotmarketing.portlets.containers.model.Container>
  <com.dotmarketing.portlets.containers.model.Container>
    <iDate class="sql-timestamp">2019-03-21 16:10:05.165</iDate>
    <type>containers</type>
    <inode>83d23837-e839-4d46-af88-103636f6847c</inode>
    <identifier>de0c9746-34c0-444b-b0d6-75c2214ce462</identifier>
    <source>DB</source>
    <title>_Aside Content 3</title>
    <friendlyName></friendlyName>
    <modDate class="sql-timestamp">2019-03-21 16:10:05.173</modDate>
    <modUser>dotcms.org.1</modUser>
    <sortOrder>0</sortOrder>
    <showOnMenu>false</showOnMenu>
    <code></code>
    <maxContentlets>30</maxContentlets>
    <useDiv>false</useDiv>
    <sortContentletsBy></sortContentletsBy>
    <preLoop>#ContainerInfo()</preLoop>
    <postLoop></postLoop>
    <staticify>false</staticify>
    <luceneQuery></luceneQuery>
    <notes></notes>
  </com.dotmarketing.portlets.containers.model.Container>
  <com.dotmarketing.portlets.containers.model.Container>
    <iDate class="sql-timestamp">2019-03-21 16:10:01.994</iDate>
    <type>containers</type>
    <inode>7f0563c8-aee5-4770-91ea-a4014efa84a7</inode>
    <identifier>7429db1b-b512-4005-99ca-f250f741bc0d</identifier>
    <source>DB</source>
    <title>_Aside Content 2</title>
    <friendlyName></friendlyName>
    <modDate class="sql-timestamp">2019-03-21 16:10:02.002</modDate>
    <modUser>dotcms.org.1</modUser>
    <sortOrder>0</sortOrder>
    <showOnMenu>false</showOnMenu>
    <code></code>
    <maxContentlets>30</maxContentlets>
    <useDiv>false</useDiv>
    <sortContentletsBy></sortContentletsBy>
    <preLoop>#ContainerInfo()</preLoop>
    <postLoop></postLoop>
    <staticify>false</staticify>
    <luceneQuery></luceneQuery>
    <notes></notes>
  </com.dotmarketing.portlets.containers.model.Container>
  <com.dotmarketing.portlets.containers.model.Container>
    <iDate class="sql-timestamp">2019-03-21 16:09:58.061</iDate>
    <type>containers</type>
    <inode>3171b48b-97f1-4c0a-bc75-01713f8654bb</inode>
    <identifier>022ee06c-9199-4ca5-83ee-d8b354550839</identifier>
    <source>DB</source>
    <title>_Aside Content 1</title>
    <friendlyName></friendlyName>
    <modDate class="sql-timestamp">2019-03-21 16:09:58.072</modDate>
    <modUser>dotcms.org.1</modUser>
    <sortOrder>0</sortOrder>
    <showOnMenu>false</showOnMenu>
    <code></code>
    <maxContentlets>30</maxContentlets>
    <useDiv>false</useDiv>
    <sortContentletsBy></sortContentletsBy>
    <preLoop>#ContainerInfo()</preLoop>
    <postLoop></postLoop>
    <staticify>false</staticify>
    <luceneQuery></luceneQuery>
    <notes></notes>
  </com.dotmarketing.portlets.containers.model.Container>
  <com.dotmarketing.portlets.containers.model.Container>
    <iDate class="sql-timestamp">2019-03-21 16:09:20.302</iDate>
    <type>containers</type>
    <inode>123998de-fb70-4ada-a73b-861db3003176</inode>
    <identifier>84776cda-3265-4d7f-a20f-f358c4a08bfe</identifier>
    <source>DB</source>
    <title>_Bottom Content</title>
    <friendlyName></friendlyName>
    <modDate class="sql-timestamp">2019-03-21 16:09:20.312</modDate>
    <modUser>dotcms.org.1</modUser>
    <sortOrder>0</sortOrder>
    <showOnMenu>false</showOnMenu>
    <code></code>
    <maxContentlets>30</maxContentlets>
    <useDiv>false</useDiv>
    <sortContentletsBy></sortContentletsBy>
    <preLoop>#ContainerInfo()</preLoop>
    <postLoop></postLoop>
    <staticify>false</staticify>
    <luceneQuery></luceneQuery>
    <notes></notes>
  </com.dotmarketing.portlets.containers.model.Container>
  <com.dotmarketing.portlets.containers.model.Container>
    <iDate class="sql-timestamp">2019-03-21 16:09:12.489</iDate>
    <type>containers</type>
    <inode>76a4aa4d-0bd9-4f77-ae48-fc58dac91e65</inode>
    <identifier>100e4f6a-49ae-4299-ab1d-920a5db3c4eb</identifier>
    <source>DB</source>
    <title>_Top Content</title>
    <friendlyName></friendlyName>
    <modDate class="sql-timestamp">2019-03-21 16:09:12.5</modDate>
    <modUser>dotcms.org.1</modUser>
    <sortOrder>0</sortOrder>
    <showOnMenu>false</showOnMenu>
    <code></code>
    <maxContentlets>30</maxContentlets>
    <useDiv>false</useDiv>
    <sortContentletsBy></sortContentletsBy>
    <preLoop>#ContainerInfo()</preLoop>
    <postLoop></postLoop>
    <staticify>false</staticify>
    <luceneQuery></luceneQuery>
    <notes></notes>
  </com.dotmarketing.portlets.containers.model.Container>
  <com.dotmarketing.portlets.containers.model.Container>
    <iDate class="sql-timestamp">2019-03-21 15:26:17.908</iDate>
    <type>containers</type>
    <inode>37e3a9db-1605-4b78-bd68-1ab97cfc1dd5</inode>
    <identifier>fc15d2ab-bc8d-4e0f-b27f-049471a11d88</identifier>
    <source>DB</source>
    <title>_Global Scripts</title>
    <friendlyName>Global Macros, Includes, imports, etc</friendlyName>
    <modDate class="sql-timestamp">2019-03-21 15:26:17.916</modDate>
    <modUser>dotcms.org.1</modUser>
    <sortOrder>0</sortOrder>
    <showOnMenu>false</showOnMenu>
    <code>## Sitewide Vars&#xd;
#dotParse(&quot;/application/includes/globals.vtl&quot;)&#xd;
#dotParse(&quot;/application/includes/options.vtl&quot;)&#xd;
## Macros&#xd;
#dotParse(&apos;/application/macros/json-get.vm&apos;)&#xd;
#dotParse(&apos;/application/macros/container-info.vm&apos;)&#xd;
#dotParse(&apos;/application/macros/template-column.vm&apos;)&#xd;
#dotParse(&apos;/application/macros/slugify.vm&apos;)&#xd;
#dotParse(&apos;/application/macros/truncate-string.vm&apos;)&#xd;
#dotParse(&apos;/application/macros/button.vm&apos;)</code>
    <maxContentlets>0</maxContentlets>
    <useDiv>false</useDiv>
    <sortContentletsBy></sortContentletsBy>
    <preLoop></preLoop>
    <postLoop></postLoop>
    <staticify>false</staticify>
    <luceneQuery></luceneQuery>
    <notes></notes>
  </com.dotmarketing.portlets.containers.model.Container>
  <com.dotmarketing.portlets.containers.model.Container>
    <iDate class="sql-timestamp">2019-03-18 18:56:52.404</iDate>
    <type>containers</type>
    <inode>ea636c3c-65cf-413b-a5af-6173ea6b1210</inode>
    <identifier>293c57e5-8e84-4e87-8d5a-0fc927df18d3</identifier>
    <source>DB</source>
    <title>_Generic</title>
    <friendlyName>Generic Use Container</friendlyName>
    <modDate class="sql-timestamp">2019-03-18 18:56:52.414</modDate>
    <modUser>dotcms.org.1</modUser>
    <sortOrder>0</sortOrder>
    <showOnMenu>false</showOnMenu>
    <code></code>
    <maxContentlets>30</maxContentlets>
    <useDiv>false</useDiv>
    <sortContentletsBy></sortContentletsBy>
    <preLoop></preLoop>
    <postLoop></postLoop>
    <staticify>false</staticify>
    <luceneQuery></luceneQuery>
    <notes></notes>
  </com.dotmarketing.portlets.containers.model.Container>
  <com.dotmarketing.portlets.containers.model.Container>
    <iDate class="sql-timestamp">2019-03-18 18:56:17.097</iDate>
    <type>containers</type>
    <inode>0a817c25-81d1-40cf-ab23-f35503680e4d</inode>
    <identifier>293c57e5-8e84-4e87-8d5a-0fc927df18d3</identifier>
    <source>DB</source>
    <title>_Generic</title>
    <friendlyName>Generic Use Container</friendlyName>
    <modDate class="sql-timestamp">2019-03-18 18:56:17.108</modDate>
    <modUser>dotcms.org.1</modUser>
    <sortOrder>0</sortOrder>
    <showOnMenu>false</showOnMenu>
    <code></code>
    <maxContentlets>30</maxContentlets>
    <useDiv>false</useDiv>
    <sortContentletsBy></sortContentletsBy>
    <preLoop></preLoop>
    <postLoop></postLoop>
    <staticify>false</staticify>
    <luceneQuery></luceneQuery>
    <notes></notes>
  </com.dotmarketing.portlets.containers.model.Container>
</list>