<list>
  <com.dotmarketing.portlets.templates.model.Template>
    <iDate class="sql-timestamp">2018-07-24 19:09:05.326</iDate>
    <type>template</type>
    <owner></owner>
    <inode>a090b2b0-0753-4771-934e-660b0368113c</inode>
    <identifier>96e19b30-4f82-4a40-82ed-e8640962be93</identifier>
    <source>DB</source>
    <title>anonymous_layout_1532459868249</title>
    <friendlyName></friendlyName>
    <modDate class="sql-timestamp">2018-07-24 19:17:48.275</modDate>
    <modUser>dotcms.org.1</modUser>
    <sortOrder>0</sortOrder>
    <showOnMenu>false</showOnMenu>
    <image></image>
    <drawed>true</drawed>
    <drawedBody>{&quot;header&quot;:true,&quot;footer&quot;:true,&quot;body&quot;:{&quot;rows&quot;:[{&quot;columns&quot;:[{&quot;containers&quot;:[{&quot;identifier&quot;:&quot;a050073a-a31e-4aab-9307-86bfb248096a&quot;,&quot;uuid&quot;:&quot;1&quot;}],&quot;widthPercent&quot;:100,&quot;leftOffset&quot;:1,&quot;preview&quot;:false,&quot;width&quot;:12,&quot;left&quot;:0}],&quot;identifier&quot;:0},{&quot;columns&quot;:[{&quot;containers&quot;:[{&quot;identifier&quot;:&quot;a050073a-a31e-4aab-9307-86bfb248096a&quot;,&quot;uuid&quot;:&quot;2&quot;}],&quot;widthPercent&quot;:100,&quot;leftOffset&quot;:1,&quot;preview&quot;:false,&quot;width&quot;:12,&quot;left&quot;:0}],&quot;identifier&quot;:0}]},&quot;sidebar&quot;:{&quot;containers&quot;:[],&quot;location&quot;:&quot;&quot;,&quot;width&quot;:&quot;small&quot;,&quot;widthPercent&quot;:20,&quot;preview&quot;:false}}</drawedBody>
    <theme>b0c4b5e2-a7f6-43c0-a72f-5fef2bfcac23</theme>
  </com.dotmarketing.portlets.templates.model.Template>
  <com.dotmarketing.portlets.templates.model.Template>
    <iDate class="sql-timestamp">2018-07-24 19:09:05.326</iDate>
    <type>template</type>
    <owner></owner>
    <inode>f5879d20-abff-479d-aaa4-b417a3725998</inode>
    <identifier>96e19b30-4f82-4a40-82ed-e8640962be93</identifier>
    <source>DB</source>
    <title>anonymous_layout_1532459354731</title>
    <friendlyName></friendlyName>
    <modDate class="sql-timestamp">2018-07-24 19:09:14.759</modDate>
    <modUser>dotcms.org.1</modUser>
    <sortOrder>0</sortOrder>
    <showOnMenu>false</showOnMenu>
    <image></image>
    <drawed>true</drawed>
    <drawedBody>{&quot;header&quot;:true,&quot;footer&quot;:true,&quot;body&quot;:{&quot;rows&quot;:[{&quot;columns&quot;:[{&quot;containers&quot;:[{&quot;identifier&quot;:&quot;a050073a-a31e-4aab-9307-86bfb248096a&quot;,&quot;uuid&quot;:&quot;1&quot;}],&quot;widthPercent&quot;:100,&quot;leftOffset&quot;:1,&quot;preview&quot;:false,&quot;width&quot;:12,&quot;left&quot;:0}],&quot;identifier&quot;:0},{&quot;columns&quot;:[{&quot;containers&quot;:[{&quot;identifier&quot;:&quot;a050073a-a31e-4aab-9307-86bfb248096a&quot;,&quot;uuid&quot;:&quot;2&quot;}],&quot;widthPercent&quot;:100,&quot;leftOffset&quot;:1,&quot;preview&quot;:false,&quot;width&quot;:12,&quot;left&quot;:0}],&quot;identifier&quot;:0}]},&quot;sidebar&quot;:{&quot;containers&quot;:[],&quot;location&quot;:&quot;&quot;,&quot;width&quot;:&quot;small&quot;,&quot;widthPercent&quot;:20,&quot;preview&quot;:false}}</drawedBody>
    <theme>b0c4b5e2-a7f6-43c0-a72f-5fef2bfcac23</theme>
  </com.dotmarketing.portlets.templates.model.Template>
  <com.dotmarketing.portlets.templates.model.Template>
    <iDate class="sql-timestamp">2018-07-18 13:35:56.684</iDate>
    <type>template</type>
    <owner></owner>
    <inode>adba605c-4370-4db3-962e-b91ec4604e99</inode>
    <identifier>5389e6a5-ee91-4164-b6ad-cc4f695f1d84</identifier>
    <source>DB</source>
    <title>anonymous_layout_1531933597381</title>
    <friendlyName></friendlyName>
    <modDate class="sql-timestamp">2018-07-18 17:06:37.399</modDate>
    <modUser>dotcms.org.1</modUser>
    <sortOrder>0</sortOrder>
    <showOnMenu>false</showOnMenu>
    <image></image>
    <drawed>true</drawed>
    <drawedBody>{&quot;header&quot;:true,&quot;footer&quot;:true,&quot;body&quot;:{&quot;rows&quot;:[{&quot;columns&quot;:[{&quot;containers&quot;:[{&quot;identifier&quot;:&quot;a050073a-a31e-4aab-9307-86bfb248096a&quot;,&quot;uuid&quot;:&quot;1&quot;}],&quot;widthPercent&quot;:100,&quot;leftOffset&quot;:1,&quot;preview&quot;:false,&quot;width&quot;:12,&quot;left&quot;:0}],&quot;identifier&quot;:0},{&quot;columns&quot;:[{&quot;containers&quot;:[{&quot;identifier&quot;:&quot;a050073a-a31e-4aab-9307-86bfb248096a&quot;,&quot;uuid&quot;:&quot;2&quot;}],&quot;widthPercent&quot;:66,&quot;leftOffset&quot;:1,&quot;preview&quot;:false,&quot;width&quot;:8,&quot;left&quot;:0},{&quot;containers&quot;:[{&quot;identifier&quot;:&quot;fc193c82-8c32-4abe-ba8a-49522328c93e&quot;,&quot;uuid&quot;:&quot;1&quot;}],&quot;widthPercent&quot;:33,&quot;leftOffset&quot;:9,&quot;preview&quot;:false,&quot;width&quot;:4,&quot;left&quot;:8}],&quot;identifier&quot;:0}]},&quot;sidebar&quot;:{&quot;containers&quot;:[],&quot;location&quot;:&quot;&quot;,&quot;width&quot;:&quot;small&quot;,&quot;widthPercent&quot;:20,&quot;preview&quot;:false}}</drawedBody>
    <theme>b0c4b5e2-a7f6-43c0-a72f-5fef2bfcac23</theme>
  </com.dotmarketing.portlets.templates.model.Template>
  <com.dotmarketing.portlets.templates.model.Template>
    <iDate class="sql-timestamp">2018-06-13 20:26:35.705</iDate>
    <type>template</type>
    <owner></owner>
    <inode>367a8fa6-327d-4858-b26c-e095036dee88</inode>
    <identifier>4341f0fd-a456-4d77-83da-a5cd7248624d</identifier>
    <source>DB</source>
    <title>anonymous_layout_1528922390015</title>
    <friendlyName></friendlyName>
    <modDate class="sql-timestamp">2018-06-13 20:39:50.02</modDate>
    <modUser>dotcms.org.1</modUser>
    <sortOrder>0</sortOrder>
    <showOnMenu>false</showOnMenu>
    <image></image>
    <drawed>true</drawed>
    <drawedBody>{&quot;header&quot;:true,&quot;footer&quot;:true,&quot;body&quot;:{&quot;rows&quot;:[{&quot;columns&quot;:[{&quot;containers&quot;:[{&quot;identifier&quot;:&quot;a050073a-a31e-4aab-9307-86bfb248096a&quot;,&quot;uuid&quot;:&quot;1&quot;}],&quot;widthPercent&quot;:66,&quot;leftOffset&quot;:1,&quot;preview&quot;:false,&quot;width&quot;:8,&quot;left&quot;:0},{&quot;containers&quot;:[{&quot;identifier&quot;:&quot;5363c6c6-5ba0-4946-b7af-cf875188ac2e&quot;,&quot;uuid&quot;:&quot;1&quot;}],&quot;widthPercent&quot;:33,&quot;leftOffset&quot;:9,&quot;preview&quot;:false,&quot;width&quot;:4,&quot;left&quot;:8}],&quot;identifier&quot;:0}]},&quot;sidebar&quot;:{&quot;containers&quot;:[],&quot;location&quot;:&quot;&quot;,&quot;width&quot;:&quot;small&quot;,&quot;widthPercent&quot;:20,&quot;preview&quot;:false}}</drawedBody>
    <theme>79479e0e-87d0-4260-9c12-3f05e303adcc</theme>
  </com.dotmarketing.portlets.templates.model.Template>
  <com.dotmarketing.portlets.templates.model.Template>
    <iDate class="sql-timestamp">2018-06-13 19:52:13.653</iDate>
    <type>template</type>
    <owner></owner>
    <inode>84d3cfd1-b476-4bd9-a775-7c0c421c3937</inode>
    <identifier>a55a982f-2b8f-4672-8a5a-f4560a42ec1d</identifier>
    <source>DB</source>
    <title>anonymous_layout_1528919573185</title>
    <friendlyName></friendlyName>
    <modDate class="sql-timestamp">2018-06-13 19:52:53.192</modDate>
    <modUser>dotcms.org.1</modUser>
    <sortOrder>0</sortOrder>
    <showOnMenu>false</showOnMenu>
    <image></image>
    <drawed>true</drawed>
    <drawedBody>{&quot;header&quot;:true,&quot;footer&quot;:true,&quot;body&quot;:{&quot;rows&quot;:[{&quot;columns&quot;:[{&quot;containers&quot;:[{&quot;identifier&quot;:&quot;a050073a-a31e-4aab-9307-86bfb248096a&quot;,&quot;uuid&quot;:&quot;1&quot;}],&quot;widthPercent&quot;:33,&quot;leftOffset&quot;:1,&quot;preview&quot;:false,&quot;width&quot;:4,&quot;left&quot;:0},{&quot;containers&quot;:[{&quot;identifier&quot;:&quot;a050073a-a31e-4aab-9307-86bfb248096a&quot;,&quot;uuid&quot;:&quot;2&quot;}],&quot;widthPercent&quot;:50,&quot;leftOffset&quot;:5,&quot;preview&quot;:false,&quot;width&quot;:6,&quot;left&quot;:4},{&quot;containers&quot;:[{&quot;identifier&quot;:&quot;a050073a-a31e-4aab-9307-86bfb248096a&quot;,&quot;uuid&quot;:&quot;3&quot;}],&quot;widthPercent&quot;:16,&quot;leftOffset&quot;:11,&quot;preview&quot;:false,&quot;width&quot;:2,&quot;left&quot;:10}],&quot;identifier&quot;:0}]},&quot;sidebar&quot;:{&quot;containers&quot;:[],&quot;location&quot;:&quot;&quot;,&quot;width&quot;:&quot;small&quot;,&quot;widthPercent&quot;:20,&quot;preview&quot;:false}}</drawedBody>
    <theme>79479e0e-87d0-4260-9c12-3f05e303adcc</theme>
  </com.dotmarketing.portlets.templates.model.Template>
  <com.dotmarketing.portlets.templates.model.Template>
    <iDate class="sql-timestamp">2018-06-13 15:47:01.177</iDate>
    <type>template</type>
    <owner></owner>
    <inode>ab656a52-cd55-450b-818f-a33ac3996297</inode>
    <identifier>d1ec7b30-8e9e-4b3e-b075-9cd9557fee8b</identifier>
    <source>DB</source>
    <title>anonymous_layout_1528918253047</title>
    <friendlyName></friendlyName>
    <modDate class="sql-timestamp">2018-06-13 19:30:53.053</modDate>
    <modUser>dotcms.org.1</modUser>
    <sortOrder>0</sortOrder>
    <showOnMenu>false</showOnMenu>
    <image></image>
    <drawed>true</drawed>
    <drawedBody>{&quot;header&quot;:true,&quot;footer&quot;:true,&quot;body&quot;:{&quot;rows&quot;:[{&quot;columns&quot;:[{&quot;containers&quot;:[{&quot;identifier&quot;:&quot;a050073a-a31e-4aab-9307-86bfb248096a&quot;,&quot;uuid&quot;:&quot;1&quot;}],&quot;widthPercent&quot;:100,&quot;leftOffset&quot;:1,&quot;preview&quot;:false,&quot;width&quot;:12,&quot;left&quot;:0}],&quot;identifier&quot;:0},{&quot;columns&quot;:[{&quot;containers&quot;:[{&quot;identifier&quot;:&quot;3f0255e8-b45d-46ea-8bb7-eb6597db4c1e&quot;,&quot;uuid&quot;:&quot;1&quot;}],&quot;widthPercent&quot;:25,&quot;leftOffset&quot;:1,&quot;preview&quot;:false,&quot;width&quot;:3,&quot;left&quot;:0},{&quot;containers&quot;:[{&quot;identifier&quot;:&quot;3f0255e8-b45d-46ea-8bb7-eb6597db4c1e&quot;,&quot;uuid&quot;:&quot;2&quot;}],&quot;widthPercent&quot;:25,&quot;leftOffset&quot;:4,&quot;preview&quot;:false,&quot;width&quot;:3,&quot;left&quot;:3},{&quot;containers&quot;:[{&quot;identifier&quot;:&quot;3f0255e8-b45d-46ea-8bb7-eb6597db4c1e&quot;,&quot;uuid&quot;:&quot;3&quot;}],&quot;widthPercent&quot;:25,&quot;leftOffset&quot;:7,&quot;preview&quot;:false,&quot;width&quot;:3,&quot;left&quot;:6},{&quot;containers&quot;:[{&quot;identifier&quot;:&quot;3f0255e8-b45d-46ea-8bb7-eb6597db4c1e&quot;,&quot;uuid&quot;:&quot;4&quot;}],&quot;widthPercent&quot;:25,&quot;leftOffset&quot;:10,&quot;preview&quot;:false,&quot;width&quot;:3,&quot;left&quot;:9}],&quot;identifier&quot;:0},{&quot;columns&quot;:[{&quot;containers&quot;:[{&quot;identifier&quot;:&quot;a050073a-a31e-4aab-9307-86bfb248096a&quot;,&quot;uuid&quot;:&quot;2&quot;}],&quot;widthPercent&quot;:66,&quot;leftOffset&quot;:1,&quot;preview&quot;:false,&quot;width&quot;:8,&quot;left&quot;:0},{&quot;containers&quot;:[{&quot;identifier&quot;:&quot;5363c6c6-5ba0-4946-b7af-cf875188ac2e&quot;,&quot;uuid&quot;:&quot;1&quot;}],&quot;widthPercent&quot;:33,&quot;leftOffset&quot;:9,&quot;preview&quot;:false,&quot;width&quot;:4,&quot;left&quot;:8}],&quot;identifier&quot;:0}]},&quot;sidebar&quot;:{&quot;containers&quot;:[],&quot;location&quot;:&quot;&quot;,&quot;width&quot;:&quot;small&quot;,&quot;widthPercent&quot;:20,&quot;preview&quot;:false}}</drawedBody>
    <theme>79479e0e-87d0-4260-9c12-3f05e303adcc</theme>
  </com.dotmarketing.portlets.templates.model.Template>
  <com.dotmarketing.portlets.templates.model.Template>
    <iDate class="sql-timestamp">2018-04-17 16:32:57.509</iDate>
    <type>template</type>
    <owner></owner>
    <inode>86df7a65-5e49-477e-8c8b-5da49f362319</inode>
    <identifier>92f7025f-e5bf-4204-8446-81f9fe2086a0</identifier>
    <source>DB</source>
    <title>anonymous_layout_1523982777509</title>
    <friendlyName></friendlyName>
    <modDate class="sql-timestamp">2018-04-17 16:32:57.51</modDate>
    <modUser>dotcms.org.1</modUser>
    <sortOrder>0</sortOrder>
    <showOnMenu>false</showOnMenu>
    <image></image>
    <drawed>true</drawed>
    <drawedBody>{&quot;header&quot;:true,&quot;footer&quot;:true,&quot;body&quot;:{&quot;rows&quot;:[{&quot;columns&quot;:[{&quot;containers&quot;:[{&quot;identifier&quot;:&quot;a050073a-a31e-4aab-9307-86bfb248096a&quot;,&quot;uuid&quot;:&quot;LEGACY_RELATION_TYPE&quot;}],&quot;widthPercent&quot;:66,&quot;leftOffset&quot;:1,&quot;preview&quot;:false,&quot;width&quot;:8,&quot;left&quot;:0},{&quot;containers&quot;:[{&quot;identifier&quot;:&quot;5363c6c6-5ba0-4946-b7af-cf875188ac2e&quot;,&quot;uuid&quot;:&quot;LEGACY_RELATION_TYPE&quot;}],&quot;widthPercent&quot;:33,&quot;leftOffset&quot;:9,&quot;preview&quot;:false,&quot;width&quot;:4,&quot;left&quot;:8}],&quot;identifier&quot;:0}]},&quot;sidebar&quot;:{&quot;location&quot;:&quot;right&quot;,&quot;width&quot;:&quot;small&quot;,&quot;widthPercent&quot;:0,&quot;preview&quot;:false}}</drawedBody>
    <theme>79479e0e-87d0-4260-9c12-3f05e303adcc</theme>
  </com.dotmarketing.portlets.templates.model.Template>
  <com.dotmarketing.portlets.templates.model.Template>
    <iDate class="sql-timestamp">2018-04-17 16:23:05.523</iDate>
    <type>template</type>
    <owner></owner>
    <inode>a6e15c75-2624-4699-873b-d23af2d9c383</inode>
    <identifier>0af52a46-484d-47cf-8137-e1bfffb69c66</identifier>
    <source>DB</source>
    <title>anonymous_layout_1523982672336</title>
    <friendlyName></friendlyName>
    <modDate class="sql-timestamp">2018-04-17 16:31:12.339</modDate>
    <modUser>dotcms.org.1</modUser>
    <sortOrder>0</sortOrder>
    <showOnMenu>false</showOnMenu>
    <image></image>
    <drawed>true</drawed>
    <drawedBody>{&quot;header&quot;:true,&quot;footer&quot;:true,&quot;body&quot;:{&quot;rows&quot;:[{&quot;columns&quot;:[{&quot;containers&quot;:[{&quot;identifier&quot;:&quot;a050073a-a31e-4aab-9307-86bfb248096a&quot;,&quot;uuid&quot;:&quot;LEGACY_RELATION_TYPE&quot;}],&quot;widthPercent&quot;:100,&quot;leftOffset&quot;:1,&quot;preview&quot;:false,&quot;width&quot;:12,&quot;left&quot;:0}],&quot;identifier&quot;:0}]},&quot;sidebar&quot;:{&quot;containers&quot;:[],&quot;location&quot;:&quot;&quot;,&quot;width&quot;:&quot;small&quot;,&quot;widthPercent&quot;:0,&quot;preview&quot;:false}}</drawedBody>
    <theme>79479e0e-87d0-4260-9c12-3f05e303adcc</theme>
  </com.dotmarketing.portlets.templates.model.Template>
  <com.dotmarketing.portlets.templates.model.Template>
    <iDate class="sql-timestamp">2018-04-17 16:23:05.523</iDate>
    <type>template</type>
    <owner></owner>
    <inode>c4d0325b-b56b-4c0d-8366-2614f91f4cfd</inode>
    <identifier>0af52a46-484d-47cf-8137-e1bfffb69c66</identifier>
    <source>DB</source>
    <title>anonymous_layout_1523982289098</title>
    <friendlyName></friendlyName>
    <modDate class="sql-timestamp">2018-04-17 16:24:49.1</modDate>
    <modUser>dotcms.org.1</modUser>
    <sortOrder>0</sortOrder>
    <showOnMenu>false</showOnMenu>
    <image></image>
    <drawed>true</drawed>
    <drawedBody>{&quot;header&quot;:true,&quot;footer&quot;:true,&quot;body&quot;:{&quot;rows&quot;:[{&quot;columns&quot;:[{&quot;containers&quot;:[{&quot;identifier&quot;:&quot;a050073a-a31e-4aab-9307-86bfb248096a&quot;,&quot;uuid&quot;:&quot;LEGACY_RELATION_TYPE&quot;}],&quot;widthPercent&quot;:100,&quot;leftOffset&quot;:1,&quot;preview&quot;:false,&quot;width&quot;:12,&quot;left&quot;:0}],&quot;identifier&quot;:0}]},&quot;sidebar&quot;:{&quot;containers&quot;:[],&quot;location&quot;:&quot;&quot;,&quot;width&quot;:&quot;small&quot;,&quot;widthPercent&quot;:0,&quot;preview&quot;:false}}</drawedBody>
    <theme>79479e0e-87d0-4260-9c12-3f05e303adcc</theme>
  </com.dotmarketing.portlets.templates.model.Template>
  <com.dotmarketing.portlets.templates.model.Template>
    <iDate class="sql-timestamp">2018-04-06 17:11:20.204</iDate>
    <type>template</type>
    <owner></owner>
    <inode>a9b894fc-48dc-485b-b2d9-587956515e4c</inode>
    <identifier>4bb72d3b-e572-4910-8fc2-d725279adeb5</identifier>
    <source>DB</source>
    <title>anonymous_layout_1523036632378</title>
    <friendlyName></friendlyName>
    <modDate class="sql-timestamp">2018-04-06 17:43:52.381</modDate>
    <modUser>dotcms.org.1</modUser>
    <sortOrder>0</sortOrder>
    <showOnMenu>false</showOnMenu>
    <image></image>
    <drawed>true</drawed>
    <drawedBody>{&quot;header&quot;:true,&quot;footer&quot;:true,&quot;body&quot;:{&quot;rows&quot;:[{&quot;columns&quot;:[{&quot;containers&quot;:[{&quot;identifier&quot;:&quot;a050073a-a31e-4aab-9307-86bfb248096a&quot;,&quot;uuid&quot;:&quot;LEGACY_RELATION_TYPE&quot;}],&quot;widthPercent&quot;:66,&quot;leftOffset&quot;:1,&quot;preview&quot;:false,&quot;width&quot;:8,&quot;left&quot;:0},{&quot;containers&quot;:[{&quot;identifier&quot;:&quot;5363c6c6-5ba0-4946-b7af-cf875188ac2e&quot;,&quot;uuid&quot;:&quot;LEGACY_RELATION_TYPE&quot;}],&quot;widthPercent&quot;:33,&quot;leftOffset&quot;:9,&quot;preview&quot;:false,&quot;width&quot;:4,&quot;left&quot;:8}],&quot;identifier&quot;:0}]},&quot;sidebar&quot;:{&quot;containers&quot;:[],&quot;location&quot;:&quot;&quot;,&quot;width&quot;:&quot;small&quot;,&quot;widthPercent&quot;:0,&quot;preview&quot;:false}}</drawedBody>
    <theme>79479e0e-87d0-4260-9c12-3f05e303adcc</theme>
  </com.dotmarketing.portlets.templates.model.Template>
  <com.dotmarketing.portlets.templates.model.Template>
    <iDate class="sql-timestamp">2018-03-05 14:50:08.317</iDate>
    <type>template</type>
    <owner></owner>
    <inode>4c7ce396-0685-4b66-bcfc-6561dd7dad33</inode>
    <identifier>86a1e1fe-c026-49f7-91c9-3fb5a77e0172</identifier>
    <source>DB</source>
    <title>anonymous_layout_1520261408317</title>
    <friendlyName></friendlyName>
    <modDate class="sql-timestamp">2018-03-05 14:51:43.404</modDate>
    <modUser>dotcms.org.1</modUser>
    <sortOrder>0</sortOrder>
    <showOnMenu>false</showOnMenu>
    <image></image>
    <drawed>true</drawed>
    <drawedBody>{&quot;header&quot;:true,&quot;footer&quot;:true,&quot;body&quot;:{&quot;rows&quot;:[{&quot;columns&quot;:[{&quot;containers&quot;:[{&quot;identifier&quot;:&quot;a050073a-a31e-4aab-9307-86bfb248096a&quot;,&quot;uuid&quot;:&quot;LEGACY_RELATION_TYPE&quot;}],&quot;widthPercent&quot;:66,&quot;leftOffset&quot;:1,&quot;preview&quot;:false,&quot;width&quot;:8,&quot;left&quot;:0},{&quot;containers&quot;:[{&quot;identifier&quot;:&quot;5363c6c6-5ba0-4946-b7af-cf875188ac2e&quot;,&quot;uuid&quot;:&quot;LEGACY_RELATION_TYPE&quot;}],&quot;widthPercent&quot;:33,&quot;leftOffset&quot;:9,&quot;preview&quot;:false,&quot;width&quot;:4,&quot;left&quot;:8}],&quot;identifier&quot;:0},{&quot;columns&quot;:[{&quot;containers&quot;:[],&quot;widthPercent&quot;:50,&quot;leftOffset&quot;:1,&quot;preview&quot;:false,&quot;width&quot;:6,&quot;left&quot;:0},{&quot;containers&quot;:[],&quot;widthPercent&quot;:50,&quot;leftOffset&quot;:7,&quot;preview&quot;:false,&quot;width&quot;:6,&quot;left&quot;:6}],&quot;identifier&quot;:0}]},&quot;sidebar&quot;:{&quot;location&quot;:&quot;&quot;,&quot;width&quot;:&quot;small&quot;,&quot;widthPercent&quot;:0,&quot;preview&quot;:false}}</drawedBody>
    <theme>79479e0e-87d0-4260-9c12-3f05e303adcc</theme>
  </com.dotmarketing.portlets.templates.model.Template>
  <com.dotmarketing.portlets.templates.model.Template>
    <iDate class="sql-timestamp">2019-03-21 15:24:40.075</iDate>
    <type>template</type>
    <inode>1f4c9933-a05f-45bf-b175-31e88770896c</inode>
    <identifier>7ce7f6d1-b668-4939-be1f-128ec1c58124</identifier>
    <source>DB</source>
    <title>_Generic Use Template</title>
    <friendlyName></friendlyName>
    <modDate class="sql-timestamp">2019-03-21 15:24:40.085</modDate>
    <modUser>dotcms.org.1</modUser>
    <sortOrder>0</sortOrder>
    <showOnMenu>true</showOnMenu>
    <body>&lt;html&gt;
 &lt;head&gt;
  #dotParse(&apos;//dotminimal.tld/application/themes/default/html_head.vtl&apos;)
  &lt;link rel=&quot;stylesheet&quot; type=&quot;text/css&quot; href=&quot;/html/css/template/reset-fonts-grids.css&quot; /&gt;
 &lt;/head&gt;
 &lt;body&gt;
  &lt;div id=&quot;resp-template&quot; name=&quot;globalContainer&quot;&gt;
   &lt;div id=&quot;hd-template&quot;&gt;
    #dotParse(&apos;//dotminimal.tld/application/themes/default/header.vtl&apos;)
   &lt;/div&gt;
   &lt;div id=&quot;bd-template&quot;&gt;
    &lt;div id=&quot;yui-main-template&quot;&gt;
     &lt;div class=&quot;yui-b-template&quot; id=&quot;splitBody0&quot;&gt;
      #parseContainer(&apos;100e4f6a-49ae-4299-ab1d-920a5db3c4eb&apos;,&apos;1553181284932&apos;)
     &lt;/div&gt;
     &lt;div class=&quot;yui-b-template&quot; id=&quot;splitBody1&quot;&gt;
      &lt;div class=&quot;yui-ge-template&quot; id=&quot;yui-ge-template&quot;&gt;
       &lt;div class=&quot;yui-u-template first&quot; id=&quot;1_yui-u-grid-1&quot;&gt;
        #parseContainer(&apos;b0829958-a28a-492e-ab5c-109880838df6&apos;,&apos;1553181290741&apos;)#parseContainer(&apos;9ff03323-31ca-434d-a2f6-1de6cc1ad103&apos;,&apos;1553181340745&apos;)
       &lt;/div&gt;
       &lt;div class=&quot;yui-u-template&quot; id=&quot;1_yui-u-grid-2&quot;&gt;
        #parseContainer(&apos;022ee06c-9199-4ca5-83ee-d8b354550839&apos;,&apos;1553181294367&apos;)#parseContainer(&apos;7429db1b-b512-4005-99ca-f250f741bc0d&apos;,&apos;1553181346073&apos;)
       &lt;/div&gt;
      &lt;/div&gt;
     &lt;/div&gt;
     &lt;div class=&quot;yui-b-template&quot; id=&quot;splitBody2&quot;&gt;
      #parseContainer(&apos;84776cda-3265-4d7f-a20f-f358c4a08bfe&apos;,&apos;1553181363654&apos;)
     &lt;/div&gt;
    &lt;/div&gt;
   &lt;/div&gt;
   &lt;div id=&quot;ft-template&quot;&gt;
    #dotParse(&apos;//dotminimal.tld/application/themes/default/footer.vtl&apos;)
   &lt;/div&gt;
  &lt;/div&gt;
 &lt;/body&gt;
&lt;/html&gt;</body>
    <image></image>
    <drawed>true</drawed>
    <drawedBody>&lt;div id=&quot;resp-template&quot; name=&quot;globalContainer&quot;&gt;&lt;div id=&quot;hd-template&quot;&gt;&lt;h1&gt;Header&lt;/h1&gt;&lt;/div&gt;&lt;div id=&quot;bd-template&quot;&gt;&lt;div id=&quot;yui-main-template&quot;&gt;&lt;div class=&quot;yui-b-template&quot; id=&quot;splitBody0&quot;&gt;&lt;div class=&quot;addContainerSpan&quot;&gt;&lt;a href=&quot;javascript: showAddContainerDialog(&apos;splitBody0&apos;);&quot; title=&quot;Add Container&quot;&gt;&lt;span class=&quot;plusBlueIcon&quot;&gt;&lt;/span&gt;Add Container&lt;/a&gt;&lt;/div&gt;&lt;span class=&quot;titleContainerSpan&quot; id=&quot;splitBody0_span_100e4f6a-49ae-4299-ab1d-920a5db3c4eb_1553181284932&quot; title=&quot;container_100e4f6a-49ae-4299-ab1d-920a5db3c4eb&quot;&gt;&lt;div class=&quot;removeDiv&quot;&gt;&lt;a href=&quot;javascript: removeDrawedContainer(&apos;splitBody0&apos;,&apos;100e4f6a-49ae-4299-ab1d-920a5db3c4eb&apos;,&apos;1553181284932&apos;);&quot; title=&quot;Remove Container&quot;&gt;&lt;span class=&quot;minusIcon&quot;&gt;&lt;/span&gt;Remove Container&lt;/a&gt;&lt;/div&gt;&lt;div class=&quot;clear&quot;&gt;&lt;/div&gt;&lt;h2&gt;Container: _Top Content&lt;/h2&gt;&lt;p&gt;Lorem ipsum dolor sit amet, consectetur adipisicing elit, sed do eiusmod tempor incididunt ut labore et dolore magna aliqua. Ut enim ad minim veniam, quis nostrud exercitation ullamco laboris nisi ut aliquip ex ea commodo consequat.&lt;/p&gt;&lt;/span&gt;&lt;div style=&quot;display: none;&quot; title=&quot;container_100e4f6a-49ae-4299-ab1d-920a5db3c4eb&quot; id=&quot;splitBody0_div_100e4f6a-49ae-4299-ab1d-920a5db3c4eb_1553181284932&quot;&gt;#parseContainer(&apos;100e4f6a-49ae-4299-ab1d-920a5db3c4eb&apos;,&apos;1553181284932&apos;)&#xd;
&lt;/div&gt;&lt;/div&gt;&lt;div class=&quot;yui-b-template&quot; id=&quot;splitBody1&quot;&gt;&lt;div class=&quot;yui-ge-template&quot; id=&quot;yui-ge-template&quot;&gt;&lt;div class=&quot;yui-u-template first&quot; id=&quot;1_yui-u-grid-1&quot;&gt;&lt;div class=&quot;addContainerSpan&quot;&gt;&lt;a href=&quot;javascript: showAddContainerDialog(&apos;1_yui-u-grid-1&apos;);&quot; title=&quot;Add Container&quot;&gt;&lt;span class=&quot;plusBlueIcon&quot;&gt;&lt;/span&gt;Add Container&lt;/a&gt;&lt;/div&gt;&lt;span class=&quot;titleContainerSpan&quot; id=&quot;1_yui-u-grid-1_span_b0829958-a28a-492e-ab5c-109880838df6_1553181290741&quot; title=&quot;container_b0829958-a28a-492e-ab5c-109880838df6&quot;&gt;&lt;div class=&quot;removeDiv&quot;&gt;&lt;a href=&quot;javascript: removeDrawedContainer(&apos;1_yui-u-grid-1&apos;,&apos;b0829958-a28a-492e-ab5c-109880838df6&apos;,&apos;1553181290741&apos;);&quot; title=&quot;Remove Container&quot;&gt;&lt;span class=&quot;minusIcon&quot;&gt;&lt;/span&gt;Remove Container&lt;/a&gt;&lt;/div&gt;&lt;div class=&quot;clear&quot;&gt;&lt;/div&gt;&lt;h2&gt;Container: _Main Content 1&lt;/h2&gt;&lt;p&gt;Lorem ipsum dolor sit amet, consectetur adipisicing elit, sed do eiusmod tempor incididunt ut labore et dolore magna aliqua. Ut enim ad minim veniam, quis nostrud exercitation ullamco laboris nisi ut aliquip ex ea commodo consequat.&lt;/p&gt;&lt;/span&gt;&lt;div style=&quot;display: none;&quot; title=&quot;container_b0829958-a28a-492e-ab5c-109880838df6&quot; id=&quot;1_yui-u-grid-1_div_b0829958-a28a-492e-ab5c-109880838df6_1553181290741&quot;&gt;#parseContainer(&apos;b0829958-a28a-492e-ab5c-109880838df6&apos;,&apos;1553181290741&apos;)&#xd;
&lt;/div&gt;&lt;span class=&quot;titleContainerSpan&quot; id=&quot;1_yui-u-grid-1_span_9ff03323-31ca-434d-a2f6-1de6cc1ad103_1553181340745&quot; title=&quot;container_9ff03323-31ca-434d-a2f6-1de6cc1ad103&quot;&gt;&lt;div class=&quot;removeDiv&quot;&gt;&lt;a href=&quot;javascript: removeDrawedContainer(&apos;1_yui-u-grid-1&apos;,&apos;9ff03323-31ca-434d-a2f6-1de6cc1ad103&apos;,&apos;1553181340745&apos;);&quot; title=&quot;Remove Container&quot;&gt;&lt;span class=&quot;minusIcon&quot;&gt;&lt;/span&gt;Remove Container&lt;/a&gt;&lt;/div&gt;&lt;div class=&quot;clear&quot;&gt;&lt;/div&gt;&lt;h2&gt;Container: _Main Content 2&lt;/h2&gt;&lt;p&gt;Lorem ipsum dolor sit amet, consectetur adipisicing elit, sed do eiusmod tempor incididunt ut labore et dolore magna aliqua. Ut enim ad minim veniam, quis nostrud exercitation ullamco laboris nisi ut aliquip ex ea commodo consequat.&lt;/p&gt;&lt;/span&gt;&lt;div style=&quot;display: none;&quot; title=&quot;container_9ff03323-31ca-434d-a2f6-1de6cc1ad103&quot; id=&quot;1_yui-u-grid-1_div_9ff03323-31ca-434d-a2f6-1de6cc1ad103_1553181340745&quot;&gt;#parseContainer(&apos;9ff03323-31ca-434d-a2f6-1de6cc1ad103&apos;,&apos;1553181340745&apos;)&#xd;
&lt;/div&gt;&lt;/div&gt;&lt;div class=&quot;yui-u-template&quot; id=&quot;1_yui-u-grid-2&quot;&gt;&lt;div class=&quot;addContainerSpan&quot;&gt;&lt;a href=&quot;javascript: showAddContainerDialog(&apos;1_yui-u-grid-2&apos;);&quot; title=&quot;Add Container&quot;&gt;&lt;span class=&quot;plusBlueIcon&quot;&gt;&lt;/span&gt;Add Container&lt;/a&gt;&lt;/div&gt;&lt;span class=&quot;titleContainerSpan&quot; id=&quot;1_yui-u-grid-2_span_022ee06c-9199-4ca5-83ee-d8b354550839_1553181294367&quot; title=&quot;container_022ee06c-9199-4ca5-83ee-d8b354550839&quot;&gt;&lt;div class=&quot;removeDiv&quot;&gt;&lt;a href=&quot;javascript: removeDrawedContainer(&apos;1_yui-u-grid-2&apos;,&apos;022ee06c-9199-4ca5-83ee-d8b354550839&apos;,&apos;1553181294367&apos;);&quot; title=&quot;Remove Container&quot;&gt;&lt;span class=&quot;minusIcon&quot;&gt;&lt;/span&gt;Remove Container&lt;/a&gt;&lt;/div&gt;&lt;div class=&quot;clear&quot;&gt;&lt;/div&gt;&lt;h2&gt;Container: _Aside Content 1&lt;/h2&gt;&lt;p&gt;Lorem ipsum dolor sit amet, consectetur adipisicing elit, sed do eiusmod tempor incididunt ut labore et dolore magna aliqua. Ut enim ad minim veniam, quis nostrud exercitation ullamco laboris nisi ut aliquip ex ea commodo consequat.&lt;/p&gt;&lt;/span&gt;&lt;div style=&quot;display: none;&quot; title=&quot;container_022ee06c-9199-4ca5-83ee-d8b354550839&quot; id=&quot;1_yui-u-grid-2_div_022ee06c-9199-4ca5-83ee-d8b354550839_1553181294367&quot;&gt;#parseContainer(&apos;022ee06c-9199-4ca5-83ee-d8b354550839&apos;,&apos;1553181294367&apos;)&#xd;
&lt;/div&gt;&lt;span class=&quot;titleContainerSpan&quot; id=&quot;1_yui-u-grid-2_span_7429db1b-b512-4005-99ca-f250f741bc0d_1553181346073&quot; title=&quot;container_7429db1b-b512-4005-99ca-f250f741bc0d&quot;&gt;&lt;div class=&quot;removeDiv&quot;&gt;&lt;a href=&quot;javascript: removeDrawedContainer(&apos;1_yui-u-grid-2&apos;,&apos;7429db1b-b512-4005-99ca-f250f741bc0d&apos;,&apos;1553181346073&apos;);&quot; title=&quot;Remove Container&quot;&gt;&lt;span class=&quot;minusIcon&quot;&gt;&lt;/span&gt;Remove Container&lt;/a&gt;&lt;/div&gt;&lt;div class=&quot;clear&quot;&gt;&lt;/div&gt;&lt;h2&gt;Container: _Aside Content 2&lt;/h2&gt;&lt;p&gt;Lorem ipsum dolor sit amet, consectetur adipisicing elit, sed do eiusmod tempor incididunt ut labore et dolore magna aliqua. Ut enim ad minim veniam, quis nostrud exercitation ullamco laboris nisi ut aliquip ex ea commodo consequat.&lt;/p&gt;&lt;/span&gt;&lt;div style=&quot;display: none;&quot; title=&quot;container_7429db1b-b512-4005-99ca-f250f741bc0d&quot; id=&quot;1_yui-u-grid-2_div_7429db1b-b512-4005-99ca-f250f741bc0d_1553181346073&quot;&gt;#parseContainer(&apos;7429db1b-b512-4005-99ca-f250f741bc0d&apos;,&apos;1553181346073&apos;)&#xd;
&lt;/div&gt;&lt;/div&gt;&lt;/div&gt;&lt;/div&gt;&lt;div class=&quot;yui-b-template&quot; id=&quot;splitBody2&quot;&gt;&lt;div class=&quot;addContainerSpan&quot;&gt;&lt;a href=&quot;javascript: showAddContainerDialog(&apos;splitBody2&apos;);&quot; title=&quot;Add Container&quot;&gt;&lt;span class=&quot;plusBlueIcon&quot;&gt;&lt;/span&gt;Add Container&lt;/a&gt;&lt;/div&gt;&lt;span class=&quot;titleContainerSpan&quot; id=&quot;splitBody2_span_84776cda-3265-4d7f-a20f-f358c4a08bfe_1553181363654&quot; title=&quot;container_84776cda-3265-4d7f-a20f-f358c4a08bfe&quot;&gt;&lt;div class=&quot;removeDiv&quot;&gt;&lt;a href=&quot;javascript: removeDrawedContainer(&apos;splitBody2&apos;,&apos;84776cda-3265-4d7f-a20f-f358c4a08bfe&apos;,&apos;1553181363654&apos;);&quot; title=&quot;Remove Container&quot;&gt;&lt;span class=&quot;minusIcon&quot;&gt;&lt;/span&gt;Remove Container&lt;/a&gt;&lt;/div&gt;&lt;div class=&quot;clear&quot;&gt;&lt;/div&gt;&lt;h2&gt;Container: _Bottom Content&lt;/h2&gt;&lt;p&gt;Lorem ipsum dolor sit amet, consectetur adipisicing elit, sed do eiusmod tempor incididunt ut labore et dolore magna aliqua. Ut enim ad minim veniam, quis nostrud exercitation ullamco laboris nisi ut aliquip ex ea commodo consequat.&lt;/p&gt;&lt;/span&gt;&lt;div style=&quot;display: none;&quot; title=&quot;container_84776cda-3265-4d7f-a20f-f358c4a08bfe&quot; id=&quot;splitBody2_div_84776cda-3265-4d7f-a20f-f358c4a08bfe_1553181363654&quot;&gt;#parseContainer(&apos;84776cda-3265-4d7f-a20f-f358c4a08bfe&apos;,&apos;1553181363654&apos;)&#xd;
&lt;/div&gt;&lt;/div&gt;&lt;/div&gt;&lt;/div&gt;&lt;div id=&quot;ft-template&quot;&gt;&lt;h1&gt;Footer&lt;/h1&gt;&lt;/div&gt;&lt;/div&gt;</drawedBody>
    <countAddContainer>0</countAddContainer>
    <countContainers>0</countContainers>
    <theme>33de3cfc-f11e-4afa-ac3d-9da8823bc27f</theme>
  </com.dotmarketing.portlets.templates.model.Template>
  <com.dotmarketing.portlets.templates.model.Template>
    <iDate class="sql-timestamp">2019-03-21 16:07:09.822</iDate>
    <type>template</type>
    <inode>c727cabb-cbe1-4485-a610-3517173e7c5c</inode>
    <identifier>9dac96fb-e349-4a22-a242-3fe66fa4607b</identifier>
    <source>DB</source>
    <title>_Demo Page</title>
    <friendlyName>Just use for index page</friendlyName>
    <modDate class="sql-timestamp">2019-03-21 16:07:09.833</modDate>
    <modUser>dotcms.org.1</modUser>
    <sortOrder>0</sortOrder>
    <showOnMenu>true</showOnMenu>
    <body>## Container: _Global Scripts&#xd;
## This is autogenerated code that cannot be changed&#xd;
#parseContainer(&apos;fc15d2ab-bc8d-4e0f-b27f-049471a11d88&apos;,&apos;1553181507310&apos;)&#xd;
&#xd;
#dotParse(&apos;/application/util/demo-page.vtl&apos;)</body>
    <image></image>
    <drawed>false</drawed>
    <countAddContainer>0</countAddContainer>
    <countContainers>0</countContainers>
  </com.dotmarketing.portlets.templates.model.Template>
</list>