<list>
  <com.dotmarketing.tag.model.Tag>
    <userId></userId>
    <tagName>retiree</tagName>
    <tagId>1a4bfe3d-42f0-4348-b30a-aac8637c4fb5</tagId>
    <persona>false</persona>
    <modDate class="sql-timestamp">2019-03-15 06:08:02.754</modDate>
    <hostId>SYSTEM_HOST</hostId>
  </com.dotmarketing.tag.model.Tag>
  <com.dotmarketing.tag.model.Tag>
    <userId></userId>
    <tagName>wealthlyprospect</tagName>
    <tagId>1ddbe93c-53e6-448f-b5ff-1e130daee76a</tagId>
    <persona>false</persona>
    <modDate class="sql-timestamp">2019-03-15 06:08:02.754</modDate>
    <hostId>SYSTEM_HOST</hostId>
  </com.dotmarketing.tag.model.Tag>
  <com.dotmarketing.tag.model.Tag>
    <userId></userId>
    <tagName>globalinvestor</tagName>
    <tagId>1e5eec62-5cad-437e-b9d7-ad1c1b06302e</tagId>
    <persona>false</persona>
    <modDate class="sql-timestamp">2019-03-15 06:08:02.753</modDate>
    <hostId>SYSTEM_HOST</hostId>
  </com.dotmarketing.tag.model.Tag>
  <com.dotmarketing.tag.model.Tag>
    <userId></userId>
    <tagName>retiree</tagName>
    <tagId>2660c8e4-4c29-416a-9413-6e08c0478c0e</tagId>
    <persona>true</persona>
    <modDate class="sql-timestamp">2016-02-19 17:21:27.592</modDate>
    <hostId>48190c8c-42c4-46af-8d1a-0cd5db894797</hostId>
  </com.dotmarketing.tag.model.Tag>
  <com.dotmarketing.tag.model.Tag>
    <userId></userId>
    <tagName>globalinvestor</tagName>
    <tagId>3227f0b9-ab87-4a89-aff3-e90440d2fb18</tagId>
    <persona>true</persona>
    <modDate class="sql-timestamp">2016-02-19 17:21:03.874</modDate>
    <hostId>48190c8c-42c4-46af-8d1a-0cd5db894797</hostId>
  </com.dotmarketing.tag.model.Tag>
  <com.dotmarketing.tag.model.Tag>
    <userId></userId>
    <tagName>wealthlyprospect</tagName>
    <tagId>4dfa7e15-c397-41f0-b36c-10cbc367f591</tagId>
    <persona>true</persona>
    <modDate class="sql-timestamp">2016-02-19 17:21:11.842</modDate>
    <hostId>48190c8c-42c4-46af-8d1a-0cd5db894797</hostId>
  </com.dotmarketing.tag.model.Tag>
  <com.dotmarketing.tag.model.Tag>
    <userId></userId>
    <tagName>firsttimeinvestor</tagName>
    <tagId>7070e002-b689-46bb-9be8-dba5cad8883d</tagId>
    <persona>true</persona>
    <hostId>48190c8c-42c4-46af-8d1a-0cd5db894797</hostId>
  </com.dotmarketing.tag.model.Tag>
  <com.dotmarketing.tag.model.Tag>
    <userId></userId>
    <tagName>wealthyprospect</tagName>
    <tagId>86849975-08ce-4aeb-a52f-18244cad2258</tagId>
    <persona>false</persona>
    <modDate class="sql-timestamp">2019-03-15 06:08:02.755</modDate>
    <hostId>SYSTEM_HOST</hostId>
  </com.dotmarketing.tag.model.Tag>
  <com.dotmarketing.tag.model.Tag>
    <userId></userId>
    <tagName>firsttimeinvestor</tagName>
    <tagId>ba38e32e-591f-4c4b-b056-9be2a47993aa</tagId>
    <persona>false</persona>
    <modDate class="sql-timestamp">2019-03-15 06:08:02.753</modDate>
    <hostId>SYSTEM_HOST</hostId>
  </com.dotmarketing.tag.model.Tag>
  <com.dotmarketing.tag.model.Tag>
    <userId></userId>
    <tagName>wealthyprospect</tagName>
    <tagId>f629b421-fdd5-47f1-8046-aac5701caca1</tagId>
    <persona>true</persona>
    <modDate class="sql-timestamp">2017-03-02 18:10:40.551</modDate>
    <hostId>48190c8c-42c4-46af-8d1a-0cd5db894797</hostId>
  </com.dotmarketing.tag.model.Tag>
</list>