<list>
  <com.dotmarketing.beans.Identifier>
    <id>022ee06c-9199-4ca5-83ee-d8b354550839</id>
    <assetName>022ee06c-9199-4ca5-83ee-d8b354550839.containers</assetName>
    <assetType>containers</assetType>
    <parentPath>/</parentPath>
    <hostId>48190c8c-42c4-46af-8d1a-0cd5db894797</hostId>
  </com.dotmarketing.beans.Identifier>
  <com.dotmarketing.beans.Identifier>
    <id>05af6f99-fdc2-4bc9-92cf-8766c812f4b3</id>
    <assetName>content.4fdbf53d-7be0-4363-b74c-add15e462374</assetName>
    <assetType>contentlet</assetType>
    <parentPath>/</parentPath>
    <hostId>SYSTEM_HOST</hostId>
  </com.dotmarketing.beans.Identifier>
  <com.dotmarketing.beans.Identifier>
    <id>0af52a46-484d-47cf-8137-e1bfffb69c66</id>
    <assetName>0af52a46-484d-47cf-8137-e1bfffb69c66.template</assetName>
    <assetType>template</assetType>
    <parentPath>/</parentPath>
    <hostId>48190c8c-42c4-46af-8d1a-0cd5db894797</hostId>
  </com.dotmarketing.beans.Identifier>
  <com.dotmarketing.beans.Identifier>
    <id>100e4f6a-49ae-4299-ab1d-920a5db3c4eb</id>
    <assetName>100e4f6a-49ae-4299-ab1d-920a5db3c4eb.containers</assetName>
    <assetType>containers</assetType>
    <parentPath>/</parentPath>
    <hostId>48190c8c-42c4-46af-8d1a-0cd5db894797</hostId>
  </com.dotmarketing.beans.Identifier>
  <com.dotmarketing.beans.Identifier>
    <id>1c56ba62-1f41-4b81-bd62-b6eacff3ad23</id>
    <assetName>content.b54000a6-0bcb-46ee-adf8-965e5b8650fd</assetName>
    <assetType>contentlet</assetType>
    <parentPath>/</parentPath>
    <hostId>48190c8c-42c4-46af-8d1a-0cd5db894797</hostId>
  </com.dotmarketing.beans.Identifier>
  <com.dotmarketing.beans.Identifier>
    <id>293c57e5-8e84-4e87-8d5a-0fc927df18d3</id>
    <assetName>293c57e5-8e84-4e87-8d5a-0fc927df18d3.containers</assetName>
    <assetType>containers</assetType>
    <parentPath>/</parentPath>
    <hostId>48190c8c-42c4-46af-8d1a-0cd5db894797</hostId>
  </com.dotmarketing.beans.Identifier>
  <com.dotmarketing.beans.Identifier>
    <id>2b93fde0-dfda-4259-911a-bce96c82468d</id>
    <assetName>content.b9159f52-c57a-4d59-868b-9e735eea8f76</assetName>
    <assetType>contentlet</assetType>
    <parentPath>/</parentPath>
    <hostId>SYSTEM_HOST</hostId>
  </com.dotmarketing.beans.Identifier>
  <com.dotmarketing.beans.Identifier>
    <id>34c720cd-4b46-4a67-9e4b-2117071d01f1</id>
    <assetName>content.cf6c5605-f84a-4d6d-ac98-e2e189331a5b</assetName>
    <assetType>contentlet</assetType>
    <parentPath>/</parentPath>
    <hostId>48190c8c-42c4-46af-8d1a-0cd5db894797</hostId>
  </com.dotmarketing.beans.Identifier>
  <com.dotmarketing.beans.Identifier>
    <id>3cd79729-0efe-4414-ad72-2d5a084d490c</id>
    <assetName>test-page</assetName>
    <assetType>contentlet</assetType>
    <parentPath>/</parentPath>
    <hostId>48190c8c-42c4-46af-8d1a-0cd5db894797</hostId>
  </com.dotmarketing.beans.Identifier>
  <com.dotmarketing.beans.Identifier>
    <id>4297dec0-d8af-4a2d-89ab-a536f03a86e7</id>
    <assetName>static</assetName>
    <assetType>folder</assetType>
    <parentPath>/</parentPath>
    <hostId>48190c8c-42c4-46af-8d1a-0cd5db894797</hostId>
  </com.dotmarketing.beans.Identifier>
  <com.dotmarketing.beans.Identifier>
    <id>4341f0fd-a456-4d77-83da-a5cd7248624d</id>
    <assetName>4341f0fd-a456-4d77-83da-a5cd7248624d.template</assetName>
    <assetType>template</assetType>
    <parentPath>/</parentPath>
    <hostId>48190c8c-42c4-46af-8d1a-0cd5db894797</hostId>
  </com.dotmarketing.beans.Identifier>
  <com.dotmarketing.beans.Identifier>
    <id>44d669ae-d0f6-4f07-a0a8-85ce0c3959ad</id>
    <assetName>content.87ee5ada-1374-49b5-a666-f35b6dd87432</assetName>
    <assetType>contentlet</assetType>
    <parentPath>/</parentPath>
    <hostId>SYSTEM_HOST</hostId>
  </com.dotmarketing.beans.Identifier>
  <com.dotmarketing.beans.Identifier>
    <id>48190c8c-42c4-46af-8d1a-0cd5db894797</id>
    <assetName>48190c8c-42c4-46af-8d1a-0cd5db894797.content</assetName>
    <assetType>contentlet</assetType>
    <parentPath>/</parentPath>
    <hostId>SYSTEM_HOST</hostId>
  </com.dotmarketing.beans.Identifier>
  <com.dotmarketing.beans.Identifier>
    <id>4bb72d3b-e572-4910-8fc2-d725279adeb5</id>
    <assetName>4bb72d3b-e572-4910-8fc2-d725279adeb5.template</assetName>
    <assetType>template</assetType>
    <parentPath>/</parentPath>
    <hostId>48190c8c-42c4-46af-8d1a-0cd5db894797</hostId>
  </com.dotmarketing.beans.Identifier>
  <com.dotmarketing.beans.Identifier>
    <id>503be167-bb48-4880-85ac-e6076ecb12b9</id>
    <assetName>content.38ba495d-9546-4f16-8905-cfb75290874f</assetName>
    <assetType>contentlet</assetType>
    <parentPath>/</parentPath>
    <hostId>SYSTEM_HOST</hostId>
  </com.dotmarketing.beans.Identifier>
  <com.dotmarketing.beans.Identifier>
    <id>5389e6a5-ee91-4164-b6ad-cc4f695f1d84</id>
    <assetName>5389e6a5-ee91-4164-b6ad-cc4f695f1d84.template</assetName>
    <assetType>template</assetType>
    <parentPath>/</parentPath>
    <hostId>48190c8c-42c4-46af-8d1a-0cd5db894797</hostId>
  </com.dotmarketing.beans.Identifier>
  <com.dotmarketing.beans.Identifier>
    <id>651a4dc8-2124-45d8-8bd2-d8e68ad358a8</id>
    <assetName>content.6fbd5a61-afba-4839-826a-68aa4aad5072</assetName>
    <assetType>contentlet</assetType>
    <parentPath>/</parentPath>
    <hostId>48190c8c-42c4-46af-8d1a-0cd5db894797</hostId>
  </com.dotmarketing.beans.Identifier>
  <com.dotmarketing.beans.Identifier>
    <id>6546507b-f8eb-42b0-927c-cd3480de02f9</id>
    <assetName>css</assetName>
    <assetType>folder</assetType>
    <parentPath>/</parentPath>
    <hostId>48190c8c-42c4-46af-8d1a-0cd5db894797</hostId>
  </com.dotmarketing.beans.Identifier>
  <com.dotmarketing.beans.Identifier>
    <id>7017fe6a-4578-4a5f-9a00-e44cd90520e5</id>
    <assetName>content.70e07b58-d467-4710-826a-bbd0f6a3a6cb</assetName>
    <assetType>contentlet</assetType>
    <parentPath>/</parentPath>
    <hostId>SYSTEM_HOST</hostId>
  </com.dotmarketing.beans.Identifier>
  <com.dotmarketing.beans.Identifier>
    <id>72b5e70e-9d58-468d-a45b-dce77feb3581</id>
    <assetName>content.355f0cb6-21ef-40d1-82f8-49d333dcbddd</assetName>
    <assetType>contentlet</assetType>
    <parentPath>/</parentPath>
    <hostId>SYSTEM_HOST</hostId>
  </com.dotmarketing.beans.Identifier>
  <com.dotmarketing.beans.Identifier>
    <id>7429db1b-b512-4005-99ca-f250f741bc0d</id>
    <assetName>7429db1b-b512-4005-99ca-f250f741bc0d.containers</assetName>
    <assetType>containers</assetType>
    <parentPath>/</parentPath>
    <hostId>48190c8c-42c4-46af-8d1a-0cd5db894797</hostId>
  </com.dotmarketing.beans.Identifier>
  <com.dotmarketing.beans.Identifier>
    <id>75fd4566-a292-41bf-86e6-e649c5a71afd</id>
    <assetName>content.0b75f0ec-1243-445f-932c-6e78f26b6f80</assetName>
    <assetType>contentlet</assetType>
    <parentPath>/</parentPath>
    <hostId>SYSTEM_HOST</hostId>
  </com.dotmarketing.beans.Identifier>
  <com.dotmarketing.beans.Identifier>
    <id>77777f76-0407-496c-99d4-57ce8d146a50</id>
    <assetName>documents</assetName>
    <assetType>folder</assetType>
    <parentPath>/</parentPath>
    <hostId>48190c8c-42c4-46af-8d1a-0cd5db894797</hostId>
  </com.dotmarketing.beans.Identifier>
  <com.dotmarketing.beans.Identifier>
    <id>7ce7f6d1-b668-4939-be1f-128ec1c58124</id>
    <assetName>7ce7f6d1-b668-4939-be1f-128ec1c58124.template</assetName>
    <assetType>template</assetType>
    <parentPath>/</parentPath>
    <hostId>48190c8c-42c4-46af-8d1a-0cd5db894797</hostId>
  </com.dotmarketing.beans.Identifier>
  <com.dotmarketing.beans.Identifier>
    <id>81f17c44-d2e2-49fb-a24e-a65ca8c6d9de</id>
    <assetName>application</assetName>
    <assetType>folder</assetType>
    <parentPath>/</parentPath>
    <hostId>48190c8c-42c4-46af-8d1a-0cd5db894797</hostId>
  </com.dotmarketing.beans.Identifier>
  <com.dotmarketing.beans.Identifier>
    <id>843041e6-1670-4c47-b0dd-9bec2cfd6957</id>
    <assetName>img</assetName>
    <assetType>folder</assetType>
    <parentPath>/</parentPath>
    <hostId>48190c8c-42c4-46af-8d1a-0cd5db894797</hostId>
  </com.dotmarketing.beans.Identifier>
  <com.dotmarketing.beans.Identifier>
    <id>84776cda-3265-4d7f-a20f-f358c4a08bfe</id>
    <assetName>84776cda-3265-4d7f-a20f-f358c4a08bfe.containers</assetName>
    <assetType>containers</assetType>
    <parentPath>/</parentPath>
    <hostId>48190c8c-42c4-46af-8d1a-0cd5db894797</hostId>
  </com.dotmarketing.beans.Identifier>
  <com.dotmarketing.beans.Identifier>
    <id>86a1e1fe-c026-49f7-91c9-3fb5a77e0172</id>
    <assetName>86a1e1fe-c026-49f7-91c9-3fb5a77e0172.template</assetName>
    <assetType>template</assetType>
    <parentPath>/</parentPath>
    <hostId>48190c8c-42c4-46af-8d1a-0cd5db894797</hostId>
  </com.dotmarketing.beans.Identifier>
  <com.dotmarketing.beans.Identifier>
    <id>8d3d68ca-e661-47a4-9c32-309a4b6b92ee</id>
    <assetName>content.d0c01911-1c50-40d8-bb80-92cf28cfa684</assetName>
    <assetType>contentlet</assetType>
    <parentPath>/</parentPath>
    <hostId>SYSTEM_HOST</hostId>
  </com.dotmarketing.beans.Identifier>
  <com.dotmarketing.beans.Identifier>
    <id>8e47b8f4-31ee-4dfd-9218-23a9bd0b8b0a</id>
    <assetName>content.546ef9c8-5df7-4367-ae2a-cbea669fd0dc</assetName>
    <assetType>contentlet</assetType>
    <parentPath>/</parentPath>
    <hostId>SYSTEM_HOST</hostId>
  </com.dotmarketing.beans.Identifier>
  <com.dotmarketing.beans.Identifier>
    <id>8ef608e3-7ac8-45fe-9c72-3d5f584a0a50</id>
    <assetName>content.07d97e06-ce87-4390-83c0-0fadcd9e7373</assetName>
    <assetType>contentlet</assetType>
    <parentPath>/</parentPath>
    <hostId>SYSTEM_HOST</hostId>
  </com.dotmarketing.beans.Identifier>
  <com.dotmarketing.beans.Identifier>
    <id>914c93c2-800a-4638-8832-349c221cc87a</id>
    <assetName>content.8d348fdc-cded-4ed1-a903-5185701edfa7</assetName>
    <assetType>contentlet</assetType>
    <parentPath>/</parentPath>
    <hostId>48190c8c-42c4-46af-8d1a-0cd5db894797</hostId>
  </com.dotmarketing.beans.Identifier>
  <com.dotmarketing.beans.Identifier>
    <id>92f7025f-e5bf-4204-8446-81f9fe2086a0</id>
    <assetName>92f7025f-e5bf-4204-8446-81f9fe2086a0.template</assetName>
    <assetType>template</assetType>
    <parentPath>/</parentPath>
    <hostId>48190c8c-42c4-46af-8d1a-0cd5db894797</hostId>
  </com.dotmarketing.beans.Identifier>
  <com.dotmarketing.beans.Identifier>
    <id>9378b055-5431-4269-9916-e3e427865746</id>
    <assetName>index</assetName>
    <assetType>contentlet</assetType>
    <parentPath>/</parentPath>
    <hostId>48190c8c-42c4-46af-8d1a-0cd5db894797</hostId>
  </com.dotmarketing.beans.Identifier>
  <com.dotmarketing.beans.Identifier>
    <id>946f740b-ffe5-41da-9203-83906a10460d</id>
    <assetName>content.161b53d5-e7ef-4a7d-a6ac-e1f7dd2cea78</assetName>
    <assetType>contentlet</assetType>
    <parentPath>/</parentPath>
    <hostId>SYSTEM_HOST</hostId>
  </com.dotmarketing.beans.Identifier>
  <com.dotmarketing.beans.Identifier>
    <id>965a3649-42a4-4856-b272-51b3b1327ed6</id>
    <assetName>content.bc4afbcf-ebbb-4652-8fff-6d0b27f8254b</assetName>
    <assetType>contentlet</assetType>
    <parentPath>/</parentPath>
    <hostId>SYSTEM_HOST</hostId>
  </com.dotmarketing.beans.Identifier>
  <com.dotmarketing.beans.Identifier>
    <id>969c90c7-a363-4b84-bce6-787c0884ecbc</id>
    <assetName>969c90c7-a363-4b84-bce6-787c0884ecbc.containers</assetName>
    <assetType>containers</assetType>
    <parentPath>/</parentPath>
    <hostId>48190c8c-42c4-46af-8d1a-0cd5db894797</hostId>
  </com.dotmarketing.beans.Identifier>
  <com.dotmarketing.beans.Identifier>
    <id>96e19b30-4f82-4a40-82ed-e8640962be93</id>
    <assetName>96e19b30-4f82-4a40-82ed-e8640962be93.template</assetName>
    <assetType>template</assetType>
    <parentPath>/</parentPath>
    <hostId>48190c8c-42c4-46af-8d1a-0cd5db894797</hostId>
  </com.dotmarketing.beans.Identifier>
  <com.dotmarketing.beans.Identifier>
    <id>9dac96fb-e349-4a22-a242-3fe66fa4607b</id>
    <assetName>9dac96fb-e349-4a22-a242-3fe66fa4607b.template</assetName>
    <assetType>template</assetType>
    <parentPath>/</parentPath>
    <hostId>48190c8c-42c4-46af-8d1a-0cd5db894797</hostId>
  </com.dotmarketing.beans.Identifier>
  <com.dotmarketing.beans.Identifier>
    <id>9ff03323-31ca-434d-a2f6-1de6cc1ad103</id>
    <assetName>9ff03323-31ca-434d-a2f6-1de6cc1ad103.containers</assetName>
    <assetType>containers</assetType>
    <parentPath>/</parentPath>
    <hostId>48190c8c-42c4-46af-8d1a-0cd5db894797</hostId>
  </com.dotmarketing.beans.Identifier>
  <com.dotmarketing.beans.Identifier>
    <id>a2cb3200-d2b7-4408-80df-7209a3ebde0f</id>
    <assetName>md</assetName>
    <assetType>folder</assetType>
    <parentPath>/</parentPath>
    <hostId>48190c8c-42c4-46af-8d1a-0cd5db894797</hostId>
  </com.dotmarketing.beans.Identifier>
  <com.dotmarketing.beans.Identifier>
    <id>a55a982f-2b8f-4672-8a5a-f4560a42ec1d</id>
    <assetName>a55a982f-2b8f-4672-8a5a-f4560a42ec1d.template</assetName>
    <assetType>template</assetType>
    <parentPath>/</parentPath>
    <hostId>48190c8c-42c4-46af-8d1a-0cd5db894797</hostId>
  </com.dotmarketing.beans.Identifier>
  <com.dotmarketing.beans.Identifier>
    <id>a5b9384b-f5c2-4975-89ee-f28706831d83</id>
    <assetName>content.278a50df-957f-4743-b715-bcba6a529c56</assetName>
    <assetType>contentlet</assetType>
    <parentPath>/</parentPath>
    <hostId>SYSTEM_HOST</hostId>
  </com.dotmarketing.beans.Identifier>
  <com.dotmarketing.beans.Identifier>
    <id>aac77b5a-6311-4fab-816c-6f26a6aded22</id>
    <assetName>downloads</assetName>
    <assetType>folder</assetType>
    <parentPath>/</parentPath>
    <hostId>48190c8c-42c4-46af-8d1a-0cd5db894797</hostId>
  </com.dotmarketing.beans.Identifier>
  <com.dotmarketing.beans.Identifier>
    <id>ab50e7d2-baae-4a2d-8a1b-1d34dd54a93d</id>
    <assetName>json</assetName>
    <assetType>folder</assetType>
    <parentPath>/</parentPath>
    <hostId>48190c8c-42c4-46af-8d1a-0cd5db894797</hostId>
  </com.dotmarketing.beans.Identifier>
  <com.dotmarketing.beans.Identifier>
    <id>afe2f105-cf9a-449b-bc3e-31cbef7b2c14</id>
    <assetName>content.bb1671c4-4e35-4dca-a08a-fcf90d870078</assetName>
    <assetType>contentlet</assetType>
    <parentPath>/</parentPath>
    <hostId>SYSTEM_HOST</hostId>
  </com.dotmarketing.beans.Identifier>
  <com.dotmarketing.beans.Identifier>
    <id>b0829958-a28a-492e-ab5c-109880838df6</id>
    <assetName>b0829958-a28a-492e-ab5c-109880838df6.containers</assetName>
    <assetType>containers</assetType>
    <parentPath>/</parentPath>
    <hostId>48190c8c-42c4-46af-8d1a-0cd5db894797</hostId>
  </com.dotmarketing.beans.Identifier>
  <com.dotmarketing.beans.Identifier>
    <id>baa1c305-ab1a-4086-940c-d60620a80fcb</id>
    <assetName>fonts</assetName>
    <assetType>folder</assetType>
    <parentPath>/</parentPath>
    <hostId>48190c8c-42c4-46af-8d1a-0cd5db894797</hostId>
  </com.dotmarketing.beans.Identifier>
  <com.dotmarketing.beans.Identifier>
    <id>c0236cbf-53a5-4c8b-8399-e4ae8aabd662</id>
    <assetName>content.70d7996b-42a4-4afe-a428-43cd474ed59f</assetName>
    <assetType>contentlet</assetType>
    <parentPath>/</parentPath>
    <hostId>SYSTEM_HOST</hostId>
  </com.dotmarketing.beans.Identifier>
  <com.dotmarketing.beans.Identifier>
    <id>c7feb745-0cac-4dd3-aac2-d969221bbe54</id>
    <assetName>content.d156a9ec-a376-44a5-b454-ac631c17ee67</assetName>
    <assetType>contentlet</assetType>
    <parentPath>/</parentPath>
    <hostId>SYSTEM_HOST</hostId>
  </com.dotmarketing.beans.Identifier>
  <com.dotmarketing.beans.Identifier>
    <id>d1ec7b30-8e9e-4b3e-b075-9cd9557fee8b</id>
    <assetName>d1ec7b30-8e9e-4b3e-b075-9cd9557fee8b.template</assetName>
    <assetType>template</assetType>
    <parentPath>/</parentPath>
    <hostId>48190c8c-42c4-46af-8d1a-0cd5db894797</hostId>
  </com.dotmarketing.beans.Identifier>
  <com.dotmarketing.beans.Identifier>
    <id>d4ffa84f-8746-46f8-ac29-1f8ca2c7eaeb</id>
    <assetName>content.d2e60189-86a8-4c74-b49c-8b4702ffa6bb</assetName>
    <assetType>contentlet</assetType>
    <parentPath>/</parentPath>
    <hostId>48190c8c-42c4-46af-8d1a-0cd5db894797</hostId>
  </com.dotmarketing.beans.Identifier>
  <com.dotmarketing.beans.Identifier>
    <id>d85c2d2c-623d-4cdc-9a00-ce01ee8f92b8</id>
    <assetName>d85c2d2c-623d-4cdc-9a00-ce01ee8f92b8.containers</assetName>
    <assetType>containers</assetType>
    <parentPath>/</parentPath>
    <hostId>48190c8c-42c4-46af-8d1a-0cd5db894797</hostId>
  </com.dotmarketing.beans.Identifier>
  <com.dotmarketing.beans.Identifier>
    <id>dc1f0437-c135-41bf-b4d9-8f0233acf7e2</id>
    <assetName>site.webmanifest</assetName>
    <assetType>contentlet</assetType>
    <parentPath>/</parentPath>
    <hostId>48190c8c-42c4-46af-8d1a-0cd5db894797</hostId>
  </com.dotmarketing.beans.Identifier>
  <com.dotmarketing.beans.Identifier>
    <id>de0c9746-34c0-444b-b0d6-75c2214ce462</id>
    <assetName>de0c9746-34c0-444b-b0d6-75c2214ce462.containers</assetName>
    <assetType>containers</assetType>
    <parentPath>/</parentPath>
    <hostId>48190c8c-42c4-46af-8d1a-0cd5db894797</hostId>
  </com.dotmarketing.beans.Identifier>
  <com.dotmarketing.beans.Identifier>
    <id>e0d810e2-dcde-4168-8198-bc6d4a4b62e9</id>
    <assetName>js</assetName>
    <assetType>folder</assetType>
    <parentPath>/</parentPath>
    <hostId>48190c8c-42c4-46af-8d1a-0cd5db894797</hostId>
  </com.dotmarketing.beans.Identifier>
  <com.dotmarketing.beans.Identifier>
    <id>f8d60f79-e006-42e0-894f-5d3488b796f6</id>
    <assetName>content.a1278895-5989-41c9-8cdd-9bf5fb1eac07</assetName>
    <assetType>contentlet</assetType>
    <parentPath>/</parentPath>
    <hostId>SYSTEM_HOST</hostId>
  </com.dotmarketing.beans.Identifier>
  <com.dotmarketing.beans.Identifier>
    <id>fc15d2ab-bc8d-4e0f-b27f-049471a11d88</id>
    <assetName>fc15d2ab-bc8d-4e0f-b27f-049471a11d88.containers</assetName>
    <assetType>containers</assetType>
    <parentPath>/</parentPath>
    <hostId>48190c8c-42c4-46af-8d1a-0cd5db894797</hostId>
  </com.dotmarketing.beans.Identifier>
  <com.dotmarketing.beans.Identifier>
    <id>fe996643-30c0-4293-889f-85a16e41be13</id>
    <assetName>fe996643-30c0-4293-889f-85a16e41be13.containers</assetName>
    <assetType>containers</assetType>
    <parentPath>/</parentPath>
    <hostId>48190c8c-42c4-46af-8d1a-0cd5db894797</hostId>
  </com.dotmarketing.beans.Identifier>
  <com.dotmarketing.beans.Identifier>
    <id>SYSTEM_HOST</id>
    <assetName>system host</assetName>
    <assetType>contentlet</assetType>
    <parentPath>/</parentPath>
    <hostId>SYSTEM_HOST</hostId>
  </com.dotmarketing.beans.Identifier>
  <com.dotmarketing.beans.Identifier>
    <id>009f54c4-700c-43c1-8c2a-9d5a556c352a</id>
    <assetName>containers</assetName>
    <assetType>folder</assetType>
    <parentPath>/application/</parentPath>
    <hostId>48190c8c-42c4-46af-8d1a-0cd5db894797</hostId>
  </com.dotmarketing.beans.Identifier>
  <com.dotmarketing.beans.Identifier>
    <id>1a1339c8-09b0-4926-94e5-36759d3f94a3</id>
    <assetName>macros</assetName>
    <assetType>folder</assetType>
    <parentPath>/application/</parentPath>
    <hostId>48190c8c-42c4-46af-8d1a-0cd5db894797</hostId>
  </com.dotmarketing.beans.Identifier>
  <com.dotmarketing.beans.Identifier>
    <id>4aa37d39-41c0-4a99-bb22-f7580dbe9dcc</id>
    <assetName>themes</assetName>
    <assetType>folder</assetType>
    <parentPath>/application/</parentPath>
    <hostId>48190c8c-42c4-46af-8d1a-0cd5db894797</hostId>
  </com.dotmarketing.beans.Identifier>
  <com.dotmarketing.beans.Identifier>
    <id>7591f78a-d4ac-403d-9ea4-698846b60b05</id>
    <assetName>apivtl</assetName>
    <assetType>folder</assetType>
    <parentPath>/application/</parentPath>
    <hostId>48190c8c-42c4-46af-8d1a-0cd5db894797</hostId>
  </com.dotmarketing.beans.Identifier>
  <com.dotmarketing.beans.Identifier>
    <id>8902cd9c-e705-4d6d-8f5f-ef29ae3db940</id>
    <assetName>async</assetName>
    <assetType>folder</assetType>
    <parentPath>/application/</parentPath>
    <hostId>48190c8c-42c4-46af-8d1a-0cd5db894797</hostId>
  </com.dotmarketing.beans.Identifier>
  <com.dotmarketing.beans.Identifier>
    <id>9096a9aa-6f52-4e6c-9030-29ca90f495a4</id>
    <assetName>widgets</assetName>
    <assetType>folder</assetType>
    <parentPath>/application/</parentPath>
    <hostId>48190c8c-42c4-46af-8d1a-0cd5db894797</hostId>
  </com.dotmarketing.beans.Identifier>
  <com.dotmarketing.beans.Identifier>
    <id>9d057680-e4a2-428e-a7dd-19dec30733f2</id>
    <assetName>util</assetName>
    <assetType>folder</assetType>
    <parentPath>/application/</parentPath>
    <hostId>48190c8c-42c4-46af-8d1a-0cd5db894797</hostId>
  </com.dotmarketing.beans.Identifier>
  <com.dotmarketing.beans.Identifier>
    <id>9f5a4fa0-9991-4791-b216-0a7755a62c26</id>
    <assetName>vtl</assetName>
    <assetType>folder</assetType>
    <parentPath>/application/</parentPath>
    <hostId>48190c8c-42c4-46af-8d1a-0cd5db894797</hostId>
  </com.dotmarketing.beans.Identifier>
  <com.dotmarketing.beans.Identifier>
    <id>c06b2bd2-374e-49a1-97a8-9033a9013559</id>
    <assetName>custom-fields</assetName>
    <assetType>folder</assetType>
    <parentPath>/application/</parentPath>
    <hostId>48190c8c-42c4-46af-8d1a-0cd5db894797</hostId>
  </com.dotmarketing.beans.Identifier>
  <com.dotmarketing.beans.Identifier>
    <id>c765343f-73c5-4a82-8932-8bb54a59c70d</id>
    <assetName>content-types</assetName>
    <assetType>folder</assetType>
    <parentPath>/application/</parentPath>
    <hostId>48190c8c-42c4-46af-8d1a-0cd5db894797</hostId>
  </com.dotmarketing.beans.Identifier>
  <com.dotmarketing.beans.Identifier>
    <id>c82f04da-a01f-4370-adc4-32a26de8cd3b</id>
    <assetName>includes</assetName>
    <assetType>folder</assetType>
    <parentPath>/application/</parentPath>
    <hostId>48190c8c-42c4-46af-8d1a-0cd5db894797</hostId>
  </com.dotmarketing.beans.Identifier>
  <com.dotmarketing.beans.Identifier>
    <id>aaf17ebb-d550-494f-8d64-195d731023ba</id>
    <assetName>velocity-include.vtl</assetName>
    <assetType>contentlet</assetType>
    <parentPath>/application/content-types/</parentPath>
    <hostId>48190c8c-42c4-46af-8d1a-0cd5db894797</hostId>
  </com.dotmarketing.beans.Identifier>
  <com.dotmarketing.beans.Identifier>
    <id>c1f7091c-18c1-4c24-a307-a6e3bd572ae5</id>
    <assetName>content-generic.vtl</assetName>
    <assetType>contentlet</assetType>
    <parentPath>/application/content-types/</parentPath>
    <hostId>48190c8c-42c4-46af-8d1a-0cd5db894797</hostId>
  </com.dotmarketing.beans.Identifier>
  <com.dotmarketing.beans.Identifier>
    <id>c2e3bec0-3de2-4adb-bbd1-9dcf436ec4d5</id>
    <assetName>file-asset.vtl</assetName>
    <assetType>contentlet</assetType>
    <parentPath>/application/content-types/</parentPath>
    <hostId>48190c8c-42c4-46af-8d1a-0cd5db894797</hostId>
  </com.dotmarketing.beans.Identifier>
  <com.dotmarketing.beans.Identifier>
    <id>3b72df4c-1f1a-4a6f-8531-2cdacd496ad8</id>
    <assetName>field-button.vtl</assetName>
    <assetType>contentlet</assetType>
    <parentPath>/application/custom-fields/</parentPath>
    <hostId>48190c8c-42c4-46af-8d1a-0cd5db894797</hostId>
  </com.dotmarketing.beans.Identifier>
  <com.dotmarketing.beans.Identifier>
    <id>f7b033f6-f949-40e5-9ff2-66355c324bdc</id>
    <assetName>template-layout.vtl</assetName>
    <assetType>contentlet</assetType>
    <parentPath>/application/custom-fields/</parentPath>
    <hostId>48190c8c-42c4-46af-8d1a-0cd5db894797</hostId>
  </com.dotmarketing.beans.Identifier>
  <com.dotmarketing.beans.Identifier>
    <id>fd568618-b2ef-4992-a9ab-08fb2b82fc5d</id>
    <assetName>markdown-editor.vtl</assetName>
    <assetType>contentlet</assetType>
    <parentPath>/application/custom-fields/</parentPath>
    <hostId>48190c8c-42c4-46af-8d1a-0cd5db894797</hostId>
  </com.dotmarketing.beans.Identifier>
  <com.dotmarketing.beans.Identifier>
    <id>00e5aa21-e7e8-4c12-85c9-0bc9e530cd08</id>
    <assetName>template-parameters.vtl</assetName>
    <assetType>contentlet</assetType>
    <parentPath>/application/includes/</parentPath>
    <hostId>48190c8c-42c4-46af-8d1a-0cd5db894797</hostId>
  </com.dotmarketing.beans.Identifier>
  <com.dotmarketing.beans.Identifier>
    <id>198182ba-d9a4-4b5b-acda-74d5cf9e8079</id>
    <assetName>social-meta.vtl</assetName>
    <assetType>contentlet</assetType>
    <parentPath>/application/includes/</parentPath>
    <hostId>48190c8c-42c4-46af-8d1a-0cd5db894797</hostId>
  </com.dotmarketing.beans.Identifier>
  <com.dotmarketing.beans.Identifier>
    <id>411b4c19-614e-4f19-b490-60d325b7bb52</id>
    <assetName>globals.vtl</assetName>
    <assetType>contentlet</assetType>
    <parentPath>/application/includes/</parentPath>
    <hostId>48190c8c-42c4-46af-8d1a-0cd5db894797</hostId>
  </com.dotmarketing.beans.Identifier>
  <com.dotmarketing.beans.Identifier>
    <id>948b30d2-58ae-4a51-a357-10200fd8d32d</id>
    <assetName>asset-imports.vtl</assetName>
    <assetType>contentlet</assetType>
    <parentPath>/application/includes/</parentPath>
    <hostId>48190c8c-42c4-46af-8d1a-0cd5db894797</hostId>
  </com.dotmarketing.beans.Identifier>
  <com.dotmarketing.beans.Identifier>
    <id>97b39a03-2f0a-41b1-82c4-ff8a1b5fe741</id>
    <assetName>options.vtl</assetName>
    <assetType>contentlet</assetType>
    <parentPath>/application/includes/</parentPath>
    <hostId>48190c8c-42c4-46af-8d1a-0cd5db894797</hostId>
  </com.dotmarketing.beans.Identifier>
  <com.dotmarketing.beans.Identifier>
    <id>015d167a-19c6-461e-b7a3-72039015a50d</id>
    <assetName>slugify.vm</assetName>
    <assetType>contentlet</assetType>
    <parentPath>/application/macros/</parentPath>
    <hostId>48190c8c-42c4-46af-8d1a-0cd5db894797</hostId>
  </com.dotmarketing.beans.Identifier>
  <com.dotmarketing.beans.Identifier>
    <id>14024149-580a-47c5-9791-0e92287ac18d</id>
    <assetName>button.vm</assetName>
    <assetType>contentlet</assetType>
    <parentPath>/application/macros/</parentPath>
    <hostId>48190c8c-42c4-46af-8d1a-0cd5db894797</hostId>
  </com.dotmarketing.beans.Identifier>
  <com.dotmarketing.beans.Identifier>
    <id>15788e22-0094-441c-8742-5302ce57d8d2</id>
    <assetName>template-column.vm</assetName>
    <assetType>contentlet</assetType>
    <parentPath>/application/macros/</parentPath>
    <hostId>48190c8c-42c4-46af-8d1a-0cd5db894797</hostId>
  </com.dotmarketing.beans.Identifier>
  <com.dotmarketing.beans.Identifier>
    <id>241408b9-a1ec-4343-9c13-0adc9c3173ba</id>
    <assetName>contentlet-info.vm</assetName>
    <assetType>contentlet</assetType>
    <parentPath>/application/macros/</parentPath>
    <hostId>48190c8c-42c4-46af-8d1a-0cd5db894797</hostId>
  </com.dotmarketing.beans.Identifier>
  <com.dotmarketing.beans.Identifier>
    <id>5b0a8283-924b-4f4f-ae1c-471c8737dfdd</id>
    <assetName>truncate-string.vm</assetName>
    <assetType>contentlet</assetType>
    <parentPath>/application/macros/</parentPath>
    <hostId>48190c8c-42c4-46af-8d1a-0cd5db894797</hostId>
  </com.dotmarketing.beans.Identifier>
  <com.dotmarketing.beans.Identifier>
    <id>af0cabbc-a404-45b0-bee9-9acce61cc09b</id>
    <assetName>json-get.vm</assetName>
    <assetType>contentlet</assetType>
    <parentPath>/application/macros/</parentPath>
    <hostId>48190c8c-42c4-46af-8d1a-0cd5db894797</hostId>
  </com.dotmarketing.beans.Identifier>
  <com.dotmarketing.beans.Identifier>
    <id>f81e78ab-713d-4505-87a8-8f80c33afd76</id>
    <assetName>container-info.vm</assetName>
    <assetType>contentlet</assetType>
    <parentPath>/application/macros/</parentPath>
    <hostId>48190c8c-42c4-46af-8d1a-0cd5db894797</hostId>
  </com.dotmarketing.beans.Identifier>
  <com.dotmarketing.beans.Identifier>
    <id>91ed2302-1025-4f36-9503-3879c147687e</id>
    <assetName>default</assetName>
    <assetType>folder</assetType>
    <parentPath>/application/themes/</parentPath>
    <hostId>48190c8c-42c4-46af-8d1a-0cd5db894797</hostId>
  </com.dotmarketing.beans.Identifier>
  <com.dotmarketing.beans.Identifier>
    <id>26c82137-c6ce-4027-ac6d-d871dcb3bda5</id>
    <assetName>html_head.vtl</assetName>
    <assetType>contentlet</assetType>
    <parentPath>/application/themes/default/</parentPath>
    <hostId>48190c8c-42c4-46af-8d1a-0cd5db894797</hostId>
  </com.dotmarketing.beans.Identifier>
  <com.dotmarketing.beans.Identifier>
    <id>39c5ead5-62c3-46db-b22c-033b44b28766</id>
    <assetName>header.vtl</assetName>
    <assetType>contentlet</assetType>
    <parentPath>/application/themes/default/</parentPath>
    <hostId>48190c8c-42c4-46af-8d1a-0cd5db894797</hostId>
  </com.dotmarketing.beans.Identifier>
  <com.dotmarketing.beans.Identifier>
    <id>b7cd9f1c-79e7-4a10-802b-9923a741fa06</id>
    <assetName>template.vtl</assetName>
    <assetType>contentlet</assetType>
    <parentPath>/application/themes/default/</parentPath>
    <hostId>48190c8c-42c4-46af-8d1a-0cd5db894797</hostId>
  </com.dotmarketing.beans.Identifier>
  <com.dotmarketing.beans.Identifier>
    <id>bcb036d3-cd4b-4801-96d9-d5677641fa6e</id>
    <assetName>bottom.vtl</assetName>
    <assetType>contentlet</assetType>
    <parentPath>/application/themes/default/</parentPath>
    <hostId>48190c8c-42c4-46af-8d1a-0cd5db894797</hostId>
  </com.dotmarketing.beans.Identifier>
  <com.dotmarketing.beans.Identifier>
    <id>f242f3bd-5be3-4547-87ed-615321f23fa1</id>
    <assetName>footer.vtl</assetName>
    <assetType>contentlet</assetType>
    <parentPath>/application/themes/default/</parentPath>
    <hostId>48190c8c-42c4-46af-8d1a-0cd5db894797</hostId>
  </com.dotmarketing.beans.Identifier>
  <com.dotmarketing.beans.Identifier>
    <id>1da82279-ff01-4254-8de9-cff3fc318b3b</id>
    <assetName>test.vtl</assetName>
    <assetType>contentlet</assetType>
    <parentPath>/application/util/</parentPath>
    <hostId>48190c8c-42c4-46af-8d1a-0cd5db894797</hostId>
  </com.dotmarketing.beans.Identifier>
  <com.dotmarketing.beans.Identifier>
    <id>6e13f4a3-e025-4a99-8ad0-ff707014c6a2</id>
    <assetName>demo-page.vtl</assetName>
    <assetType>contentlet</assetType>
    <parentPath>/application/util/</parentPath>
    <hostId>48190c8c-42c4-46af-8d1a-0cd5db894797</hostId>
  </com.dotmarketing.beans.Identifier>
  <com.dotmarketing.beans.Identifier>
    <id>2e4566ef-b0e5-42db-9c85-97932ed39996</id>
    <assetName>ethode-logo-blue.png</assetName>
    <assetType>contentlet</assetType>
    <parentPath>/img/</parentPath>
    <hostId>48190c8c-42c4-46af-8d1a-0cd5db894797</hostId>
  </com.dotmarketing.beans.Identifier>
  <com.dotmarketing.beans.Identifier>
    <id>3a13cf36-226e-4d69-8c2c-99c467b2ce3b</id>
    <assetName>icons</assetName>
    <assetType>folder</assetType>
    <parentPath>/img/</parentPath>
    <hostId>48190c8c-42c4-46af-8d1a-0cd5db894797</hostId>
  </com.dotmarketing.beans.Identifier>
  <com.dotmarketing.beans.Identifier>
    <id>02d5fbb6-573b-409b-b418-f9e1dad07c5d</id>
    <assetName>mstile-150x150.png</assetName>
    <assetType>contentlet</assetType>
    <parentPath>/img/icons/</parentPath>
    <hostId>48190c8c-42c4-46af-8d1a-0cd5db894797</hostId>
  </com.dotmarketing.beans.Identifier>
  <com.dotmarketing.beans.Identifier>
    <id>232625ae-5a5f-4802-b2c2-f85f3e8ba835</id>
    <assetName>favicon-16x16.png</assetName>
    <assetType>contentlet</assetType>
    <parentPath>/img/icons/</parentPath>
    <hostId>48190c8c-42c4-46af-8d1a-0cd5db894797</hostId>
  </com.dotmarketing.beans.Identifier>
  <com.dotmarketing.beans.Identifier>
    <id>5d7cf613-d477-47fc-9bb4-ef13d0657e82</id>
    <assetName>favicon-32x32.png</assetName>
    <assetType>contentlet</assetType>
    <parentPath>/img/icons/</parentPath>
    <hostId>48190c8c-42c4-46af-8d1a-0cd5db894797</hostId>
  </com.dotmarketing.beans.Identifier>
  <com.dotmarketing.beans.Identifier>
    <id>a713d74c-8605-4dfb-b775-a2551eff6f4d</id>
    <assetName>apple-touch-icon.png</assetName>
    <assetType>contentlet</assetType>
    <parentPath>/img/icons/</parentPath>
    <hostId>48190c8c-42c4-46af-8d1a-0cd5db894797</hostId>
  </com.dotmarketing.beans.Identifier>
  <com.dotmarketing.beans.Identifier>
    <id>c532ff23-15c5-4d20-9bc3-696e28233802</id>
    <assetName>android-chrome-192x192.png</assetName>
    <assetType>contentlet</assetType>
    <parentPath>/img/icons/</parentPath>
    <hostId>48190c8c-42c4-46af-8d1a-0cd5db894797</hostId>
  </com.dotmarketing.beans.Identifier>
  <com.dotmarketing.beans.Identifier>
    <id>d33f0e12-c6af-48bb-99a8-be0a6152ee51</id>
    <assetName>android-chrome-256x256.png</assetName>
    <assetType>contentlet</assetType>
    <parentPath>/img/icons/</parentPath>
    <hostId>48190c8c-42c4-46af-8d1a-0cd5db894797</hostId>
  </com.dotmarketing.beans.Identifier>
  <com.dotmarketing.beans.Identifier>
    <id>d60e7224-557a-4045-930d-4165937107ab</id>
    <assetName>safari-pinned-tab.svg</assetName>
    <assetType>contentlet</assetType>
    <parentPath>/img/icons/</parentPath>
    <hostId>48190c8c-42c4-46af-8d1a-0cd5db894797</hostId>
  </com.dotmarketing.beans.Identifier>
  <com.dotmarketing.beans.Identifier>
    <id>ea05f980-b5b9-4804-8d87-c97b06e40021</id>
    <assetName>favicon.ico</assetName>
    <assetType>contentlet</assetType>
    <parentPath>/img/icons/</parentPath>
    <hostId>48190c8c-42c4-46af-8d1a-0cd5db894797</hostId>
  </com.dotmarketing.beans.Identifier>
  <com.dotmarketing.beans.Identifier>
    <id>bc9a1d37-dd2d-4d49-a29d-0c9be740bfaf</id>
    <assetName>system folder</assetName>
    <assetType>folder</assetType>
    <parentPath>/System folder</parentPath>
    <hostId>SYSTEM_HOST</hostId>
  </com.dotmarketing.beans.Identifier>
</list>