<list>
  <com.dotmarketing.portlets.folders.model.Folder>
    <iDate class="sql-timestamp">2019-04-12 21:13:44.007</iDate>
    <type>folder</type>
    <owner>dotcms.org.1</owner>
    <inode>bedc1945-182e-4582-9025-c2e403c3e179</inode>
    <identifier>a2cb3200-d2b7-4408-80df-7209a3ebde0f</identifier>
    <name>md</name>
    <sortOrder>0</sortOrder>
    <showOnMenu>false</showOnMenu>
    <hostId>48190c8c-42c4-46af-8d1a-0cd5db894797</hostId>
    <title>md</title>
    <filesMasks></filesMasks>
    <defaultFileType>33888b6f-7a8e-4069-b1b6-5c1aa9d0a48d</defaultFileType>
    <modDate class="sql-timestamp">2019-04-12 21:13:44.008</modDate>
  </com.dotmarketing.portlets.folders.model.Folder>
  <com.dotmarketing.portlets.folders.model.Folder>
    <iDate class="sql-timestamp">2019-04-12 21:04:02.168</iDate>
    <type>folder</type>
    <owner>dotcms.org.1</owner>
    <inode>fd4e191a-efd8-47f8-aa6c-42d740fc990d</inode>
    <identifier>3a13cf36-226e-4d69-8c2c-99c467b2ce3b</identifier>
    <name>icons</name>
    <sortOrder>0</sortOrder>
    <showOnMenu>false</showOnMenu>
    <hostId>48190c8c-42c4-46af-8d1a-0cd5db894797</hostId>
    <title>icons</title>
    <filesMasks></filesMasks>
    <defaultFileType>33888b6f-7a8e-4069-b1b6-5c1aa9d0a48d</defaultFileType>
    <modDate class="sql-timestamp">2019-04-12 21:04:02.17</modDate>
  </com.dotmarketing.portlets.folders.model.Folder>
  <com.dotmarketing.portlets.folders.model.Folder>
    <iDate class="sql-timestamp">2019-03-29 19:24:18.014</iDate>
    <type>folder</type>
    <owner>dotcms.org.1</owner>
    <inode>d6802520-2acf-4d50-b986-bfa45372af30</inode>
    <identifier>77777f76-0407-496c-99d4-57ce8d146a50</identifier>
    <name>documents</name>
    <sortOrder>0</sortOrder>
    <showOnMenu>false</showOnMenu>
    <hostId>48190c8c-42c4-46af-8d1a-0cd5db894797</hostId>
    <title>documents</title>
    <filesMasks></filesMasks>
    <defaultFileType>33888b6f-7a8e-4069-b1b6-5c1aa9d0a48d</defaultFileType>
    <modDate class="sql-timestamp">2019-03-29 19:24:18.016</modDate>
  </com.dotmarketing.portlets.folders.model.Folder>
  <com.dotmarketing.portlets.folders.model.Folder>
    <iDate class="sql-timestamp">2019-03-29 19:23:58.032</iDate>
    <type>folder</type>
    <owner>dotcms.org.1</owner>
    <inode>b316e679-41d6-440f-bcba-90aa1c655ded</inode>
    <identifier>aac77b5a-6311-4fab-816c-6f26a6aded22</identifier>
    <name>downloads</name>
    <sortOrder>0</sortOrder>
    <showOnMenu>false</showOnMenu>
    <hostId>48190c8c-42c4-46af-8d1a-0cd5db894797</hostId>
    <title>downloads</title>
    <filesMasks></filesMasks>
    <defaultFileType>33888b6f-7a8e-4069-b1b6-5c1aa9d0a48d</defaultFileType>
    <modDate class="sql-timestamp">2019-03-29 19:23:58.036</modDate>
  </com.dotmarketing.portlets.folders.model.Folder>
  <com.dotmarketing.portlets.folders.model.Folder>
    <iDate class="sql-timestamp">2019-03-29 19:23:08.895</iDate>
    <type>folder</type>
    <owner>dotcms.org.1</owner>
    <inode>c1a2d807-3363-4b8d-a358-2c446f4d9150</inode>
    <identifier>9f5a4fa0-9991-4791-b216-0a7755a62c26</identifier>
    <name>vtl</name>
    <sortOrder>0</sortOrder>
    <showOnMenu>false</showOnMenu>
    <hostId>48190c8c-42c4-46af-8d1a-0cd5db894797</hostId>
    <title>vtl</title>
    <filesMasks></filesMasks>
    <defaultFileType>33888b6f-7a8e-4069-b1b6-5c1aa9d0a48d</defaultFileType>
    <modDate class="sql-timestamp">2019-03-29 19:23:08.897</modDate>
  </com.dotmarketing.portlets.folders.model.Folder>
  <com.dotmarketing.portlets.folders.model.Folder>
    <iDate class="sql-timestamp">2019-03-29 19:22:51.945</iDate>
    <type>folder</type>
    <owner>dotcms.org.1</owner>
    <inode>a1050710-4b1d-4886-a7ab-f15956ac3504</inode>
    <identifier>9096a9aa-6f52-4e6c-9030-29ca90f495a4</identifier>
    <name>widgets</name>
    <sortOrder>0</sortOrder>
    <showOnMenu>false</showOnMenu>
    <hostId>48190c8c-42c4-46af-8d1a-0cd5db894797</hostId>
    <title>widgets</title>
    <filesMasks></filesMasks>
    <defaultFileType>33888b6f-7a8e-4069-b1b6-5c1aa9d0a48d</defaultFileType>
    <modDate class="sql-timestamp">2019-03-29 19:22:51.949</modDate>
  </com.dotmarketing.portlets.folders.model.Folder>
  <com.dotmarketing.portlets.folders.model.Folder>
    <iDate class="sql-timestamp">2019-03-15 06:06:45.56</iDate>
    <type>folder</type>
    <owner>dotcms.org.1</owner>
    <inode>33de3cfc-f11e-4afa-ac3d-9da8823bc27f</inode>
    <identifier>91ed2302-1025-4f36-9503-3879c147687e</identifier>
    <name>default</name>
    <sortOrder>0</sortOrder>
    <showOnMenu>false</showOnMenu>
    <hostId>48190c8c-42c4-46af-8d1a-0cd5db894797</hostId>
    <title>default</title>
    <filesMasks></filesMasks>
    <defaultFileType>33888b6f-7a8e-4069-b1b6-5c1aa9d0a48d</defaultFileType>
    <modDate class="sql-timestamp">2019-03-15 06:06:45.562</modDate>
  </com.dotmarketing.portlets.folders.model.Folder>
  <com.dotmarketing.portlets.folders.model.Folder>
    <iDate class="sql-timestamp">2019-03-15 06:06:04.951</iDate>
    <type>folder</type>
    <owner>dotcms.org.1</owner>
    <inode>91ee9da4-a5af-4438-985a-881e4fb89b73</inode>
    <identifier>7591f78a-d4ac-403d-9ea4-698846b60b05</identifier>
    <name>apivtl</name>
    <sortOrder>0</sortOrder>
    <showOnMenu>false</showOnMenu>
    <hostId>48190c8c-42c4-46af-8d1a-0cd5db894797</hostId>
    <title>apivtl</title>
    <filesMasks></filesMasks>
    <defaultFileType>33888b6f-7a8e-4069-b1b6-5c1aa9d0a48d</defaultFileType>
    <modDate class="sql-timestamp">2019-03-15 06:06:04.953</modDate>
  </com.dotmarketing.portlets.folders.model.Folder>
  <com.dotmarketing.portlets.folders.model.Folder>
    <iDate class="sql-timestamp">2019-03-15 06:04:34.548</iDate>
    <type>folder</type>
    <owner>dotcms.org.1</owner>
    <inode>780965a0-0180-4c9a-bf8b-e022301c789e</inode>
    <identifier>c765343f-73c5-4a82-8932-8bb54a59c70d</identifier>
    <name>content-types</name>
    <sortOrder>0</sortOrder>
    <showOnMenu>false</showOnMenu>
    <hostId>48190c8c-42c4-46af-8d1a-0cd5db894797</hostId>
    <title>content-types</title>
    <filesMasks></filesMasks>
    <defaultFileType>33888b6f-7a8e-4069-b1b6-5c1aa9d0a48d</defaultFileType>
    <modDate class="sql-timestamp">2019-03-15 06:04:34.55</modDate>
  </com.dotmarketing.portlets.folders.model.Folder>
  <com.dotmarketing.portlets.folders.model.Folder>
    <iDate class="sql-timestamp">2019-03-15 06:04:10.922</iDate>
    <type>folder</type>
    <owner>dotcms.org.1</owner>
    <inode>7d0e0f3a-3a1e-4166-bed6-a518615476d9</inode>
    <identifier>4297dec0-d8af-4a2d-89ab-a536f03a86e7</identifier>
    <name>static</name>
    <sortOrder>0</sortOrder>
    <showOnMenu>false</showOnMenu>
    <hostId>48190c8c-42c4-46af-8d1a-0cd5db894797</hostId>
    <title>static</title>
    <filesMasks></filesMasks>
    <defaultFileType>33888b6f-7a8e-4069-b1b6-5c1aa9d0a48d</defaultFileType>
    <modDate class="sql-timestamp">2019-03-15 06:04:10.923</modDate>
  </com.dotmarketing.portlets.folders.model.Folder>
  <com.dotmarketing.portlets.folders.model.Folder>
    <iDate class="sql-timestamp">2019-03-15 06:03:58.352</iDate>
    <type>folder</type>
    <owner>dotcms.org.1</owner>
    <inode>0519f9d1-8568-4d5e-8851-79dee60bd369</inode>
    <identifier>ab50e7d2-baae-4a2d-8a1b-1d34dd54a93d</identifier>
    <name>json</name>
    <sortOrder>0</sortOrder>
    <showOnMenu>false</showOnMenu>
    <hostId>48190c8c-42c4-46af-8d1a-0cd5db894797</hostId>
    <title>json</title>
    <filesMasks></filesMasks>
    <defaultFileType>33888b6f-7a8e-4069-b1b6-5c1aa9d0a48d</defaultFileType>
    <modDate class="sql-timestamp">2019-03-15 06:03:58.353</modDate>
  </com.dotmarketing.portlets.folders.model.Folder>
  <com.dotmarketing.portlets.folders.model.Folder>
    <iDate class="sql-timestamp">2019-03-15 06:03:44.401</iDate>
    <type>folder</type>
    <owner>dotcms.org.1</owner>
    <inode>54202daa-5642-4aff-9d0d-49ff72139aa9</inode>
    <identifier>e0d810e2-dcde-4168-8198-bc6d4a4b62e9</identifier>
    <name>js</name>
    <sortOrder>0</sortOrder>
    <showOnMenu>false</showOnMenu>
    <hostId>48190c8c-42c4-46af-8d1a-0cd5db894797</hostId>
    <title>js</title>
    <filesMasks></filesMasks>
    <defaultFileType>33888b6f-7a8e-4069-b1b6-5c1aa9d0a48d</defaultFileType>
    <modDate class="sql-timestamp">2019-03-15 06:03:44.402</modDate>
  </com.dotmarketing.portlets.folders.model.Folder>
  <com.dotmarketing.portlets.folders.model.Folder>
    <iDate class="sql-timestamp">2019-03-15 06:03:34.363</iDate>
    <type>folder</type>
    <owner>dotcms.org.1</owner>
    <inode>c23d673c-64a8-4aeb-927c-7043cdba8990</inode>
    <identifier>843041e6-1670-4c47-b0dd-9bec2cfd6957</identifier>
    <name>img</name>
    <sortOrder>0</sortOrder>
    <showOnMenu>false</showOnMenu>
    <hostId>48190c8c-42c4-46af-8d1a-0cd5db894797</hostId>
    <title>img</title>
    <filesMasks></filesMasks>
    <defaultFileType>33888b6f-7a8e-4069-b1b6-5c1aa9d0a48d</defaultFileType>
    <modDate class="sql-timestamp">2019-03-15 06:03:34.365</modDate>
  </com.dotmarketing.portlets.folders.model.Folder>
  <com.dotmarketing.portlets.folders.model.Folder>
    <iDate class="sql-timestamp">2019-03-15 06:03:20.028</iDate>
    <type>folder</type>
    <owner>dotcms.org.1</owner>
    <inode>9490245c-d6f0-4352-b011-8e27cfadb119</inode>
    <identifier>baa1c305-ab1a-4086-940c-d60620a80fcb</identifier>
    <name>fonts</name>
    <sortOrder>0</sortOrder>
    <showOnMenu>false</showOnMenu>
    <hostId>48190c8c-42c4-46af-8d1a-0cd5db894797</hostId>
    <title>fonts</title>
    <filesMasks></filesMasks>
    <defaultFileType>33888b6f-7a8e-4069-b1b6-5c1aa9d0a48d</defaultFileType>
    <modDate class="sql-timestamp">2019-03-15 06:03:20.029</modDate>
  </com.dotmarketing.portlets.folders.model.Folder>
  <com.dotmarketing.portlets.folders.model.Folder>
    <iDate class="sql-timestamp">2019-03-15 06:02:34.73</iDate>
    <type>folder</type>
    <owner>dotcms.org.1</owner>
    <inode>8a4492ec-4352-44f3-ac34-9d8266ebdd63</inode>
    <identifier>6546507b-f8eb-42b0-927c-cd3480de02f9</identifier>
    <name>css</name>
    <sortOrder>0</sortOrder>
    <showOnMenu>false</showOnMenu>
    <hostId>48190c8c-42c4-46af-8d1a-0cd5db894797</hostId>
    <title>css</title>
    <filesMasks></filesMasks>
    <defaultFileType>33888b6f-7a8e-4069-b1b6-5c1aa9d0a48d</defaultFileType>
    <modDate class="sql-timestamp">2019-03-15 06:02:34.733</modDate>
  </com.dotmarketing.portlets.folders.model.Folder>
  <com.dotmarketing.portlets.folders.model.Folder>
    <iDate class="sql-timestamp">2019-03-15 06:02:23.76</iDate>
    <type>folder</type>
    <owner>dotcms.org.1</owner>
    <inode>987c6731-68cb-4b2d-8eb7-6985d0c7d15c</inode>
    <identifier>9d057680-e4a2-428e-a7dd-19dec30733f2</identifier>
    <name>util</name>
    <sortOrder>0</sortOrder>
    <showOnMenu>false</showOnMenu>
    <hostId>48190c8c-42c4-46af-8d1a-0cd5db894797</hostId>
    <title>util</title>
    <filesMasks></filesMasks>
    <defaultFileType>33888b6f-7a8e-4069-b1b6-5c1aa9d0a48d</defaultFileType>
    <modDate class="sql-timestamp">2019-03-15 06:02:23.762</modDate>
  </com.dotmarketing.portlets.folders.model.Folder>
  <com.dotmarketing.portlets.folders.model.Folder>
    <iDate class="sql-timestamp">2019-03-15 06:02:07.82</iDate>
    <type>folder</type>
    <owner>dotcms.org.1</owner>
    <inode>5795e3b4-954a-4a45-a576-bd79b3fc1ca1</inode>
    <identifier>1a1339c8-09b0-4926-94e5-36759d3f94a3</identifier>
    <name>macros</name>
    <sortOrder>0</sortOrder>
    <showOnMenu>false</showOnMenu>
    <hostId>48190c8c-42c4-46af-8d1a-0cd5db894797</hostId>
    <title>macros</title>
    <filesMasks></filesMasks>
    <defaultFileType>33888b6f-7a8e-4069-b1b6-5c1aa9d0a48d</defaultFileType>
    <modDate class="sql-timestamp">2019-03-15 06:02:07.822</modDate>
  </com.dotmarketing.portlets.folders.model.Folder>
  <com.dotmarketing.portlets.folders.model.Folder>
    <iDate class="sql-timestamp">2019-03-15 06:01:52.158</iDate>
    <type>folder</type>
    <owner>dotcms.org.1</owner>
    <inode>dc308df9-13e4-4f83-86b7-51fa8d9b5f42</inode>
    <identifier>c82f04da-a01f-4370-adc4-32a26de8cd3b</identifier>
    <name>includes</name>
    <sortOrder>0</sortOrder>
    <showOnMenu>false</showOnMenu>
    <hostId>48190c8c-42c4-46af-8d1a-0cd5db894797</hostId>
    <title>includes</title>
    <filesMasks></filesMasks>
    <defaultFileType>33888b6f-7a8e-4069-b1b6-5c1aa9d0a48d</defaultFileType>
    <modDate class="sql-timestamp">2019-03-15 06:01:52.162</modDate>
  </com.dotmarketing.portlets.folders.model.Folder>
  <com.dotmarketing.portlets.folders.model.Folder>
    <iDate class="sql-timestamp">2019-03-15 06:01:37.216</iDate>
    <type>folder</type>
    <owner>dotcms.org.1</owner>
    <inode>ae466746-f526-49e9-9c3d-b519083b3b10</inode>
    <identifier>c06b2bd2-374e-49a1-97a8-9033a9013559</identifier>
    <name>custom-fields</name>
    <sortOrder>0</sortOrder>
    <showOnMenu>false</showOnMenu>
    <hostId>48190c8c-42c4-46af-8d1a-0cd5db894797</hostId>
    <title>custom-fields</title>
    <filesMasks></filesMasks>
    <defaultFileType>33888b6f-7a8e-4069-b1b6-5c1aa9d0a48d</defaultFileType>
    <modDate class="sql-timestamp">2019-03-15 06:01:37.219</modDate>
  </com.dotmarketing.portlets.folders.model.Folder>
  <com.dotmarketing.portlets.folders.model.Folder>
    <iDate class="sql-timestamp">2019-03-15 06:01:19.247</iDate>
    <type>folder</type>
    <owner>dotcms.org.1</owner>
    <inode>09b69f24-d110-4d3f-b846-ef2137bb9657</inode>
    <identifier>8902cd9c-e705-4d6d-8f5f-ef29ae3db940</identifier>
    <name>async</name>
    <sortOrder>0</sortOrder>
    <showOnMenu>false</showOnMenu>
    <hostId>48190c8c-42c4-46af-8d1a-0cd5db894797</hostId>
    <title>async</title>
    <filesMasks></filesMasks>
    <defaultFileType>33888b6f-7a8e-4069-b1b6-5c1aa9d0a48d</defaultFileType>
    <modDate class="sql-timestamp">2019-03-15 06:01:19.264</modDate>
  </com.dotmarketing.portlets.folders.model.Folder>
  <com.dotmarketing.portlets.folders.model.Folder>
    <iDate class="sql-timestamp">2019-02-07 17:38:31.728</iDate>
    <type>folder</type>
    <owner></owner>
    <inode>b8a303ae-4cb4-40bf-9f27-b5b29b3350dc</inode>
    <identifier>009f54c4-700c-43c1-8c2a-9d5a556c352a</identifier>
    <name>containers</name>
    <sortOrder>0</sortOrder>
    <showOnMenu>false</showOnMenu>
    <hostId>48190c8c-42c4-46af-8d1a-0cd5db894797</hostId>
    <title>containers</title>
    <filesMasks></filesMasks>
    <defaultFileType>33888b6f-7a8e-4069-b1b6-5c1aa9d0a48d</defaultFileType>
    <modDate class="sql-timestamp">2019-02-07 17:38:31.734</modDate>
  </com.dotmarketing.portlets.folders.model.Folder>
  <com.dotmarketing.portlets.folders.model.Folder>
    <iDate class="sql-timestamp">2012-10-15 20:35:14.322</iDate>
    <type>folder</type>
    <owner></owner>
    <inode>8c31a241-9dce-434a-8b77-ec902155307d</inode>
    <identifier>4aa37d39-41c0-4a99-bb22-f7580dbe9dcc</identifier>
    <name>themes</name>
    <sortOrder>0</sortOrder>
    <showOnMenu>false</showOnMenu>
    <hostId>48190c8c-42c4-46af-8d1a-0cd5db894797</hostId>
    <title>themes</title>
    <defaultFileType>33888b6f-7a8e-4069-b1b6-5c1aa9d0a48d</defaultFileType>
    <modDate class="sql-timestamp">2014-03-21 14:11:18.793413</modDate>
  </com.dotmarketing.portlets.folders.model.Folder>
  <com.dotmarketing.portlets.folders.model.Folder>
    <iDate class="sql-timestamp">2012-03-01 18:49:48.711</iDate>
    <type>folder</type>
    <owner>dotcms.org.1</owner>
    <inode>83bb5752-4264-43c4-84c8-28176603431a</inode>
    <identifier>81f17c44-d2e2-49fb-a24e-a65ca8c6d9de</identifier>
    <name>application</name>
    <sortOrder>0</sortOrder>
    <showOnMenu>false</showOnMenu>
    <hostId>48190c8c-42c4-46af-8d1a-0cd5db894797</hostId>
    <title>Application</title>
    <filesMasks></filesMasks>
    <defaultFileType>33888b6f-7a8e-4069-b1b6-5c1aa9d0a48d</defaultFileType>
    <modDate class="sql-timestamp">2014-03-21 14:11:18.793413</modDate>
  </com.dotmarketing.portlets.folders.model.Folder>
  <com.dotmarketing.portlets.folders.model.Folder>
    <iDate class="sql-timestamp">2009-10-08 20:27:18.0</iDate>
    <type>folder</type>
    <owner>system</owner>
    <inode>SYSTEM_FOLDER</inode>
    <identifier>bc9a1d37-dd2d-4d49-a29d-0c9be740bfaf</identifier>
    <name>system folder</name>
    <sortOrder>0</sortOrder>
    <showOnMenu>false</showOnMenu>
    <hostId>SYSTEM_HOST</hostId>
    <title>System folder</title>
    <filesMasks></filesMasks>
    <defaultFileType>33888b6f-7a8e-4069-b1b6-5c1aa9d0a48d</defaultFileType>
    <modDate class="sql-timestamp">2017-03-07 18:25:58.116</modDate>
  </com.dotmarketing.portlets.folders.model.Folder>
</list>