<list>
  <com.dotmarketing.portlets.containers.model.ContainerVersionInfo>
    <identifier>022ee06c-9199-4ca5-83ee-d8b354550839</identifier>
    <liveInode>3171b48b-97f1-4c0a-bc75-01713f8654bb</liveInode>
    <workingInode>3171b48b-97f1-4c0a-bc75-01713f8654bb</workingInode>
    <lockedOn class="sql-timestamp">2019-03-21 16:11:25.664</lockedOn>
    <deleted>false</deleted>
    <versionTs class="sql-timestamp">2019-03-21 16:09:58.072</versionTs>
  </com.dotmarketing.portlets.containers.model.ContainerVersionInfo>
  <com.dotmarketing.portlets.containers.model.ContainerVersionInfo>
    <identifier>100e4f6a-49ae-4299-ab1d-920a5db3c4eb</identifier>
    <liveInode>76a4aa4d-0bd9-4f77-ae48-fc58dac91e65</liveInode>
    <workingInode>76a4aa4d-0bd9-4f77-ae48-fc58dac91e65</workingInode>
    <lockedOn class="sql-timestamp">2019-03-21 16:11:17.932</lockedOn>
    <deleted>false</deleted>
    <versionTs class="sql-timestamp">2019-03-21 16:09:12.5</versionTs>
  </com.dotmarketing.portlets.containers.model.ContainerVersionInfo>
  <com.dotmarketing.portlets.containers.model.ContainerVersionInfo>
    <identifier>293c57e5-8e84-4e87-8d5a-0fc927df18d3</identifier>
    <liveInode>89d19983-6480-41a3-9f60-c7f544b46a00</liveInode>
    <workingInode>89d19983-6480-41a3-9f60-c7f544b46a00</workingInode>
    <lockedOn class="sql-timestamp">2019-03-21 16:10:27.935</lockedOn>
    <deleted>false</deleted>
    <versionTs class="sql-timestamp">2019-03-21 16:10:27.935</versionTs>
  </com.dotmarketing.portlets.containers.model.ContainerVersionInfo>
  <com.dotmarketing.portlets.containers.model.ContainerVersionInfo>
    <identifier>7429db1b-b512-4005-99ca-f250f741bc0d</identifier>
    <liveInode>7f0563c8-aee5-4770-91ea-a4014efa84a7</liveInode>
    <workingInode>7f0563c8-aee5-4770-91ea-a4014efa84a7</workingInode>
    <lockedOn class="sql-timestamp">2019-03-21 16:11:28.028</lockedOn>
    <deleted>false</deleted>
    <versionTs class="sql-timestamp">2019-03-21 16:10:02.002</versionTs>
  </com.dotmarketing.portlets.containers.model.ContainerVersionInfo>
  <com.dotmarketing.portlets.containers.model.ContainerVersionInfo>
    <identifier>84776cda-3265-4d7f-a20f-f358c4a08bfe</identifier>
    <liveInode>123998de-fb70-4ada-a73b-861db3003176</liveInode>
    <workingInode>123998de-fb70-4ada-a73b-861db3003176</workingInode>
    <lockedOn class="sql-timestamp">2019-03-21 16:11:19.649</lockedOn>
    <deleted>false</deleted>
    <versionTs class="sql-timestamp">2019-03-21 16:09:20.311</versionTs>
  </com.dotmarketing.portlets.containers.model.ContainerVersionInfo>
  <com.dotmarketing.portlets.containers.model.ContainerVersionInfo>
    <identifier>969c90c7-a363-4b84-bce6-787c0884ecbc</identifier>
    <liveInode>08827801-e4c5-4b11-9b78-154eea6fdb6c</liveInode>
    <workingInode>08827801-e4c5-4b11-9b78-154eea6fdb6c</workingInode>
    <lockedOn class="sql-timestamp">2019-03-21 16:11:39.013</lockedOn>
    <deleted>false</deleted>
    <versionTs class="sql-timestamp">2019-03-21 16:10:22.085</versionTs>
  </com.dotmarketing.portlets.containers.model.ContainerVersionInfo>
  <com.dotmarketing.portlets.containers.model.ContainerVersionInfo>
    <identifier>9ff03323-31ca-434d-a2f6-1de6cc1ad103</identifier>
    <liveInode>a5121051-0800-4232-b32d-0a3093ee733a</liveInode>
    <workingInode>a5121051-0800-4232-b32d-0a3093ee733a</workingInode>
    <lockedOn class="sql-timestamp">2019-03-21 16:11:01.128</lockedOn>
    <deleted>false</deleted>
    <versionTs class="sql-timestamp">2019-03-21 16:10:12.807</versionTs>
  </com.dotmarketing.portlets.containers.model.ContainerVersionInfo>
  <com.dotmarketing.portlets.containers.model.ContainerVersionInfo>
    <identifier>b0829958-a28a-492e-ab5c-109880838df6</identifier>
    <liveInode>abc42922-88d0-481d-8971-a6a56939f9ca</liveInode>
    <workingInode>abc42922-88d0-481d-8971-a6a56939f9ca</workingInode>
    <lockedOn class="sql-timestamp">2019-03-21 16:11:49.264</lockedOn>
    <deleted>false</deleted>
    <versionTs class="sql-timestamp">2019-03-21 16:10:09.235</versionTs>
  </com.dotmarketing.portlets.containers.model.ContainerVersionInfo>
  <com.dotmarketing.portlets.containers.model.ContainerVersionInfo>
    <identifier>d85c2d2c-623d-4cdc-9a00-ce01ee8f92b8</identifier>
    <liveInode>2940ef11-60d2-4659-a915-a4a58ef7e850</liveInode>
    <workingInode>2940ef11-60d2-4659-a915-a4a58ef7e850</workingInode>
    <lockedOn class="sql-timestamp">2019-03-21 16:11:35.025</lockedOn>
    <deleted>false</deleted>
    <versionTs class="sql-timestamp">2019-03-21 16:10:15.935</versionTs>
  </com.dotmarketing.portlets.containers.model.ContainerVersionInfo>
  <com.dotmarketing.portlets.containers.model.ContainerVersionInfo>
    <identifier>de0c9746-34c0-444b-b0d6-75c2214ce462</identifier>
    <liveInode>83d23837-e839-4d46-af88-103636f6847c</liveInode>
    <workingInode>83d23837-e839-4d46-af88-103636f6847c</workingInode>
    <lockedOn class="sql-timestamp">2019-03-21 16:11:29.914</lockedOn>
    <deleted>false</deleted>
    <versionTs class="sql-timestamp">2019-03-21 16:10:05.173</versionTs>
  </com.dotmarketing.portlets.containers.model.ContainerVersionInfo>
  <com.dotmarketing.portlets.containers.model.ContainerVersionInfo>
    <identifier>fc15d2ab-bc8d-4e0f-b27f-049471a11d88</identifier>
    <liveInode>37e3a9db-1605-4b78-bd68-1ab97cfc1dd5</liveInode>
    <workingInode>37e3a9db-1605-4b78-bd68-1ab97cfc1dd5</workingInode>
    <lockedOn class="sql-timestamp">2019-04-15 19:11:54.251</lockedOn>
    <deleted>false</deleted>
    <versionTs class="sql-timestamp">2019-03-21 15:26:17.916</versionTs>
  </com.dotmarketing.portlets.containers.model.ContainerVersionInfo>
  <com.dotmarketing.portlets.containers.model.ContainerVersionInfo>
    <identifier>fe996643-30c0-4293-889f-85a16e41be13</identifier>
    <liveInode>3b2de5b9-a890-487d-ab25-88885243f728</liveInode>
    <workingInode>3b2de5b9-a890-487d-ab25-88885243f728</workingInode>
    <lockedOn class="sql-timestamp">2019-03-21 16:11:37.064</lockedOn>
    <deleted>false</deleted>
    <versionTs class="sql-timestamp">2019-03-21 16:10:18.858</versionTs>
  </com.dotmarketing.portlets.containers.model.ContainerVersionInfo>
</list>