<list>
  <com.dotmarketing.business.PortletsLayouts>
    <id>0bcb92c0-6602-49e5-9227-d06376d230ab</id>
    <portletId>configuration</portletId>
    <layoutId>a8e430e3-8010-40cf-ade1-5978e61241a8</layoutId>
    <portletOrder>4</portletOrder>
  </com.dotmarketing.business.PortletsLayouts>
  <com.dotmarketing.business.PortletsLayouts>
    <id>0c71ec46-5fd5-4d86-8cb1-1a5c20bc6552</id>
    <portletId>vanity-urls</portletId>
    <layoutId>89594b95-1354-4a63-8867-c922880107df</layoutId>
    <portletOrder>2</portletOrder>
  </com.dotmarketing.business.PortletsLayouts>
  <com.dotmarketing.business.PortletsLayouts>
    <id>14e04155-0a96-470a-8e80-8569668156ff</id>
    <portletId>rules</portletId>
    <layoutId>89594b95-1354-4a63-8867-c922880107df</layoutId>
    <portletOrder>1</portletOrder>
  </com.dotmarketing.business.PortletsLayouts>
  <com.dotmarketing.business.PortletsLayouts>
    <id>18d0038c-2b94-496f-9ce4-f3c9cf04e609</id>
    <portletId>workflow</portletId>
    <layoutId>34885ddb-3537-4a79-a02c-0550c5087d5c</layoutId>
    <portletOrder>2</portletOrder>
  </com.dotmarketing.business.PortletsLayouts>
  <com.dotmarketing.business.PortletsLayouts>
    <id>191c1a25-2532-48bf-b850-96013115342a</id>
    <portletId>embedded-dashboard</portletId>
    <layoutId>34885ddb-3537-4a79-a02c-0550c5087d5c</layoutId>
    <portletOrder>1</portletOrder>
  </com.dotmarketing.business.PortletsLayouts>
  <com.dotmarketing.business.PortletsLayouts>
    <id>1d035cca-1548-451e-8fbc-cb827da992c6</id>
    <portletId>languages</portletId>
    <layoutId>56fedb43-dbbf-4ce2-8b77-41fb73bad015</layoutId>
    <portletOrder>5</portletOrder>
  </com.dotmarketing.business.PortletsLayouts>
  <com.dotmarketing.business.PortletsLayouts>
    <id>1efa3c70-ecae-41d2-8b25-78f5814f23f3</id>
    <portletId>time-machine</portletId>
    <layoutId>b7ab5d3c-5ee0-4195-a17e-8f5579d718dd</layoutId>
    <portletOrder>5</portletOrder>
  </com.dotmarketing.business.PortletsLayouts>
  <com.dotmarketing.business.PortletsLayouts>
    <id>285f77cf-8e9a-4703-9350-6cabdadc6274</id>
    <portletId>roles</portletId>
    <layoutId>a8e430e3-8010-40cf-ade1-5978e61241a8</layoutId>
    <portletOrder>2</portletOrder>
  </com.dotmarketing.business.PortletsLayouts>
  <com.dotmarketing.business.PortletsLayouts>
    <id>2cd4d09f-968a-4c49-a70d-9d00b2caadd0</id>
    <portletId>es-search</portletId>
    <layoutId>aa91172e-0fa6-482e-9a8b-1c202c7fca0e</layoutId>
    <portletOrder>3</portletOrder>
  </com.dotmarketing.business.PortletsLayouts>
  <com.dotmarketing.business.PortletsLayouts>
    <id>2e64adbf-0df2-4496-9e47-b0d7c7dc58b4</id>
    <portletId>link-checker</portletId>
    <layoutId>71b8a1ca-37b6-4b6e-a43b-c7482f28db6c</layoutId>
    <portletOrder>3</portletOrder>
  </com.dotmarketing.business.PortletsLayouts>
  <com.dotmarketing.business.PortletsLayouts>
    <id>33a87959-68ec-45ee-8f40-3d9626f4e03e</id>
    <portletId>tags</portletId>
    <layoutId>56fedb43-dbbf-4ce2-8b77-41fb73bad015</layoutId>
    <portletOrder>3</portletOrder>
  </com.dotmarketing.business.PortletsLayouts>
  <com.dotmarketing.business.PortletsLayouts>
    <id>3fce568c-4c88-4bc6-bcf3-202c7a541f5b</id>
    <portletId>calendar</portletId>
    <layoutId>71b8a1ca-37b6-4b6e-a43b-c7482f28db6c</layoutId>
    <portletOrder>2</portletOrder>
  </com.dotmarketing.business.PortletsLayouts>
  <com.dotmarketing.business.PortletsLayouts>
    <id>4be31e89-8eda-4b03-886b-941b20721d0a</id>
    <portletId>forms</portletId>
    <layoutId>89594b95-1354-4a63-8867-c922880107df</layoutId>
    <portletOrder>3</portletOrder>
  </com.dotmarketing.business.PortletsLayouts>
  <com.dotmarketing.business.PortletsLayouts>
    <id>57073551-3e85-4b0c-81db-2ef06b4e4d4f</id>
    <portletId>links</portletId>
    <layoutId>b7ab5d3c-5ee0-4195-a17e-8f5579d718dd</layoutId>
    <portletOrder>2</portletOrder>
  </com.dotmarketing.business.PortletsLayouts>
  <com.dotmarketing.business.PortletsLayouts>
    <id>5e4fd30e-ac5c-4ab6-8997-0112153d08b5</id>
    <portletId>users</portletId>
    <layoutId>a8e430e3-8010-40cf-ade1-5978e61241a8</layoutId>
    <portletOrder>1</portletOrder>
  </com.dotmarketing.business.PortletsLayouts>
  <com.dotmarketing.business.PortletsLayouts>
    <id>65ed4e36-7fd5-4faa-8b44-9717784463a6</id>
    <portletId>publishing-queue</portletId>
    <layoutId>b7ab5d3c-5ee0-4195-a17e-8f5579d718dd</layoutId>
    <portletOrder>6</portletOrder>
  </com.dotmarketing.business.PortletsLayouts>
  <com.dotmarketing.business.PortletsLayouts>
    <id>776b9fa7-b676-4645-8442-a98e373087fe</id>
    <portletId>content</portletId>
    <layoutId>71b8a1ca-37b6-4b6e-a43b-c7482f28db6c</layoutId>
    <portletOrder>1</portletOrder>
  </com.dotmarketing.business.PortletsLayouts>
  <com.dotmarketing.business.PortletsLayouts>
    <id>78604b9f-6ce0-446c-9f53-2d740910cc43</id>
    <portletId>site-browser</portletId>
    <layoutId>931f0b26-92c1-420b-8fbf-e48089040921</layoutId>
    <portletOrder>1</portletOrder>
  </com.dotmarketing.business.PortletsLayouts>
  <com.dotmarketing.business.PortletsLayouts>
    <id>7894ef9a-fe79-4984-9400-4393eff98d63</id>
    <portletId>site-search</portletId>
    <layoutId>aa91172e-0fa6-482e-9a8b-1c202c7fca0e</layoutId>
    <portletOrder>4</portletOrder>
  </com.dotmarketing.business.PortletsLayouts>
  <com.dotmarketing.business.PortletsLayouts>
    <id>81d34cc2-fb37-4a01-9b16-a9e5014e2fd6</id>
    <portletId>categories</portletId>
    <layoutId>a6be06c3-ce1b-4e35-a5df-ba7bbe6220d1</layoutId>
    <portletOrder>1</portletOrder>
  </com.dotmarketing.business.PortletsLayouts>
  <com.dotmarketing.business.PortletsLayouts>
    <id>8e510301-9527-4191-b913-55d1c8d44e67</id>
    <portletId>content-types-angular</portletId>
    <layoutId>56fedb43-dbbf-4ce2-8b77-41fb73bad015</layoutId>
    <portletOrder>1</portletOrder>
  </com.dotmarketing.business.PortletsLayouts>
  <com.dotmarketing.business.PortletsLayouts>
    <id>90a75eba-49e0-4df9-84d7-5ed39715209b</id>
    <portletId>query-tool</portletId>
    <layoutId>aa91172e-0fa6-482e-9a8b-1c202c7fca0e</layoutId>
    <portletOrder>2</portletOrder>
  </com.dotmarketing.business.PortletsLayouts>
  <com.dotmarketing.business.PortletsLayouts>
    <id>9956150e-765d-4960-b6a7-488c4061cc3c</id>
    <portletId>dashboard</portletId>
    <layoutId>34885ddb-3537-4a79-a02c-0550c5087d5c</layoutId>
    <portletOrder>3</portletOrder>
  </com.dotmarketing.business.PortletsLayouts>
  <com.dotmarketing.business.PortletsLayouts>
    <id>9b3d083f-6f3c-42a9-b367-2192cadf3404</id>
    <portletId>maintenance</portletId>
    <layoutId>a8e430e3-8010-40cf-ade1-5978e61241a8</layoutId>
    <portletOrder>3</portletOrder>
  </com.dotmarketing.business.PortletsLayouts>
  <com.dotmarketing.business.PortletsLayouts>
    <id>9d4d0c95-296b-4cde-9176-d44da2f9cfa2</id>
    <portletId>dynamic-plugins</portletId>
    <layoutId>aa91172e-0fa6-482e-9a8b-1c202c7fca0e</layoutId>
    <portletOrder>1</portletOrder>
  </com.dotmarketing.business.PortletsLayouts>
  <com.dotmarketing.business.PortletsLayouts>
    <id>aa57b26b-17fe-4c95-a180-243015019ac0</id>
    <portletId>site-browser</portletId>
    <layoutId>b7ab5d3c-5ee0-4195-a17e-8f5579d718dd</layoutId>
    <portletOrder>1</portletOrder>
  </com.dotmarketing.business.PortletsLayouts>
  <com.dotmarketing.business.PortletsLayouts>
    <id>ad957f72-b006-4570-a75c-458915e5bdb7</id>
    <portletId>sites</portletId>
    <layoutId>a8e430e3-8010-40cf-ade1-5978e61241a8</layoutId>
    <portletOrder>5</portletOrder>
  </com.dotmarketing.business.PortletsLayouts>
  <com.dotmarketing.business.PortletsLayouts>
    <id>b6aef3af-bb66-408b-a91f-3713b9fb21b4</id>
    <portletId>containers</portletId>
    <layoutId>b7ab5d3c-5ee0-4195-a17e-8f5579d718dd</layoutId>
    <portletOrder>4</portletOrder>
  </com.dotmarketing.business.PortletsLayouts>
  <com.dotmarketing.business.PortletsLayouts>
    <id>c56b3628-bccb-4a91-aa45-5fe24b95e852</id>
    <portletId>workflow-schemes</portletId>
    <layoutId>56fedb43-dbbf-4ce2-8b77-41fb73bad015</layoutId>
    <portletOrder>4</portletOrder>
  </com.dotmarketing.business.PortletsLayouts>
  <com.dotmarketing.business.PortletsLayouts>
    <id>da6e58c3-170e-4ad8-8dfd-c2e30dd193ab</id>
    <portletId>dotTools</portletId>
    <layoutId>a8e430e3-8010-40cf-ade1-5978e61241a8</layoutId>
    <portletOrder>6</portletOrder>
  </com.dotmarketing.business.PortletsLayouts>
  <com.dotmarketing.business.PortletsLayouts>
    <id>dd60a6da-ef26-44ec-ae3b-19c7bbbe3263</id>
    <portletId>templates</portletId>
    <layoutId>b7ab5d3c-5ee0-4195-a17e-8f5579d718dd</layoutId>
    <portletOrder>3</portletOrder>
  </com.dotmarketing.business.PortletsLayouts>
  <com.dotmarketing.business.PortletsLayouts>
    <id>ec8b3ec0-f73d-49e4-8cc2-be639ce05594</id>
    <portletId>categories</portletId>
    <layoutId>56fedb43-dbbf-4ce2-8b77-41fb73bad015</layoutId>
    <portletOrder>2</portletOrder>
  </com.dotmarketing.business.PortletsLayouts>
</list>