<list>
  <com.dotmarketing.portlets.workflows.model.WorkflowTask>
    <id>0b74f935-6203-46dd-841c-3cc89eadf883</id>
    <creationDate class="sql-timestamp">2019-03-21 16:01:09.886</creationDate>
    <modDate class="sql-timestamp">2019-03-21 16:28:29.81</modDate>
    <createdBy>e7d4e34e-5127-45fc-8123-d48b62d510e3</createdBy>
    <assignedTo>e7d4e34e-5127-45fc-8123-d48b62d510e3</assignedTo>
    <title>Foundation X-Grid (lg), no gutter on top row</title>
    <description></description>
    <status>dc3c9cd0-8467-404b-bf95-cb7df3fbc293</status>
    <webasset>503be167-bb48-4880-85ac-e6076ecb12b9</webasset>
    <languageId>1</languageId>
  </com.dotmarketing.portlets.workflows.model.WorkflowTask>
  <com.dotmarketing.portlets.workflows.model.WorkflowTask>
    <id>135007c1-a644-4808-9851-06635f5670f0</id>
    <creationDate class="sql-timestamp">2019-03-21 16:01:09.886</creationDate>
    <modDate class="sql-timestamp">2019-03-21 16:01:48.267</modDate>
    <createdBy>e7d4e34e-5127-45fc-8123-d48b62d510e3</createdBy>
    <assignedTo>e7d4e34e-5127-45fc-8123-d48b62d510e3</assignedTo>
    <title>Foundation X-Grid (lg)</title>
    <description></description>
    <status>dc3c9cd0-8467-404b-bf95-cb7df3fbc293</status>
    <webasset>7017fe6a-4578-4a5f-9a00-e44cd90520e5</webasset>
    <languageId>1</languageId>
  </com.dotmarketing.portlets.workflows.model.WorkflowTask>
  <com.dotmarketing.portlets.workflows.model.WorkflowTask>
    <id>191df94c-eea0-4d63-a399-329c3fa072c5</id>
    <creationDate class="sql-timestamp">2019-04-12 21:04:58.849</creationDate>
    <modDate class="sql-timestamp">2019-04-12 21:04:58.849</modDate>
    <createdBy>e7d4e34e-5127-45fc-8123-d48b62d510e3</createdBy>
    <assignedTo>e7d4e34e-5127-45fc-8123-d48b62d510e3</assignedTo>
    <title>Favicon-32x32.png</title>
    <status>dc3c9cd0-8467-404b-bf95-cb7df3fbc293</status>
    <webasset>5d7cf613-d477-47fc-9bb4-ef13d0657e82</webasset>
    <languageId>1</languageId>
  </com.dotmarketing.portlets.workflows.model.WorkflowTask>
  <com.dotmarketing.portlets.workflows.model.WorkflowTask>
    <id>3615db72-3402-46a5-a4e8-0f8a5dd928ea</id>
    <creationDate class="sql-timestamp">2019-04-12 21:04:52.762</creationDate>
    <modDate class="sql-timestamp">2019-04-12 21:04:52.762</modDate>
    <createdBy>e7d4e34e-5127-45fc-8123-d48b62d510e3</createdBy>
    <assignedTo>e7d4e34e-5127-45fc-8123-d48b62d510e3</assignedTo>
    <title>Apple-touch-icon.png</title>
    <status>dc3c9cd0-8467-404b-bf95-cb7df3fbc293</status>
    <webasset>a713d74c-8605-4dfb-b775-a2551eff6f4d</webasset>
    <languageId>1</languageId>
  </com.dotmarketing.portlets.workflows.model.WorkflowTask>
  <com.dotmarketing.portlets.workflows.model.WorkflowTask>
    <id>39d08060-8be9-4bdc-bc40-16f9d7ec4210</id>
    <creationDate class="sql-timestamp">2019-04-12 21:04:50.746</creationDate>
    <modDate class="sql-timestamp">2019-04-12 21:04:50.746</modDate>
    <createdBy>e7d4e34e-5127-45fc-8123-d48b62d510e3</createdBy>
    <assignedTo>e7d4e34e-5127-45fc-8123-d48b62d510e3</assignedTo>
    <title>Android-chrome-256x256.png</title>
    <status>dc3c9cd0-8467-404b-bf95-cb7df3fbc293</status>
    <webasset>d33f0e12-c6af-48bb-99a8-be0a6152ee51</webasset>
    <languageId>1</languageId>
  </com.dotmarketing.portlets.workflows.model.WorkflowTask>
  <com.dotmarketing.portlets.workflows.model.WorkflowTask>
    <id>48f7bd32-c825-425b-85f3-66230e1fcf42</id>
    <creationDate class="sql-timestamp">2019-04-12 21:04:56.824</creationDate>
    <modDate class="sql-timestamp">2019-04-12 21:04:56.824</modDate>
    <createdBy>e7d4e34e-5127-45fc-8123-d48b62d510e3</createdBy>
    <assignedTo>e7d4e34e-5127-45fc-8123-d48b62d510e3</assignedTo>
    <title>Favicon-16x16.png</title>
    <status>dc3c9cd0-8467-404b-bf95-cb7df3fbc293</status>
    <webasset>232625ae-5a5f-4802-b2c2-f85f3e8ba835</webasset>
    <languageId>1</languageId>
  </com.dotmarketing.portlets.workflows.model.WorkflowTask>
  <com.dotmarketing.portlets.workflows.model.WorkflowTask>
    <id>5748d76c-306c-4a17-adcc-7fc10d8c3e66</id>
    <creationDate class="sql-timestamp">2019-03-15 07:34:52.462</creationDate>
    <modDate class="sql-timestamp">2019-04-15 19:20:04.859</modDate>
    <createdBy>e7d4e34e-5127-45fc-8123-d48b62d510e3</createdBy>
    <assignedTo>e7d4e34e-5127-45fc-8123-d48b62d510e3</assignedTo>
    <title>default</title>
    <description></description>
    <status>dc3c9cd0-8467-404b-bf95-cb7df3fbc293</status>
    <webasset>72b5e70e-9d58-468d-a45b-dce77feb3581</webasset>
    <languageId>1</languageId>
  </com.dotmarketing.portlets.workflows.model.WorkflowTask>
  <com.dotmarketing.portlets.workflows.model.WorkflowTask>
    <id>5f5eaad4-29fc-41f4-a6f7-00da52617ede</id>
    <creationDate class="sql-timestamp">2019-04-12 21:05:00.864</creationDate>
    <modDate class="sql-timestamp">2019-04-12 21:05:00.864</modDate>
    <createdBy>e7d4e34e-5127-45fc-8123-d48b62d510e3</createdBy>
    <assignedTo>e7d4e34e-5127-45fc-8123-d48b62d510e3</assignedTo>
    <title>Mstile-150x150.png</title>
    <status>dc3c9cd0-8467-404b-bf95-cb7df3fbc293</status>
    <webasset>02d5fbb6-573b-409b-b418-f9e1dad07c5d</webasset>
    <languageId>1</languageId>
  </com.dotmarketing.portlets.workflows.model.WorkflowTask>
  <com.dotmarketing.portlets.workflows.model.WorkflowTask>
    <id>688acfce-0fe1-41a1-8be2-42c69ac7c7aa</id>
    <creationDate class="sql-timestamp">2019-03-21 15:51:30.606</creationDate>
    <modDate class="sql-timestamp">2019-03-21 15:53:58.821</modDate>
    <createdBy>e7d4e34e-5127-45fc-8123-d48b62d510e3</createdBy>
    <assignedTo>e7d4e34e-5127-45fc-8123-d48b62d510e3</assignedTo>
    <title>Bootstrap Default (lg)</title>
    <description></description>
    <status>dc3c9cd0-8467-404b-bf95-cb7df3fbc293</status>
    <webasset>8e47b8f4-31ee-4dfd-9218-23a9bd0b8b0a</webasset>
    <languageId>1</languageId>
  </com.dotmarketing.portlets.workflows.model.WorkflowTask>
  <com.dotmarketing.portlets.workflows.model.WorkflowTask>
    <id>90002c54-9421-465d-aff9-159f46055a07</id>
    <creationDate class="sql-timestamp">2019-03-18 18:50:27.374</creationDate>
    <modDate class="sql-timestamp">2019-04-12 19:26:22.038</modDate>
    <createdBy>e7d4e34e-5127-45fc-8123-d48b62d510e3</createdBy>
    <assignedTo>e7d4e34e-5127-45fc-8123-d48b62d510e3</assignedTo>
    <title>Test Page</title>
    <description></description>
    <status>dc3c9cd0-8467-404b-bf95-cb7df3fbc293</status>
    <webasset>3cd79729-0efe-4414-ad72-2d5a084d490c</webasset>
    <languageId>1</languageId>
  </com.dotmarketing.portlets.workflows.model.WorkflowTask>
  <com.dotmarketing.portlets.workflows.model.WorkflowTask>
    <id>93c81106-3d01-4838-bb42-40773c7f6a4b</id>
    <creationDate class="sql-timestamp">2019-04-12 18:56:23.837</creationDate>
    <modDate class="sql-timestamp">2019-04-12 18:56:23.837</modDate>
    <createdBy>e7d4e34e-5127-45fc-8123-d48b62d510e3</createdBy>
    <assignedTo>e7d4e34e-5127-45fc-8123-d48b62d510e3</assignedTo>
    <title>social-meta.vtl</title>
    <description></description>
    <status>dc3c9cd0-8467-404b-bf95-cb7df3fbc293</status>
    <webasset>198182ba-d9a4-4b5b-acda-74d5cf9e8079</webasset>
    <languageId>1</languageId>
  </com.dotmarketing.portlets.workflows.model.WorkflowTask>
  <com.dotmarketing.portlets.workflows.model.WorkflowTask>
    <id>970da203-97b3-4a54-be31-a24850323a78</id>
    <creationDate class="sql-timestamp">2019-03-21 15:45:47.266</creationDate>
    <modDate class="sql-timestamp">2019-03-21 15:48:02.552</modDate>
    <createdBy>e7d4e34e-5127-45fc-8123-d48b62d510e3</createdBy>
    <assignedTo>e7d4e34e-5127-45fc-8123-d48b62d510e3</assignedTo>
    <title>Default Layout</title>
    <description></description>
    <status>dc3c9cd0-8467-404b-bf95-cb7df3fbc293</status>
    <webasset>946f740b-ffe5-41da-9203-83906a10460d</webasset>
    <languageId>1</languageId>
  </com.dotmarketing.portlets.workflows.model.WorkflowTask>
  <com.dotmarketing.portlets.workflows.model.WorkflowTask>
    <id>a1389156-f2c8-4405-99dc-fa77ac318c76</id>
    <creationDate class="sql-timestamp">2019-04-12 18:58:09.039</creationDate>
    <modDate class="sql-timestamp">2019-04-12 18:58:40.414</modDate>
    <createdBy>e7d4e34e-5127-45fc-8123-d48b62d510e3</createdBy>
    <assignedTo>e7d4e34e-5127-45fc-8123-d48b62d510e3</assignedTo>
    <title>demo-page.vtl</title>
    <description></description>
    <status>dc3c9cd0-8467-404b-bf95-cb7df3fbc293</status>
    <webasset>6e13f4a3-e025-4a99-8ad0-ff707014c6a2</webasset>
    <languageId>1</languageId>
  </com.dotmarketing.portlets.workflows.model.WorkflowTask>
  <com.dotmarketing.portlets.workflows.model.WorkflowTask>
    <id>ad333961-652b-4c10-afb9-75456429945c</id>
    <creationDate class="sql-timestamp">2019-04-12 18:38:49.321</creationDate>
    <modDate class="sql-timestamp">2019-04-12 18:38:49.321</modDate>
    <createdBy>e7d4e34e-5127-45fc-8123-d48b62d510e3</createdBy>
    <assignedTo>e7d4e34e-5127-45fc-8123-d48b62d510e3</assignedTo>
    <title>globals.vtl</title>
    <description></description>
    <status>dc3c9cd0-8467-404b-bf95-cb7df3fbc293</status>
    <webasset>411b4c19-614e-4f19-b490-60d325b7bb52</webasset>
    <languageId>1</languageId>
  </com.dotmarketing.portlets.workflows.model.WorkflowTask>
  <com.dotmarketing.portlets.workflows.model.WorkflowTask>
    <id>b96d89f8-5cc9-4226-841a-d259ca4bbec0</id>
    <creationDate class="sql-timestamp">2019-03-21 15:53:32.762</creationDate>
    <modDate class="sql-timestamp">2019-03-21 15:53:32.762</modDate>
    <createdBy>e7d4e34e-5127-45fc-8123-d48b62d510e3</createdBy>
    <assignedTo>e7d4e34e-5127-45fc-8123-d48b62d510e3</assignedTo>
    <title>Bootstrap Default (md)</title>
    <description></description>
    <status>dc3c9cd0-8467-404b-bf95-cb7df3fbc293</status>
    <webasset>afe2f105-cf9a-449b-bc3e-31cbef7b2c14</webasset>
    <languageId>1</languageId>
  </com.dotmarketing.portlets.workflows.model.WorkflowTask>
  <com.dotmarketing.portlets.workflows.model.WorkflowTask>
    <id>be7a7306-8bd6-4ebe-9d71-1d1468c7616d</id>
    <creationDate class="sql-timestamp">2019-04-12 21:05:02.925</creationDate>
    <modDate class="sql-timestamp">2019-04-12 21:05:02.925</modDate>
    <createdBy>e7d4e34e-5127-45fc-8123-d48b62d510e3</createdBy>
    <assignedTo>e7d4e34e-5127-45fc-8123-d48b62d510e3</assignedTo>
    <title>Safari-pinned-tab.svg</title>
    <status>dc3c9cd0-8467-404b-bf95-cb7df3fbc293</status>
    <webasset>d60e7224-557a-4045-930d-4165937107ab</webasset>
    <languageId>1</languageId>
  </com.dotmarketing.portlets.workflows.model.WorkflowTask>
  <com.dotmarketing.portlets.workflows.model.WorkflowTask>
    <id>ce205648-497a-4633-a638-4aa3fb894e5d</id>
    <creationDate class="sql-timestamp">2019-04-15 19:20:46.893</creationDate>
    <modDate class="sql-timestamp">2019-04-15 19:20:46.893</modDate>
    <createdBy>e7d4e34e-5127-45fc-8123-d48b62d510e3</createdBy>
    <assignedTo>e7d4e34e-5127-45fc-8123-d48b62d510e3</assignedTo>
    <title>test</title>
    <description></description>
    <status>dc3c9cd0-8467-404b-bf95-cb7df3fbc293</status>
    <webasset>44d669ae-d0f6-4f07-a0a8-85ce0c3959ad</webasset>
    <languageId>1</languageId>
  </com.dotmarketing.portlets.workflows.model.WorkflowTask>
  <com.dotmarketing.portlets.workflows.model.WorkflowTask>
    <id>ce870d9c-69a7-4583-9bd7-508b8901774c</id>
    <creationDate class="sql-timestamp">2019-04-12 21:04:54.803</creationDate>
    <modDate class="sql-timestamp">2019-04-12 21:04:54.803</modDate>
    <createdBy>e7d4e34e-5127-45fc-8123-d48b62d510e3</createdBy>
    <assignedTo>e7d4e34e-5127-45fc-8123-d48b62d510e3</assignedTo>
    <title>Favicon.ico</title>
    <status>dc3c9cd0-8467-404b-bf95-cb7df3fbc293</status>
    <webasset>ea05f980-b5b9-4804-8d87-c97b06e40021</webasset>
    <languageId>1</languageId>
  </com.dotmarketing.portlets.workflows.model.WorkflowTask>
  <com.dotmarketing.portlets.workflows.model.WorkflowTask>
    <id>e5e18f42-1039-465d-8f56-a919ad11c05d</id>
    <creationDate class="sql-timestamp">2019-04-12 19:33:41.188</creationDate>
    <modDate class="sql-timestamp">2019-04-12 19:44:00.599</modDate>
    <createdBy>e7d4e34e-5127-45fc-8123-d48b62d510e3</createdBy>
    <assignedTo>e7d4e34e-5127-45fc-8123-d48b62d510e3</assignedTo>
    <title>Ethode-logo-blue.png</title>
    <status>dc3c9cd0-8467-404b-bf95-cb7df3fbc293</status>
    <webasset>2e4566ef-b0e5-42db-9c85-97932ed39996</webasset>
    <languageId>1</languageId>
  </com.dotmarketing.portlets.workflows.model.WorkflowTask>
  <com.dotmarketing.portlets.workflows.model.WorkflowTask>
    <id>ea41cd29-7fb1-45cc-8896-94e064a196c3</id>
    <creationDate class="sql-timestamp">2019-04-12 21:04:48.727</creationDate>
    <modDate class="sql-timestamp">2019-04-12 21:04:48.727</modDate>
    <createdBy>e7d4e34e-5127-45fc-8123-d48b62d510e3</createdBy>
    <assignedTo>e7d4e34e-5127-45fc-8123-d48b62d510e3</assignedTo>
    <title>Android-chrome-192x192.png</title>
    <status>dc3c9cd0-8467-404b-bf95-cb7df3fbc293</status>
    <webasset>c532ff23-15c5-4d20-9bc3-696e28233802</webasset>
    <languageId>1</languageId>
  </com.dotmarketing.portlets.workflows.model.WorkflowTask>
  <com.dotmarketing.portlets.workflows.model.WorkflowTask>
    <id>f521e67d-3b1e-4bdb-be89-f1d13785f6b8</id>
    <creationDate class="sql-timestamp">2019-03-21 16:07:36.176</creationDate>
    <modDate class="sql-timestamp">2019-03-21 16:07:36.176</modDate>
    <createdBy>e7d4e34e-5127-45fc-8123-d48b62d510e3</createdBy>
    <assignedTo>e7d4e34e-5127-45fc-8123-d48b62d510e3</assignedTo>
    <title>Index</title>
    <description></description>
    <status>dc3c9cd0-8467-404b-bf95-cb7df3fbc293</status>
    <webasset>9378b055-5431-4269-9916-e3e427865746</webasset>
    <languageId>1</languageId>
  </com.dotmarketing.portlets.workflows.model.WorkflowTask>
</list>