<list>
  <com.dotmarketing.portlets.workflows.model.WorkflowHistory>
    <id>0d3cdff1-bf4b-4947-b962-1d720f396b24</id>
    <creationDate class="sql-timestamp">2019-03-21 16:28:29.811</creationDate>
    <madeBy>dotcms.org.1</madeBy>
    <changeDescription>Admin User completed action Save / Publish</changeDescription>
    <workflowtaskId>0b74f935-6203-46dd-841c-3cc89eadf883</workflowtaskId>
    <actionId>b9d89c80-3d88-4311-8365-187323c96436</actionId>
    <stepId>dc3c9cd0-8467-404b-bf95-cb7df3fbc293</stepId>
  </com.dotmarketing.portlets.workflows.model.WorkflowHistory>
  <com.dotmarketing.portlets.workflows.model.WorkflowHistory>
    <id>13160c6a-c517-4887-8dd1-a9ba6522876f</id>
    <creationDate class="sql-timestamp">2019-03-21 14:17:33.913</creationDate>
    <madeBy>dotcms.org.1</madeBy>
    <changeDescription>Admin User completed action Save / Publish</changeDescription>
    <workflowtaskId>5748d76c-306c-4a17-adcc-7fc10d8c3e66</workflowtaskId>
    <actionId>b9d89c80-3d88-4311-8365-187323c96436</actionId>
    <stepId>dc3c9cd0-8467-404b-bf95-cb7df3fbc293</stepId>
  </com.dotmarketing.portlets.workflows.model.WorkflowHistory>
  <com.dotmarketing.portlets.workflows.model.WorkflowHistory>
    <id>2bb15021-b5ea-4490-8d05-f31bd41d2953</id>
    <creationDate class="sql-timestamp">2019-03-21 15:51:47.65</creationDate>
    <madeBy>dotcms.org.1</madeBy>
    <changeDescription>Admin User completed action Save / Publish</changeDescription>
    <workflowtaskId>688acfce-0fe1-41a1-8be2-42c69ac7c7aa</workflowtaskId>
    <actionId>b9d89c80-3d88-4311-8365-187323c96436</actionId>
    <stepId>dc3c9cd0-8467-404b-bf95-cb7df3fbc293</stepId>
  </com.dotmarketing.portlets.workflows.model.WorkflowHistory>
  <com.dotmarketing.portlets.workflows.model.WorkflowHistory>
    <id>3a0c4ea6-bacc-408d-82d8-ef6a866ff1f1</id>
    <creationDate class="sql-timestamp">2019-03-21 15:24:24.861</creationDate>
    <madeBy>dotcms.org.1</madeBy>
    <changeDescription>Admin User completed action Save / Publish</changeDescription>
    <workflowtaskId>90002c54-9421-465d-aff9-159f46055a07</workflowtaskId>
    <actionId>b9d89c80-3d88-4311-8365-187323c96436</actionId>
    <stepId>dc3c9cd0-8467-404b-bf95-cb7df3fbc293</stepId>
  </com.dotmarketing.portlets.workflows.model.WorkflowHistory>
  <com.dotmarketing.portlets.workflows.model.WorkflowHistory>
    <id>3acae48d-2188-484e-9c06-aaee4c89559c</id>
    <creationDate class="sql-timestamp">2019-04-12 19:33:41.189</creationDate>
    <madeBy>dotcms.org.1</madeBy>
    <changeDescription>Admin User completed action Save / Publish</changeDescription>
    <workflowtaskId>e5e18f42-1039-465d-8f56-a919ad11c05d</workflowtaskId>
    <actionId>b9d89c80-3d88-4311-8365-187323c96436</actionId>
    <stepId>dc3c9cd0-8467-404b-bf95-cb7df3fbc293</stepId>
  </com.dotmarketing.portlets.workflows.model.WorkflowHistory>
  <com.dotmarketing.portlets.workflows.model.WorkflowHistory>
    <id>3cc5df6e-9b21-4e0e-8c72-d04fa445b32a</id>
    <creationDate class="sql-timestamp">2019-04-12 19:11:54.628</creationDate>
    <madeBy>dotcms.org.1</madeBy>
    <changeDescription>Admin User completed action Save / Publish</changeDescription>
    <workflowtaskId>90002c54-9421-465d-aff9-159f46055a07</workflowtaskId>
    <actionId>b9d89c80-3d88-4311-8365-187323c96436</actionId>
    <stepId>dc3c9cd0-8467-404b-bf95-cb7df3fbc293</stepId>
  </com.dotmarketing.portlets.workflows.model.WorkflowHistory>
  <com.dotmarketing.portlets.workflows.model.WorkflowHistory>
    <id>3d46cf8e-e353-4a4d-a6ae-56bb5a429e89</id>
    <creationDate class="sql-timestamp">2019-04-12 19:26:22.04</creationDate>
    <madeBy>dotcms.org.1</madeBy>
    <changeDescription>Admin User completed action Save / Publish</changeDescription>
    <workflowtaskId>90002c54-9421-465d-aff9-159f46055a07</workflowtaskId>
    <actionId>b9d89c80-3d88-4311-8365-187323c96436</actionId>
    <stepId>dc3c9cd0-8467-404b-bf95-cb7df3fbc293</stepId>
  </com.dotmarketing.portlets.workflows.model.WorkflowHistory>
  <com.dotmarketing.portlets.workflows.model.WorkflowHistory>
    <id>3dad7571-7d07-4608-9d61-6be0fb955e7a</id>
    <creationDate class="sql-timestamp">2019-03-21 15:47:27.431</creationDate>
    <madeBy>dotcms.org.1</madeBy>
    <changeDescription>Admin User completed action Save / Publish</changeDescription>
    <workflowtaskId>970da203-97b3-4a54-be31-a24850323a78</workflowtaskId>
    <actionId>b9d89c80-3d88-4311-8365-187323c96436</actionId>
    <stepId>dc3c9cd0-8467-404b-bf95-cb7df3fbc293</stepId>
  </com.dotmarketing.portlets.workflows.model.WorkflowHistory>
  <com.dotmarketing.portlets.workflows.model.WorkflowHistory>
    <id>3f574f21-9f3d-4e33-bec5-38e277ef6840</id>
    <creationDate class="sql-timestamp">2019-03-18 18:50:27.375</creationDate>
    <madeBy>dotcms.org.1</madeBy>
    <changeDescription>Admin User completed action Save / Publish</changeDescription>
    <workflowtaskId>90002c54-9421-465d-aff9-159f46055a07</workflowtaskId>
    <actionId>b9d89c80-3d88-4311-8365-187323c96436</actionId>
    <stepId>dc3c9cd0-8467-404b-bf95-cb7df3fbc293</stepId>
  </com.dotmarketing.portlets.workflows.model.WorkflowHistory>
  <com.dotmarketing.portlets.workflows.model.WorkflowHistory>
    <id>41ca9805-4196-481c-b8a9-8a24c841d42d</id>
    <creationDate class="sql-timestamp">2019-03-21 15:47:00.38</creationDate>
    <madeBy>dotcms.org.1</madeBy>
    <changeDescription>Admin User completed action Save / Publish</changeDescription>
    <workflowtaskId>90002c54-9421-465d-aff9-159f46055a07</workflowtaskId>
    <actionId>b9d89c80-3d88-4311-8365-187323c96436</actionId>
    <stepId>dc3c9cd0-8467-404b-bf95-cb7df3fbc293</stepId>
  </com.dotmarketing.portlets.workflows.model.WorkflowHistory>
  <com.dotmarketing.portlets.workflows.model.WorkflowHistory>
    <id>43035e33-b6c4-416c-a464-bb1cddbfe704</id>
    <creationDate class="sql-timestamp">2019-03-21 16:03:17.038</creationDate>
    <madeBy>dotcms.org.1</madeBy>
    <changeDescription>Admin User completed action Save / Publish</changeDescription>
    <workflowtaskId>90002c54-9421-465d-aff9-159f46055a07</workflowtaskId>
    <actionId>b9d89c80-3d88-4311-8365-187323c96436</actionId>
    <stepId>dc3c9cd0-8467-404b-bf95-cb7df3fbc293</stepId>
  </com.dotmarketing.portlets.workflows.model.WorkflowHistory>
  <com.dotmarketing.portlets.workflows.model.WorkflowHistory>
    <id>433aaf35-51ba-4a25-b194-4607b14b44aa</id>
    <creationDate class="sql-timestamp">2019-03-21 16:01:09.886</creationDate>
    <madeBy>dotcms.org.1</madeBy>
    <changeDescription>Admin User completed action Save / Publish</changeDescription>
    <workflowtaskId>135007c1-a644-4808-9851-06635f5670f0</workflowtaskId>
    <actionId>b9d89c80-3d88-4311-8365-187323c96436</actionId>
    <stepId>dc3c9cd0-8467-404b-bf95-cb7df3fbc293</stepId>
  </com.dotmarketing.portlets.workflows.model.WorkflowHistory>
  <com.dotmarketing.portlets.workflows.model.WorkflowHistory>
    <id>465f0641-81f1-4e63-8dd3-dcb9294b9e0d</id>
    <creationDate class="sql-timestamp">2019-03-21 16:01:29.933</creationDate>
    <madeBy>dotcms.org.1</madeBy>
    <changeDescription>Admin User completed action Save / Publish</changeDescription>
    <workflowtaskId>90002c54-9421-465d-aff9-159f46055a07</workflowtaskId>
    <actionId>b9d89c80-3d88-4311-8365-187323c96436</actionId>
    <stepId>dc3c9cd0-8467-404b-bf95-cb7df3fbc293</stepId>
  </com.dotmarketing.portlets.workflows.model.WorkflowHistory>
  <com.dotmarketing.portlets.workflows.model.WorkflowHistory>
    <id>4fac77e1-5888-4a39-a670-d02c7c927311</id>
    <creationDate class="sql-timestamp">2019-04-15 19:20:04.865</creationDate>
    <madeBy>dotcms.org.1</madeBy>
    <changeDescription>Admin User completed action Save / Publish</changeDescription>
    <workflowtaskId>5748d76c-306c-4a17-adcc-7fc10d8c3e66</workflowtaskId>
    <actionId>b9d89c80-3d88-4311-8365-187323c96436</actionId>
    <stepId>dc3c9cd0-8467-404b-bf95-cb7df3fbc293</stepId>
  </com.dotmarketing.portlets.workflows.model.WorkflowHistory>
  <com.dotmarketing.portlets.workflows.model.WorkflowHistory>
    <id>5e391b0a-00f5-401c-8fae-bc9129c9c6a8</id>
    <creationDate class="sql-timestamp">2019-03-21 16:01:48.268</creationDate>
    <madeBy>dotcms.org.1</madeBy>
    <changeDescription>Admin User completed action Copy</changeDescription>
    <workflowtaskId>135007c1-a644-4808-9851-06635f5670f0</workflowtaskId>
    <actionId>134a50d3-782d-43de-8877-42c0be1c86a4</actionId>
    <stepId>dc3c9cd0-8467-404b-bf95-cb7df3fbc293</stepId>
  </com.dotmarketing.portlets.workflows.model.WorkflowHistory>
  <com.dotmarketing.portlets.workflows.model.WorkflowHistory>
    <id>5fd66551-6123-4878-9b52-f6a5a24426fb</id>
    <creationDate class="sql-timestamp">2019-04-15 19:20:46.896</creationDate>
    <madeBy>dotcms.org.1</madeBy>
    <changeDescription>Admin User completed action Save / Publish</changeDescription>
    <workflowtaskId>ce205648-497a-4633-a638-4aa3fb894e5d</workflowtaskId>
    <actionId>b9d89c80-3d88-4311-8365-187323c96436</actionId>
    <stepId>dc3c9cd0-8467-404b-bf95-cb7df3fbc293</stepId>
  </com.dotmarketing.portlets.workflows.model.WorkflowHistory>
  <com.dotmarketing.portlets.workflows.model.WorkflowHistory>
    <id>65f23b63-4fe4-40e6-9320-231dd9f50ac9</id>
    <creationDate class="sql-timestamp">2019-04-12 21:04:52.762</creationDate>
    <madeBy>dotcms.org.1</madeBy>
    <changeDescription>Admin User completed action Save / Publish</changeDescription>
    <workflowtaskId>3615db72-3402-46a5-a4e8-0f8a5dd928ea</workflowtaskId>
    <actionId>b9d89c80-3d88-4311-8365-187323c96436</actionId>
    <stepId>dc3c9cd0-8467-404b-bf95-cb7df3fbc293</stepId>
  </com.dotmarketing.portlets.workflows.model.WorkflowHistory>
  <com.dotmarketing.portlets.workflows.model.WorkflowHistory>
    <id>67542f8d-bf66-439e-82f9-9e01f27baa82</id>
    <creationDate class="sql-timestamp">2019-04-12 18:58:40.416</creationDate>
    <madeBy>dotcms.org.1</madeBy>
    <changeDescription>Admin User completed action Save / Publish</changeDescription>
    <workflowtaskId>a1389156-f2c8-4405-99dc-fa77ac318c76</workflowtaskId>
    <actionId>b9d89c80-3d88-4311-8365-187323c96436</actionId>
    <stepId>dc3c9cd0-8467-404b-bf95-cb7df3fbc293</stepId>
  </com.dotmarketing.portlets.workflows.model.WorkflowHistory>
  <com.dotmarketing.portlets.workflows.model.WorkflowHistory>
    <id>6b16635f-a4ec-490b-84de-2b60d6dfc4e7</id>
    <creationDate class="sql-timestamp">2019-03-21 15:53:58.822</creationDate>
    <madeBy>dotcms.org.1</madeBy>
    <changeDescription>Admin User completed action Save / Publish</changeDescription>
    <workflowtaskId>688acfce-0fe1-41a1-8be2-42c69ac7c7aa</workflowtaskId>
    <actionId>b9d89c80-3d88-4311-8365-187323c96436</actionId>
    <stepId>dc3c9cd0-8467-404b-bf95-cb7df3fbc293</stepId>
  </com.dotmarketing.portlets.workflows.model.WorkflowHistory>
  <com.dotmarketing.portlets.workflows.model.WorkflowHistory>
    <id>6c7a3cec-8e1b-4ace-9cb7-94a591ef9eed</id>
    <creationDate class="sql-timestamp">2019-03-21 15:53:32.762</creationDate>
    <madeBy>dotcms.org.1</madeBy>
    <changeDescription>Admin User completed action Save / Publish</changeDescription>
    <workflowtaskId>b96d89f8-5cc9-4226-841a-d259ca4bbec0</workflowtaskId>
    <actionId>b9d89c80-3d88-4311-8365-187323c96436</actionId>
    <stepId>dc3c9cd0-8467-404b-bf95-cb7df3fbc293</stepId>
  </com.dotmarketing.portlets.workflows.model.WorkflowHistory>
  <com.dotmarketing.portlets.workflows.model.WorkflowHistory>
    <id>6d40114a-57b4-4528-a104-8670564cda12</id>
    <creationDate class="sql-timestamp">2019-04-12 19:44:00.602</creationDate>
    <madeBy>dotcms.org.1</madeBy>
    <changeDescription>Admin User completed action Save / Publish</changeDescription>
    <workflowtaskId>e5e18f42-1039-465d-8f56-a919ad11c05d</workflowtaskId>
    <actionId>b9d89c80-3d88-4311-8365-187323c96436</actionId>
    <stepId>dc3c9cd0-8467-404b-bf95-cb7df3fbc293</stepId>
  </com.dotmarketing.portlets.workflows.model.WorkflowHistory>
  <com.dotmarketing.portlets.workflows.model.WorkflowHistory>
    <id>6d4206f8-ad33-4c28-aafa-4317c38884f7</id>
    <creationDate class="sql-timestamp">2019-04-12 19:40:19.38</creationDate>
    <madeBy>dotcms.org.1</madeBy>
    <changeDescription>Admin User completed action Save / Publish</changeDescription>
    <workflowtaskId>e5e18f42-1039-465d-8f56-a919ad11c05d</workflowtaskId>
    <actionId>b9d89c80-3d88-4311-8365-187323c96436</actionId>
    <stepId>dc3c9cd0-8467-404b-bf95-cb7df3fbc293</stepId>
  </com.dotmarketing.portlets.workflows.model.WorkflowHistory>
  <com.dotmarketing.portlets.workflows.model.WorkflowHistory>
    <id>81527895-4cca-4227-87fa-90c0cd2fce35</id>
    <creationDate class="sql-timestamp">2019-04-12 21:04:56.825</creationDate>
    <madeBy>dotcms.org.1</madeBy>
    <changeDescription>Admin User completed action Save / Publish</changeDescription>
    <workflowtaskId>48f7bd32-c825-425b-85f3-66230e1fcf42</workflowtaskId>
    <actionId>b9d89c80-3d88-4311-8365-187323c96436</actionId>
    <stepId>dc3c9cd0-8467-404b-bf95-cb7df3fbc293</stepId>
  </com.dotmarketing.portlets.workflows.model.WorkflowHistory>
  <com.dotmarketing.portlets.workflows.model.WorkflowHistory>
    <id>8fb1fa19-8433-43a5-a445-67613dcd9e35</id>
    <creationDate class="sql-timestamp">2019-04-12 21:04:58.849</creationDate>
    <madeBy>dotcms.org.1</madeBy>
    <changeDescription>Admin User completed action Save / Publish</changeDescription>
    <workflowtaskId>191df94c-eea0-4d63-a399-329c3fa072c5</workflowtaskId>
    <actionId>b9d89c80-3d88-4311-8365-187323c96436</actionId>
    <stepId>dc3c9cd0-8467-404b-bf95-cb7df3fbc293</stepId>
  </com.dotmarketing.portlets.workflows.model.WorkflowHistory>
  <com.dotmarketing.portlets.workflows.model.WorkflowHistory>
    <id>91dc466f-4369-4fc9-81fa-1c12b8f7648d</id>
    <creationDate class="sql-timestamp">2019-03-21 15:48:02.553</creationDate>
    <madeBy>dotcms.org.1</madeBy>
    <changeDescription>Admin User completed action Save / Publish</changeDescription>
    <workflowtaskId>970da203-97b3-4a54-be31-a24850323a78</workflowtaskId>
    <actionId>b9d89c80-3d88-4311-8365-187323c96436</actionId>
    <stepId>dc3c9cd0-8467-404b-bf95-cb7df3fbc293</stepId>
  </com.dotmarketing.portlets.workflows.model.WorkflowHistory>
  <com.dotmarketing.portlets.workflows.model.WorkflowHistory>
    <id>9431cbd7-2704-4bbd-8f1a-afc1be760588</id>
    <creationDate class="sql-timestamp">2019-03-21 15:46:34.307</creationDate>
    <madeBy>dotcms.org.1</madeBy>
    <changeDescription>Admin User completed action Save / Publish</changeDescription>
    <workflowtaskId>970da203-97b3-4a54-be31-a24850323a78</workflowtaskId>
    <actionId>b9d89c80-3d88-4311-8365-187323c96436</actionId>
    <stepId>dc3c9cd0-8467-404b-bf95-cb7df3fbc293</stepId>
  </com.dotmarketing.portlets.workflows.model.WorkflowHistory>
  <com.dotmarketing.portlets.workflows.model.WorkflowHistory>
    <id>96b58d6a-9609-45a5-a95c-9c7854d455c6</id>
    <creationDate class="sql-timestamp">2019-03-18 18:59:18.984</creationDate>
    <madeBy>dotcms.org.1</madeBy>
    <changeDescription>Admin User completed action Unpublish</changeDescription>
    <workflowtaskId>90002c54-9421-465d-aff9-159f46055a07</workflowtaskId>
    <actionId>38efc763-d78f-4e4b-b092-59cd8c579b93</actionId>
    <stepId>ee24a4cb-2d15-4c98-b1bd-6327126451f3</stepId>
  </com.dotmarketing.portlets.workflows.model.WorkflowHistory>
  <com.dotmarketing.portlets.workflows.model.WorkflowHistory>
    <id>a4008be9-17a3-42be-b2a6-d9a07ff5adc2</id>
    <creationDate class="sql-timestamp">2019-04-12 18:56:23.839</creationDate>
    <madeBy>dotcms.org.1</madeBy>
    <changeDescription>Admin User completed action Save / Publish</changeDescription>
    <workflowtaskId>93c81106-3d01-4838-bb42-40773c7f6a4b</workflowtaskId>
    <actionId>b9d89c80-3d88-4311-8365-187323c96436</actionId>
    <stepId>dc3c9cd0-8467-404b-bf95-cb7df3fbc293</stepId>
  </com.dotmarketing.portlets.workflows.model.WorkflowHistory>
  <com.dotmarketing.portlets.workflows.model.WorkflowHistory>
    <id>a411fc05-01fd-4265-8d34-e9ca417dc105</id>
    <creationDate class="sql-timestamp">2019-03-21 15:45:47.267</creationDate>
    <madeBy>dotcms.org.1</madeBy>
    <changeDescription>Admin User completed action Save / Publish</changeDescription>
    <workflowtaskId>970da203-97b3-4a54-be31-a24850323a78</workflowtaskId>
    <actionId>b9d89c80-3d88-4311-8365-187323c96436</actionId>
    <stepId>dc3c9cd0-8467-404b-bf95-cb7df3fbc293</stepId>
  </com.dotmarketing.portlets.workflows.model.WorkflowHistory>
  <com.dotmarketing.portlets.workflows.model.WorkflowHistory>
    <id>abe3051f-7a33-4fc8-b008-52f44769cc15</id>
    <creationDate class="sql-timestamp">2019-03-21 16:07:36.177</creationDate>
    <madeBy>dotcms.org.1</madeBy>
    <changeDescription>Admin User completed action Save / Publish</changeDescription>
    <workflowtaskId>f521e67d-3b1e-4bdb-be89-f1d13785f6b8</workflowtaskId>
    <actionId>b9d89c80-3d88-4311-8365-187323c96436</actionId>
    <stepId>dc3c9cd0-8467-404b-bf95-cb7df3fbc293</stepId>
  </com.dotmarketing.portlets.workflows.model.WorkflowHistory>
  <com.dotmarketing.portlets.workflows.model.WorkflowHistory>
    <id>ad24c75b-084d-434b-8ddd-5e387b151172</id>
    <creationDate class="sql-timestamp">2019-04-12 21:04:50.748</creationDate>
    <madeBy>dotcms.org.1</madeBy>
    <changeDescription>Admin User completed action Save / Publish</changeDescription>
    <workflowtaskId>39d08060-8be9-4bdc-bc40-16f9d7ec4210</workflowtaskId>
    <actionId>b9d89c80-3d88-4311-8365-187323c96436</actionId>
    <stepId>dc3c9cd0-8467-404b-bf95-cb7df3fbc293</stepId>
  </com.dotmarketing.portlets.workflows.model.WorkflowHistory>
  <com.dotmarketing.portlets.workflows.model.WorkflowHistory>
    <id>b522ef8f-b545-4063-b91b-bf8bd1e5be33</id>
    <creationDate class="sql-timestamp">2019-03-21 15:51:30.606</creationDate>
    <madeBy>dotcms.org.1</madeBy>
    <changeDescription>Admin User completed action Save / Publish</changeDescription>
    <workflowtaskId>688acfce-0fe1-41a1-8be2-42c69ac7c7aa</workflowtaskId>
    <actionId>b9d89c80-3d88-4311-8365-187323c96436</actionId>
    <stepId>dc3c9cd0-8467-404b-bf95-cb7df3fbc293</stepId>
  </com.dotmarketing.portlets.workflows.model.WorkflowHistory>
  <com.dotmarketing.portlets.workflows.model.WorkflowHistory>
    <id>b62a9096-4924-4f33-8f16-face6518e5bb</id>
    <creationDate class="sql-timestamp">2019-03-15 07:34:52.463</creationDate>
    <madeBy>dotcms.org.1</madeBy>
    <changeDescription>Admin User completed action Save / Publish</changeDescription>
    <workflowtaskId>5748d76c-306c-4a17-adcc-7fc10d8c3e66</workflowtaskId>
    <actionId>b9d89c80-3d88-4311-8365-187323c96436</actionId>
    <stepId>dc3c9cd0-8467-404b-bf95-cb7df3fbc293</stepId>
  </com.dotmarketing.portlets.workflows.model.WorkflowHistory>
  <com.dotmarketing.portlets.workflows.model.WorkflowHistory>
    <id>b7f36f19-a5f4-463c-a76e-978e7f18f5ce</id>
    <creationDate class="sql-timestamp">2019-03-21 14:17:22.798</creationDate>
    <madeBy>dotcms.org.1</madeBy>
    <changeDescription>Admin User completed action Save / Publish</changeDescription>
    <workflowtaskId>5748d76c-306c-4a17-adcc-7fc10d8c3e66</workflowtaskId>
    <actionId>b9d89c80-3d88-4311-8365-187323c96436</actionId>
    <stepId>dc3c9cd0-8467-404b-bf95-cb7df3fbc293</stepId>
  </com.dotmarketing.portlets.workflows.model.WorkflowHistory>
  <com.dotmarketing.portlets.workflows.model.WorkflowHistory>
    <id>be046309-4925-4608-899a-22733d4dfa7c</id>
    <creationDate class="sql-timestamp">2019-03-21 16:27:26.761</creationDate>
    <madeBy>dotcms.org.1</madeBy>
    <changeDescription>Admin User completed action Save / Publish</changeDescription>
    <workflowtaskId>0b74f935-6203-46dd-841c-3cc89eadf883</workflowtaskId>
    <actionId>b9d89c80-3d88-4311-8365-187323c96436</actionId>
    <stepId>dc3c9cd0-8467-404b-bf95-cb7df3fbc293</stepId>
  </com.dotmarketing.portlets.workflows.model.WorkflowHistory>
  <com.dotmarketing.portlets.workflows.model.WorkflowHistory>
    <id>c0982a80-20d6-46d8-a4e1-9d0601ea162c</id>
    <creationDate class="sql-timestamp">2019-04-12 19:33:48.228</creationDate>
    <madeBy>dotcms.org.1</madeBy>
    <changeDescription>Admin User completed action Save / Publish</changeDescription>
    <workflowtaskId>5748d76c-306c-4a17-adcc-7fc10d8c3e66</workflowtaskId>
    <actionId>b9d89c80-3d88-4311-8365-187323c96436</actionId>
    <stepId>dc3c9cd0-8467-404b-bf95-cb7df3fbc293</stepId>
  </com.dotmarketing.portlets.workflows.model.WorkflowHistory>
  <com.dotmarketing.portlets.workflows.model.WorkflowHistory>
    <id>c4c880b9-6725-4f2b-9c22-8ca0397ab031</id>
    <creationDate class="sql-timestamp">2019-03-21 16:02:35.992</creationDate>
    <madeBy>dotcms.org.1</madeBy>
    <changeDescription>Admin User completed action Save / Publish</changeDescription>
    <workflowtaskId>0b74f935-6203-46dd-841c-3cc89eadf883</workflowtaskId>
    <actionId>b9d89c80-3d88-4311-8365-187323c96436</actionId>
    <stepId>dc3c9cd0-8467-404b-bf95-cb7df3fbc293</stepId>
  </com.dotmarketing.portlets.workflows.model.WorkflowHistory>
  <com.dotmarketing.portlets.workflows.model.WorkflowHistory>
    <id>cc1b68c2-2f75-4ea6-9048-f55b3e0c27fb</id>
    <creationDate class="sql-timestamp">2019-03-21 16:01:09.886</creationDate>
    <madeBy>dotcms.org.1</madeBy>
    <changeDescription>Admin User completed action Save / Publish</changeDescription>
    <workflowtaskId>0b74f935-6203-46dd-841c-3cc89eadf883</workflowtaskId>
    <actionId>b9d89c80-3d88-4311-8365-187323c96436</actionId>
    <stepId>dc3c9cd0-8467-404b-bf95-cb7df3fbc293</stepId>
  </com.dotmarketing.portlets.workflows.model.WorkflowHistory>
  <com.dotmarketing.portlets.workflows.model.WorkflowHistory>
    <id>ccfb3e93-62e8-4df4-9c3d-a23037e3fda0</id>
    <creationDate class="sql-timestamp">2019-04-12 21:04:54.803</creationDate>
    <madeBy>dotcms.org.1</madeBy>
    <changeDescription>Admin User completed action Save / Publish</changeDescription>
    <workflowtaskId>ce870d9c-69a7-4583-9bd7-508b8901774c</workflowtaskId>
    <actionId>b9d89c80-3d88-4311-8365-187323c96436</actionId>
    <stepId>dc3c9cd0-8467-404b-bf95-cb7df3fbc293</stepId>
  </com.dotmarketing.portlets.workflows.model.WorkflowHistory>
  <com.dotmarketing.portlets.workflows.model.WorkflowHistory>
    <id>cd0ff742-a5ef-4358-8697-15a3571a506d</id>
    <creationDate class="sql-timestamp">2019-03-18 18:59:23.311</creationDate>
    <madeBy>dotcms.org.1</madeBy>
    <changeDescription>Admin User completed action Publish</changeDescription>
    <workflowtaskId>90002c54-9421-465d-aff9-159f46055a07</workflowtaskId>
    <actionId>000ec468-0a63-4283-beb7-fcb36c107b2f</actionId>
    <stepId>dc3c9cd0-8467-404b-bf95-cb7df3fbc293</stepId>
  </com.dotmarketing.portlets.workflows.model.WorkflowHistory>
  <com.dotmarketing.portlets.workflows.model.WorkflowHistory>
    <id>d51f5119-ae5e-41ea-82c4-659f5eddf59e</id>
    <creationDate class="sql-timestamp">2019-04-12 21:04:48.729</creationDate>
    <madeBy>dotcms.org.1</madeBy>
    <changeDescription>Admin User completed action Save / Publish</changeDescription>
    <workflowtaskId>ea41cd29-7fb1-45cc-8896-94e064a196c3</workflowtaskId>
    <actionId>b9d89c80-3d88-4311-8365-187323c96436</actionId>
    <stepId>dc3c9cd0-8467-404b-bf95-cb7df3fbc293</stepId>
  </com.dotmarketing.portlets.workflows.model.WorkflowHistory>
  <com.dotmarketing.portlets.workflows.model.WorkflowHistory>
    <id>de19b86d-f8ff-4dc0-83e0-b6aeae1f0f4f</id>
    <creationDate class="sql-timestamp">2019-03-21 15:17:05.738</creationDate>
    <madeBy>dotcms.org.1</madeBy>
    <changeDescription>Admin User completed action Save / Publish</changeDescription>
    <workflowtaskId>90002c54-9421-465d-aff9-159f46055a07</workflowtaskId>
    <actionId>b9d89c80-3d88-4311-8365-187323c96436</actionId>
    <stepId>dc3c9cd0-8467-404b-bf95-cb7df3fbc293</stepId>
  </com.dotmarketing.portlets.workflows.model.WorkflowHistory>
  <com.dotmarketing.portlets.workflows.model.WorkflowHistory>
    <id>e0bf4058-0430-45a6-bf01-067796bd6bc2</id>
    <creationDate class="sql-timestamp">2019-04-12 18:58:09.04</creationDate>
    <madeBy>dotcms.org.1</madeBy>
    <changeDescription>Admin User completed action Save / Publish</changeDescription>
    <workflowtaskId>a1389156-f2c8-4405-99dc-fa77ac318c76</workflowtaskId>
    <actionId>b9d89c80-3d88-4311-8365-187323c96436</actionId>
    <stepId>dc3c9cd0-8467-404b-bf95-cb7df3fbc293</stepId>
  </com.dotmarketing.portlets.workflows.model.WorkflowHistory>
  <com.dotmarketing.portlets.workflows.model.WorkflowHistory>
    <id>e149d6b8-5aed-4894-a4bf-86cb0e7eeea8</id>
    <creationDate class="sql-timestamp">2019-04-15 19:18:55.778</creationDate>
    <madeBy>dotcms.org.1</madeBy>
    <changeDescription>Admin User completed action Save / Publish</changeDescription>
    <workflowtaskId>5748d76c-306c-4a17-adcc-7fc10d8c3e66</workflowtaskId>
    <actionId>b9d89c80-3d88-4311-8365-187323c96436</actionId>
    <stepId>dc3c9cd0-8467-404b-bf95-cb7df3fbc293</stepId>
  </com.dotmarketing.portlets.workflows.model.WorkflowHistory>
  <com.dotmarketing.portlets.workflows.model.WorkflowHistory>
    <id>e29eb1ab-ab18-43af-a65d-08fe0741068e</id>
    <creationDate class="sql-timestamp">2019-04-12 19:40:46.437</creationDate>
    <madeBy>dotcms.org.1</madeBy>
    <changeDescription>Admin User completed action Save / Publish</changeDescription>
    <workflowtaskId>5748d76c-306c-4a17-adcc-7fc10d8c3e66</workflowtaskId>
    <actionId>b9d89c80-3d88-4311-8365-187323c96436</actionId>
    <stepId>dc3c9cd0-8467-404b-bf95-cb7df3fbc293</stepId>
  </com.dotmarketing.portlets.workflows.model.WorkflowHistory>
  <com.dotmarketing.portlets.workflows.model.WorkflowHistory>
    <id>e54fef28-f986-4e1b-894c-490681101ece</id>
    <creationDate class="sql-timestamp">2019-04-12 21:05:00.864</creationDate>
    <madeBy>dotcms.org.1</madeBy>
    <changeDescription>Admin User completed action Save / Publish</changeDescription>
    <workflowtaskId>5f5eaad4-29fc-41f4-a6f7-00da52617ede</workflowtaskId>
    <actionId>b9d89c80-3d88-4311-8365-187323c96436</actionId>
    <stepId>dc3c9cd0-8467-404b-bf95-cb7df3fbc293</stepId>
  </com.dotmarketing.portlets.workflows.model.WorkflowHistory>
  <com.dotmarketing.portlets.workflows.model.WorkflowHistory>
    <id>e6bb4c12-c69b-4d93-92f2-4a52bd6624d8</id>
    <creationDate class="sql-timestamp">2019-04-12 21:05:02.926</creationDate>
    <madeBy>dotcms.org.1</madeBy>
    <changeDescription>Admin User completed action Save / Publish</changeDescription>
    <workflowtaskId>be7a7306-8bd6-4ebe-9d71-1d1468c7616d</workflowtaskId>
    <actionId>b9d89c80-3d88-4311-8365-187323c96436</actionId>
    <stepId>dc3c9cd0-8467-404b-bf95-cb7df3fbc293</stepId>
  </com.dotmarketing.portlets.workflows.model.WorkflowHistory>
  <com.dotmarketing.portlets.workflows.model.WorkflowHistory>
    <id>f115a0fe-1587-4bdc-8172-c12620b3c08d</id>
    <creationDate class="sql-timestamp">2019-04-12 18:38:49.325</creationDate>
    <madeBy>dotcms.org.1</madeBy>
    <changeDescription>Admin User completed action Save / Publish</changeDescription>
    <workflowtaskId>ad333961-652b-4c10-afb9-75456429945c</workflowtaskId>
    <actionId>b9d89c80-3d88-4311-8365-187323c96436</actionId>
    <stepId>dc3c9cd0-8467-404b-bf95-cb7df3fbc293</stepId>
  </com.dotmarketing.portlets.workflows.model.WorkflowHistory>
</list>