<list>
  <com.dotmarketing.beans.ContainerStructure>
    <id>26d37377-d7b4-479f-acf1-2202d66b6792</id>
    <structureId>2a3e91e4-fbbf-4876-8c5b-2233c1739b05</structureId>
    <containerInode>7f0563c8-aee5-4770-91ea-a4014efa84a7</containerInode>
    <containerId>7429db1b-b512-4005-99ca-f250f741bc0d</containerId>
    <code></code>
  </com.dotmarketing.beans.ContainerStructure>
  <com.dotmarketing.beans.ContainerStructure>
    <id>27d13784-3240-494a-93f2-7f2866a9655e</id>
    <structureId>2a3e91e4-fbbf-4876-8c5b-2233c1739b05</structureId>
    <containerInode>a5121051-0800-4232-b32d-0a3093ee733a</containerInode>
    <containerId>9ff03323-31ca-434d-a2f6-1de6cc1ad103</containerId>
    <code></code>
  </com.dotmarketing.beans.ContainerStructure>
  <com.dotmarketing.beans.ContainerStructure>
    <id>34524534-79f2-45c0-be2b-d6e06719a4ec</id>
    <structureId>2a3e91e4-fbbf-4876-8c5b-2233c1739b05</structureId>
    <containerInode>76a4aa4d-0bd9-4f77-ae48-fc58dac91e65</containerInode>
    <containerId>100e4f6a-49ae-4299-ab1d-920a5db3c4eb</containerId>
    <code></code>
  </com.dotmarketing.beans.ContainerStructure>
  <com.dotmarketing.beans.ContainerStructure>
    <id>427fdb3c-cf3f-4404-9b28-d1b5aeb6d4a9</id>
    <structureId>2a3e91e4-fbbf-4876-8c5b-2233c1739b05</structureId>
    <containerInode>123998de-fb70-4ada-a73b-861db3003176</containerInode>
    <containerId>84776cda-3265-4d7f-a20f-f358c4a08bfe</containerId>
    <code></code>
  </com.dotmarketing.beans.ContainerStructure>
  <com.dotmarketing.beans.ContainerStructure>
    <id>57a48ac0-c819-44f2-a9d1-78c4517a1da5</id>
    <structureId>2a3e91e4-fbbf-4876-8c5b-2233c1739b05</structureId>
    <containerInode>0a817c25-81d1-40cf-ab23-f35503680e4d</containerInode>
    <containerId>293c57e5-8e84-4e87-8d5a-0fc927df18d3</containerId>
    <code>#dotedit($body)</code>
  </com.dotmarketing.beans.ContainerStructure>
  <com.dotmarketing.beans.ContainerStructure>
    <id>97880e16-80d9-46ac-b4c0-9ec408d7ad0d</id>
    <structureId>2a3e91e4-fbbf-4876-8c5b-2233c1739b05</structureId>
    <containerInode>83d23837-e839-4d46-af88-103636f6847c</containerInode>
    <containerId>de0c9746-34c0-444b-b0d6-75c2214ce462</containerId>
    <code></code>
  </com.dotmarketing.beans.ContainerStructure>
  <com.dotmarketing.beans.ContainerStructure>
    <id>a2386b44-c1b1-4137-9742-4a080d6d5ca3</id>
    <structureId>2a3e91e4-fbbf-4876-8c5b-2233c1739b05</structureId>
    <containerInode>2940ef11-60d2-4659-a915-a4a58ef7e850</containerInode>
    <containerId>d85c2d2c-623d-4cdc-9a00-ce01ee8f92b8</containerId>
    <code></code>
  </com.dotmarketing.beans.ContainerStructure>
  <com.dotmarketing.beans.ContainerStructure>
    <id>bc2f79be-a4f7-43f3-885a-af8fffbc3476</id>
    <structureId>2a3e91e4-fbbf-4876-8c5b-2233c1739b05</structureId>
    <containerInode>3171b48b-97f1-4c0a-bc75-01713f8654bb</containerInode>
    <containerId>022ee06c-9199-4ca5-83ee-d8b354550839</containerId>
    <code></code>
  </com.dotmarketing.beans.ContainerStructure>
  <com.dotmarketing.beans.ContainerStructure>
    <id>c6aaca23-e35b-409f-b637-962b3ef9e4fc</id>
    <structureId>2a3e91e4-fbbf-4876-8c5b-2233c1739b05</structureId>
    <containerInode>89d19983-6480-41a3-9f60-c7f544b46a00</containerInode>
    <containerId>293c57e5-8e84-4e87-8d5a-0fc927df18d3</containerId>
    <code>$body</code>
  </com.dotmarketing.beans.ContainerStructure>
  <com.dotmarketing.beans.ContainerStructure>
    <id>c72376ab-122f-487f-af5f-58d47019c837</id>
    <structureId>2a3e91e4-fbbf-4876-8c5b-2233c1739b05</structureId>
    <containerInode>ea636c3c-65cf-413b-a5af-6173ea6b1210</containerInode>
    <containerId>293c57e5-8e84-4e87-8d5a-0fc927df18d3</containerId>
    <code>$body</code>
  </com.dotmarketing.beans.ContainerStructure>
  <com.dotmarketing.beans.ContainerStructure>
    <id>d4cfd18c-0e8d-41fc-9bfd-acbb03fb8145</id>
    <structureId>2a3e91e4-fbbf-4876-8c5b-2233c1739b05</structureId>
    <containerInode>abc42922-88d0-481d-8971-a6a56939f9ca</containerInode>
    <containerId>b0829958-a28a-492e-ab5c-109880838df6</containerId>
    <code></code>
  </com.dotmarketing.beans.ContainerStructure>
  <com.dotmarketing.beans.ContainerStructure>
    <id>de3d628b-7654-48ed-9840-ed22c171945f</id>
    <structureId>2a3e91e4-fbbf-4876-8c5b-2233c1739b05</structureId>
    <containerInode>08827801-e4c5-4b11-9b78-154eea6fdb6c</containerInode>
    <containerId>969c90c7-a363-4b84-bce6-787c0884ecbc</containerId>
    <code></code>
  </com.dotmarketing.beans.ContainerStructure>
  <com.dotmarketing.beans.ContainerStructure>
    <id>e055f96a-7375-4d1e-a79b-91e7f14ae85a</id>
    <structureId>2a3e91e4-fbbf-4876-8c5b-2233c1739b05</structureId>
    <containerInode>3b2de5b9-a890-487d-ab25-88885243f728</containerInode>
    <containerId>fe996643-30c0-4293-889f-85a16e41be13</containerId>
    <code></code>
  </com.dotmarketing.beans.ContainerStructure>
</list>