<list>
  <com.dotmarketing.tag.model.TagInode>
    <inode>0079c336-ded2-40db-b66d-c9e77cff03bb</inode>
    <tagId>7070e002-b689-46bb-9be8-dba5cad8883d</tagId>
    <fieldVarName>tags</fieldVarName>
    <modDate class="sql-timestamp">2016-02-18 17:17:36.34</modDate>
  </com.dotmarketing.tag.model.TagInode>
  <com.dotmarketing.tag.model.TagInode>
    <inode>013f77fe-7b91-478e-978b-60e9e4db3507</inode>
    <tagId>f629b421-fdd5-47f1-8046-aac5701caca1</tagId>
    <fieldVarName>tags</fieldVarName>
    <modDate class="sql-timestamp">2017-03-02 18:11:53.104</modDate>
  </com.dotmarketing.tag.model.TagInode>
  <com.dotmarketing.tag.model.TagInode>
    <inode>03056dc5-ac54-4439-9648-5b7667a38b00</inode>
    <tagId>4dfa7e15-c397-41f0-b36c-10cbc367f591</tagId>
    <fieldVarName>tags</fieldVarName>
    <modDate class="sql-timestamp">2016-02-18 17:17:36.575</modDate>
  </com.dotmarketing.tag.model.TagInode>
  <com.dotmarketing.tag.model.TagInode>
    <inode>06f14b6c-cdfa-46f5-aa40-f66504d65415</inode>
    <tagId>4dfa7e15-c397-41f0-b36c-10cbc367f591</tagId>
    <fieldVarName>tags</fieldVarName>
    <modDate class="sql-timestamp">2016-02-18 17:17:36.529</modDate>
  </com.dotmarketing.tag.model.TagInode>
  <com.dotmarketing.tag.model.TagInode>
    <inode>1000024b-9804-4d24-a238-7174d4101f1f</inode>
    <tagId>7070e002-b689-46bb-9be8-dba5cad8883d</tagId>
    <fieldVarName>tags</fieldVarName>
    <modDate class="sql-timestamp">2017-03-03 22:17:31.412</modDate>
  </com.dotmarketing.tag.model.TagInode>
  <com.dotmarketing.tag.model.TagInode>
    <inode>13ba93b2-e003-431c-a385-af7114d2b58f</inode>
    <tagId>7070e002-b689-46bb-9be8-dba5cad8883d</tagId>
    <fieldVarName>tags</fieldVarName>
    <modDate class="sql-timestamp">2016-02-18 17:17:36.599</modDate>
  </com.dotmarketing.tag.model.TagInode>
  <com.dotmarketing.tag.model.TagInode>
    <inode>1cc2ea2c-7a0f-4540-b47b-b0e165818abe</inode>
    <tagId>7070e002-b689-46bb-9be8-dba5cad8883d</tagId>
    <fieldVarName>tags</fieldVarName>
    <modDate class="sql-timestamp">2016-02-18 17:17:36.368</modDate>
  </com.dotmarketing.tag.model.TagInode>
  <com.dotmarketing.tag.model.TagInode>
    <inode>1d11295e-6d97-49b0-a799-eb968374f2c3</inode>
    <tagId>3227f0b9-ab87-4a89-aff3-e90440d2fb18</tagId>
    <fieldVarName>tags</fieldVarName>
    <modDate class="sql-timestamp">2016-02-18 17:17:36.587</modDate>
  </com.dotmarketing.tag.model.TagInode>
  <com.dotmarketing.tag.model.TagInode>
    <inode>1e384644-7ce5-4a52-813a-3567752e84eb</inode>
    <tagId>2660c8e4-4c29-416a-9413-6e08c0478c0e</tagId>
    <fieldVarName>tags</fieldVarName>
    <modDate class="sql-timestamp">2016-02-18 17:17:36.507</modDate>
  </com.dotmarketing.tag.model.TagInode>
  <com.dotmarketing.tag.model.TagInode>
    <inode>21ab5231-989f-43b0-a364-eb3707d3cfc5</inode>
    <tagId>3227f0b9-ab87-4a89-aff3-e90440d2fb18</tagId>
    <fieldVarName>tags</fieldVarName>
    <modDate class="sql-timestamp">2016-02-18 17:17:36.585</modDate>
  </com.dotmarketing.tag.model.TagInode>
  <com.dotmarketing.tag.model.TagInode>
    <inode>271a8c76-b496-4973-b38e-7352d26d31a6</inode>
    <tagId>3227f0b9-ab87-4a89-aff3-e90440d2fb18</tagId>
    <fieldVarName>tags</fieldVarName>
    <modDate class="sql-timestamp">2016-02-18 17:17:36.604</modDate>
  </com.dotmarketing.tag.model.TagInode>
  <com.dotmarketing.tag.model.TagInode>
    <inode>28cb338d-5c9e-4a02-955f-7c8d7d327a5e</inode>
    <tagId>4dfa7e15-c397-41f0-b36c-10cbc367f591</tagId>
    <fieldVarName>tags</fieldVarName>
    <modDate class="sql-timestamp">2016-02-18 17:17:36.264</modDate>
  </com.dotmarketing.tag.model.TagInode>
  <com.dotmarketing.tag.model.TagInode>
    <inode>290e21ba-bd08-4073-896c-5d0407052c88</inode>
    <tagId>3227f0b9-ab87-4a89-aff3-e90440d2fb18</tagId>
    <fieldVarName>tags</fieldVarName>
    <modDate class="sql-timestamp">2016-02-18 17:17:36.089</modDate>
  </com.dotmarketing.tag.model.TagInode>
  <com.dotmarketing.tag.model.TagInode>
    <inode>290e21ba-bd08-4073-896c-5d0407052c88</inode>
    <tagId>4dfa7e15-c397-41f0-b36c-10cbc367f591</tagId>
    <fieldVarName>tags</fieldVarName>
    <modDate class="sql-timestamp">2016-02-18 17:17:36.091</modDate>
  </com.dotmarketing.tag.model.TagInode>
  <com.dotmarketing.tag.model.TagInode>
    <inode>30646aa4-890d-4c47-be5f-c823adfcde9d</inode>
    <tagId>3227f0b9-ab87-4a89-aff3-e90440d2fb18</tagId>
    <fieldVarName>tags</fieldVarName>
    <modDate class="sql-timestamp">2017-03-10 15:49:15.534</modDate>
  </com.dotmarketing.tag.model.TagInode>
  <com.dotmarketing.tag.model.TagInode>
    <inode>34035da7-effb-4cf0-8869-af3bfdb008cd</inode>
    <tagId>4dfa7e15-c397-41f0-b36c-10cbc367f591</tagId>
    <fieldVarName>tags</fieldVarName>
    <modDate class="sql-timestamp">2016-02-18 17:17:36.555</modDate>
  </com.dotmarketing.tag.model.TagInode>
  <com.dotmarketing.tag.model.TagInode>
    <inode>39734155-623f-4322-9432-af981ca7fa0d</inode>
    <tagId>2660c8e4-4c29-416a-9413-6e08c0478c0e</tagId>
    <fieldVarName>tags</fieldVarName>
    <modDate class="sql-timestamp">2016-02-18 17:17:36.518</modDate>
  </com.dotmarketing.tag.model.TagInode>
  <com.dotmarketing.tag.model.TagInode>
    <inode>3b32a956-8102-44a1-9e61-c9491ac826b4</inode>
    <tagId>2660c8e4-4c29-416a-9413-6e08c0478c0e</tagId>
    <fieldVarName>tags</fieldVarName>
    <modDate class="sql-timestamp">2016-02-18 17:17:36.522</modDate>
  </com.dotmarketing.tag.model.TagInode>
  <com.dotmarketing.tag.model.TagInode>
    <inode>3deeb13f-94be-4ae2-9c01-3620842b5867</inode>
    <tagId>2660c8e4-4c29-416a-9413-6e08c0478c0e</tagId>
    <fieldVarName>tags</fieldVarName>
    <modDate class="sql-timestamp">2016-02-18 17:17:36.317</modDate>
  </com.dotmarketing.tag.model.TagInode>
  <com.dotmarketing.tag.model.TagInode>
    <inode>402afa6e-1ffe-4717-853b-ee46b5d29f89</inode>
    <tagId>3227f0b9-ab87-4a89-aff3-e90440d2fb18</tagId>
    <fieldVarName>tags</fieldVarName>
    <modDate class="sql-timestamp">2016-02-18 17:17:36.273</modDate>
  </com.dotmarketing.tag.model.TagInode>
  <com.dotmarketing.tag.model.TagInode>
    <inode>402afa6e-1ffe-4717-853b-ee46b5d29f89</inode>
    <tagId>4dfa7e15-c397-41f0-b36c-10cbc367f591</tagId>
    <fieldVarName>tags</fieldVarName>
    <modDate class="sql-timestamp">2016-02-18 17:17:36.274</modDate>
  </com.dotmarketing.tag.model.TagInode>
  <com.dotmarketing.tag.model.TagInode>
    <inode>44c7ef1d-26a2-4f6b-b41f-4bcd2afab1cb</inode>
    <tagId>7070e002-b689-46bb-9be8-dba5cad8883d</tagId>
    <fieldVarName>tags</fieldVarName>
    <modDate class="sql-timestamp">2016-02-18 17:17:36.58</modDate>
  </com.dotmarketing.tag.model.TagInode>
  <com.dotmarketing.tag.model.TagInode>
    <inode>48361887-1afd-4f3e-84c7-86771bb214dc</inode>
    <tagId>3227f0b9-ab87-4a89-aff3-e90440d2fb18</tagId>
    <fieldVarName>tags</fieldVarName>
    <modDate class="sql-timestamp">2016-02-18 17:17:36.309</modDate>
  </com.dotmarketing.tag.model.TagInode>
  <com.dotmarketing.tag.model.TagInode>
    <inode>48e0c687-7e41-46ae-8a90-63d0db7bb029</inode>
    <tagId>3227f0b9-ab87-4a89-aff3-e90440d2fb18</tagId>
    <fieldVarName>tags</fieldVarName>
    <modDate class="sql-timestamp">2016-02-18 17:17:36.62</modDate>
  </com.dotmarketing.tag.model.TagInode>
  <com.dotmarketing.tag.model.TagInode>
    <inode>490ffde6-8487-43df-9eff-74646e70cf73</inode>
    <tagId>4dfa7e15-c397-41f0-b36c-10cbc367f591</tagId>
    <fieldVarName>tags</fieldVarName>
    <modDate class="sql-timestamp">2016-02-18 17:17:36.547</modDate>
  </com.dotmarketing.tag.model.TagInode>
  <com.dotmarketing.tag.model.TagInode>
    <inode>4c4fd1bc-9071-448e-a6d5-bbc6d77ac803</inode>
    <tagId>3227f0b9-ab87-4a89-aff3-e90440d2fb18</tagId>
    <fieldVarName>tags</fieldVarName>
    <modDate class="sql-timestamp">2016-02-18 17:17:36.198</modDate>
  </com.dotmarketing.tag.model.TagInode>
  <com.dotmarketing.tag.model.TagInode>
    <inode>4f44e2ba-cf6f-4b75-a17f-1c065911cba7</inode>
    <tagId>3227f0b9-ab87-4a89-aff3-e90440d2fb18</tagId>
    <fieldVarName>tags</fieldVarName>
    <modDate class="sql-timestamp">2017-03-06 16:50:02.208</modDate>
  </com.dotmarketing.tag.model.TagInode>
  <com.dotmarketing.tag.model.TagInode>
    <inode>4f86585b-0c4f-4e7a-9e57-ad56b457b7b1</inode>
    <tagId>f629b421-fdd5-47f1-8046-aac5701caca1</tagId>
    <fieldVarName>tags</fieldVarName>
    <modDate class="sql-timestamp">2017-03-10 15:18:56.129</modDate>
  </com.dotmarketing.tag.model.TagInode>
  <com.dotmarketing.tag.model.TagInode>
    <inode>505e4a67-cd1b-4320-b1f4-199e4ccc96ec</inode>
    <tagId>4dfa7e15-c397-41f0-b36c-10cbc367f591</tagId>
    <fieldVarName>tags</fieldVarName>
    <modDate class="sql-timestamp">2016-02-18 17:17:36.545</modDate>
  </com.dotmarketing.tag.model.TagInode>
  <com.dotmarketing.tag.model.TagInode>
    <inode>55108e77-5bee-4a91-951f-3324a18a284d</inode>
    <tagId>3227f0b9-ab87-4a89-aff3-e90440d2fb18</tagId>
    <fieldVarName>tags</fieldVarName>
    <modDate class="sql-timestamp">2016-02-18 17:17:36.181</modDate>
  </com.dotmarketing.tag.model.TagInode>
  <com.dotmarketing.tag.model.TagInode>
    <inode>55108e77-5bee-4a91-951f-3324a18a284d</inode>
    <tagId>4dfa7e15-c397-41f0-b36c-10cbc367f591</tagId>
    <fieldVarName>tags</fieldVarName>
    <modDate class="sql-timestamp">2016-02-18 17:17:36.182</modDate>
  </com.dotmarketing.tag.model.TagInode>
  <com.dotmarketing.tag.model.TagInode>
    <inode>55aeac6b-160f-4122-bce7-1ecf4bbedb22</inode>
    <tagId>2660c8e4-4c29-416a-9413-6e08c0478c0e</tagId>
    <fieldVarName>tags</fieldVarName>
    <modDate class="sql-timestamp">2017-03-06 15:45:15.987</modDate>
  </com.dotmarketing.tag.model.TagInode>
  <com.dotmarketing.tag.model.TagInode>
    <inode>55dfae66-a5ee-43e6-a02b-858a2d0e0abd</inode>
    <tagId>3227f0b9-ab87-4a89-aff3-e90440d2fb18</tagId>
    <fieldVarName>tags</fieldVarName>
    <modDate class="sql-timestamp">2016-02-18 17:17:36.613</modDate>
  </com.dotmarketing.tag.model.TagInode>
  <com.dotmarketing.tag.model.TagInode>
    <inode>56fe36a6-7fc5-4cb3-aa92-977732886f6b</inode>
    <tagId>2660c8e4-4c29-416a-9413-6e08c0478c0e</tagId>
    <fieldVarName>tags</fieldVarName>
    <modDate class="sql-timestamp">2016-02-18 17:17:36.121</modDate>
  </com.dotmarketing.tag.model.TagInode>
  <com.dotmarketing.tag.model.TagInode>
    <inode>5be9b233-1fb1-450a-9e6d-6b51cd3e7d38</inode>
    <tagId>3227f0b9-ab87-4a89-aff3-e90440d2fb18</tagId>
    <fieldVarName>tags</fieldVarName>
    <modDate class="sql-timestamp">2016-02-18 17:17:36.578</modDate>
  </com.dotmarketing.tag.model.TagInode>
  <com.dotmarketing.tag.model.TagInode>
    <inode>5bf913f0-d2e6-47bb-9f54-b7f1ffd5bb90</inode>
    <tagId>2660c8e4-4c29-416a-9413-6e08c0478c0e</tagId>
    <fieldVarName>tags</fieldVarName>
    <modDate class="sql-timestamp">2016-02-18 17:17:36.377</modDate>
  </com.dotmarketing.tag.model.TagInode>
  <com.dotmarketing.tag.model.TagInode>
    <inode>5bf913f0-d2e6-47bb-9f54-b7f1ffd5bb90</inode>
    <tagId>7070e002-b689-46bb-9be8-dba5cad8883d</tagId>
    <fieldVarName>tags</fieldVarName>
    <modDate class="sql-timestamp">2016-02-18 17:17:36.376</modDate>
  </com.dotmarketing.tag.model.TagInode>
  <com.dotmarketing.tag.model.TagInode>
    <inode>5ed4474e-6e83-4457-8b50-49b51e59a687</inode>
    <tagId>2660c8e4-4c29-416a-9413-6e08c0478c0e</tagId>
    <fieldVarName>tags</fieldVarName>
    <modDate class="sql-timestamp">2017-11-16 18:23:01.078</modDate>
  </com.dotmarketing.tag.model.TagInode>
  <com.dotmarketing.tag.model.TagInode>
    <inode>63f1f514-d123-4737-8e97-85342cf0432b</inode>
    <tagId>2660c8e4-4c29-416a-9413-6e08c0478c0e</tagId>
    <fieldVarName>tags</fieldVarName>
    <modDate class="sql-timestamp">2016-02-18 17:17:36.568</modDate>
  </com.dotmarketing.tag.model.TagInode>
  <com.dotmarketing.tag.model.TagInode>
    <inode>6589d863-bb6e-407a-93ab-7ac870e69a65</inode>
    <tagId>3227f0b9-ab87-4a89-aff3-e90440d2fb18</tagId>
    <fieldVarName>tags</fieldVarName>
    <modDate class="sql-timestamp">2016-02-18 17:17:36.206</modDate>
  </com.dotmarketing.tag.model.TagInode>
  <com.dotmarketing.tag.model.TagInode>
    <inode>6589d863-bb6e-407a-93ab-7ac870e69a65</inode>
    <tagId>4dfa7e15-c397-41f0-b36c-10cbc367f591</tagId>
    <fieldVarName>tags</fieldVarName>
    <modDate class="sql-timestamp">2016-02-18 17:17:36.208</modDate>
  </com.dotmarketing.tag.model.TagInode>
  <com.dotmarketing.tag.model.TagInode>
    <inode>65dace87-796d-4444-a1a6-27d806a21c45</inode>
    <tagId>4dfa7e15-c397-41f0-b36c-10cbc367f591</tagId>
    <fieldVarName>tags</fieldVarName>
    <modDate class="sql-timestamp">2016-02-18 17:17:36.107</modDate>
  </com.dotmarketing.tag.model.TagInode>
  <com.dotmarketing.tag.model.TagInode>
    <inode>68fe83ae-635a-48f4-8c2f-10ef9c5c898d</inode>
    <tagId>3227f0b9-ab87-4a89-aff3-e90440d2fb18</tagId>
    <fieldVarName>tags</fieldVarName>
    <modDate class="sql-timestamp">2016-02-18 17:17:36.328</modDate>
  </com.dotmarketing.tag.model.TagInode>
  <com.dotmarketing.tag.model.TagInode>
    <inode>6aaf674f-6940-448b-ab9a-5a080f4bd37f</inode>
    <tagId>2660c8e4-4c29-416a-9413-6e08c0478c0e</tagId>
    <fieldVarName>tags</fieldVarName>
    <modDate class="sql-timestamp">2016-02-18 17:17:36.627</modDate>
  </com.dotmarketing.tag.model.TagInode>
  <com.dotmarketing.tag.model.TagInode>
    <inode>74dc5fe7-39ec-47a7-9abe-a96abce3db52</inode>
    <tagId>7070e002-b689-46bb-9be8-dba5cad8883d</tagId>
    <fieldVarName>tags</fieldVarName>
    <modDate class="sql-timestamp">2016-02-18 17:17:36.137</modDate>
  </com.dotmarketing.tag.model.TagInode>
  <com.dotmarketing.tag.model.TagInode>
    <inode>7d16b607-48a9-4525-a3bd-c61cbcb6ff50</inode>
    <tagId>f629b421-fdd5-47f1-8046-aac5701caca1</tagId>
    <fieldVarName>tags</fieldVarName>
    <modDate class="sql-timestamp">2017-03-10 15:13:47.698</modDate>
  </com.dotmarketing.tag.model.TagInode>
  <com.dotmarketing.tag.model.TagInode>
    <inode>8077fbe2-84cf-480b-9c47-ff94359bdcd7</inode>
    <tagId>7070e002-b689-46bb-9be8-dba5cad8883d</tagId>
    <fieldVarName>tags</fieldVarName>
    <modDate class="sql-timestamp">2017-03-03 22:17:44.377</modDate>
  </com.dotmarketing.tag.model.TagInode>
  <com.dotmarketing.tag.model.TagInode>
    <inode>808ad875-b698-4b64-b04a-7e3dceabb55d</inode>
    <tagId>7070e002-b689-46bb-9be8-dba5cad8883d</tagId>
    <fieldVarName>tags</fieldVarName>
    <modDate class="sql-timestamp">2016-02-18 17:17:36.335</modDate>
  </com.dotmarketing.tag.model.TagInode>
  <com.dotmarketing.tag.model.TagInode>
    <inode>8482007e-b207-4205-9dc9-8cdcebcbac53</inode>
    <tagId>3227f0b9-ab87-4a89-aff3-e90440d2fb18</tagId>
    <fieldVarName>tags</fieldVarName>
    <modDate class="sql-timestamp">2016-02-18 17:17:36.541</modDate>
  </com.dotmarketing.tag.model.TagInode>
  <com.dotmarketing.tag.model.TagInode>
    <inode>85c966e4-e709-4eaa-b65f-07dc48edbabe</inode>
    <tagId>7070e002-b689-46bb-9be8-dba5cad8883d</tagId>
    <fieldVarName>tags</fieldVarName>
    <modDate class="sql-timestamp">2016-02-18 17:17:36.512</modDate>
  </com.dotmarketing.tag.model.TagInode>
  <com.dotmarketing.tag.model.TagInode>
    <inode>8da3b7d7-9b6c-41bb-bbfa-837fee96c3c2</inode>
    <tagId>3227f0b9-ab87-4a89-aff3-e90440d2fb18</tagId>
    <fieldVarName>tags</fieldVarName>
    <modDate class="sql-timestamp">2016-02-18 17:17:36.622</modDate>
  </com.dotmarketing.tag.model.TagInode>
  <com.dotmarketing.tag.model.TagInode>
    <inode>93c7ab09-8cd9-4a5f-b917-37c075c552ad</inode>
    <tagId>4dfa7e15-c397-41f0-b36c-10cbc367f591</tagId>
    <fieldVarName>tags</fieldVarName>
    <modDate class="sql-timestamp">2016-02-18 17:17:36.55</modDate>
  </com.dotmarketing.tag.model.TagInode>
  <com.dotmarketing.tag.model.TagInode>
    <inode>975c70fd-380e-4dbf-ab22-0ca6f8ef142d</inode>
    <tagId>2660c8e4-4c29-416a-9413-6e08c0478c0e</tagId>
    <fieldVarName>tags</fieldVarName>
    <modDate class="sql-timestamp">2017-03-13 16:02:23.515</modDate>
  </com.dotmarketing.tag.model.TagInode>
  <com.dotmarketing.tag.model.TagInode>
    <inode>97dd86db-fd9f-4b39-bbc9-8f5d257444c0</inode>
    <tagId>4dfa7e15-c397-41f0-b36c-10cbc367f591</tagId>
    <fieldVarName>tags</fieldVarName>
    <modDate class="sql-timestamp">2016-02-18 17:17:36.077</modDate>
  </com.dotmarketing.tag.model.TagInode>
  <com.dotmarketing.tag.model.TagInode>
    <inode>99ad29f4-f120-49ec-bace-65d00d9c4963</inode>
    <tagId>2660c8e4-4c29-416a-9413-6e08c0478c0e</tagId>
    <fieldVarName>tags</fieldVarName>
    <modDate class="sql-timestamp">2016-02-18 17:17:36.28</modDate>
  </com.dotmarketing.tag.model.TagInode>
  <com.dotmarketing.tag.model.TagInode>
    <inode>9b087df8-e3af-4f97-9305-38394bf26487</inode>
    <tagId>3227f0b9-ab87-4a89-aff3-e90440d2fb18</tagId>
    <fieldVarName>tags</fieldVarName>
    <modDate class="sql-timestamp">2016-02-18 17:17:36.298</modDate>
  </com.dotmarketing.tag.model.TagInode>
  <com.dotmarketing.tag.model.TagInode>
    <inode>9f5075cf-fa72-40d0-ac9d-1b88f81a98ba</inode>
    <tagId>2660c8e4-4c29-416a-9413-6e08c0478c0e</tagId>
    <fieldVarName>tags</fieldVarName>
    <modDate class="sql-timestamp">2016-02-18 17:17:36.257</modDate>
  </com.dotmarketing.tag.model.TagInode>
  <com.dotmarketing.tag.model.TagInode>
    <inode>9f5075cf-fa72-40d0-ac9d-1b88f81a98ba</inode>
    <tagId>3227f0b9-ab87-4a89-aff3-e90440d2fb18</tagId>
    <fieldVarName>tags</fieldVarName>
    <modDate class="sql-timestamp">2016-02-18 17:17:36.256</modDate>
  </com.dotmarketing.tag.model.TagInode>
  <com.dotmarketing.tag.model.TagInode>
    <inode>a14c32d2-64f4-498e-bba7-cb0ad30cce94</inode>
    <tagId>4dfa7e15-c397-41f0-b36c-10cbc367f591</tagId>
    <fieldVarName>tags</fieldVarName>
    <modDate class="sql-timestamp">2016-02-18 17:17:36.594</modDate>
  </com.dotmarketing.tag.model.TagInode>
  <com.dotmarketing.tag.model.TagInode>
    <inode>a7462a9a-bb59-4732-a59b-64a1b11316ab</inode>
    <tagId>4dfa7e15-c397-41f0-b36c-10cbc367f591</tagId>
    <fieldVarName>tags</fieldVarName>
    <modDate class="sql-timestamp">2016-02-18 17:17:36.565</modDate>
  </com.dotmarketing.tag.model.TagInode>
  <com.dotmarketing.tag.model.TagInode>
    <inode>aac9756c-b643-4f66-9f61-a079d369a098</inode>
    <tagId>7070e002-b689-46bb-9be8-dba5cad8883d</tagId>
    <fieldVarName>tags</fieldVarName>
    <modDate class="sql-timestamp">2016-02-18 17:17:36.289</modDate>
  </com.dotmarketing.tag.model.TagInode>
  <com.dotmarketing.tag.model.TagInode>
    <inode>aaee9776-8fb7-4501-8048-844912a20405</inode>
    <tagId>2660c8e4-4c29-416a-9413-6e08c0478c0e</tagId>
    <fieldVarName>tags</fieldVarName>
    <modDate class="sql-timestamp">2017-05-08 19:01:47.37</modDate>
  </com.dotmarketing.tag.model.TagInode>
  <com.dotmarketing.tag.model.TagInode>
    <inode>ab70778f-8c9d-4bbc-8581-52187e283241</inode>
    <tagId>3227f0b9-ab87-4a89-aff3-e90440d2fb18</tagId>
    <fieldVarName>tags</fieldVarName>
    <modDate class="sql-timestamp">2017-03-10 15:54:12.696</modDate>
  </com.dotmarketing.tag.model.TagInode>
  <com.dotmarketing.tag.model.TagInode>
    <inode>acea345b-015f-4de8-8000-9fc94aed05a4</inode>
    <tagId>4dfa7e15-c397-41f0-b36c-10cbc367f591</tagId>
    <fieldVarName>tags</fieldVarName>
    <modDate class="sql-timestamp">2016-02-18 17:17:36.573</modDate>
  </com.dotmarketing.tag.model.TagInode>
  <com.dotmarketing.tag.model.TagInode>
    <inode>ad96bb54-b3b2-48a6-8f7e-247ae30168f8</inode>
    <tagId>3227f0b9-ab87-4a89-aff3-e90440d2fb18</tagId>
    <fieldVarName>tags</fieldVarName>
    <modDate class="sql-timestamp">2017-03-06 15:39:27.226</modDate>
  </com.dotmarketing.tag.model.TagInode>
  <com.dotmarketing.tag.model.TagInode>
    <inode>af733871-8226-4591-b30e-b5d27817ede5</inode>
    <tagId>7070e002-b689-46bb-9be8-dba5cad8883d</tagId>
    <fieldVarName>tags</fieldVarName>
    <modDate class="sql-timestamp">2016-02-18 17:17:36.344</modDate>
  </com.dotmarketing.tag.model.TagInode>
  <com.dotmarketing.tag.model.TagInode>
    <inode>b2f17cd2-47f1-4cb1-8e49-6e8e04957d40</inode>
    <tagId>2660c8e4-4c29-416a-9413-6e08c0478c0e</tagId>
    <fieldVarName>tags</fieldVarName>
    <modDate class="sql-timestamp">2016-02-18 17:17:36.602</modDate>
  </com.dotmarketing.tag.model.TagInode>
  <com.dotmarketing.tag.model.TagInode>
    <inode>b3efaec6-dead-4bf0-ba9f-e6161f1ef943</inode>
    <tagId>2660c8e4-4c29-416a-9413-6e08c0478c0e</tagId>
    <fieldVarName>tags</fieldVarName>
    <modDate class="sql-timestamp">2016-02-18 17:17:36.185</modDate>
  </com.dotmarketing.tag.model.TagInode>
  <com.dotmarketing.tag.model.TagInode>
    <inode>b4041a12-e084-4adc-8dfa-e95ffa35ef28</inode>
    <tagId>4dfa7e15-c397-41f0-b36c-10cbc367f591</tagId>
    <fieldVarName>tags</fieldVarName>
    <modDate class="sql-timestamp">2016-02-18 17:17:36.131</modDate>
  </com.dotmarketing.tag.model.TagInode>
  <com.dotmarketing.tag.model.TagInode>
    <inode>b60a3f5e-980e-459e-b9c3-f66123ac63c6</inode>
    <tagId>f629b421-fdd5-47f1-8046-aac5701caca1</tagId>
    <fieldVarName>tags</fieldVarName>
    <modDate class="sql-timestamp">2017-03-10 15:18:06.892</modDate>
  </com.dotmarketing.tag.model.TagInode>
  <com.dotmarketing.tag.model.TagInode>
    <inode>b7644a8e-d32c-4545-8c38-236251ce19ca</inode>
    <tagId>2660c8e4-4c29-416a-9413-6e08c0478c0e</tagId>
    <fieldVarName>tags</fieldVarName>
    <modDate class="sql-timestamp">2016-02-18 17:17:36.615</modDate>
  </com.dotmarketing.tag.model.TagInode>
  <com.dotmarketing.tag.model.TagInode>
    <inode>b8147d08-d3ac-4919-85b1-680d6a729427</inode>
    <tagId>7070e002-b689-46bb-9be8-dba5cad8883d</tagId>
    <fieldVarName>tags</fieldVarName>
    <modDate class="sql-timestamp">2016-02-18 17:17:36.57</modDate>
  </com.dotmarketing.tag.model.TagInode>
  <com.dotmarketing.tag.model.TagInode>
    <inode>b888cfbb-bbd6-4a59-bc83-9543a19ab14a</inode>
    <tagId>7070e002-b689-46bb-9be8-dba5cad8883d</tagId>
    <fieldVarName>tags</fieldVarName>
    <modDate class="sql-timestamp">2016-02-18 17:17:36.352</modDate>
  </com.dotmarketing.tag.model.TagInode>
  <com.dotmarketing.tag.model.TagInode>
    <inode>b8a5ce78-314a-4dc7-b1a6-9ab3ae9f6893</inode>
    <tagId>7070e002-b689-46bb-9be8-dba5cad8883d</tagId>
    <fieldVarName>tags</fieldVarName>
    <modDate class="sql-timestamp">2016-02-18 17:17:36.591</modDate>
  </com.dotmarketing.tag.model.TagInode>
  <com.dotmarketing.tag.model.TagInode>
    <inode>c86154d0-551f-415c-8d07-aee435748b1a</inode>
    <tagId>2660c8e4-4c29-416a-9413-6e08c0478c0e</tagId>
    <fieldVarName>tags</fieldVarName>
    <modDate class="sql-timestamp">2016-02-18 17:17:36.114</modDate>
  </com.dotmarketing.tag.model.TagInode>
  <com.dotmarketing.tag.model.TagInode>
    <inode>c9d5fd68-8130-4db3-8d0c-f1bbf9576eb8</inode>
    <tagId>2660c8e4-4c29-416a-9413-6e08c0478c0e</tagId>
    <fieldVarName>tags</fieldVarName>
    <modDate class="sql-timestamp">2016-02-18 17:17:36.515</modDate>
  </com.dotmarketing.tag.model.TagInode>
  <com.dotmarketing.tag.model.TagInode>
    <inode>cf6606a9-98bf-4cf5-8d2a-bc6aae5dc472</inode>
    <tagId>2660c8e4-4c29-416a-9413-6e08c0478c0e</tagId>
    <fieldVarName>tags</fieldVarName>
    <modDate class="sql-timestamp">2016-02-18 17:17:36.249</modDate>
  </com.dotmarketing.tag.model.TagInode>
  <com.dotmarketing.tag.model.TagInode>
    <inode>cf6606a9-98bf-4cf5-8d2a-bc6aae5dc472</inode>
    <tagId>3227f0b9-ab87-4a89-aff3-e90440d2fb18</tagId>
    <fieldVarName>tags</fieldVarName>
    <modDate class="sql-timestamp">2016-02-18 17:17:36.249</modDate>
  </com.dotmarketing.tag.model.TagInode>
  <com.dotmarketing.tag.model.TagInode>
    <inode>cfd589bd-d202-4430-a4b0-aa33a8af68d2</inode>
    <tagId>4dfa7e15-c397-41f0-b36c-10cbc367f591</tagId>
    <fieldVarName>tags</fieldVarName>
    <modDate class="sql-timestamp">2016-02-18 17:17:36.532</modDate>
  </com.dotmarketing.tag.model.TagInode>
  <com.dotmarketing.tag.model.TagInode>
    <inode>d0fcf50f-983e-4c1c-bbe7-d7fe1767f10f</inode>
    <tagId>3227f0b9-ab87-4a89-aff3-e90440d2fb18</tagId>
    <fieldVarName>tags</fieldVarName>
    <modDate class="sql-timestamp">2017-03-02 18:20:10.684</modDate>
  </com.dotmarketing.tag.model.TagInode>
  <com.dotmarketing.tag.model.TagInode>
    <inode>d0fcf50f-983e-4c1c-bbe7-d7fe1767f10f</inode>
    <tagId>f629b421-fdd5-47f1-8046-aac5701caca1</tagId>
    <fieldVarName>tags</fieldVarName>
    <modDate class="sql-timestamp">2017-03-02 18:20:10.686</modDate>
  </com.dotmarketing.tag.model.TagInode>
  <com.dotmarketing.tag.model.TagInode>
    <inode>d6321a4d-495f-4de4-94bf-8f6b145710f6</inode>
    <tagId>7070e002-b689-46bb-9be8-dba5cad8883d</tagId>
    <fieldVarName>tags</fieldVarName>
    <modDate class="sql-timestamp">2016-02-18 17:17:36.36</modDate>
  </com.dotmarketing.tag.model.TagInode>
  <com.dotmarketing.tag.model.TagInode>
    <inode>d741739b-70bb-4f12-8dc4-6a2971ff5117</inode>
    <tagId>7070e002-b689-46bb-9be8-dba5cad8883d</tagId>
    <fieldVarName>tags</fieldVarName>
    <modDate class="sql-timestamp">2016-02-18 17:17:36.322</modDate>
  </com.dotmarketing.tag.model.TagInode>
  <com.dotmarketing.tag.model.TagInode>
    <inode>d81f8705-8685-462e-a134-9cfede82bada</inode>
    <tagId>3227f0b9-ab87-4a89-aff3-e90440d2fb18</tagId>
    <fieldVarName>tags</fieldVarName>
    <modDate class="sql-timestamp">2017-03-06 15:38:57.895</modDate>
  </com.dotmarketing.tag.model.TagInode>
  <com.dotmarketing.tag.model.TagInode>
    <inode>d939e65e-5b63-4706-bc8e-e5fd8fdfdb36</inode>
    <tagId>2660c8e4-4c29-416a-9413-6e08c0478c0e</tagId>
    <fieldVarName>tags</fieldVarName>
    <modDate class="sql-timestamp">2016-02-18 17:17:36.629</modDate>
  </com.dotmarketing.tag.model.TagInode>
  <com.dotmarketing.tag.model.TagInode>
    <inode>dad9f793-082d-4ab2-80df-8ec800579dbd</inode>
    <tagId>2660c8e4-4c29-416a-9413-6e08c0478c0e</tagId>
    <fieldVarName>tags</fieldVarName>
    <modDate class="sql-timestamp">2016-02-18 17:17:36.558</modDate>
  </com.dotmarketing.tag.model.TagInode>
  <com.dotmarketing.tag.model.TagInode>
    <inode>dc2bf98c-5f8a-49a7-9629-e3e3e6106bf2</inode>
    <tagId>7070e002-b689-46bb-9be8-dba5cad8883d</tagId>
  </com.dotmarketing.tag.model.TagInode>
  <com.dotmarketing.tag.model.TagInode>
    <inode>e0715992-b0f8-4311-918b-b657e24de66f</inode>
    <tagId>7070e002-b689-46bb-9be8-dba5cad8883d</tagId>
    <fieldVarName>tags</fieldVarName>
    <modDate class="sql-timestamp">2017-03-03 22:16:29.551</modDate>
  </com.dotmarketing.tag.model.TagInode>
  <com.dotmarketing.tag.model.TagInode>
    <inode>e1615305-38ee-461e-a593-d94297ed1c26</inode>
    <tagId>7070e002-b689-46bb-9be8-dba5cad8883d</tagId>
    <fieldVarName>tags</fieldVarName>
    <modDate class="sql-timestamp">2016-02-18 17:17:36.356</modDate>
  </com.dotmarketing.tag.model.TagInode>
  <com.dotmarketing.tag.model.TagInode>
    <inode>e8b2736a-3ca2-4ff0-ba14-fe4c6587d5b3</inode>
    <tagId>7070e002-b689-46bb-9be8-dba5cad8883d</tagId>
    <fieldVarName>tags</fieldVarName>
    <modDate class="sql-timestamp">2016-02-18 17:17:36.141</modDate>
  </com.dotmarketing.tag.model.TagInode>
  <com.dotmarketing.tag.model.TagInode>
    <inode>e9b0ee6a-006b-4cb5-865e-b5d0937060bb</inode>
    <tagId>3227f0b9-ab87-4a89-aff3-e90440d2fb18</tagId>
    <fieldVarName>tags</fieldVarName>
    <modDate class="sql-timestamp">2017-03-03 21:07:48.261</modDate>
  </com.dotmarketing.tag.model.TagInode>
  <com.dotmarketing.tag.model.TagInode>
    <inode>e9ea2f74-bc83-41b4-b59a-9a3ffeaf3d7f</inode>
    <tagId>2660c8e4-4c29-416a-9413-6e08c0478c0e</tagId>
    <fieldVarName>tags</fieldVarName>
    <modDate class="sql-timestamp">2016-02-18 17:17:36.525</modDate>
  </com.dotmarketing.tag.model.TagInode>
  <com.dotmarketing.tag.model.TagInode>
    <inode>edb125e8-19cb-4dd7-b734-a394580b9c77</inode>
    <tagId>7070e002-b689-46bb-9be8-dba5cad8883d</tagId>
    <fieldVarName>tags</fieldVarName>
    <modDate class="sql-timestamp">2016-02-18 17:17:36.22</modDate>
  </com.dotmarketing.tag.model.TagInode>
  <com.dotmarketing.tag.model.TagInode>
    <inode>ee235887-0e9a-4bd5-9427-068f1fb66ba0</inode>
    <tagId>2660c8e4-4c29-416a-9413-6e08c0478c0e</tagId>
    <fieldVarName>tags</fieldVarName>
    <modDate class="sql-timestamp">2016-02-18 17:17:36.331</modDate>
  </com.dotmarketing.tag.model.TagInode>
  <com.dotmarketing.tag.model.TagInode>
    <inode>ee235887-0e9a-4bd5-9427-068f1fb66ba0</inode>
    <tagId>7070e002-b689-46bb-9be8-dba5cad8883d</tagId>
    <fieldVarName>tags</fieldVarName>
    <modDate class="sql-timestamp">2016-02-18 17:17:36.332</modDate>
  </com.dotmarketing.tag.model.TagInode>
  <com.dotmarketing.tag.model.TagInode>
    <inode>f110c0fb-c182-4f22-84f3-fe6cd3e9c8fa</inode>
    <tagId>7070e002-b689-46bb-9be8-dba5cad8883d</tagId>
    <fieldVarName>tags</fieldVarName>
    <modDate class="sql-timestamp">2017-03-03 22:36:38.682</modDate>
  </com.dotmarketing.tag.model.TagInode>
  <com.dotmarketing.tag.model.TagInode>
    <inode>f3dc6a0d-90a6-4104-b795-8d48765f28c9</inode>
    <tagId>3227f0b9-ab87-4a89-aff3-e90440d2fb18</tagId>
    <fieldVarName>tags</fieldVarName>
    <modDate class="sql-timestamp">2017-03-02 18:20:08.721</modDate>
  </com.dotmarketing.tag.model.TagInode>
  <com.dotmarketing.tag.model.TagInode>
    <inode>f3dc6a0d-90a6-4104-b795-8d48765f28c9</inode>
    <tagId>f629b421-fdd5-47f1-8046-aac5701caca1</tagId>
    <fieldVarName>tags</fieldVarName>
    <modDate class="sql-timestamp">2017-03-02 18:20:08.723</modDate>
  </com.dotmarketing.tag.model.TagInode>
  <com.dotmarketing.tag.model.TagInode>
    <inode>f79a6391-b30f-47a4-8d35-abae06b192bd</inode>
    <tagId>4dfa7e15-c397-41f0-b36c-10cbc367f591</tagId>
    <fieldVarName>tags</fieldVarName>
    <modDate class="sql-timestamp">2016-02-18 17:17:36.552</modDate>
  </com.dotmarketing.tag.model.TagInode>
  <com.dotmarketing.tag.model.TagInode>
    <inode>f92bb066-ed6a-4dfd-aa05-0d5494859586</inode>
    <tagId>7070e002-b689-46bb-9be8-dba5cad8883d</tagId>
    <fieldVarName>tags</fieldVarName>
    <modDate class="sql-timestamp">2016-02-18 17:17:36.348</modDate>
  </com.dotmarketing.tag.model.TagInode>
  <com.dotmarketing.tag.model.TagInode>
    <inode>fa479bd4-18f4-4ed2-95a7-6dfb91e7b0e0</inode>
    <tagId>7070e002-b689-46bb-9be8-dba5cad8883d</tagId>
    <fieldVarName>tags</fieldVarName>
    <modDate class="sql-timestamp">2017-03-03 22:17:02.84</modDate>
  </com.dotmarketing.tag.model.TagInode>
  <com.dotmarketing.tag.model.TagInode>
    <inode>fceb9029-0738-4cd0-a71e-2c5f788f12ab</inode>
    <tagId>f629b421-fdd5-47f1-8046-aac5701caca1</tagId>
    <fieldVarName>tags</fieldVarName>
    <modDate class="sql-timestamp">2017-03-10 15:29:01.888</modDate>
  </com.dotmarketing.tag.model.TagInode>
  <com.dotmarketing.tag.model.TagInode>
    <inode>fd96a591-c906-4ca2-a04e-d197fded42a0</inode>
    <tagId>7070e002-b689-46bb-9be8-dba5cad8883d</tagId>
    <fieldVarName>tags</fieldVarName>
    <modDate class="sql-timestamp">2017-03-10 15:36:56.929</modDate>
  </com.dotmarketing.tag.model.TagInode>
  <com.dotmarketing.tag.model.TagInode>
    <inode>fe8f505e-05b0-49ac-adfb-3ea95489eaa9</inode>
    <tagId>7070e002-b689-46bb-9be8-dba5cad8883d</tagId>
    <fieldVarName>tags</fieldVarName>
    <modDate class="sql-timestamp">2016-02-18 17:17:36.632</modDate>
  </com.dotmarketing.tag.model.TagInode>
  <com.dotmarketing.tag.model.TagInode>
    <inode>fe9a2233-7982-4fc9-8b12-227917dc3b5c</inode>
    <tagId>7070e002-b689-46bb-9be8-dba5cad8883d</tagId>
    <fieldVarName>tags</fieldVarName>
    <modDate class="sql-timestamp">2016-02-18 17:17:36.563</modDate>
  </com.dotmarketing.tag.model.TagInode>
  <com.dotmarketing.tag.model.TagInode>
    <inode>fec1d734-fffb-41fb-b039-e616b0335440</inode>
    <tagId>4dfa7e15-c397-41f0-b36c-10cbc367f591</tagId>
    <fieldVarName>tags</fieldVarName>
    <modDate class="sql-timestamp">2016-02-18 17:17:36.618</modDate>
  </com.dotmarketing.tag.model.TagInode>
</list>