<list>
  <com.dotmarketing.plugin.model.Plugin>
    <id>com.dotcms.config</id>
    <pluginName>dotCMS Config</pluginName>
    <pluginVersion>1.0</pluginVersion>
    <author>dotCMS</author>
    <firstDeployedDate class="sql-timestamp">2010-06-17 04:00:00.0</firstDeployedDate>
    <lastDeployedDate class="sql-timestamp">2010-06-17 04:00:00.0</lastDeployedDate>
  </com.dotmarketing.plugin.model.Plugin>
  <com.dotmarketing.plugin.model.Plugin>
    <id>org.dotcms.plugins.htmlPageExtension</id>
    <pluginName>HTML Page Extension</pluginName>
    <pluginVersion>1.3</pluginVersion>
    <author>dotCMS</author>
    <firstDeployedDate class="sql-timestamp">2012-06-22 19:02:28.218</firstDeployedDate>
    <lastDeployedDate class="sql-timestamp">2012-06-22 19:02:28.218</lastDeployedDate>
  </com.dotmarketing.plugin.model.Plugin>
  <com.dotmarketing.plugin.model.Plugin>
    <id>starter.config.plugin</id>
    <pluginName>dotCMS Config</pluginName>
    <pluginVersion>1.0</pluginVersion>
    <author>dotCMS</author>
    <firstDeployedDate class="sql-timestamp">2012-05-31 04:00:00.0</firstDeployedDate>
    <lastDeployedDate class="sql-timestamp">2012-05-31 04:00:00.0</lastDeployedDate>
  </com.dotmarketing.plugin.model.Plugin>
  <com.dotmarketing.plugin.model.Plugin>
    <id>starter.dotcms.config</id>
    <pluginName>dotCMS Config</pluginName>
    <pluginVersion>1.0</pluginVersion>
    <author>dotCMS</author>
    <firstDeployedDate class="sql-timestamp">2014-10-06 16:32:35.603</firstDeployedDate>
    <lastDeployedDate class="sql-timestamp">2014-10-06 16:32:35.603</lastDeployedDate>
  </com.dotmarketing.plugin.model.Plugin>
</list>