<list>
  <com.dotmarketing.tag.model.TagInode>
    <inode>03056dc5-ac54-4439-9648-5b7667a38b00</inode>
    <tagId>4dfa7e15-c397-41f0-b36c-10cbc367f591</tagId>
    <fieldVarName>tags</fieldVarName>
    <modDate class="sql-timestamp">2016-02-18 17:17:36.575</modDate>
  </com.dotmarketing.tag.model.TagInode>
  <com.dotmarketing.tag.model.TagInode>
    <inode>06f14b6c-cdfa-46f5-aa40-f66504d65415</inode>
    <tagId>4dfa7e15-c397-41f0-b36c-10cbc367f591</tagId>
    <fieldVarName>tags</fieldVarName>
    <modDate class="sql-timestamp">2016-02-18 17:17:36.529</modDate>
  </com.dotmarketing.tag.model.TagInode>
  <com.dotmarketing.tag.model.TagInode>
    <inode>08393243-9a80-4131-ac11-4ccf6332ab85</inode>
    <tagId>ab344fa0-c909-4b3c-aa8c-6bacd4f770fa</tagId>
    <fieldVarName>tags</fieldVarName>
    <modDate class="sql-timestamp">2019-09-06 22:30:40.137</modDate>
  </com.dotmarketing.tag.model.TagInode>
  <com.dotmarketing.tag.model.TagInode>
    <inode>08ca6cdb-9159-4b96-8c49-f69cae5224f5</inode>
    <tagId>257e727b-f686-4952-8135-ca2dc353a978</tagId>
    <fieldVarName>tags</fieldVarName>
    <modDate class="sql-timestamp">2019-10-24 21:02:48.658</modDate>
  </com.dotmarketing.tag.model.TagInode>
  <com.dotmarketing.tag.model.TagInode>
    <inode>1ba10e89-af0e-41d9-847b-8cc73fddb7fb</inode>
    <tagId>23dcbb8c-54ce-468a-b286-3e5b2047fc4f</tagId>
    <fieldVarName>tags</fieldVarName>
    <modDate class="sql-timestamp">2019-09-11 18:10:21.497</modDate>
  </com.dotmarketing.tag.model.TagInode>
  <com.dotmarketing.tag.model.TagInode>
    <inode>1c332647-c598-4227-921a-c08b6c019107</inode>
    <tagId>ab344fa0-c909-4b3c-aa8c-6bacd4f770fa</tagId>
    <fieldVarName>tags</fieldVarName>
    <modDate class="sql-timestamp">2019-11-05 20:51:27.873</modDate>
  </com.dotmarketing.tag.model.TagInode>
  <com.dotmarketing.tag.model.TagInode>
    <inode>28457fcb-cb75-4b7c-8238-477472dac1b0</inode>
    <tagId>ab344fa0-c909-4b3c-aa8c-6bacd4f770fa</tagId>
    <fieldVarName>tags</fieldVarName>
    <modDate class="sql-timestamp">2019-09-06 22:30:40.128</modDate>
  </com.dotmarketing.tag.model.TagInode>
  <com.dotmarketing.tag.model.TagInode>
    <inode>28cb338d-5c9e-4a02-955f-7c8d7d327a5e</inode>
    <tagId>4dfa7e15-c397-41f0-b36c-10cbc367f591</tagId>
    <fieldVarName>tags</fieldVarName>
    <modDate class="sql-timestamp">2016-02-18 17:17:36.264</modDate>
  </com.dotmarketing.tag.model.TagInode>
  <com.dotmarketing.tag.model.TagInode>
    <inode>290e21ba-bd08-4073-896c-5d0407052c88</inode>
    <tagId>4dfa7e15-c397-41f0-b36c-10cbc367f591</tagId>
    <fieldVarName>tags</fieldVarName>
    <modDate class="sql-timestamp">2016-02-18 17:17:36.091</modDate>
  </com.dotmarketing.tag.model.TagInode>
  <com.dotmarketing.tag.model.TagInode>
    <inode>2f0a84a3-2e6f-4bf4-afe2-68fac59647b3</inode>
    <tagId>afba7a15-3378-4a0d-a411-b91b8f35f498</tagId>
    <fieldVarName>tags</fieldVarName>
    <modDate class="sql-timestamp">2019-10-18 21:21:52.463</modDate>
  </com.dotmarketing.tag.model.TagInode>
  <com.dotmarketing.tag.model.TagInode>
    <inode>30b32049-890b-4207-8c90-300a456fd6b8</inode>
    <tagId>257e727b-f686-4952-8135-ca2dc353a978</tagId>
    <fieldVarName>tags</fieldVarName>
    <modDate class="sql-timestamp">2019-10-18 21:24:00.423</modDate>
  </com.dotmarketing.tag.model.TagInode>
  <com.dotmarketing.tag.model.TagInode>
    <inode>334b850a-5092-4dd2-b391-633093a1f24a</inode>
    <tagId>23dcbb8c-54ce-468a-b286-3e5b2047fc4f</tagId>
    <fieldVarName>tags</fieldVarName>
    <modDate class="sql-timestamp">2019-09-20 20:58:17.296</modDate>
  </com.dotmarketing.tag.model.TagInode>
  <com.dotmarketing.tag.model.TagInode>
    <inode>34035da7-effb-4cf0-8869-af3bfdb008cd</inode>
    <tagId>4dfa7e15-c397-41f0-b36c-10cbc367f591</tagId>
    <fieldVarName>tags</fieldVarName>
    <modDate class="sql-timestamp">2016-02-18 17:17:36.555</modDate>
  </com.dotmarketing.tag.model.TagInode>
  <com.dotmarketing.tag.model.TagInode>
    <inode>353aaad2-dc44-4b0b-9a02-4cead7d4aaeb</inode>
    <tagId>ab344fa0-c909-4b3c-aa8c-6bacd4f770fa</tagId>
    <fieldVarName>tags</fieldVarName>
    <modDate class="sql-timestamp">2019-09-06 23:20:42.279</modDate>
  </com.dotmarketing.tag.model.TagInode>
  <com.dotmarketing.tag.model.TagInode>
    <inode>3e3909ab-c761-4f03-b4cb-a41bcc6a3db0</inode>
    <tagId>ab344fa0-c909-4b3c-aa8c-6bacd4f770fa</tagId>
    <fieldVarName>tags</fieldVarName>
    <modDate class="sql-timestamp">2019-10-18 17:40:39.936</modDate>
  </com.dotmarketing.tag.model.TagInode>
  <com.dotmarketing.tag.model.TagInode>
    <inode>402afa6e-1ffe-4717-853b-ee46b5d29f89</inode>
    <tagId>4dfa7e15-c397-41f0-b36c-10cbc367f591</tagId>
    <fieldVarName>tags</fieldVarName>
    <modDate class="sql-timestamp">2016-02-18 17:17:36.274</modDate>
  </com.dotmarketing.tag.model.TagInode>
  <com.dotmarketing.tag.model.TagInode>
    <inode>490ffde6-8487-43df-9eff-74646e70cf73</inode>
    <tagId>4dfa7e15-c397-41f0-b36c-10cbc367f591</tagId>
    <fieldVarName>tags</fieldVarName>
    <modDate class="sql-timestamp">2016-02-18 17:17:36.547</modDate>
  </com.dotmarketing.tag.model.TagInode>
  <com.dotmarketing.tag.model.TagInode>
    <inode>505e4a67-cd1b-4320-b1f4-199e4ccc96ec</inode>
    <tagId>4dfa7e15-c397-41f0-b36c-10cbc367f591</tagId>
    <fieldVarName>tags</fieldVarName>
    <modDate class="sql-timestamp">2016-02-18 17:17:36.545</modDate>
  </com.dotmarketing.tag.model.TagInode>
  <com.dotmarketing.tag.model.TagInode>
    <inode>506a5b34-114d-41ce-81c9-5f8318f2b6f0</inode>
    <tagId>ab344fa0-c909-4b3c-aa8c-6bacd4f770fa</tagId>
    <fieldVarName>tags</fieldVarName>
    <modDate class="sql-timestamp">2019-09-20 14:19:44.85</modDate>
  </com.dotmarketing.tag.model.TagInode>
  <com.dotmarketing.tag.model.TagInode>
    <inode>515ab07d-2c9a-4ff5-bf46-a5cb6cd39141</inode>
    <tagId>257e727b-f686-4952-8135-ca2dc353a978</tagId>
    <fieldVarName>tags</fieldVarName>
    <modDate class="sql-timestamp">2019-10-24 21:03:07.531</modDate>
  </com.dotmarketing.tag.model.TagInode>
  <com.dotmarketing.tag.model.TagInode>
    <inode>55108e77-5bee-4a91-951f-3324a18a284d</inode>
    <tagId>4dfa7e15-c397-41f0-b36c-10cbc367f591</tagId>
    <fieldVarName>tags</fieldVarName>
    <modDate class="sql-timestamp">2016-02-18 17:17:36.182</modDate>
  </com.dotmarketing.tag.model.TagInode>
  <com.dotmarketing.tag.model.TagInode>
    <inode>55b66e50-7819-466b-8cf6-7778374e53d8</inode>
    <tagId>afba7a15-3378-4a0d-a411-b91b8f35f498</tagId>
    <fieldVarName>tags</fieldVarName>
    <modDate class="sql-timestamp">2019-10-18 21:23:11.689</modDate>
  </com.dotmarketing.tag.model.TagInode>
  <com.dotmarketing.tag.model.TagInode>
    <inode>56d6b160-a248-44b6-bfdf-2d51ca23df82</inode>
    <tagId>ab344fa0-c909-4b3c-aa8c-6bacd4f770fa</tagId>
    <fieldVarName>tags</fieldVarName>
    <modDate class="sql-timestamp">2019-10-18 17:38:33.374</modDate>
  </com.dotmarketing.tag.model.TagInode>
  <com.dotmarketing.tag.model.TagInode>
    <inode>5f8dc05d-d43b-4afb-8d55-f0fe5b2689c1</inode>
    <tagId>ab344fa0-c909-4b3c-aa8c-6bacd4f770fa</tagId>
    <fieldVarName>tags</fieldVarName>
    <modDate class="sql-timestamp">2019-09-06 22:30:40.127</modDate>
  </com.dotmarketing.tag.model.TagInode>
  <com.dotmarketing.tag.model.TagInode>
    <inode>63f71055-bf1c-4e55-84a1-508a0ef70e44</inode>
    <tagId>ab344fa0-c909-4b3c-aa8c-6bacd4f770fa</tagId>
    <fieldVarName>tags</fieldVarName>
    <modDate class="sql-timestamp">2019-09-11 17:13:48.907</modDate>
  </com.dotmarketing.tag.model.TagInode>
  <com.dotmarketing.tag.model.TagInode>
    <inode>6589d863-bb6e-407a-93ab-7ac870e69a65</inode>
    <tagId>4dfa7e15-c397-41f0-b36c-10cbc367f591</tagId>
    <fieldVarName>tags</fieldVarName>
    <modDate class="sql-timestamp">2016-02-18 17:17:36.208</modDate>
  </com.dotmarketing.tag.model.TagInode>
  <com.dotmarketing.tag.model.TagInode>
    <inode>65dace87-796d-4444-a1a6-27d806a21c45</inode>
    <tagId>4dfa7e15-c397-41f0-b36c-10cbc367f591</tagId>
    <fieldVarName>tags</fieldVarName>
    <modDate class="sql-timestamp">2016-02-18 17:17:36.107</modDate>
  </com.dotmarketing.tag.model.TagInode>
  <com.dotmarketing.tag.model.TagInode>
    <inode>66496c93-5e99-4e56-86b0-a1aa4c627fc0</inode>
    <tagId>afba7a15-3378-4a0d-a411-b91b8f35f498</tagId>
    <fieldVarName>tags</fieldVarName>
    <modDate class="sql-timestamp">2019-10-22 19:25:22.06</modDate>
  </com.dotmarketing.tag.model.TagInode>
  <com.dotmarketing.tag.model.TagInode>
    <inode>696956e5-771f-4fd1-9bde-14397edf907c</inode>
    <tagId>ab344fa0-c909-4b3c-aa8c-6bacd4f770fa</tagId>
    <fieldVarName>tags</fieldVarName>
    <modDate class="sql-timestamp">2019-09-06 22:30:40.128</modDate>
  </com.dotmarketing.tag.model.TagInode>
  <com.dotmarketing.tag.model.TagInode>
    <inode>6b33fddc-8732-4c43-a233-ddb5829b82ad</inode>
    <tagId>ab344fa0-c909-4b3c-aa8c-6bacd4f770fa</tagId>
    <fieldVarName>tags</fieldVarName>
    <modDate class="sql-timestamp">2019-11-05 20:52:47.201</modDate>
  </com.dotmarketing.tag.model.TagInode>
  <com.dotmarketing.tag.model.TagInode>
    <inode>784f8b37-f0a7-415a-a6c8-7632bdd16df5</inode>
    <tagId>ab344fa0-c909-4b3c-aa8c-6bacd4f770fa</tagId>
    <fieldVarName>tags</fieldVarName>
    <modDate class="sql-timestamp">2019-09-10 16:56:27.172</modDate>
  </com.dotmarketing.tag.model.TagInode>
  <com.dotmarketing.tag.model.TagInode>
    <inode>788f516e-c013-4cde-a782-815e5caf449b</inode>
    <tagId>ab344fa0-c909-4b3c-aa8c-6bacd4f770fa</tagId>
    <fieldVarName>tags</fieldVarName>
    <modDate class="sql-timestamp">2019-11-05 20:53:10.086</modDate>
  </com.dotmarketing.tag.model.TagInode>
  <com.dotmarketing.tag.model.TagInode>
    <inode>79a4ad04-b8b9-40d4-b9a6-55883c108564</inode>
    <tagId>ab344fa0-c909-4b3c-aa8c-6bacd4f770fa</tagId>
    <fieldVarName>tags</fieldVarName>
    <modDate class="sql-timestamp">2019-10-18 17:39:00.71</modDate>
  </com.dotmarketing.tag.model.TagInode>
  <com.dotmarketing.tag.model.TagInode>
    <inode>7dbb1cb6-1058-46ff-adf4-21bce8f63216</inode>
    <tagId>ab344fa0-c909-4b3c-aa8c-6bacd4f770fa</tagId>
    <fieldVarName>tags</fieldVarName>
    <modDate class="sql-timestamp">2019-09-20 14:31:10.671</modDate>
  </com.dotmarketing.tag.model.TagInode>
  <com.dotmarketing.tag.model.TagInode>
    <inode>7f2f67f2-bc65-4b2b-a2f4-742d761682da</inode>
    <tagId>ab344fa0-c909-4b3c-aa8c-6bacd4f770fa</tagId>
    <fieldVarName>tags</fieldVarName>
    <modDate class="sql-timestamp">2019-12-11 15:19:34.236</modDate>
  </com.dotmarketing.tag.model.TagInode>
  <com.dotmarketing.tag.model.TagInode>
    <inode>81ab4c42-2cb0-4d32-922f-55f22331be3d</inode>
    <tagId>ab344fa0-c909-4b3c-aa8c-6bacd4f770fa</tagId>
    <fieldVarName>tags</fieldVarName>
    <modDate class="sql-timestamp">2019-09-19 22:09:14.243</modDate>
  </com.dotmarketing.tag.model.TagInode>
  <com.dotmarketing.tag.model.TagInode>
    <inode>81b78a9d-375d-4f39-8934-825f0129fbc8</inode>
    <tagId>afba7a15-3378-4a0d-a411-b91b8f35f498</tagId>
    <fieldVarName>tags</fieldVarName>
    <modDate class="sql-timestamp">2019-10-18 21:25:51.492</modDate>
  </com.dotmarketing.tag.model.TagInode>
  <com.dotmarketing.tag.model.TagInode>
    <inode>87ffc0d4-c3c0-45bd-8930-8fb98493a766</inode>
    <tagId>ab344fa0-c909-4b3c-aa8c-6bacd4f770fa</tagId>
    <fieldVarName>tags</fieldVarName>
    <modDate class="sql-timestamp">2019-09-06 23:19:48.256</modDate>
  </com.dotmarketing.tag.model.TagInode>
  <com.dotmarketing.tag.model.TagInode>
    <inode>8ba935b7-f681-4aca-b552-24332cae622f</inode>
    <tagId>afba7a15-3378-4a0d-a411-b91b8f35f498</tagId>
    <fieldVarName>tags</fieldVarName>
    <modDate class="sql-timestamp">2019-10-22 20:09:40.879</modDate>
  </com.dotmarketing.tag.model.TagInode>
  <com.dotmarketing.tag.model.TagInode>
    <inode>93c7ab09-8cd9-4a5f-b917-37c075c552ad</inode>
    <tagId>4dfa7e15-c397-41f0-b36c-10cbc367f591</tagId>
    <fieldVarName>tags</fieldVarName>
    <modDate class="sql-timestamp">2016-02-18 17:17:36.55</modDate>
  </com.dotmarketing.tag.model.TagInode>
  <com.dotmarketing.tag.model.TagInode>
    <inode>97dd86db-fd9f-4b39-bbc9-8f5d257444c0</inode>
    <tagId>4dfa7e15-c397-41f0-b36c-10cbc367f591</tagId>
    <fieldVarName>tags</fieldVarName>
    <modDate class="sql-timestamp">2016-02-18 17:17:36.077</modDate>
  </com.dotmarketing.tag.model.TagInode>
  <com.dotmarketing.tag.model.TagInode>
    <inode>a0bf15bf-a285-4fe0-8284-cbded952aecb</inode>
    <tagId>ab344fa0-c909-4b3c-aa8c-6bacd4f770fa</tagId>
    <fieldVarName>tags</fieldVarName>
    <modDate class="sql-timestamp">2019-09-10 16:56:37.445</modDate>
  </com.dotmarketing.tag.model.TagInode>
  <com.dotmarketing.tag.model.TagInode>
    <inode>a14c32d2-64f4-498e-bba7-cb0ad30cce94</inode>
    <tagId>4dfa7e15-c397-41f0-b36c-10cbc367f591</tagId>
    <fieldVarName>tags</fieldVarName>
    <modDate class="sql-timestamp">2016-02-18 17:17:36.594</modDate>
  </com.dotmarketing.tag.model.TagInode>
  <com.dotmarketing.tag.model.TagInode>
    <inode>a4021587-196c-4d0f-a058-eae7310f2187</inode>
    <tagId>afba7a15-3378-4a0d-a411-b91b8f35f498</tagId>
    <fieldVarName>tags</fieldVarName>
    <modDate class="sql-timestamp">2019-10-18 21:21:28.358</modDate>
  </com.dotmarketing.tag.model.TagInode>
  <com.dotmarketing.tag.model.TagInode>
    <inode>a7462a9a-bb59-4732-a59b-64a1b11316ab</inode>
    <tagId>4dfa7e15-c397-41f0-b36c-10cbc367f591</tagId>
    <fieldVarName>tags</fieldVarName>
    <modDate class="sql-timestamp">2016-02-18 17:17:36.565</modDate>
  </com.dotmarketing.tag.model.TagInode>
  <com.dotmarketing.tag.model.TagInode>
    <inode>aabecf51-74f1-4a67-85ee-91211fb9a0e1</inode>
    <tagId>afba7a15-3378-4a0d-a411-b91b8f35f498</tagId>
    <fieldVarName>tags</fieldVarName>
    <modDate class="sql-timestamp">2019-10-18 21:26:09.488</modDate>
  </com.dotmarketing.tag.model.TagInode>
  <com.dotmarketing.tag.model.TagInode>
    <inode>acea345b-015f-4de8-8000-9fc94aed05a4</inode>
    <tagId>4dfa7e15-c397-41f0-b36c-10cbc367f591</tagId>
    <fieldVarName>tags</fieldVarName>
    <modDate class="sql-timestamp">2016-02-18 17:17:36.573</modDate>
  </com.dotmarketing.tag.model.TagInode>
  <com.dotmarketing.tag.model.TagInode>
    <inode>b4041a12-e084-4adc-8dfa-e95ffa35ef28</inode>
    <tagId>4dfa7e15-c397-41f0-b36c-10cbc367f591</tagId>
    <fieldVarName>tags</fieldVarName>
    <modDate class="sql-timestamp">2016-02-18 17:17:36.131</modDate>
  </com.dotmarketing.tag.model.TagInode>
  <com.dotmarketing.tag.model.TagInode>
    <inode>b82852b6-1b26-46fb-9ad3-46eb57b3f4d0</inode>
    <tagId>ab344fa0-c909-4b3c-aa8c-6bacd4f770fa</tagId>
    <fieldVarName>tags</fieldVarName>
    <modDate class="sql-timestamp">2019-10-02 18:29:24.281</modDate>
  </com.dotmarketing.tag.model.TagInode>
  <com.dotmarketing.tag.model.TagInode>
    <inode>c3c6b62d-552b-49f8-85c2-ed02e3ab196e</inode>
    <tagId>ab344fa0-c909-4b3c-aa8c-6bacd4f770fa</tagId>
    <fieldVarName>tags</fieldVarName>
    <modDate class="sql-timestamp">2019-09-11 17:19:28.188</modDate>
  </com.dotmarketing.tag.model.TagInode>
  <com.dotmarketing.tag.model.TagInode>
    <inode>cfd589bd-d202-4430-a4b0-aa33a8af68d2</inode>
    <tagId>4dfa7e15-c397-41f0-b36c-10cbc367f591</tagId>
    <fieldVarName>tags</fieldVarName>
    <modDate class="sql-timestamp">2016-02-18 17:17:36.532</modDate>
  </com.dotmarketing.tag.model.TagInode>
  <com.dotmarketing.tag.model.TagInode>
    <inode>e17f953c-1af8-4bab-9142-82af8f852da5</inode>
    <tagId>23dcbb8c-54ce-468a-b286-3e5b2047fc4f</tagId>
    <fieldVarName>tags</fieldVarName>
    <modDate class="sql-timestamp">2019-09-11 18:08:32.797</modDate>
  </com.dotmarketing.tag.model.TagInode>
  <com.dotmarketing.tag.model.TagInode>
    <inode>e79a65df-3c02-482c-bd76-3958bfe0f591</inode>
    <tagId>afba7a15-3378-4a0d-a411-b91b8f35f498</tagId>
    <fieldVarName>tags</fieldVarName>
    <modDate class="sql-timestamp">2019-10-18 21:26:20.806</modDate>
  </com.dotmarketing.tag.model.TagInode>
  <com.dotmarketing.tag.model.TagInode>
    <inode>ead9303d-4c88-4a13-be24-2615a006fa32</inode>
    <tagId>ab344fa0-c909-4b3c-aa8c-6bacd4f770fa</tagId>
    <fieldVarName>tags</fieldVarName>
    <modDate class="sql-timestamp">2019-09-06 22:32:26.643</modDate>
  </com.dotmarketing.tag.model.TagInode>
  <com.dotmarketing.tag.model.TagInode>
    <inode>ec5c6e2f-4266-4ff8-adfc-22f76ba453b7</inode>
    <tagId>ab344fa0-c909-4b3c-aa8c-6bacd4f770fa</tagId>
    <fieldVarName>tags</fieldVarName>
    <modDate class="sql-timestamp">2019-09-19 22:08:27.816</modDate>
  </com.dotmarketing.tag.model.TagInode>
  <com.dotmarketing.tag.model.TagInode>
    <inode>ed320537-a91e-4624-b9bc-d63863c3b055</inode>
    <tagId>ab344fa0-c909-4b3c-aa8c-6bacd4f770fa</tagId>
    <fieldVarName>tags</fieldVarName>
    <modDate class="sql-timestamp">2019-10-18 17:39:40.252</modDate>
  </com.dotmarketing.tag.model.TagInode>
  <com.dotmarketing.tag.model.TagInode>
    <inode>efc0ba72-176f-4a89-8b40-5a6fedd2e971</inode>
    <tagId>ab344fa0-c909-4b3c-aa8c-6bacd4f770fa</tagId>
    <fieldVarName>tags</fieldVarName>
    <modDate class="sql-timestamp">2019-09-19 22:13:13.294</modDate>
  </com.dotmarketing.tag.model.TagInode>
  <com.dotmarketing.tag.model.TagInode>
    <inode>f17f02ca-397c-4911-949e-b02f143c366a</inode>
    <tagId>afba7a15-3378-4a0d-a411-b91b8f35f498</tagId>
    <fieldVarName>tags</fieldVarName>
    <modDate class="sql-timestamp">2019-10-22 20:30:29.167</modDate>
  </com.dotmarketing.tag.model.TagInode>
  <com.dotmarketing.tag.model.TagInode>
    <inode>f79a6391-b30f-47a4-8d35-abae06b192bd</inode>
    <tagId>4dfa7e15-c397-41f0-b36c-10cbc367f591</tagId>
    <fieldVarName>tags</fieldVarName>
    <modDate class="sql-timestamp">2016-02-18 17:17:36.552</modDate>
  </com.dotmarketing.tag.model.TagInode>
  <com.dotmarketing.tag.model.TagInode>
    <inode>fbba1531-46d8-4bac-9fca-603afa09cb0a</inode>
    <tagId>257e727b-f686-4952-8135-ca2dc353a978</tagId>
    <fieldVarName>tags</fieldVarName>
    <modDate class="sql-timestamp">2019-10-24 21:03:31.666</modDate>
  </com.dotmarketing.tag.model.TagInode>
  <com.dotmarketing.tag.model.TagInode>
    <inode>fbd56d05-bf75-427d-8a2f-d964398da3d8</inode>
    <tagId>ab344fa0-c909-4b3c-aa8c-6bacd4f770fa</tagId>
    <fieldVarName>tags</fieldVarName>
    <modDate class="sql-timestamp">2019-09-11 17:10:55.254</modDate>
  </com.dotmarketing.tag.model.TagInode>
  <com.dotmarketing.tag.model.TagInode>
    <inode>fdbedbfa-a6c0-4c7b-9009-32deb585c28a</inode>
    <tagId>257e727b-f686-4952-8135-ca2dc353a978</tagId>
    <fieldVarName>tags</fieldVarName>
    <modDate class="sql-timestamp">2019-10-24 20:23:27.073</modDate>
  </com.dotmarketing.tag.model.TagInode>
  <com.dotmarketing.tag.model.TagInode>
    <inode>fec1d734-fffb-41fb-b039-e616b0335440</inode>
    <tagId>4dfa7e15-c397-41f0-b36c-10cbc367f591</tagId>
    <fieldVarName>tags</fieldVarName>
    <modDate class="sql-timestamp">2016-02-18 17:17:36.618</modDate>
  </com.dotmarketing.tag.model.TagInode>
</list>