<list>
  <com.dotmarketing.business.Layout>
    <id>0c032208-7514-457e-a9e8-26b9e368db64</id>
    <name>Publishing</name>
    <description>cloud_upload</description>
    <tabOrder>5</tabOrder>
  </com.dotmarketing.business.Layout>
  <com.dotmarketing.business.Layout>
    <id>1a87b81c-e7ec-4e5b-9218-b55790353f09</id>
    <name>Control Panel</name>
    <description>settings_applications</description>
    <tabOrder>100</tabOrder>
  </com.dotmarketing.business.Layout>
  <com.dotmarketing.business.Layout>
    <id>34885ddb-3537-4a79-a02c-0550c5087d5c</id>
    <name>Dashboard</name>
    <description>dashboard</description>
    <tabOrder>0</tabOrder>
  </com.dotmarketing.business.Layout>
  <com.dotmarketing.business.Layout>
    <id>56fedb43-dbbf-4ce2-8b77-41fb73bad015</id>
    <name>Content Model</name>
    <description>event_note</description>
    <tabOrder>6</tabOrder>
  </com.dotmarketing.business.Layout>
  <com.dotmarketing.business.Layout>
    <id>57640f2f-3162-4a4b-8418-72ecc898d982</id>
    <name>CMS Admin</name>
    <description>Permissions &amp; Maintenance</description>
    <tabOrder>0</tabOrder>
  </com.dotmarketing.business.Layout>
  <com.dotmarketing.business.Layout>
    <id>71b8a1ca-37b6-4b6e-a43b-c7482f28db6c</id>
    <name>Content</name>
    <description>format_align_left</description>
    <tabOrder>2</tabOrder>
  </com.dotmarketing.business.Layout>
  <com.dotmarketing.business.Layout>
    <id>89594b95-1354-4a63-8867-c922880107df</id>
    <name>Marketing</name>
    <description>filter_center_focus</description>
    <tabOrder>4</tabOrder>
  </com.dotmarketing.business.Layout>
  <com.dotmarketing.business.Layout>
    <id>aa91172e-0fa6-482e-9a8b-1c202c7fca0e</id>
    <name>Dev Tools</name>
    <description>settings_ethernet</description>
    <tabOrder>7</tabOrder>
  </com.dotmarketing.business.Layout>
  <com.dotmarketing.business.Layout>
    <id>b7ab5d3c-5ee0-4195-a17e-8f5579d718dd</id>
    <name>Site</name>
    <description>account_tree</description>
    <tabOrder>1</tabOrder>
  </com.dotmarketing.business.Layout>
</list>