<list>
  <com.dotmarketing.beans.Identifier>
    <id>040d7fdf-fb31-4a92-867b-a67bccdfca29</id>
    <assetName>040d7fdf-fb31-4a92-867b-a67bccdfca29.template</assetName>
    <assetType>template</assetType>
    <parentPath>/</parentPath>
    <hostId>48190c8c-42c4-46af-8d1a-0cd5db894797</hostId>
  </com.dotmarketing.beans.Identifier>
  <com.dotmarketing.beans.Identifier>
    <id>052e6ccf-408c-43b7-a9d8-6a9505561ae2</id>
    <assetName>052e6ccf-408c-43b7-a9d8-6a9505561ae2.template</assetName>
    <assetType>template</assetType>
    <parentPath>/</parentPath>
    <hostId>48190c8c-42c4-46af-8d1a-0cd5db894797</hostId>
  </com.dotmarketing.beans.Identifier>
  <com.dotmarketing.beans.Identifier>
    <id>0b280c00-834f-4721-a48e-2f4df97607ea</id>
    <assetName>0b280c00-834f-4721-a48e-2f4df97607ea.template</assetName>
    <assetType>template</assetType>
    <parentPath>/</parentPath>
    <hostId>48190c8c-42c4-46af-8d1a-0cd5db894797</hostId>
  </com.dotmarketing.beans.Identifier>
  <com.dotmarketing.beans.Identifier>
    <id>0bbbb312-52f7-4993-8af1-a87a9ea5ef2b</id>
    <assetName>0bbbb312-52f7-4993-8af1-a87a9ea5ef2b.template</assetName>
    <assetType>template</assetType>
    <parentPath>/</parentPath>
    <hostId>48190c8c-42c4-46af-8d1a-0cd5db894797</hostId>
  </com.dotmarketing.beans.Identifier>
  <com.dotmarketing.beans.Identifier>
    <id>0c556e37-99e0-4458-a2cd-d42cc7a11045</id>
    <assetName>0c556e37-99e0-4458-a2cd-d42cc7a11045.template</assetName>
    <assetType>template</assetType>
    <parentPath>/</parentPath>
    <hostId>48190c8c-42c4-46af-8d1a-0cd5db894797</hostId>
  </com.dotmarketing.beans.Identifier>
  <com.dotmarketing.beans.Identifier>
    <id>0cb1654b-90e8-4ff5-b8c1-0dcc0508f6ef</id>
    <assetName>0cb1654b-90e8-4ff5-b8c1-0dcc0508f6ef.template</assetName>
    <assetType>template</assetType>
    <parentPath>/</parentPath>
    <hostId>48190c8c-42c4-46af-8d1a-0cd5db894797</hostId>
  </com.dotmarketing.beans.Identifier>
  <com.dotmarketing.beans.Identifier>
    <id>1344e901-59ce-4d2d-96ae-90adcf1a5092</id>
    <assetName>1344e901-59ce-4d2d-96ae-90adcf1a5092.template</assetName>
    <assetType>template</assetType>
    <parentPath>/</parentPath>
    <hostId>48190c8c-42c4-46af-8d1a-0cd5db894797</hostId>
  </com.dotmarketing.beans.Identifier>
  <com.dotmarketing.beans.Identifier>
    <id>17dfb289-ee8c-4e88-8cb4-ec036c999174</id>
    <assetName>17dfb289-ee8c-4e88-8cb4-ec036c999174.template</assetName>
    <assetType>template</assetType>
    <parentPath>/</parentPath>
    <hostId>48190c8c-42c4-46af-8d1a-0cd5db894797</hostId>
  </com.dotmarketing.beans.Identifier>
  <com.dotmarketing.beans.Identifier>
    <id>1f26789c-c4a9-4ceb-835b-cecdcead54ee</id>
    <assetName>1f26789c-c4a9-4ceb-835b-cecdcead54ee.template</assetName>
    <assetType>template</assetType>
    <parentPath>/</parentPath>
    <hostId>48190c8c-42c4-46af-8d1a-0cd5db894797</hostId>
  </com.dotmarketing.beans.Identifier>
  <com.dotmarketing.beans.Identifier>
    <id>22236f46-f887-4c57-ae80-6a929e7bc4c1</id>
    <assetName>22236f46-f887-4c57-ae80-6a929e7bc4c1.template</assetName>
    <assetType>template</assetType>
    <parentPath>/</parentPath>
    <hostId>48190c8c-42c4-46af-8d1a-0cd5db894797</hostId>
  </com.dotmarketing.beans.Identifier>
  <com.dotmarketing.beans.Identifier>
    <id>2b457e67-9c94-4cb3-8d1b-422fbe4fd5a0</id>
    <assetName>2b457e67-9c94-4cb3-8d1b-422fbe4fd5a0.template</assetName>
    <assetType>template</assetType>
    <parentPath>/</parentPath>
    <hostId>48190c8c-42c4-46af-8d1a-0cd5db894797</hostId>
  </com.dotmarketing.beans.Identifier>
  <com.dotmarketing.beans.Identifier>
    <id>2c69bb81-0f25-4a05-8d10-918b5b40a24b</id>
    <assetName>2c69bb81-0f25-4a05-8d10-918b5b40a24b.template</assetName>
    <assetType>template</assetType>
    <parentPath>/</parentPath>
    <hostId>48190c8c-42c4-46af-8d1a-0cd5db894797</hostId>
  </com.dotmarketing.beans.Identifier>
  <com.dotmarketing.beans.Identifier>
    <id>2d0683c7-a8ad-406d-a4d5-ec47899a902b</id>
    <assetName>2d0683c7-a8ad-406d-a4d5-ec47899a902b.template</assetName>
    <assetType>template</assetType>
    <parentPath>/</parentPath>
    <hostId>48190c8c-42c4-46af-8d1a-0cd5db894797</hostId>
  </com.dotmarketing.beans.Identifier>
  <com.dotmarketing.beans.Identifier>
    <id>2d0fcd52-e3ca-4f33-91e8-baff8db7b88e</id>
    <assetName>2d0fcd52-e3ca-4f33-91e8-baff8db7b88e.template</assetName>
    <assetType>template</assetType>
    <parentPath>/</parentPath>
    <hostId>48190c8c-42c4-46af-8d1a-0cd5db894797</hostId>
  </com.dotmarketing.beans.Identifier>
  <com.dotmarketing.beans.Identifier>
    <id>339be8a8-d6aa-4196-b20e-a0ebc5c82037</id>
    <assetName>339be8a8-d6aa-4196-b20e-a0ebc5c82037.template</assetName>
    <assetType>template</assetType>
    <parentPath>/</parentPath>
    <hostId>48190c8c-42c4-46af-8d1a-0cd5db894797</hostId>
  </com.dotmarketing.beans.Identifier>
  <com.dotmarketing.beans.Identifier>
    <id>35fe888d-1555-43ad-b155-080dd7d9b9cf</id>
    <assetName>35fe888d-1555-43ad-b155-080dd7d9b9cf.template</assetName>
    <assetType>template</assetType>
    <parentPath>/</parentPath>
    <hostId>48190c8c-42c4-46af-8d1a-0cd5db894797</hostId>
  </com.dotmarketing.beans.Identifier>
  <com.dotmarketing.beans.Identifier>
    <id>3826636b-cc3a-46b2-97c5-ce6bdb377fcb</id>
    <assetName>3826636b-cc3a-46b2-97c5-ce6bdb377fcb.template</assetName>
    <assetType>template</assetType>
    <parentPath>/</parentPath>
    <hostId>48190c8c-42c4-46af-8d1a-0cd5db894797</hostId>
  </com.dotmarketing.beans.Identifier>
  <com.dotmarketing.beans.Identifier>
    <id>38bba30b-47d1-4c9c-a6d3-63b6e30b529a</id>
    <assetName>38bba30b-47d1-4c9c-a6d3-63b6e30b529a.template</assetName>
    <assetType>template</assetType>
    <parentPath>/</parentPath>
    <hostId>48190c8c-42c4-46af-8d1a-0cd5db894797</hostId>
  </com.dotmarketing.beans.Identifier>
  <com.dotmarketing.beans.Identifier>
    <id>4341f0fd-a456-4d77-83da-a5cd7248624d</id>
    <assetName>4341f0fd-a456-4d77-83da-a5cd7248624d.template</assetName>
    <assetType>template</assetType>
    <parentPath>/</parentPath>
    <hostId>48190c8c-42c4-46af-8d1a-0cd5db894797</hostId>
  </com.dotmarketing.beans.Identifier>
  <com.dotmarketing.beans.Identifier>
    <id>46bf0614-73ac-48c5-a59f-fc5b883eabe3</id>
    <assetName>46bf0614-73ac-48c5-a59f-fc5b883eabe3.template</assetName>
    <assetType>template</assetType>
    <parentPath>/</parentPath>
    <hostId>48190c8c-42c4-46af-8d1a-0cd5db894797</hostId>
  </com.dotmarketing.beans.Identifier>
  <com.dotmarketing.beans.Identifier>
    <id>48190c8c-42c4-46af-8d1a-0cd5db894797</id>
    <assetName>48190c8c-42c4-46af-8d1a-0cd5db894797.content</assetName>
    <assetType>contentlet</assetType>
    <parentPath>/</parentPath>
    <hostId>SYSTEM_HOST</hostId>
  </com.dotmarketing.beans.Identifier>
  <com.dotmarketing.beans.Identifier>
    <id>4bb72d3b-e572-4910-8fc2-d725279adeb5</id>
    <assetName>4bb72d3b-e572-4910-8fc2-d725279adeb5.template</assetName>
    <assetType>template</assetType>
    <parentPath>/</parentPath>
    <hostId>48190c8c-42c4-46af-8d1a-0cd5db894797</hostId>
  </com.dotmarketing.beans.Identifier>
  <com.dotmarketing.beans.Identifier>
    <id>50042108-38ec-48ba-be91-7f4368c8630f</id>
    <assetName>50042108-38ec-48ba-be91-7f4368c8630f.template</assetName>
    <assetType>template</assetType>
    <parentPath>/</parentPath>
    <hostId>48190c8c-42c4-46af-8d1a-0cd5db894797</hostId>
  </com.dotmarketing.beans.Identifier>
  <com.dotmarketing.beans.Identifier>
    <id>5227bb4e-7b53-4777-af63-da789c40404d</id>
    <assetName>5227bb4e-7b53-4777-af63-da789c40404d.template</assetName>
    <assetType>template</assetType>
    <parentPath>/</parentPath>
    <hostId>48190c8c-42c4-46af-8d1a-0cd5db894797</hostId>
  </com.dotmarketing.beans.Identifier>
  <com.dotmarketing.beans.Identifier>
    <id>5389e6a5-ee91-4164-b6ad-cc4f695f1d84</id>
    <assetName>5389e6a5-ee91-4164-b6ad-cc4f695f1d84.template</assetName>
    <assetType>template</assetType>
    <parentPath>/</parentPath>
    <hostId>48190c8c-42c4-46af-8d1a-0cd5db894797</hostId>
  </com.dotmarketing.beans.Identifier>
  <com.dotmarketing.beans.Identifier>
    <id>53fd322d-7f6d-4796-ba88-3880a256f13c</id>
    <assetName>53fd322d-7f6d-4796-ba88-3880a256f13c.template</assetName>
    <assetType>template</assetType>
    <parentPath>/</parentPath>
    <hostId>48190c8c-42c4-46af-8d1a-0cd5db894797</hostId>
  </com.dotmarketing.beans.Identifier>
  <com.dotmarketing.beans.Identifier>
    <id>591cc010-2cf8-4da3-b75d-53dee0107062</id>
    <assetName>591cc010-2cf8-4da3-b75d-53dee0107062.template</assetName>
    <assetType>template</assetType>
    <parentPath>/</parentPath>
    <hostId>48190c8c-42c4-46af-8d1a-0cd5db894797</hostId>
  </com.dotmarketing.beans.Identifier>
  <com.dotmarketing.beans.Identifier>
    <id>593ef32c-2f01-4277-a6a9-2250fd5bb5fe</id>
    <assetName>593ef32c-2f01-4277-a6a9-2250fd5bb5fe.template</assetName>
    <assetType>template</assetType>
    <parentPath>/</parentPath>
    <hostId>48190c8c-42c4-46af-8d1a-0cd5db894797</hostId>
  </com.dotmarketing.beans.Identifier>
  <com.dotmarketing.beans.Identifier>
    <id>5a322949-aca5-4518-9920-fbd4de84a82d</id>
    <assetName>5a322949-aca5-4518-9920-fbd4de84a82d.template</assetName>
    <assetType>template</assetType>
    <parentPath>/</parentPath>
    <hostId>48190c8c-42c4-46af-8d1a-0cd5db894797</hostId>
  </com.dotmarketing.beans.Identifier>
  <com.dotmarketing.beans.Identifier>
    <id>5bf7da04-f79c-4a31-8eee-fddc2b157421</id>
    <assetName>5bf7da04-f79c-4a31-8eee-fddc2b157421.template</assetName>
    <assetType>template</assetType>
    <parentPath>/</parentPath>
    <hostId>48190c8c-42c4-46af-8d1a-0cd5db894797</hostId>
  </com.dotmarketing.beans.Identifier>
  <com.dotmarketing.beans.Identifier>
    <id>5d585f86-15ec-42a4-9a1a-87e57959cfbf</id>
    <assetName>5d585f86-15ec-42a4-9a1a-87e57959cfbf.template</assetName>
    <assetType>template</assetType>
    <parentPath>/</parentPath>
    <hostId>48190c8c-42c4-46af-8d1a-0cd5db894797</hostId>
  </com.dotmarketing.beans.Identifier>
  <com.dotmarketing.beans.Identifier>
    <id>5ff402db-77c2-499c-a7db-a62d31d86cc4</id>
    <assetName>5ff402db-77c2-499c-a7db-a62d31d86cc4.template</assetName>
    <assetType>template</assetType>
    <parentPath>/</parentPath>
    <hostId>48190c8c-42c4-46af-8d1a-0cd5db894797</hostId>
  </com.dotmarketing.beans.Identifier>
  <com.dotmarketing.beans.Identifier>
    <id>64269d16-2710-4919-88ec-3b09c89ea004</id>
    <assetName>64269d16-2710-4919-88ec-3b09c89ea004.template</assetName>
    <assetType>template</assetType>
    <parentPath>/</parentPath>
    <hostId>48190c8c-42c4-46af-8d1a-0cd5db894797</hostId>
  </com.dotmarketing.beans.Identifier>
  <com.dotmarketing.beans.Identifier>
    <id>6828d30e-b9ec-48c7-b96c-81ef01a0a3b1</id>
    <assetName>6828d30e-b9ec-48c7-b96c-81ef01a0a3b1.template</assetName>
    <assetType>template</assetType>
    <parentPath>/</parentPath>
    <hostId>48190c8c-42c4-46af-8d1a-0cd5db894797</hostId>
  </com.dotmarketing.beans.Identifier>
  <com.dotmarketing.beans.Identifier>
    <id>683ea6c2-5d33-4363-8061-c811b1381f25</id>
    <assetName>683ea6c2-5d33-4363-8061-c811b1381f25.template</assetName>
    <assetType>template</assetType>
    <parentPath>/</parentPath>
    <hostId>48190c8c-42c4-46af-8d1a-0cd5db894797</hostId>
  </com.dotmarketing.beans.Identifier>
  <com.dotmarketing.beans.Identifier>
    <id>69370958-2898-4d1e-96ad-ab14278ad961</id>
    <assetName>69370958-2898-4d1e-96ad-ab14278ad961.template</assetName>
    <assetType>template</assetType>
    <parentPath>/</parentPath>
    <hostId>48190c8c-42c4-46af-8d1a-0cd5db894797</hostId>
  </com.dotmarketing.beans.Identifier>
  <com.dotmarketing.beans.Identifier>
    <id>6ffd89b1-3484-4a17-b5b4-e96ecdc6b4f9</id>
    <assetName>6ffd89b1-3484-4a17-b5b4-e96ecdc6b4f9.template</assetName>
    <assetType>template</assetType>
    <parentPath>/</parentPath>
    <hostId>48190c8c-42c4-46af-8d1a-0cd5db894797</hostId>
  </com.dotmarketing.beans.Identifier>
  <com.dotmarketing.beans.Identifier>
    <id>76534a2a-04cd-4fd7-b891-0a1e61b1a859</id>
    <assetName>76534a2a-04cd-4fd7-b891-0a1e61b1a859.template</assetName>
    <assetType>template</assetType>
    <parentPath>/</parentPath>
    <hostId>48190c8c-42c4-46af-8d1a-0cd5db894797</hostId>
  </com.dotmarketing.beans.Identifier>
  <com.dotmarketing.beans.Identifier>
    <id>7ca937a7-a2b0-4da6-b8f7-a26dffda3827</id>
    <assetName>7ca937a7-a2b0-4da6-b8f7-a26dffda3827.template</assetName>
    <assetType>template</assetType>
    <parentPath>/</parentPath>
    <hostId>48190c8c-42c4-46af-8d1a-0cd5db894797</hostId>
  </com.dotmarketing.beans.Identifier>
  <com.dotmarketing.beans.Identifier>
    <id>8257a204-4cc2-48d6-b73f-189c34aedc2c</id>
    <assetName>8257a204-4cc2-48d6-b73f-189c34aedc2c.template</assetName>
    <assetType>template</assetType>
    <parentPath>/</parentPath>
    <hostId>48190c8c-42c4-46af-8d1a-0cd5db894797</hostId>
  </com.dotmarketing.beans.Identifier>
  <com.dotmarketing.beans.Identifier>
    <id>86a1e1fe-c026-49f7-91c9-3fb5a77e0172</id>
    <assetName>86a1e1fe-c026-49f7-91c9-3fb5a77e0172.template</assetName>
    <assetType>template</assetType>
    <parentPath>/</parentPath>
    <hostId>48190c8c-42c4-46af-8d1a-0cd5db894797</hostId>
  </com.dotmarketing.beans.Identifier>
  <com.dotmarketing.beans.Identifier>
    <id>9469fbf0-9fc2-451d-94d9-5fbfde5b5974</id>
    <assetName>9469fbf0-9fc2-451d-94d9-5fbfde5b5974.template</assetName>
    <assetType>template</assetType>
    <parentPath>/</parentPath>
    <hostId>48190c8c-42c4-46af-8d1a-0cd5db894797</hostId>
  </com.dotmarketing.beans.Identifier>
  <com.dotmarketing.beans.Identifier>
    <id>95e0af1d-bf6a-46ca-b0f7-665b23d00be3</id>
    <assetName>95e0af1d-bf6a-46ca-b0f7-665b23d00be3.template</assetName>
    <assetType>template</assetType>
    <parentPath>/</parentPath>
    <hostId>48190c8c-42c4-46af-8d1a-0cd5db894797</hostId>
  </com.dotmarketing.beans.Identifier>
  <com.dotmarketing.beans.Identifier>
    <id>965059bc-25b4-44b0-add8-b6fc5144be9d</id>
    <assetName>965059bc-25b4-44b0-add8-b6fc5144be9d.template</assetName>
    <assetType>template</assetType>
    <parentPath>/</parentPath>
    <hostId>48190c8c-42c4-46af-8d1a-0cd5db894797</hostId>
  </com.dotmarketing.beans.Identifier>
  <com.dotmarketing.beans.Identifier>
    <id>968b8147-92ba-458d-9fe1-941d9f7c0415</id>
    <assetName>968b8147-92ba-458d-9fe1-941d9f7c0415.template</assetName>
    <assetType>template</assetType>
    <parentPath>/</parentPath>
    <hostId>48190c8c-42c4-46af-8d1a-0cd5db894797</hostId>
  </com.dotmarketing.beans.Identifier>
  <com.dotmarketing.beans.Identifier>
    <id>96e19b30-4f82-4a40-82ed-e8640962be93</id>
    <assetName>96e19b30-4f82-4a40-82ed-e8640962be93.template</assetName>
    <assetType>template</assetType>
    <parentPath>/</parentPath>
    <hostId>48190c8c-42c4-46af-8d1a-0cd5db894797</hostId>
  </com.dotmarketing.beans.Identifier>
  <com.dotmarketing.beans.Identifier>
    <id>9ac7acb5-cef0-48fd-8cf4-963059442f2c</id>
    <assetName>9ac7acb5-cef0-48fd-8cf4-963059442f2c.template</assetName>
    <assetType>template</assetType>
    <parentPath>/</parentPath>
    <hostId>48190c8c-42c4-46af-8d1a-0cd5db894797</hostId>
  </com.dotmarketing.beans.Identifier>
  <com.dotmarketing.beans.Identifier>
    <id>9b9e7218-e086-4c61-991f-6ec22e7d7a82</id>
    <assetName>9b9e7218-e086-4c61-991f-6ec22e7d7a82.template</assetName>
    <assetType>template</assetType>
    <parentPath>/</parentPath>
    <hostId>48190c8c-42c4-46af-8d1a-0cd5db894797</hostId>
  </com.dotmarketing.beans.Identifier>
  <com.dotmarketing.beans.Identifier>
    <id>9ce3e0fd-7578-421b-8241-59f6ed3adbd8</id>
    <assetName>9ce3e0fd-7578-421b-8241-59f6ed3adbd8.template</assetName>
    <assetType>template</assetType>
    <parentPath>/</parentPath>
    <hostId>48190c8c-42c4-46af-8d1a-0cd5db894797</hostId>
  </com.dotmarketing.beans.Identifier>
  <com.dotmarketing.beans.Identifier>
    <id>SYSTEM_HOST</id>
    <assetName>system host</assetName>
    <assetType>contentlet</assetType>
    <parentPath>/</parentPath>
    <hostId>SYSTEM_HOST</hostId>
  </com.dotmarketing.beans.Identifier>
  <com.dotmarketing.beans.Identifier>
    <id>a55a982f-2b8f-4672-8a5a-f4560a42ec1d</id>
    <assetName>a55a982f-2b8f-4672-8a5a-f4560a42ec1d.template</assetName>
    <assetType>template</assetType>
    <parentPath>/</parentPath>
    <hostId>48190c8c-42c4-46af-8d1a-0cd5db894797</hostId>
  </com.dotmarketing.beans.Identifier>
  <com.dotmarketing.beans.Identifier>
    <id>a9d7d59a-8ff8-4ee3-84c0-e49f6312b185</id>
    <assetName>a9d7d59a-8ff8-4ee3-84c0-e49f6312b185.template</assetName>
    <assetType>template</assetType>
    <parentPath>/</parentPath>
    <hostId>48190c8c-42c4-46af-8d1a-0cd5db894797</hostId>
  </com.dotmarketing.beans.Identifier>
  <com.dotmarketing.beans.Identifier>
    <id>aed0ee71-a4b8-4afe-8a14-339f79ec5a6f</id>
    <assetName>aed0ee71-a4b8-4afe-8a14-339f79ec5a6f.template</assetName>
    <assetType>template</assetType>
    <parentPath>/</parentPath>
    <hostId>48190c8c-42c4-46af-8d1a-0cd5db894797</hostId>
  </com.dotmarketing.beans.Identifier>
  <com.dotmarketing.beans.Identifier>
    <id>b0457d83-b3aa-46d2-a6f8-cbc553780f33</id>
    <assetName>b0457d83-b3aa-46d2-a6f8-cbc553780f33.template</assetName>
    <assetType>template</assetType>
    <parentPath>/</parentPath>
    <hostId>48190c8c-42c4-46af-8d1a-0cd5db894797</hostId>
  </com.dotmarketing.beans.Identifier>
  <com.dotmarketing.beans.Identifier>
    <id>ba1002d7-d4db-4019-b242-8118054051a4</id>
    <assetName>ba1002d7-d4db-4019-b242-8118054051a4.template</assetName>
    <assetType>template</assetType>
    <parentPath>/</parentPath>
    <hostId>48190c8c-42c4-46af-8d1a-0cd5db894797</hostId>
  </com.dotmarketing.beans.Identifier>
  <com.dotmarketing.beans.Identifier>
    <id>bca97d30-14f3-418d-8827-a2799c5e9a0c</id>
    <assetName>bca97d30-14f3-418d-8827-a2799c5e9a0c.template</assetName>
    <assetType>template</assetType>
    <parentPath>/</parentPath>
    <hostId>48190c8c-42c4-46af-8d1a-0cd5db894797</hostId>
  </com.dotmarketing.beans.Identifier>
  <com.dotmarketing.beans.Identifier>
    <id>c2470fd2-9687-4041-ac58-784894171840</id>
    <assetName>c2470fd2-9687-4041-ac58-784894171840.template</assetName>
    <assetType>template</assetType>
    <parentPath>/</parentPath>
    <hostId>48190c8c-42c4-46af-8d1a-0cd5db894797</hostId>
  </com.dotmarketing.beans.Identifier>
  <com.dotmarketing.beans.Identifier>
    <id>c41cf5a6-3312-4e3b-b419-0f7d972f3305</id>
    <assetName>c41cf5a6-3312-4e3b-b419-0f7d972f3305.template</assetName>
    <assetType>template</assetType>
    <parentPath>/</parentPath>
    <hostId>48190c8c-42c4-46af-8d1a-0cd5db894797</hostId>
  </com.dotmarketing.beans.Identifier>
  <com.dotmarketing.beans.Identifier>
    <id>c4500d42-30da-413d-aca9-7b56f844a055</id>
    <assetName>c4500d42-30da-413d-aca9-7b56f844a055.template</assetName>
    <assetType>template</assetType>
    <parentPath>/</parentPath>
    <hostId>48190c8c-42c4-46af-8d1a-0cd5db894797</hostId>
  </com.dotmarketing.beans.Identifier>
  <com.dotmarketing.beans.Identifier>
    <id>cff6f9a9-d0f3-45c2-9370-dc0457c6bbf0</id>
    <assetName>cff6f9a9-d0f3-45c2-9370-dc0457c6bbf0.template</assetName>
    <assetType>template</assetType>
    <parentPath>/</parentPath>
    <hostId>48190c8c-42c4-46af-8d1a-0cd5db894797</hostId>
  </com.dotmarketing.beans.Identifier>
  <com.dotmarketing.beans.Identifier>
    <id>d03bcbfe-b67b-482c-ba1d-24fb5f6c5dc2</id>
    <assetName>d03bcbfe-b67b-482c-ba1d-24fb5f6c5dc2.template</assetName>
    <assetType>template</assetType>
    <parentPath>/</parentPath>
    <hostId>48190c8c-42c4-46af-8d1a-0cd5db894797</hostId>
  </com.dotmarketing.beans.Identifier>
  <com.dotmarketing.beans.Identifier>
    <id>d0d0aa0f-8aba-416c-8951-f3e8fe9f20cc</id>
    <assetName>d0d0aa0f-8aba-416c-8951-f3e8fe9f20cc.template</assetName>
    <assetType>template</assetType>
    <parentPath>/</parentPath>
    <hostId>48190c8c-42c4-46af-8d1a-0cd5db894797</hostId>
  </com.dotmarketing.beans.Identifier>
  <com.dotmarketing.beans.Identifier>
    <id>d1ec7b30-8e9e-4b3e-b075-9cd9557fee8b</id>
    <assetName>d1ec7b30-8e9e-4b3e-b075-9cd9557fee8b.template</assetName>
    <assetType>template</assetType>
    <parentPath>/</parentPath>
    <hostId>48190c8c-42c4-46af-8d1a-0cd5db894797</hostId>
  </com.dotmarketing.beans.Identifier>
  <com.dotmarketing.beans.Identifier>
    <id>dc557d44-d90e-4a3c-ba8f-4cc9ee164fda</id>
    <assetName>dc557d44-d90e-4a3c-ba8f-4cc9ee164fda.template</assetName>
    <assetType>template</assetType>
    <parentPath>/</parentPath>
    <hostId>48190c8c-42c4-46af-8d1a-0cd5db894797</hostId>
  </com.dotmarketing.beans.Identifier>
  <com.dotmarketing.beans.Identifier>
    <id>dee9deb8-6ed9-45d8-80d4-efc4614d2113</id>
    <assetName>dee9deb8-6ed9-45d8-80d4-efc4614d2113.template</assetName>
    <assetType>template</assetType>
    <parentPath>/</parentPath>
    <hostId>48190c8c-42c4-46af-8d1a-0cd5db894797</hostId>
  </com.dotmarketing.beans.Identifier>
  <com.dotmarketing.beans.Identifier>
    <id>e357b275-3cc8-455b-b7d7-0adaefb51040</id>
    <assetName>e357b275-3cc8-455b-b7d7-0adaefb51040.template</assetName>
    <assetType>template</assetType>
    <parentPath>/</parentPath>
    <hostId>48190c8c-42c4-46af-8d1a-0cd5db894797</hostId>
  </com.dotmarketing.beans.Identifier>
  <com.dotmarketing.beans.Identifier>
    <id>ea37dc2f-328b-452f-b05b-265a8a48382d</id>
    <assetName>ea37dc2f-328b-452f-b05b-265a8a48382d.template</assetName>
    <assetType>template</assetType>
    <parentPath>/</parentPath>
    <hostId>48190c8c-42c4-46af-8d1a-0cd5db894797</hostId>
  </com.dotmarketing.beans.Identifier>
  <com.dotmarketing.beans.Identifier>
    <id>ea887e3a-1e9d-47cf-995a-ce060ae1fc4e</id>
    <assetName>ea887e3a-1e9d-47cf-995a-ce060ae1fc4e.template</assetName>
    <assetType>template</assetType>
    <parentPath>/</parentPath>
    <hostId>48190c8c-42c4-46af-8d1a-0cd5db894797</hostId>
  </com.dotmarketing.beans.Identifier>
  <com.dotmarketing.beans.Identifier>
    <id>ed39ed50-0118-4ac2-b047-a8c0960dbd48</id>
    <assetName>ed39ed50-0118-4ac2-b047-a8c0960dbd48.template</assetName>
    <assetType>template</assetType>
    <parentPath>/</parentPath>
    <hostId>48190c8c-42c4-46af-8d1a-0cd5db894797</hostId>
  </com.dotmarketing.beans.Identifier>
  <com.dotmarketing.beans.Identifier>
    <id>f58cf618-df78-481c-b2ce-450bac89273a</id>
    <assetName>f58cf618-df78-481c-b2ce-450bac89273a.template</assetName>
    <assetType>template</assetType>
    <parentPath>/</parentPath>
    <hostId>48190c8c-42c4-46af-8d1a-0cd5db894797</hostId>
  </com.dotmarketing.beans.Identifier>
  <com.dotmarketing.beans.Identifier>
    <id>f58f3fd8-7808-4074-b520-8edb531521e2</id>
    <assetName>f58f3fd8-7808-4074-b520-8edb531521e2.template</assetName>
    <assetType>template</assetType>
    <parentPath>/</parentPath>
    <hostId>48190c8c-42c4-46af-8d1a-0cd5db894797</hostId>
  </com.dotmarketing.beans.Identifier>
  <com.dotmarketing.beans.Identifier>
    <id>fdc739f6-fe53-4271-9c8c-a3e05d12fcac</id>
    <assetName>fdc739f6-fe53-4271-9c8c-a3e05d12fcac.template</assetName>
    <assetType>template</assetType>
    <parentPath>/</parentPath>
    <hostId>48190c8c-42c4-46af-8d1a-0cd5db894797</hostId>
  </com.dotmarketing.beans.Identifier>
  <com.dotmarketing.beans.Identifier>
    <id>bc9a1d37-dd2d-4d49-a29d-0c9be740bfaf</id>
    <assetName>system folder</assetName>
    <assetType>folder</assetType>
    <parentPath>/System folder</parentPath>
    <hostId>SYSTEM_HOST</hostId>
  </com.dotmarketing.beans.Identifier>
</list>