<list>
  <com.dotmarketing.portlets.dashboard.model.DashboardWorkStream>
    <id>2</id>
    <inode>d6a285b5-2062-4d2a-ab57-ba3966d725b4</inode>
    <assetType>file_asset</assetType>
    <hostId>a6e85e66-d2c0-4ccf-8d75-24af30780382</hostId>
    <action>Published</action>
    <name>Form Success</name>
    <modUserId>system</modUserId>
    <modDate class="sql-timestamp">2018-03-05 15:10:53.485</modDate>
  </com.dotmarketing.portlets.dashboard.model.DashboardWorkStream>
  <com.dotmarketing.portlets.dashboard.model.DashboardWorkStream>
    <id>3</id>
    <inode>32380acb-a02b-4922-89b8-d680e5843632</inode>
    <assetType>file_asset</assetType>
    <hostId>a6e85e66-d2c0-4ccf-8d75-24af30780382</hostId>
    <action>Published</action>
    <name>Forgot Password</name>
    <modUserId>system</modUserId>
    <modDate class="sql-timestamp">2018-03-05 15:10:53.574</modDate>
  </com.dotmarketing.portlets.dashboard.model.DashboardWorkStream>
  <com.dotmarketing.portlets.dashboard.model.DashboardWorkStream>
    <id>4</id>
    <inode>776ac303-0943-4598-8e1f-bb97e76df6c0</inode>
    <assetType>file_asset</assetType>
    <hostId>a6e85e66-d2c0-4ccf-8d75-24af30780382</hostId>
    <action>Published</action>
    <name>Let Quest&apos;s Financial Advisors help</name>
    <modUserId>system</modUserId>
    <modDate class="sql-timestamp">2018-03-05 15:10:53.664</modDate>
  </com.dotmarketing.portlets.dashboard.model.DashboardWorkStream>
  <com.dotmarketing.portlets.dashboard.model.DashboardWorkStream>
    <id>5</id>
    <inode>25a2a9b4-6a97-4c72-9713-5d8ea7a14b59</inode>
    <assetType>file_asset</assetType>
    <hostId>a6e85e66-d2c0-4ccf-8d75-24af30780382</hostId>
    <action>Published</action>
    <name>News Details with Angular Comments Component</name>
    <modUserId>system</modUserId>
    <modDate class="sql-timestamp">2018-03-05 15:10:53.825</modDate>
  </com.dotmarketing.portlets.dashboard.model.DashboardWorkStream>
  <com.dotmarketing.portlets.dashboard.model.DashboardWorkStream>
    <id>6</id>
    <inode>da8e099c-1188-4fa0-bd80-0c5c9cb5fe5d</inode>
    <assetType>file_asset</assetType>
    <hostId>a6e85e66-d2c0-4ccf-8d75-24af30780382</hostId>
    <action>Published</action>
    <name>Our Team</name>
    <modUserId>system</modUserId>
    <modDate class="sql-timestamp">2018-03-05 15:10:53.925</modDate>
  </com.dotmarketing.portlets.dashboard.model.DashboardWorkStream>
  <com.dotmarketing.portlets.dashboard.model.DashboardWorkStream>
    <id>7</id>
    <inode>d6121323-a504-451f-b06d-d7ef8caafbce</inode>
    <assetType>file_asset</assetType>
    <hostId>a6e85e66-d2c0-4ccf-8d75-24af30780382</hostId>
    <action>Published</action>
    <name>Investor News</name>
    <modUserId>system</modUserId>
    <modDate class="sql-timestamp">2018-03-05 15:10:54.041</modDate>
  </com.dotmarketing.portlets.dashboard.model.DashboardWorkStream>
  <com.dotmarketing.portlets.dashboard.model.DashboardWorkStream>
    <id>8</id>
    <inode>cee5335a-aec4-4fb5-98d4-3a5fc9b2f046</inode>
    <assetType>file_asset</assetType>
    <hostId>a6e85e66-d2c0-4ccf-8d75-24af30780382</hostId>
    <action>Published</action>
    <name>News</name>
    <modUserId>system</modUserId>
    <modDate class="sql-timestamp">2018-03-05 15:10:54.123</modDate>
  </com.dotmarketing.portlets.dashboard.model.DashboardWorkStream>
  <com.dotmarketing.portlets.dashboard.model.DashboardWorkStream>
    <id>9</id>
    <inode>951a59da-f1a1-48ba-97cd-0ee8a64dff51</inode>
    <assetType>file_asset</assetType>
    <hostId>a6e85e66-d2c0-4ccf-8d75-24af30780382</hostId>
    <action>Published</action>
    <name>Retirees</name>
    <modUserId>system</modUserId>
    <modDate class="sql-timestamp">2018-03-05 15:10:54.196</modDate>
  </com.dotmarketing.portlets.dashboard.model.DashboardWorkStream>
  <com.dotmarketing.portlets.dashboard.model.DashboardWorkStream>
    <id>10</id>
    <inode>435c9094-d83d-4a3c-a3c3-324636a7590b</inode>
    <assetType>file_asset</assetType>
    <hostId>a6e85e66-d2c0-4ccf-8d75-24af30780382</hostId>
    <action>Published</action>
    <name>TargetQuest</name>
    <modUserId>system</modUserId>
    <modDate class="sql-timestamp">2018-03-05 15:10:54.286</modDate>
  </com.dotmarketing.portlets.dashboard.model.DashboardWorkStream>
  <com.dotmarketing.portlets.dashboard.model.DashboardWorkStream>
    <id>11</id>
    <inode>1268a406-4ac5-4de0-b183-8033124dfe56</inode>
    <assetType>file_asset</assetType>
    <hostId>a6e85e66-d2c0-4ccf-8d75-24af30780382</hostId>
    <action>Published</action>
    <name>For Everyone Else</name>
    <modUserId>system</modUserId>
    <modDate class="sql-timestamp">2018-03-05 15:10:54.394</modDate>
  </com.dotmarketing.portlets.dashboard.model.DashboardWorkStream>
  <com.dotmarketing.portlets.dashboard.model.DashboardWorkStream>
    <id>12</id>
    <inode>7def321f-a56b-4967-8d95-dadbaae49291</inode>
    <assetType>file_asset</assetType>
    <hostId>a6e85e66-d2c0-4ccf-8d75-24af30780382</hostId>
    <action>Published</action>
    <name>Products</name>
    <modUserId>system</modUserId>
    <modDate class="sql-timestamp">2018-03-05 15:10:54.469</modDate>
  </com.dotmarketing.portlets.dashboard.model.DashboardWorkStream>
  <com.dotmarketing.portlets.dashboard.model.DashboardWorkStream>
    <id>13</id>
    <inode>7b6a67ff-12e8-4faf-b418-d0622a4e653c</inode>
    <assetType>file_asset</assetType>
    <hostId>a6e85e66-d2c0-4ccf-8d75-24af30780382</hostId>
    <action>Published</action>
    <name>Location Detail</name>
    <modUserId>system</modUserId>
    <modDate class="sql-timestamp">2018-03-05 15:10:54.538</modDate>
  </com.dotmarketing.portlets.dashboard.model.DashboardWorkStream>
  <com.dotmarketing.portlets.dashboard.model.DashboardWorkStream>
    <id>14</id>
    <inode>f16a1a01-51bd-4505-b187-c38a990a657d</inode>
    <assetType>file_asset</assetType>
    <hostId>a6e85e66-d2c0-4ccf-8d75-24af30780382</hostId>
    <action>Published</action>
    <name>Wealth Management Home</name>
    <modUserId>system</modUserId>
    <modDate class="sql-timestamp">2018-03-05 15:10:54.599</modDate>
  </com.dotmarketing.portlets.dashboard.model.DashboardWorkStream>
  <com.dotmarketing.portlets.dashboard.model.DashboardWorkStream>
    <id>15</id>
    <inode>fc7534d6-0e0f-416a-8239-24b41a3023fa</inode>
    <assetType>file_asset</assetType>
    <hostId>a6e85e66-d2c0-4ccf-8d75-24af30780382</hostId>
    <action>Published</action>
    <name>Reset Password Email Sent</name>
    <modUserId>system</modUserId>
    <modDate class="sql-timestamp">2018-03-05 15:10:54.654</modDate>
  </com.dotmarketing.portlets.dashboard.model.DashboardWorkStream>
  <com.dotmarketing.portlets.dashboard.model.DashboardWorkStream>
    <id>16</id>
    <inode>c62a9e08-39eb-427f-97a0-f7423ecd7add</inode>
    <assetType>file_asset</assetType>
    <hostId>a6e85e66-d2c0-4ccf-8d75-24af30780382</hostId>
    <action>Published</action>
    <name>Videos</name>
    <modUserId>system</modUserId>
    <modDate class="sql-timestamp">2018-03-05 15:10:54.721</modDate>
  </com.dotmarketing.portlets.dashboard.model.DashboardWorkStream>
  <com.dotmarketing.portlets.dashboard.model.DashboardWorkStream>
    <id>17</id>
    <inode>8e595cd8-530a-49dc-9aeb-c083662f555b</inode>
    <assetType>file_asset</assetType>
    <hostId>a6e85e66-d2c0-4ccf-8d75-24af30780382</hostId>
    <action>Published</action>
    <name>404 Error</name>
    <modUserId>system</modUserId>
    <modDate class="sql-timestamp">2018-03-05 15:10:54.777</modDate>
  </com.dotmarketing.portlets.dashboard.model.DashboardWorkStream>
  <com.dotmarketing.portlets.dashboard.model.DashboardWorkStream>
    <id>18</id>
    <inode>2377f408-52c0-4930-a831-a440a5eb4aeb</inode>
    <assetType>file_asset</assetType>
    <hostId>a6e85e66-d2c0-4ccf-8d75-24af30780382</hostId>
    <action>Published</action>
    <name>Create Account</name>
    <modUserId>system</modUserId>
    <modDate class="sql-timestamp">2018-03-05 15:10:54.856</modDate>
  </com.dotmarketing.portlets.dashboard.model.DashboardWorkStream>
  <com.dotmarketing.portlets.dashboard.model.DashboardWorkStream>
    <id>19</id>
    <inode>0c762640-d365-45ac-a73b-fe152c57418b</inode>
    <assetType>file_asset</assetType>
    <hostId>a6e85e66-d2c0-4ccf-8d75-24af30780382</hostId>
    <action>Published</action>
    <name>Locations</name>
    <modUserId>system</modUserId>
    <modDate class="sql-timestamp">2018-03-05 15:10:54.931</modDate>
  </com.dotmarketing.portlets.dashboard.model.DashboardWorkStream>
  <com.dotmarketing.portlets.dashboard.model.DashboardWorkStream>
    <id>20</id>
    <inode>4aeca538-e4e4-4e5a-9561-1c0ffa30ea57</inode>
    <assetType>file_asset</assetType>
    <hostId>a6e85e66-d2c0-4ccf-8d75-24af30780382</hostId>
    <action>Published</action>
    <name>News Details</name>
    <modUserId>system</modUserId>
    <modDate class="sql-timestamp">2018-03-05 15:10:54.998</modDate>
  </com.dotmarketing.portlets.dashboard.model.DashboardWorkStream>
  <com.dotmarketing.portlets.dashboard.model.DashboardWorkStream>
    <id>21</id>
    <inode>fac01161-9620-4722-87be-b47754b2e76a</inode>
    <assetType>file_asset</assetType>
    <hostId>a6e85e66-d2c0-4ccf-8d75-24af30780382</hostId>
    <action>Published</action>
    <name>Photos</name>
    <modUserId>system</modUserId>
    <modDate class="sql-timestamp">2018-03-05 15:10:55.071</modDate>
  </com.dotmarketing.portlets.dashboard.model.DashboardWorkStream>
  <com.dotmarketing.portlets.dashboard.model.DashboardWorkStream>
    <id>22</id>
    <inode>6074fd0e-8ade-45c8-a0ac-612eda25648c</inode>
    <assetType>file_asset</assetType>
    <hostId>a6e85e66-d2c0-4ccf-8d75-24af30780382</hostId>
    <action>Published</action>
    <name>helloworld</name>
    <modUserId>system</modUserId>
    <modDate class="sql-timestamp">2018-03-05 15:10:55.215</modDate>
  </com.dotmarketing.portlets.dashboard.model.DashboardWorkStream>
  <com.dotmarketing.portlets.dashboard.model.DashboardWorkStream>
    <id>23</id>
    <inode>895f1899-2ac8-4663-9e78-ac56ed6b91df</inode>
    <assetType>file_asset</assetType>
    <hostId>a6e85e66-d2c0-4ccf-8d75-24af30780382</hostId>
    <action>Published</action>
    <name>helloworld</name>
    <modUserId>system</modUserId>
    <modDate class="sql-timestamp">2018-03-05 15:10:55.142</modDate>
  </com.dotmarketing.portlets.dashboard.model.DashboardWorkStream>
  <com.dotmarketing.portlets.dashboard.model.DashboardWorkStream>
    <id>24</id>
    <inode>6074fd0e-8ade-45c8-a0ac-612eda25648c</inode>
    <assetType>file_asset</assetType>
    <hostId>a6e85e66-d2c0-4ccf-8d75-24af30780382</hostId>
    <action>Published</action>
    <name>helloworld</name>
    <modUserId>system</modUserId>
    <modDate class="sql-timestamp">2018-03-05 15:10:55.215</modDate>
  </com.dotmarketing.portlets.dashboard.model.DashboardWorkStream>
  <com.dotmarketing.portlets.dashboard.model.DashboardWorkStream>
    <id>25</id>
    <inode>895f1899-2ac8-4663-9e78-ac56ed6b91df</inode>
    <assetType>file_asset</assetType>
    <hostId>a6e85e66-d2c0-4ccf-8d75-24af30780382</hostId>
    <action>Published</action>
    <name>helloworld</name>
    <modUserId>system</modUserId>
    <modDate class="sql-timestamp">2018-03-05 15:10:55.142</modDate>
  </com.dotmarketing.portlets.dashboard.model.DashboardWorkStream>
  <com.dotmarketing.portlets.dashboard.model.DashboardWorkStream>
    <id>26</id>
    <inode>af8c198c-9cf5-46b3-94ce-9357d1e9310c</inode>
    <assetType>file_asset</assetType>
    <hostId>a6e85e66-d2c0-4ccf-8d75-24af30780382</hostId>
    <action>Published</action>
    <name>Challenge Question</name>
    <modUserId>system</modUserId>
    <modDate class="sql-timestamp">2018-03-05 15:10:55.289</modDate>
  </com.dotmarketing.portlets.dashboard.model.DashboardWorkStream>
  <com.dotmarketing.portlets.dashboard.model.DashboardWorkStream>
    <id>27</id>
    <inode>06527885-1fc5-4011-b5e5-ab897b6807e7</inode>
    <assetType>file_asset</assetType>
    <hostId>a6e85e66-d2c0-4ccf-8d75-24af30780382</hostId>
    <action>Published</action>
    <name>location-clickstream.html</name>
    <modUserId>system</modUserId>
    <modDate class="sql-timestamp">2018-03-05 15:10:55.373</modDate>
  </com.dotmarketing.portlets.dashboard.model.DashboardWorkStream>
  <com.dotmarketing.portlets.dashboard.model.DashboardWorkStream>
    <id>28</id>
    <inode>990a54f6-8ea7-44dd-9b95-1a43a04dfbf3</inode>
    <assetType>file_asset</assetType>
    <hostId>a6e85e66-d2c0-4ccf-8d75-24af30780382</hostId>
    <action>Published</action>
    <name>Products</name>
    <modUserId>system</modUserId>
    <modDate class="sql-timestamp">2018-03-05 15:10:55.462</modDate>
  </com.dotmarketing.portlets.dashboard.model.DashboardWorkStream>
  <com.dotmarketing.portlets.dashboard.model.DashboardWorkStream>
    <id>29</id>
    <inode>25fa0ad9-e16c-4bef-a150-8eb73c63520a</inode>
    <assetType>file_asset</assetType>
    <hostId>a6e85e66-d2c0-4ccf-8d75-24af30780382</hostId>
    <action>Published</action>
    <name>Bear Mountain</name>
    <modUserId>system</modUserId>
    <modDate class="sql-timestamp">2018-03-05 15:10:55.538</modDate>
  </com.dotmarketing.portlets.dashboard.model.DashboardWorkStream>
  <com.dotmarketing.portlets.dashboard.model.DashboardWorkStream>
    <id>30</id>
    <inode>b3e476a0-76bd-4373-ada8-79cd10e16ae2</inode>
    <assetType>file_asset</assetType>
    <hostId>a6e85e66-d2c0-4ccf-8d75-24af30780382</hostId>
    <action>Published</action>
    <name>Upload Document</name>
    <modUserId>system</modUserId>
    <modDate class="sql-timestamp">2018-03-05 15:10:55.605</modDate>
  </com.dotmarketing.portlets.dashboard.model.DashboardWorkStream>
  <com.dotmarketing.portlets.dashboard.model.DashboardWorkStream>
    <id>31</id>
    <inode>02c687c5-95eb-4beb-a7bc-320dd865429d</inode>
    <assetType>file_asset</assetType>
    <hostId>a6e85e66-d2c0-4ccf-8d75-24af30780382</hostId>
    <action>Published</action>
    <name>Home Page</name>
    <modUserId>system</modUserId>
    <modDate class="sql-timestamp">2018-03-05 15:10:55.695</modDate>
  </com.dotmarketing.portlets.dashboard.model.DashboardWorkStream>
  <com.dotmarketing.portlets.dashboard.model.DashboardWorkStream>
    <id>32</id>
    <inode>e68c1c6e-4eff-46ed-8a06-a42d43ef0e61</inode>
    <assetType>file_asset</assetType>
    <hostId>a6e85e66-d2c0-4ccf-8d75-24af30780382</hostId>
    <action>Published</action>
    <name>Home Page</name>
    <modUserId>system</modUserId>
    <modDate class="sql-timestamp">2018-03-05 15:10:55.656</modDate>
  </com.dotmarketing.portlets.dashboard.model.DashboardWorkStream>
  <com.dotmarketing.portlets.dashboard.model.DashboardWorkStream>
    <id>33</id>
    <inode>02c687c5-95eb-4beb-a7bc-320dd865429d</inode>
    <assetType>file_asset</assetType>
    <hostId>a6e85e66-d2c0-4ccf-8d75-24af30780382</hostId>
    <action>Published</action>
    <name>Home Page</name>
    <modUserId>system</modUserId>
    <modDate class="sql-timestamp">2018-03-05 15:10:55.695</modDate>
  </com.dotmarketing.portlets.dashboard.model.DashboardWorkStream>
  <com.dotmarketing.portlets.dashboard.model.DashboardWorkStream>
    <id>34</id>
    <inode>e68c1c6e-4eff-46ed-8a06-a42d43ef0e61</inode>
    <assetType>file_asset</assetType>
    <hostId>a6e85e66-d2c0-4ccf-8d75-24af30780382</hostId>
    <action>Published</action>
    <name>Home Page</name>
    <modUserId>system</modUserId>
    <modDate class="sql-timestamp">2018-03-05 15:10:55.656</modDate>
  </com.dotmarketing.portlets.dashboard.model.DashboardWorkStream>
  <com.dotmarketing.portlets.dashboard.model.DashboardWorkStream>
    <id>35</id>
    <inode>2bae5bd1-3da3-4c4c-b6c0-13c52f5dcbeb</inode>
    <assetType>file_asset</assetType>
    <hostId>a6e85e66-d2c0-4ccf-8d75-24af30780382</hostId>
    <action>Published</action>
    <name>Contact Us</name>
    <modUserId>system</modUserId>
    <modDate class="sql-timestamp">2018-03-05 15:10:55.757</modDate>
  </com.dotmarketing.portlets.dashboard.model.DashboardWorkStream>
  <com.dotmarketing.portlets.dashboard.model.DashboardWorkStream>
    <id>36</id>
    <inode>7b6aa234-6ef5-4c42-8388-f1d0c087f3fc</inode>
    <assetType>file_asset</assetType>
    <hostId>a6e85e66-d2c0-4ccf-8d75-24af30780382</hostId>
    <action>Published</action>
    <name>Login</name>
    <modUserId>system</modUserId>
    <modDate class="sql-timestamp">2018-03-05 15:10:55.828</modDate>
  </com.dotmarketing.portlets.dashboard.model.DashboardWorkStream>
  <com.dotmarketing.portlets.dashboard.model.DashboardWorkStream>
    <id>37</id>
    <inode>d21d7e0b-2b60-40b5-a21f-2b4644bfd7c7</inode>
    <assetType>file_asset</assetType>
    <hostId>a6e85e66-d2c0-4ccf-8d75-24af30780382</hostId>
    <action>Published</action>
    <name>Multi-Containers</name>
    <modUserId>system</modUserId>
    <modDate class="sql-timestamp">2018-03-05 15:10:55.898</modDate>
  </com.dotmarketing.portlets.dashboard.model.DashboardWorkStream>
  <com.dotmarketing.portlets.dashboard.model.DashboardWorkStream>
    <id>38</id>
    <inode>57575533-3f69-4c8e-82b6-5281331704ec</inode>
    <assetType>file_asset</assetType>
    <hostId>a6e85e66-d2c0-4ccf-8d75-24af30780382</hostId>
    <action>Published</action>
    <name>REST Content Save</name>
    <modUserId>system</modUserId>
    <modDate class="sql-timestamp">2018-03-05 15:10:55.97</modDate>
  </com.dotmarketing.portlets.dashboard.model.DashboardWorkStream>
  <com.dotmarketing.portlets.dashboard.model.DashboardWorkStream>
    <id>39</id>
    <inode>7db2a52e-b750-462e-9ca0-b7fed7292fe3</inode>
    <assetType>file_asset</assetType>
    <hostId>a6e85e66-d2c0-4ccf-8d75-24af30780382</hostId>
    <action>Published</action>
    <name>For The 1%</name>
    <modUserId>system</modUserId>
    <modDate class="sql-timestamp">2018-03-05 15:10:56.04</modDate>
  </com.dotmarketing.portlets.dashboard.model.DashboardWorkStream>
  <com.dotmarketing.portlets.dashboard.model.DashboardWorkStream>
    <id>40</id>
    <inode>4ca7d104-7d6e-40b8-8421-ea8ddfcd43b0</inode>
    <assetType>file_asset</assetType>
    <hostId>a6e85e66-d2c0-4ccf-8d75-24af30780382</hostId>
    <action>Published</action>
    <name>Site Search</name>
    <modUserId>system</modUserId>
    <modDate class="sql-timestamp">2018-03-05 15:10:56.111</modDate>
  </com.dotmarketing.portlets.dashboard.model.DashboardWorkStream>
  <com.dotmarketing.portlets.dashboard.model.DashboardWorkStream>
    <id>41</id>
    <inode>f073d466-135e-42f3-93d6-95f3b46807cc</inode>
    <assetType>file_asset</assetType>
    <hostId>a6e85e66-d2c0-4ccf-8d75-24af30780382</hostId>
    <action>Published</action>
    <name>News RSS</name>
    <modUserId>system</modUserId>
    <modDate class="sql-timestamp">2018-03-05 15:10:56.164</modDate>
  </com.dotmarketing.portlets.dashboard.model.DashboardWorkStream>
  <com.dotmarketing.portlets.dashboard.model.DashboardWorkStream>
    <id>42</id>
    <inode>9cfac34e-cfc9-400d-b69a-6b15d8019b38</inode>
    <assetType>file_asset</assetType>
    <hostId>a6e85e66-d2c0-4ccf-8d75-24af30780382</hostId>
    <action>Published</action>
    <name>Home</name>
    <modUserId>system</modUserId>
    <modDate class="sql-timestamp">2018-03-05 15:10:56.224</modDate>
  </com.dotmarketing.portlets.dashboard.model.DashboardWorkStream>
  <com.dotmarketing.portlets.dashboard.model.DashboardWorkStream>
    <id>43</id>
    <inode>315e179b-65e2-4f6b-9891-3e5e53ee164e</inode>
    <assetType>file_asset</assetType>
    <hostId>a6e85e66-d2c0-4ccf-8d75-24af30780382</hostId>
    <action>Published</action>
    <name>Thank You</name>
    <modUserId>system</modUserId>
    <modDate class="sql-timestamp">2018-03-05 15:10:56.282</modDate>
  </com.dotmarketing.portlets.dashboard.model.DashboardWorkStream>
  <com.dotmarketing.portlets.dashboard.model.DashboardWorkStream>
    <id>44</id>
    <inode>83160aa4-3846-4044-84c6-9f1245059550</inode>
    <assetType>file_asset</assetType>
    <hostId>a6e85e66-d2c0-4ccf-8d75-24af30780382</hostId>
    <action>Published</action>
    <name>Reset Password</name>
    <modUserId>system</modUserId>
    <modDate class="sql-timestamp">2018-03-05 15:10:56.341</modDate>
  </com.dotmarketing.portlets.dashboard.model.DashboardWorkStream>
  <com.dotmarketing.portlets.dashboard.model.DashboardWorkStream>
    <id>45</id>
    <inode>2eaa2f96-7e28-44b2-986b-63c7b36a2ddc</inode>
    <assetType>file_asset</assetType>
    <hostId>a6e85e66-d2c0-4ccf-8d75-24af30780382</hostId>
    <action>Published</action>
    <name>Event Detail</name>
    <modUserId>system</modUserId>
    <modDate class="sql-timestamp">2018-03-05 15:10:56.424</modDate>
  </com.dotmarketing.portlets.dashboard.model.DashboardWorkStream>
  <com.dotmarketing.portlets.dashboard.model.DashboardWorkStream>
    <id>46</id>
    <inode>284d47e3-a5d3-42f7-8a6c-3e7cf151308c</inode>
    <assetType>file_asset</assetType>
    <hostId>a6e85e66-d2c0-4ccf-8d75-24af30780382</hostId>
    <action>Published</action>
    <name>Global Investors</name>
    <modUserId>system</modUserId>
    <modDate class="sql-timestamp">2018-03-05 15:10:56.505</modDate>
  </com.dotmarketing.portlets.dashboard.model.DashboardWorkStream>
  <com.dotmarketing.portlets.dashboard.model.DashboardWorkStream>
    <id>47</id>
    <inode>8e7d8cd4-36c7-4802-bebb-dc2885f90b13</inode>
    <assetType>file_asset</assetType>
    <hostId>a6e85e66-d2c0-4ccf-8d75-24af30780382</hostId>
    <action>Published</action>
    <name>Blogs</name>
    <modUserId>system</modUserId>
    <modDate class="sql-timestamp">2018-03-05 15:10:56.587</modDate>
  </com.dotmarketing.portlets.dashboard.model.DashboardWorkStream>
  <com.dotmarketing.portlets.dashboard.model.DashboardWorkStream>
    <id>48</id>
    <inode>867d9423-d0e1-4bae-b6a0-b4a6619099cf</inode>
    <assetType>file_asset</assetType>
    <hostId>a6e85e66-d2c0-4ccf-8d75-24af30780382</hostId>
    <action>Published</action>
    <name>Reset Password Confirmation</name>
    <modUserId>system</modUserId>
    <modDate class="sql-timestamp">2018-03-05 15:10:56.663</modDate>
  </com.dotmarketing.portlets.dashboard.model.DashboardWorkStream>
  <com.dotmarketing.portlets.dashboard.model.DashboardWorkStream>
    <id>49</id>
    <inode>72f763e5-1fe9-4e05-a9a1-d8bf8ec0136a</inode>
    <assetType>file_asset</assetType>
    <hostId>a6e85e66-d2c0-4ccf-8d75-24af30780382</hostId>
    <action>Published</action>
    <name>Remote Widget</name>
    <modUserId>system</modUserId>
    <modDate class="sql-timestamp">2018-03-05 15:10:56.73</modDate>
  </com.dotmarketing.portlets.dashboard.model.DashboardWorkStream>
  <com.dotmarketing.portlets.dashboard.model.DashboardWorkStream>
    <id>50</id>
    <inode>170d643f-5586-4084-bdca-39cbb7053931</inode>
    <assetType>file_asset</assetType>
    <hostId>a6e85e66-d2c0-4ccf-8d75-24af30780382</hostId>
    <action>Published</action>
    <name>Documents</name>
    <modUserId>system</modUserId>
    <modDate class="sql-timestamp">2018-03-05 15:10:56.792</modDate>
  </com.dotmarketing.portlets.dashboard.model.DashboardWorkStream>
  <com.dotmarketing.portlets.dashboard.model.DashboardWorkStream>
    <id>51</id>
    <inode>a83f35cb-f830-4c4c-9c1c-e66fcf6c7415</inode>
    <assetType>file_asset</assetType>
    <hostId>a6e85e66-d2c0-4ccf-8d75-24af30780382</hostId>
    <action>Published</action>
    <name>Mobile Apps</name>
    <modUserId>system</modUserId>
    <modDate class="sql-timestamp">2018-03-05 15:10:56.864</modDate>
  </com.dotmarketing.portlets.dashboard.model.DashboardWorkStream>
  <com.dotmarketing.portlets.dashboard.model.DashboardWorkStream>
    <id>52</id>
    <inode>1eb4d9ea-f309-4e06-8975-3ac60af0dbc1</inode>
    <assetType>file_asset</assetType>
    <hostId>a6e85e66-d2c0-4ccf-8d75-24af30780382</hostId>
    <action>Published</action>
    <name>Blog Detail</name>
    <modUserId>system</modUserId>
    <modDate class="sql-timestamp">2018-03-05 15:10:56.922</modDate>
  </com.dotmarketing.portlets.dashboard.model.DashboardWorkStream>
  <com.dotmarketing.portlets.dashboard.model.DashboardWorkStream>
    <id>53</id>
    <inode>343c5173-091b-4023-8191-22c785abb8ff</inode>
    <assetType>file_asset</assetType>
    <hostId>a6e85e66-d2c0-4ccf-8d75-24af30780382</hostId>
    <action>Published</action>
    <name>Content Geolocation</name>
    <modUserId>system</modUserId>
    <modDate class="sql-timestamp">2018-03-05 15:10:56.994</modDate>
  </com.dotmarketing.portlets.dashboard.model.DashboardWorkStream>
  <com.dotmarketing.portlets.dashboard.model.DashboardWorkStream>
    <id>54</id>
    <inode>5ae36bd1-e4dd-4894-809e-d463b5e53fcf</inode>
    <assetType>file_asset</assetType>
    <hostId>a6e85e66-d2c0-4ccf-8d75-24af30780382</hostId>
    <action>Published</action>
    <name>Document Detail</name>
    <modUserId>system</modUserId>
    <modDate class="sql-timestamp">2018-03-05 15:10:57.043</modDate>
  </com.dotmarketing.portlets.dashboard.model.DashboardWorkStream>
  <com.dotmarketing.portlets.dashboard.model.DashboardWorkStream>
    <id>55</id>
    <inode>dc851757-a856-49bc-afb9-a1c746d706f4</inode>
    <assetType>file_asset</assetType>
    <hostId>a6e85e66-d2c0-4ccf-8d75-24af30780382</hostId>
    <action>Published</action>
    <name>Events</name>
    <modUserId>system</modUserId>
    <modDate class="sql-timestamp">2018-03-05 15:10:57.09</modDate>
  </com.dotmarketing.portlets.dashboard.model.DashboardWorkStream>
  <com.dotmarketing.portlets.dashboard.model.DashboardWorkStream>
    <id>56</id>
    <inode>5a0486d5-4a85-4f2a-992e-5c58fc58eb76</inode>
    <assetType>file_asset</assetType>
    <hostId>a6e85e66-d2c0-4ccf-8d75-24af30780382</hostId>
    <action>Published</action>
    <name>rss</name>
    <modUserId>system</modUserId>
    <modDate class="sql-timestamp">2018-03-05 15:10:57.154</modDate>
  </com.dotmarketing.portlets.dashboard.model.DashboardWorkStream>
  <com.dotmarketing.portlets.dashboard.model.DashboardWorkStream>
    <id>57</id>
    <inode>7f485e8c-4bdd-4558-8000-829d93a7544c</inode>
    <assetType>file_asset</assetType>
    <hostId>a6e85e66-d2c0-4ccf-8d75-24af30780382</hostId>
    <action>Published</action>
    <name>Thank You</name>
    <modUserId>system</modUserId>
    <modDate class="sql-timestamp">2018-03-05 15:10:57.211</modDate>
  </com.dotmarketing.portlets.dashboard.model.DashboardWorkStream>
  <com.dotmarketing.portlets.dashboard.model.DashboardWorkStream>
    <id>58</id>
    <inode>e39fe98b-c50d-427c-936b-f81a6b42928c</inode>
    <assetType>file_asset</assetType>
    <hostId>a6e85e66-d2c0-4ccf-8d75-24af30780382</hostId>
    <action>Published</action>
    <name>Product Detail</name>
    <modUserId>system</modUserId>
    <modDate class="sql-timestamp">2018-03-05 15:10:57.265</modDate>
  </com.dotmarketing.portlets.dashboard.model.DashboardWorkStream>
  <com.dotmarketing.portlets.dashboard.model.DashboardWorkStream>
    <id>59</id>
    <inode>5c192cb2-6b58-4c10-bdb0-d651460af88c</inode>
    <assetType>file_asset</assetType>
    <hostId>a6e85e66-d2c0-4ccf-8d75-24af30780382</hostId>
    <action>Published</action>
    <name>News Detail</name>
    <modUserId>system</modUserId>
    <modDate class="sql-timestamp">2018-03-05 15:10:57.324</modDate>
  </com.dotmarketing.portlets.dashboard.model.DashboardWorkStream>
  <com.dotmarketing.portlets.dashboard.model.DashboardWorkStream>
    <id>60</id>
    <inode>3bc6683a-8b7d-41c6-8e7c-9767274b6f69</inode>
    <assetType>file_asset</assetType>
    <hostId>a6e85e66-d2c0-4ccf-8d75-24af30780382</hostId>
    <action>Published</action>
    <name>About Us</name>
    <modUserId>system</modUserId>
    <modDate class="sql-timestamp">2018-03-05 15:10:57.485</modDate>
  </com.dotmarketing.portlets.dashboard.model.DashboardWorkStream>
  <com.dotmarketing.portlets.dashboard.model.DashboardWorkStream>
    <id>61</id>
    <inode>87f4ef44-2e3f-468a-bea4-69e2cacef610</inode>
    <assetType>file_asset</assetType>
    <hostId>a6e85e66-d2c0-4ccf-8d75-24af30780382</hostId>
    <action>Published</action>
    <name>About Us</name>
    <modUserId>system</modUserId>
    <modDate class="sql-timestamp">2018-03-05 15:10:57.415</modDate>
  </com.dotmarketing.portlets.dashboard.model.DashboardWorkStream>
  <com.dotmarketing.portlets.dashboard.model.DashboardWorkStream>
    <id>62</id>
    <inode>112a4399-92e2-4a8b-aabb-ede6618a0701</inode>
    <assetType>file_asset</assetType>
    <hostId>a6e85e66-d2c0-4ccf-8d75-24af30780382</hostId>
    <action>Published</action>
    <name>First Time Investors</name>
    <modUserId>system</modUserId>
    <modDate class="sql-timestamp">2018-03-05 15:10:57.56</modDate>
  </com.dotmarketing.portlets.dashboard.model.DashboardWorkStream>
  <com.dotmarketing.portlets.dashboard.model.DashboardWorkStream>
    <id>63</id>
    <inode>4df0f9d8-f80e-4be8-b0ad-5ea5c615772e</inode>
    <assetType>template</assetType>
    <hostId>a6e85e66-d2c0-4ccf-8d75-24af30780382</hostId>
    <action>Published</action>
    <name>Intranet - 1 Column</name>
    <modUserId>system</modUserId>
    <modDate class="sql-timestamp">2018-03-05 15:10:51.519</modDate>
  </com.dotmarketing.portlets.dashboard.model.DashboardWorkStream>
  <com.dotmarketing.portlets.dashboard.model.DashboardWorkStream>
    <id>64</id>
    <inode>14821fe4-97b6-4f57-91f6-81364853e17d</inode>
    <assetType>template</assetType>
    <hostId>a6e85e66-d2c0-4ccf-8d75-24af30780382</hostId>
    <action>Published</action>
    <name>Bear Mountain - One Pager</name>
    <modUserId>system</modUserId>
    <modDate class="sql-timestamp">2018-03-05 15:10:51.573</modDate>
  </com.dotmarketing.portlets.dashboard.model.DashboardWorkStream>
  <com.dotmarketing.portlets.dashboard.model.DashboardWorkStream>
    <id>65</id>
    <inode>a8d42465-8441-4303-974c-2415d9097d0b</inode>
    <assetType>template</assetType>
    <hostId>a6e85e66-d2c0-4ccf-8d75-24af30780382</hostId>
    <action>Published</action>
    <name>Quest - Homepage</name>
    <modUserId>system</modUserId>
    <modDate class="sql-timestamp">2018-03-05 15:10:51.692</modDate>
  </com.dotmarketing.portlets.dashboard.model.DashboardWorkStream>
  <com.dotmarketing.portlets.dashboard.model.DashboardWorkStream>
    <id>66</id>
    <inode>3909313a-ef84-4783-aec0-4ce387caddaf</inode>
    <assetType>template</assetType>
    <hostId>a6e85e66-d2c0-4ccf-8d75-24af30780382</hostId>
    <action>Published</action>
    <name>Blank</name>
    <modUserId>system</modUserId>
    <modDate class="sql-timestamp">2018-03-05 15:10:51.73</modDate>
  </com.dotmarketing.portlets.dashboard.model.DashboardWorkStream>
  <com.dotmarketing.portlets.dashboard.model.DashboardWorkStream>
    <id>67</id>
    <inode>b1183bb9-bd8c-4162-842b-18a141ae23a0</inode>
    <assetType>template</assetType>
    <hostId>a6e85e66-d2c0-4ccf-8d75-24af30780382</hostId>
    <action>Published</action>
    <name>Quest - 2 Column (Right Bar)</name>
    <modUserId>system</modUserId>
    <modDate class="sql-timestamp">2018-03-05 15:10:51.757</modDate>
  </com.dotmarketing.portlets.dashboard.model.DashboardWorkStream>
  <com.dotmarketing.portlets.dashboard.model.DashboardWorkStream>
    <id>68</id>
    <inode>c2d61631-c777-40bf-98a9-107f2d1ca090</inode>
    <assetType>template</assetType>
    <hostId>a6e85e66-d2c0-4ccf-8d75-24af30780382</hostId>
    <action>Published</action>
    <name>Intranet - 2 Column</name>
    <modUserId>system</modUserId>
    <modDate class="sql-timestamp">2018-03-05 15:10:51.778</modDate>
  </com.dotmarketing.portlets.dashboard.model.DashboardWorkStream>
  <com.dotmarketing.portlets.dashboard.model.DashboardWorkStream>
    <id>69</id>
    <inode>d4e6cec6-e1e7-4995-af24-11631162535a</inode>
    <assetType>template</assetType>
    <hostId>a6e85e66-d2c0-4ccf-8d75-24af30780382</hostId>
    <action>Published</action>
    <name>Quest - 2 Column (Left Bar)</name>
    <modUserId>system</modUserId>
    <modDate class="sql-timestamp">2018-03-05 15:10:51.801</modDate>
  </com.dotmarketing.portlets.dashboard.model.DashboardWorkStream>
  <com.dotmarketing.portlets.dashboard.model.DashboardWorkStream>
    <id>70</id>
    <inode>833be7aa-36ab-4e04-9148-82aa654a757c</inode>
    <assetType>template</assetType>
    <hostId>a6e85e66-d2c0-4ccf-8d75-24af30780382</hostId>
    <action>Published</action>
    <name>Intranet - 3 Column</name>
    <modUserId>system</modUserId>
    <modDate class="sql-timestamp">2018-03-05 15:10:51.896</modDate>
  </com.dotmarketing.portlets.dashboard.model.DashboardWorkStream>
  <com.dotmarketing.portlets.dashboard.model.DashboardWorkStream>
    <id>71</id>
    <inode>157325cd-48e4-46ca-bb95-08758975da4c</inode>
    <assetType>template</assetType>
    <hostId>a6e85e66-d2c0-4ccf-8d75-24af30780382</hostId>
    <action>Published</action>
    <name>Intranet - Homepage</name>
    <modUserId>system</modUserId>
    <modDate class="sql-timestamp">2018-03-05 15:10:51.917</modDate>
  </com.dotmarketing.portlets.dashboard.model.DashboardWorkStream>
  <com.dotmarketing.portlets.dashboard.model.DashboardWorkStream>
    <id>72</id>
    <inode>26e95aa3-a474-441a-8ae8-9cfa3aa0acbf</inode>
    <assetType>template</assetType>
    <hostId>a6e85e66-d2c0-4ccf-8d75-24af30780382</hostId>
    <action>Published</action>
    <name>Quest - 3 Column</name>
    <modUserId>system</modUserId>
    <modDate class="sql-timestamp">2018-03-05 15:10:51.943</modDate>
  </com.dotmarketing.portlets.dashboard.model.DashboardWorkStream>
  <com.dotmarketing.portlets.dashboard.model.DashboardWorkStream>
    <id>73</id>
    <inode>20dba2e6-644c-402f-9c6e-e94b0c227c15</inode>
    <assetType>template</assetType>
    <hostId>a6e85e66-d2c0-4ccf-8d75-24af30780382</hostId>
    <action>Published</action>
    <name>Quest - 2 Column (w/ Side Nav)</name>
    <modUserId>system</modUserId>
    <modDate class="sql-timestamp">2018-03-05 15:10:51.993</modDate>
  </com.dotmarketing.portlets.dashboard.model.DashboardWorkStream>
  <com.dotmarketing.portlets.dashboard.model.DashboardWorkStream>
    <id>74</id>
    <inode>8f916a4a-cb43-441a-bbf3-1df76710054c</inode>
    <assetType>template</assetType>
    <hostId>a6e85e66-d2c0-4ccf-8d75-24af30780382</hostId>
    <action>Published</action>
    <name>Landing Page</name>
    <modUserId>system</modUserId>
    <modDate class="sql-timestamp">2018-03-05 15:10:52.013</modDate>
  </com.dotmarketing.portlets.dashboard.model.DashboardWorkStream>
  <com.dotmarketing.portlets.dashboard.model.DashboardWorkStream>
    <id>75</id>
    <inode>e6b938c4-ce24-4d56-9f9c-b109c99d0f2b</inode>
    <assetType>template</assetType>
    <hostId>a6e85e66-d2c0-4ccf-8d75-24af30780382</hostId>
    <action>Published</action>
    <name>Quest - 1 Column</name>
    <modUserId>system</modUserId>
    <modDate class="sql-timestamp">2018-03-05 15:10:52.049</modDate>
  </com.dotmarketing.portlets.dashboard.model.DashboardWorkStream>
  <com.dotmarketing.portlets.dashboard.model.DashboardWorkStream>
    <id>76</id>
    <inode>170c0195-c457-481c-8bd5-6f7761e507e3</inode>
    <assetType>template</assetType>
    <hostId>a6e85e66-d2c0-4ccf-8d75-24af30780382</hostId>
    <action>Saved</action>
    <name>anonymous_layout_1520261408317</name>
    <modUserId>system</modUserId>
    <modDate class="sql-timestamp">2018-03-05 15:10:52.075</modDate>
  </com.dotmarketing.portlets.dashboard.model.DashboardWorkStream>
  <com.dotmarketing.portlets.dashboard.model.DashboardWorkStream>
    <id>77</id>
    <inode>1262dc73-a2ff-4394-aea0-1dc0d6223ba4</inode>
    <assetType>container</assetType>
    <hostId>a6e85e66-d2c0-4ccf-8d75-24af30780382</hostId>
    <action>Published</action>
    <name>Default 2 (Page Content)</name>
    <modUserId>dotcms.org.1</modUserId>
    <modDate class="sql-timestamp">2018-03-05 15:10:51.425</modDate>
  </com.dotmarketing.portlets.dashboard.model.DashboardWorkStream>
  <com.dotmarketing.portlets.dashboard.model.DashboardWorkStream>
    <id>78</id>
    <inode>cb04bf31-b913-4b44-9fdd-9ca27a7a2c56</inode>
    <assetType>container</assetType>
    <hostId>a6e85e66-d2c0-4ccf-8d75-24af30780382</hostId>
    <action>Published</action>
    <name>Large Column (lg-1)</name>
    <modUserId>dotcms.org.1</modUserId>
    <modDate class="sql-timestamp">2018-03-05 15:10:51.466</modDate>
  </com.dotmarketing.portlets.dashboard.model.DashboardWorkStream>
  <com.dotmarketing.portlets.dashboard.model.DashboardWorkStream>
    <id>79</id>
    <inode>78aa37a8-caf6-47ee-b9f3-ab699a5f72dd</inode>
    <assetType>container</assetType>
    <hostId>a6e85e66-d2c0-4ccf-8d75-24af30780382</hostId>
    <action>Published</action>
    <name>Default 4 (Page Content)</name>
    <modUserId>dotcms.org.1</modUserId>
    <modDate class="sql-timestamp">2018-03-05 15:10:51.539</modDate>
  </com.dotmarketing.portlets.dashboard.model.DashboardWorkStream>
  <com.dotmarketing.portlets.dashboard.model.DashboardWorkStream>
    <id>80</id>
    <inode>d5f47f13-ed22-416e-a37c-8ddb2c9b0d76</inode>
    <assetType>container</assetType>
    <hostId>a6e85e66-d2c0-4ccf-8d75-24af30780382</hostId>
    <action>Published</action>
    <name>Default 3 (Page Content)</name>
    <modUserId>dotcms.org.1</modUserId>
    <modDate class="sql-timestamp">2018-03-05 15:10:51.557</modDate>
  </com.dotmarketing.portlets.dashboard.model.DashboardWorkStream>
  <com.dotmarketing.portlets.dashboard.model.DashboardWorkStream>
    <id>81</id>
    <inode>0138c668-44fb-4072-b1b4-9af1c6836506</inode>
    <assetType>container</assetType>
    <hostId>a6e85e66-d2c0-4ccf-8d75-24af30780382</hostId>
    <action>Published</action>
    <name>Medium Column (md-3)</name>
    <modUserId>dotcms.org.1</modUserId>
    <modDate class="sql-timestamp">2018-03-05 15:10:51.588</modDate>
  </com.dotmarketing.portlets.dashboard.model.DashboardWorkStream>
  <com.dotmarketing.portlets.dashboard.model.DashboardWorkStream>
    <id>82</id>
    <inode>75d898ea-0636-4d39-a9ee-0b6695a5dcd6</inode>
    <assetType>container</assetType>
    <hostId>a6e85e66-d2c0-4ccf-8d75-24af30780382</hostId>
    <action>Published</action>
    <name>Small Column (sm-1)</name>
    <modUserId>dotcms.org.1</modUserId>
    <modDate class="sql-timestamp">2018-03-05 15:10:51.606</modDate>
  </com.dotmarketing.portlets.dashboard.model.DashboardWorkStream>
  <com.dotmarketing.portlets.dashboard.model.DashboardWorkStream>
    <id>83</id>
    <inode>1a03bbc3-ac34-45f3-bfbb-efc056a7cc28</inode>
    <assetType>container</assetType>
    <hostId>a6e85e66-d2c0-4ccf-8d75-24af30780382</hostId>
    <action>Published</action>
    <name>Medium Column (md-2)</name>
    <modUserId>dotcms.org.1</modUserId>
    <modDate class="sql-timestamp">2018-03-05 15:10:51.625</modDate>
  </com.dotmarketing.portlets.dashboard.model.DashboardWorkStream>
  <com.dotmarketing.portlets.dashboard.model.DashboardWorkStream>
    <id>84</id>
    <inode>50cb25cc-4094-4b2c-8b47-549e535e40f5</inode>
    <assetType>container</assetType>
    <hostId>a6e85e66-d2c0-4ccf-8d75-24af30780382</hostId>
    <action>Published</action>
    <name>Banner Carousel </name>
    <modUserId>dotcms.org.1</modUserId>
    <modDate class="sql-timestamp">2018-03-05 15:10:51.644</modDate>
  </com.dotmarketing.portlets.dashboard.model.DashboardWorkStream>
  <com.dotmarketing.portlets.dashboard.model.DashboardWorkStream>
    <id>85</id>
    <inode>300fa0b6-1776-4822-839b-600e22e87b08</inode>
    <assetType>container</assetType>
    <hostId>a6e85e66-d2c0-4ccf-8d75-24af30780382</hostId>
    <action>Published</action>
    <name>Medium Column (md-1)</name>
    <modUserId>dotcms.org.1</modUserId>
    <modDate class="sql-timestamp">2018-03-05 15:10:51.658</modDate>
  </com.dotmarketing.portlets.dashboard.model.DashboardWorkStream>
  <com.dotmarketing.portlets.dashboard.model.DashboardWorkStream>
    <id>86</id>
    <inode>02c951cd-15af-4854-b6b3-839c3088c9d2</inode>
    <assetType>container</assetType>
    <hostId>a6e85e66-d2c0-4ccf-8d75-24af30780382</hostId>
    <action>Published</action>
    <name>Promotions (Homepage)</name>
    <modUserId>dotcms.org.1</modUserId>
    <modDate class="sql-timestamp">2018-03-05 15:10:51.676</modDate>
  </com.dotmarketing.portlets.dashboard.model.DashboardWorkStream>
  <com.dotmarketing.portlets.dashboard.model.DashboardWorkStream>
    <id>87</id>
    <inode>c0f2d4fa-ec05-447f-94e2-032a6edea771</inode>
    <assetType>container</assetType>
    <hostId>a6e85e66-d2c0-4ccf-8d75-24af30780382</hostId>
    <action>Published</action>
    <name>Blank Container</name>
    <modUserId>dotcms.org.1</modUserId>
    <modDate class="sql-timestamp">2018-03-05 15:10:51.709</modDate>
  </com.dotmarketing.portlets.dashboard.model.DashboardWorkStream>
  <com.dotmarketing.portlets.dashboard.model.DashboardWorkStream>
    <id>88</id>
    <inode>3588d259-1638-48cf-aaa8-5fabfad60306</inode>
    <assetType>container</assetType>
    <hostId>a6e85e66-d2c0-4ccf-8d75-24af30780382</hostId>
    <action>Published</action>
    <name>Subnav Menu</name>
    <modUserId>dotcms.org.1</modUserId>
    <modDate class="sql-timestamp">2018-03-05 15:10:51.968</modDate>
  </com.dotmarketing.portlets.dashboard.model.DashboardWorkStream>
  <com.dotmarketing.portlets.dashboard.model.DashboardWorkStream>
    <id>89</id>
    <inode>bd52dba1-f77a-4689-b739-23c322320de3</inode>
    <assetType>link</assetType>
    <hostId>a6e85e66-d2c0-4ccf-8d75-24af30780382</hostId>
    <action>Published</action>
    <name>One-Pagers</name>
    <modUserId>system</modUserId>
    <modDate class="sql-timestamp">2018-03-05 15:10:53.291</modDate>
  </com.dotmarketing.portlets.dashboard.model.DashboardWorkStream>
  <com.dotmarketing.portlets.dashboard.model.DashboardWorkStream>
    <id>90</id>
    <inode>efe32ad8-777b-4aaa-a5d4-9eb73ac4e1ae</inode>
    <assetType>link</assetType>
    <hostId>a6e85e66-d2c0-4ccf-8d75-24af30780382</hostId>
    <action>Published</action>
    <name>Blog</name>
    <modUserId>system</modUserId>
    <modDate class="sql-timestamp">2018-03-05 15:10:53.322</modDate>
  </com.dotmarketing.portlets.dashboard.model.DashboardWorkStream>
  <com.dotmarketing.portlets.dashboard.model.DashboardWorkStream>
    <id>91</id>
    <inode>b684b1b3-ca2f-4b7f-bd37-86a6d688a30b</inode>
    <assetType>link</assetType>
    <hostId>a6e85e66-d2c0-4ccf-8d75-24af30780382</hostId>
    <action>Published</action>
    <name>Intranet</name>
    <modUserId>system</modUserId>
    <modDate class="sql-timestamp">2018-03-05 15:10:53.34</modDate>
  </com.dotmarketing.portlets.dashboard.model.DashboardWorkStream>
</list>