<list>
  <com.dotmarketing.business.UsersRoles>
    <id>04e2428c-5e30-4d16-9d32-43d0aac7845a</id>
    <userId>dotcms.org.1</userId>
    <roleId>02088e05-5ff5-43c2-a4fa-11a7272cb199</roleId>
  </com.dotmarketing.business.UsersRoles>
  <com.dotmarketing.business.UsersRoles>
    <id>0533a489-4a7c-4ffc-b11e-948ecacde6bd</id>
    <userId>anonymous</userId>
    <roleId>edecd377-2321-4803-aa8b-89797dd0d61f</roleId>
  </com.dotmarketing.business.UsersRoles>
  <com.dotmarketing.business.UsersRoles>
    <id>06541ecc-cd16-4331-82fb-fcfaf174fcc8</id>
    <userId>036fd43a-6d98-46e0-b22e-bae02cb86f0c</userId>
    <roleId>d3684242-00f2-48ab-b9ec-14ed91dc1321</roleId>
  </com.dotmarketing.business.UsersRoles>
  <com.dotmarketing.business.UsersRoles>
    <id>0fe923fe-187a-4fcf-a85f-4036cf0d9e8e</id>
    <userId>dotcms.org.2808</userId>
    <roleId>6f9d5449-8f48-4179-a2ad-1983d6217fef</roleId>
  </com.dotmarketing.business.UsersRoles>
  <com.dotmarketing.business.UsersRoles>
    <id>13dc6097-f52a-4ea9-9588-b892ef3797e6</id>
    <userId>dotcms.org.2808</userId>
    <roleId>73ec980e-d74f-4cec-a4d0-e319061e20b9</roleId>
  </com.dotmarketing.business.UsersRoles>
  <com.dotmarketing.business.UsersRoles>
    <id>14722a32-e98c-4417-ac4d-e119a4762e11</id>
    <userId>dotcms.org.2808</userId>
    <roleId>e828467a-f128-4d3c-8873-d967631bf130</roleId>
  </com.dotmarketing.business.UsersRoles>
  <com.dotmarketing.business.UsersRoles>
    <id>2585ade7-288e-4a87-ab04-c637e523b0d6</id>
    <userId>dotcms.org.default</userId>
    <roleId>15aad986-6d7d-49e3-b643-344158a6e2a1</roleId>
  </com.dotmarketing.business.UsersRoles>
  <com.dotmarketing.business.UsersRoles>
    <id>3d96ec34-ee03-46ff-a9ef-f6e33ae1a339</id>
    <userId>system</userId>
    <roleId>892ab105-f212-407f-8fb4-58ec59310a5e</roleId>
  </com.dotmarketing.business.UsersRoles>
  <com.dotmarketing.business.UsersRoles>
    <id>442addbb-fbc9-4285-af32-ea7729556787</id>
    <userId>dotcms.org.1</userId>
    <roleId>e828467a-f128-4d3c-8873-d967631bf130</roleId>
  </com.dotmarketing.business.UsersRoles>
  <com.dotmarketing.business.UsersRoles>
    <id>46bb8abd-1fbc-4369-a728-13d6d1a2880c</id>
    <userId>dotcms.org.1</userId>
    <roleId>f10eab25-ab4b-444f-b1b5-15a1a5948024</roleId>
  </com.dotmarketing.business.UsersRoles>
  <com.dotmarketing.business.UsersRoles>
    <id>4f7488b5-7601-4c7b-a5ac-8cc6d7011162</id>
    <userId>dotcms.org.1</userId>
    <roleId>dbd027dc-9587-422f-a8be-c7c1ddd08691</roleId>
  </com.dotmarketing.business.UsersRoles>
  <com.dotmarketing.business.UsersRoles>
    <id>58e2a9d0-cc59-48ee-b0a7-85cbd1f7c462</id>
    <userId>system</userId>
    <roleId>02088e05-5ff5-43c2-a4fa-11a7272cb199</roleId>
  </com.dotmarketing.business.UsersRoles>
  <com.dotmarketing.business.UsersRoles>
    <id>59ca9239-09ea-4d9b-8c1f-bd7804a774b4</id>
    <userId>dotcms.org.1</userId>
    <roleId>a2d88e69-d575-45ec-9b52-0dc3a51468ed</roleId>
  </com.dotmarketing.business.UsersRoles>
  <com.dotmarketing.business.UsersRoles>
    <id>6ef84cae-3f74-475e-902d-baaf39d7be2a</id>
    <userId>dotcms.org.2808</userId>
    <roleId>dbd027dc-9587-422f-a8be-c7c1ddd08691</roleId>
  </com.dotmarketing.business.UsersRoles>
  <com.dotmarketing.business.UsersRoles>
    <id>84ad1cd4-ea14-4f95-9f56-7c8d1721567a</id>
    <userId>dotcms.org.2808</userId>
    <roleId>892ab105-f212-407f-8fb4-58ec59310a5e</roleId>
  </com.dotmarketing.business.UsersRoles>
  <com.dotmarketing.business.UsersRoles>
    <id>87b92b3f-755a-4f1d-9b25-dab3e380f972</id>
    <userId>dotcms.org.2808</userId>
    <roleId>f10eab25-ab4b-444f-b1b5-15a1a5948024</roleId>
  </com.dotmarketing.business.UsersRoles>
  <com.dotmarketing.business.UsersRoles>
    <id>8fde8676-b62e-459b-b26a-99c237ac6ea9</id>
    <userId>dotcms.org.1</userId>
    <roleId>892ab105-f212-407f-8fb4-58ec59310a5e</roleId>
  </com.dotmarketing.business.UsersRoles>
  <com.dotmarketing.business.UsersRoles>
    <id>9d7b8298-11d6-4b31-b208-e3b9f498770e</id>
    <userId>dotcms.org.1</userId>
    <roleId>6f9d5449-8f48-4179-a2ad-1983d6217fef</roleId>
  </com.dotmarketing.business.UsersRoles>
  <com.dotmarketing.business.UsersRoles>
    <id>9e6ad8a8-5d22-4432-859c-49f232e1fdac</id>
    <userId>dotcms.org.1</userId>
    <roleId>ff4d1504-a077-4874-b89b-9844d10d5b6d</roleId>
  </com.dotmarketing.business.UsersRoles>
  <com.dotmarketing.business.UsersRoles>
    <id>b28e1c06-97d2-4dea-b195-8020d8d4f8c6</id>
    <userId>dotcms.org.2808</userId>
    <roleId>a2d88e69-d575-45ec-9b52-0dc3a51468ed</roleId>
  </com.dotmarketing.business.UsersRoles>
  <com.dotmarketing.business.UsersRoles>
    <id>b6c7d818-013d-42ff-b79b-c644b882c071</id>
    <userId>anonymous</userId>
    <roleId>654b0931-1027-41f7-ad4d-173115ed8ec1</roleId>
  </com.dotmarketing.business.UsersRoles>
  <com.dotmarketing.business.UsersRoles>
    <id>d61479da-8529-41a0-873e-406acb320bb6</id>
    <userId>dotcms.org.1</userId>
    <roleId>e7d4e34e-5127-45fc-8123-d48b62d510e3</roleId>
  </com.dotmarketing.business.UsersRoles>
  <com.dotmarketing.business.UsersRoles>
    <id>f1f7dc9c-818c-4310-ab27-b2f7ed75b241</id>
    <userId>dotcms.org.2808</userId>
    <roleId>02088e05-5ff5-43c2-a4fa-11a7272cb199</roleId>
  </com.dotmarketing.business.UsersRoles>
  <com.dotmarketing.business.UsersRoles>
    <id>f22d9e72-ec42-47cb-9ce6-aa6e677f5922</id>
    <userId>anonymous</userId>
    <roleId>999cd6bf-5cef-4729-8543-696086143884</roleId>
  </com.dotmarketing.business.UsersRoles>
  <com.dotmarketing.business.UsersRoles>
    <id>fa92481b-f362-4053-a28d-16e5587240e6</id>
    <userId>dotcms.org.2808</userId>
    <roleId>ff4d1504-a077-4874-b89b-9844d10d5b6d</roleId>
  </com.dotmarketing.business.UsersRoles>
</list>