<list>
  <com.dotmarketing.business.LayoutsRoles>
    <id>0074a8b8-e79f-454e-b876-b624725e5702</id>
    <layoutId>34885ddb-3537-4a79-a02c-0550c5087d5c</layoutId>
    <roleId>892ab105-f212-407f-8fb4-58ec59310a5e</roleId>
  </com.dotmarketing.business.LayoutsRoles>
  <com.dotmarketing.business.LayoutsRoles>
    <id>0e690462-4f37-4498-a95d-49b2bf7b1630</id>
    <layoutId>71b8a1ca-37b6-4b6e-a43b-c7482f28db6c</layoutId>
    <roleId>e36988eb-f206-4fd3-a06c-6a746d30a772</roleId>
  </com.dotmarketing.business.LayoutsRoles>
  <com.dotmarketing.business.LayoutsRoles>
    <id>0e8280f6-dbb0-40cc-9e6b-9406ab9f64f3</id>
    <layoutId>71b8a1ca-37b6-4b6e-a43b-c7482f28db6c</layoutId>
    <roleId>02ae46fa-cb67-4ed8-82d5-f1f9a5e1d744</roleId>
  </com.dotmarketing.business.LayoutsRoles>
  <com.dotmarketing.business.LayoutsRoles>
    <id>0f285dd4-bc9e-4760-9bc7-02e581e7529a</id>
    <layoutId>0c032208-7514-457e-a9e8-26b9e368db64</layoutId>
    <roleId>892ab105-f212-407f-8fb4-58ec59310a5e</roleId>
  </com.dotmarketing.business.LayoutsRoles>
  <com.dotmarketing.business.LayoutsRoles>
    <id>25010dc1-1209-427a-8108-5555b2a14d9c</id>
    <layoutId>34885ddb-3537-4a79-a02c-0550c5087d5c</layoutId>
    <roleId>db0d2bca-5da5-4c18-b5d7-87f02ba58eb6</roleId>
  </com.dotmarketing.business.LayoutsRoles>
  <com.dotmarketing.business.LayoutsRoles>
    <id>27129375-8565-474e-bd57-3092edd556b6</id>
    <layoutId>56fedb43-dbbf-4ce2-8b77-41fb73bad015</layoutId>
    <roleId>892ab105-f212-407f-8fb4-58ec59310a5e</roleId>
  </com.dotmarketing.business.LayoutsRoles>
  <com.dotmarketing.business.LayoutsRoles>
    <id>27194d1e-b803-40c4-8917-5d96bd6d1862</id>
    <layoutId>71b8a1ca-37b6-4b6e-a43b-c7482f28db6c</layoutId>
    <roleId>1cddb9f9-2443-49f8-a51d-f24f1d7622ac</roleId>
  </com.dotmarketing.business.LayoutsRoles>
  <com.dotmarketing.business.LayoutsRoles>
    <id>52188fdc-ed3a-4dd4-8819-554179cc8384</id>
    <layoutId>34885ddb-3537-4a79-a02c-0550c5087d5c</layoutId>
    <roleId>02ae46fa-cb67-4ed8-82d5-f1f9a5e1d744</roleId>
  </com.dotmarketing.business.LayoutsRoles>
  <com.dotmarketing.business.LayoutsRoles>
    <id>5225f561-7bc0-4218-a96e-8c5151333692</id>
    <layoutId>b7ab5d3c-5ee0-4195-a17e-8f5579d718dd</layoutId>
    <roleId>892ab105-f212-407f-8fb4-58ec59310a5e</roleId>
  </com.dotmarketing.business.LayoutsRoles>
  <com.dotmarketing.business.LayoutsRoles>
    <id>6a76ed1e-58e7-45f8-ad88-0bb38db1e186</id>
    <layoutId>1a87b81c-e7ec-4e5b-9218-b55790353f09</layoutId>
    <roleId>892ab105-f212-407f-8fb4-58ec59310a5e</roleId>
  </com.dotmarketing.business.LayoutsRoles>
  <com.dotmarketing.business.LayoutsRoles>
    <id>73484d00-b8bb-4cd3-8f50-0c670ee5bcd5</id>
    <layoutId>b7ab5d3c-5ee0-4195-a17e-8f5579d718dd</layoutId>
    <roleId>02ae46fa-cb67-4ed8-82d5-f1f9a5e1d744</roleId>
  </com.dotmarketing.business.LayoutsRoles>
  <com.dotmarketing.business.LayoutsRoles>
    <id>8d600bce-7b38-490a-80ce-b9402a0cdcf5</id>
    <layoutId>56fedb43-dbbf-4ce2-8b77-41fb73bad015</layoutId>
    <roleId>02ae46fa-cb67-4ed8-82d5-f1f9a5e1d744</roleId>
  </com.dotmarketing.business.LayoutsRoles>
  <com.dotmarketing.business.LayoutsRoles>
    <id>b4500b68-e5a2-4b10-9abc-a32ba2e06c05</id>
    <layoutId>71b8a1ca-37b6-4b6e-a43b-c7482f28db6c</layoutId>
    <roleId>892ab105-f212-407f-8fb4-58ec59310a5e</roleId>
  </com.dotmarketing.business.LayoutsRoles>
  <com.dotmarketing.business.LayoutsRoles>
    <id>b6d01116-51da-442f-8d63-3649d8efcfbf</id>
    <layoutId>89594b95-1354-4a63-8867-c922880107df</layoutId>
    <roleId>892ab105-f212-407f-8fb4-58ec59310a5e</roleId>
  </com.dotmarketing.business.LayoutsRoles>
  <com.dotmarketing.business.LayoutsRoles>
    <id>ca7c4a40-79de-4348-8dab-d7ceeb5de4e8</id>
    <layoutId>71b8a1ca-37b6-4b6e-a43b-c7482f28db6c</layoutId>
    <roleId>db0d2bca-5da5-4c18-b5d7-87f02ba58eb6</roleId>
  </com.dotmarketing.business.LayoutsRoles>
  <com.dotmarketing.business.LayoutsRoles>
    <id>de298a86-b012-4bc5-a514-02f5ea5256a5</id>
    <layoutId>34885ddb-3537-4a79-a02c-0550c5087d5c</layoutId>
    <roleId>e36988eb-f206-4fd3-a06c-6a746d30a772</roleId>
  </com.dotmarketing.business.LayoutsRoles>
  <com.dotmarketing.business.LayoutsRoles>
    <id>ffffd3f5-9eb1-4498-95db-4407ba7ab6ce</id>
    <layoutId>aa91172e-0fa6-482e-9a8b-1c202c7fca0e</layoutId>
    <roleId>892ab105-f212-407f-8fb4-58ec59310a5e</roleId>
  </com.dotmarketing.business.LayoutsRoles>
</list>