<list>
  <com.dotmarketing.tag.model.Tag>
    <userId></userId>
    <tagName>mountain</tagName>
    <tagId>23dcbb8c-54ce-468a-b286-3e5b2047fc4f</tagId>
    <persona>true</persona>
    <modDate class="sql-timestamp">2019-09-09 20:05:25.565</modDate>
    <hostId>SYSTEM_HOST</hostId>
  </com.dotmarketing.tag.model.Tag>
  <com.dotmarketing.tag.model.Tag>
    <userId></userId>
    <tagName>skier</tagName>
    <tagId>257e727b-f686-4952-8135-ca2dc353a978</tagId>
    <persona>true</persona>
    <modDate class="sql-timestamp">2019-10-18 21:05:19.938</modDate>
    <hostId>SYSTEM_HOST</hostId>
  </com.dotmarketing.tag.model.Tag>
  <com.dotmarketing.tag.model.Tag>
    <userId></userId>
    <tagName>wealthlyprospect</tagName>
    <tagId>4dfa7e15-c397-41f0-b36c-10cbc367f591</tagId>
    <persona>true</persona>
    <modDate class="sql-timestamp">2016-02-19 17:21:11.842</modDate>
    <hostId>48190c8c-42c4-46af-8d1a-0cd5db894797</hostId>
  </com.dotmarketing.tag.model.Tag>
  <com.dotmarketing.tag.model.Tag>
    <userId></userId>
    <tagName>beach</tagName>
    <tagId>ab344fa0-c909-4b3c-aa8c-6bacd4f770fa</tagId>
    <persona>true</persona>
    <modDate class="sql-timestamp">2019-09-05 20:54:46.248</modDate>
    <hostId>SYSTEM_HOST</hostId>
  </com.dotmarketing.tag.model.Tag>
  <com.dotmarketing.tag.model.Tag>
    <userId></userId>
    <tagName>surfer</tagName>
    <tagId>afba7a15-3378-4a0d-a411-b91b8f35f498</tagId>
    <persona>true</persona>
    <modDate class="sql-timestamp">2019-10-18 20:04:43.987</modDate>
    <hostId>SYSTEM_HOST</hostId>
  </com.dotmarketing.tag.model.Tag>
  <com.dotmarketing.tag.model.Tag>
    <userId></userId>
    <tagName>metropolitan</tagName>
    <tagId>dee7c4cb-1c42-41dc-b6a5-51a1e283cc76</tagId>
    <persona>true</persona>
    <modDate class="sql-timestamp">2019-09-09 20:09:52.345</modDate>
    <hostId>SYSTEM_HOST</hostId>
  </com.dotmarketing.tag.model.Tag>
  <com.dotmarketing.tag.model.Tag>
    <userId></userId>
    <tagName>hiker</tagName>
    <tagId>f0993166-769e-4889-946e-9da2723a8989</tagId>
    <persona>true</persona>
    <modDate class="sql-timestamp">2019-10-18 21:14:33.579</modDate>
    <hostId>SYSTEM_HOST</hostId>
  </com.dotmarketing.tag.model.Tag>
</list>