<list>
  <com.dotmarketing.business.PortletsLayouts>
    <id>08528478-f538-4d43-86ae-19629185bfdb</id>
    <portletId>rules</portletId>
    <layoutId>89594b95-1354-4a63-8867-c922880107df</layoutId>
    <portletOrder>3</portletOrder>
  </com.dotmarketing.business.PortletsLayouts>
  <com.dotmarketing.business.PortletsLayouts>
    <id>0990808e-55a6-46c4-b2e0-4240682affd1</id>
    <portletId>content</portletId>
    <layoutId>71b8a1ca-37b6-4b6e-a43b-c7482f28db6c</layoutId>
    <portletOrder>1</portletOrder>
  </com.dotmarketing.business.PortletsLayouts>
  <com.dotmarketing.business.PortletsLayouts>
    <id>125b50d5-7107-4e90-883d-a40634aa46a7</id>
    <portletId>vanity-urls</portletId>
    <layoutId>89594b95-1354-4a63-8867-c922880107df</layoutId>
    <portletOrder>4</portletOrder>
  </com.dotmarketing.business.PortletsLayouts>
  <com.dotmarketing.business.PortletsLayouts>
    <id>1ee1ec8b-0906-49e0-82de-d643582ac83b</id>
    <portletId>content-types-angular</portletId>
    <layoutId>56fedb43-dbbf-4ce2-8b77-41fb73bad015</layoutId>
    <portletOrder>1</portletOrder>
  </com.dotmarketing.business.PortletsLayouts>
  <com.dotmarketing.business.PortletsLayouts>
    <id>1ef0fca5-e187-4560-98a6-502c0da79386</id>
    <portletId>dynamic-plugins</portletId>
    <layoutId>aa91172e-0fa6-482e-9a8b-1c202c7fca0e</layoutId>
    <portletOrder>2</portletOrder>
  </com.dotmarketing.business.PortletsLayouts>
  <com.dotmarketing.business.PortletsLayouts>
    <id>2052bf9d-52bb-42ce-a0c7-2bf6ec2b017f</id>
    <portletId>sites</portletId>
    <layoutId>1a87b81c-e7ec-4e5b-9218-b55790353f09</layoutId>
    <portletOrder>2</portletOrder>
  </com.dotmarketing.business.PortletsLayouts>
  <com.dotmarketing.business.PortletsLayouts>
    <id>286f4147-29d0-44ea-a9a3-910a7a0575b3</id>
    <portletId>configuration</portletId>
    <layoutId>1a87b81c-e7ec-4e5b-9218-b55790353f09</layoutId>
    <portletOrder>4</portletOrder>
  </com.dotmarketing.business.PortletsLayouts>
  <com.dotmarketing.business.PortletsLayouts>
    <id>4399f874-6e18-45f4-9290-2cc5340fe631</id>
    <portletId>forms</portletId>
    <layoutId>89594b95-1354-4a63-8867-c922880107df</layoutId>
    <portletOrder>1</portletOrder>
  </com.dotmarketing.business.PortletsLayouts>
  <com.dotmarketing.business.PortletsLayouts>
    <id>47e6816c-0018-4df0-ae5b-0a0fe13860d2</id>
    <portletId>templates</portletId>
    <layoutId>b7ab5d3c-5ee0-4195-a17e-8f5579d718dd</layoutId>
    <portletOrder>2</portletOrder>
  </com.dotmarketing.business.PortletsLayouts>
  <com.dotmarketing.business.PortletsLayouts>
    <id>4aa6e311-51ea-4443-bddd-43b22ffb47bf</id>
    <portletId>categories</portletId>
    <layoutId>56fedb43-dbbf-4ce2-8b77-41fb73bad015</layoutId>
    <portletOrder>3</portletOrder>
  </com.dotmarketing.business.PortletsLayouts>
  <com.dotmarketing.business.PortletsLayouts>
    <id>5170096d-9ee3-4bc3-8883-2cb82f56e3b8</id>
    <portletId>c_Events</portletId>
    <layoutId>71b8a1ca-37b6-4b6e-a43b-c7482f28db6c</layoutId>
    <portletOrder>2</portletOrder>
  </com.dotmarketing.business.PortletsLayouts>
  <com.dotmarketing.business.PortletsLayouts>
    <id>5af15388-4ccf-464e-a85a-1a3677fcca76</id>
    <portletId>query-tool</portletId>
    <layoutId>aa91172e-0fa6-482e-9a8b-1c202c7fca0e</layoutId>
    <portletOrder>4</portletOrder>
  </com.dotmarketing.business.PortletsLayouts>
  <com.dotmarketing.business.PortletsLayouts>
    <id>6f4726bd-641c-4ce4-8320-27dfc57533dd</id>
    <portletId>calendar</portletId>
    <layoutId>71b8a1ca-37b6-4b6e-a43b-c7482f28db6c</layoutId>
    <portletOrder>3</portletOrder>
  </com.dotmarketing.business.PortletsLayouts>
  <com.dotmarketing.business.PortletsLayouts>
    <id>77ce8e9c-3725-437e-96bd-e2a88ea5ff22</id>
    <portletId>roles</portletId>
    <layoutId>1a87b81c-e7ec-4e5b-9218-b55790353f09</layoutId>
    <portletOrder>3</portletOrder>
  </com.dotmarketing.business.PortletsLayouts>
  <com.dotmarketing.business.PortletsLayouts>
    <id>98abe787-c5fd-470f-9bba-246b7e8e1e82</id>
    <portletId>publishing-queue</portletId>
    <layoutId>0c032208-7514-457e-a9e8-26b9e368db64</layoutId>
    <portletOrder>1</portletOrder>
  </com.dotmarketing.business.PortletsLayouts>
  <com.dotmarketing.business.PortletsLayouts>
    <id>9ba4dd5a-dd66-44da-9180-a4454cb99942</id>
    <portletId>c_Personas</portletId>
    <layoutId>89594b95-1354-4a63-8867-c922880107df</layoutId>
    <portletOrder>2</portletOrder>
  </com.dotmarketing.business.PortletsLayouts>
  <com.dotmarketing.business.PortletsLayouts>
    <id>9d3ce3b7-bc94-48eb-b653-82af0271f32a</id>
    <portletId>site-search</portletId>
    <layoutId>aa91172e-0fa6-482e-9a8b-1c202c7fca0e</layoutId>
    <portletOrder>1</portletOrder>
  </com.dotmarketing.business.PortletsLayouts>
  <com.dotmarketing.business.PortletsLayouts>
    <id>a402193d-7847-4ead-8a55-87a3a255bce7</id>
    <portletId>users</portletId>
    <layoutId>1a87b81c-e7ec-4e5b-9218-b55790353f09</layoutId>
    <portletOrder>1</portletOrder>
  </com.dotmarketing.business.PortletsLayouts>
  <com.dotmarketing.business.PortletsLayouts>
    <id>a6f9b699-75ba-4f47-b22a-198584a58e51</id>
    <portletId>tags</portletId>
    <layoutId>56fedb43-dbbf-4ce2-8b77-41fb73bad015</layoutId>
    <portletOrder>2</portletOrder>
  </com.dotmarketing.business.PortletsLayouts>
  <com.dotmarketing.business.PortletsLayouts>
    <id>b538f3c5-f3a9-436c-9b19-137fe9e30a30</id>
    <portletId>embedded-dashboard</portletId>
    <layoutId>34885ddb-3537-4a79-a02c-0550c5087d5c</layoutId>
    <portletOrder>1</portletOrder>
  </com.dotmarketing.business.PortletsLayouts>
  <com.dotmarketing.business.PortletsLayouts>
    <id>b9970f27-29ad-4a6d-98b6-9a890485b3ce</id>
    <portletId>languages</portletId>
    <layoutId>56fedb43-dbbf-4ce2-8b77-41fb73bad015</layoutId>
    <portletOrder>5</portletOrder>
  </com.dotmarketing.business.PortletsLayouts>
  <com.dotmarketing.business.PortletsLayouts>
    <id>bc54d8c0-e72c-4084-a99d-14a021a4e2fb</id>
    <portletId>containers</portletId>
    <layoutId>b7ab5d3c-5ee0-4195-a17e-8f5579d718dd</layoutId>
    <portletOrder>3</portletOrder>
  </com.dotmarketing.business.PortletsLayouts>
  <com.dotmarketing.business.PortletsLayouts>
    <id>ca024aec-e668-4bc8-b281-fd17d5194107</id>
    <portletId>es-search</portletId>
    <layoutId>aa91172e-0fa6-482e-9a8b-1c202c7fca0e</layoutId>
    <portletOrder>3</portletOrder>
  </com.dotmarketing.business.PortletsLayouts>
  <com.dotmarketing.business.PortletsLayouts>
    <id>d2458c11-afbd-4b2d-a2e7-43d883926273</id>
    <portletId>workflow-schemes</portletId>
    <layoutId>56fedb43-dbbf-4ce2-8b77-41fb73bad015</layoutId>
    <portletOrder>4</portletOrder>
  </com.dotmarketing.business.PortletsLayouts>
  <com.dotmarketing.business.PortletsLayouts>
    <id>df993054-1927-43cc-b9a7-3ed03b94924f</id>
    <portletId>time-machine</portletId>
    <layoutId>0c032208-7514-457e-a9e8-26b9e368db64</layoutId>
    <portletOrder>2</portletOrder>
  </com.dotmarketing.business.PortletsLayouts>
  <com.dotmarketing.business.PortletsLayouts>
    <id>e39c836a-9a33-4836-8e21-2402cd3b431f</id>
    <portletId>site-browser</portletId>
    <layoutId>b7ab5d3c-5ee0-4195-a17e-8f5579d718dd</layoutId>
    <portletOrder>1</portletOrder>
  </com.dotmarketing.business.PortletsLayouts>
  <com.dotmarketing.business.PortletsLayouts>
    <id>eae7bb80-4fee-468c-a364-3ca37b5f132b</id>
    <portletId>dotTools</portletId>
    <layoutId>aa91172e-0fa6-482e-9a8b-1c202c7fca0e</layoutId>
    <portletOrder>5</portletOrder>
  </com.dotmarketing.business.PortletsLayouts>
  <com.dotmarketing.business.PortletsLayouts>
    <id>eaff818f-6465-4ac2-9743-4dc2a3603b29</id>
    <portletId>maintenance</portletId>
    <layoutId>1a87b81c-e7ec-4e5b-9218-b55790353f09</layoutId>
    <portletOrder>5</portletOrder>
  </com.dotmarketing.business.PortletsLayouts>
  <com.dotmarketing.business.PortletsLayouts>
    <id>f6df1827-ed08-464c-9a39-0b93ac602f5d</id>
    <portletId>links</portletId>
    <layoutId>b7ab5d3c-5ee0-4195-a17e-8f5579d718dd</layoutId>
    <portletOrder>4</portletOrder>
  </com.dotmarketing.business.PortletsLayouts>
  <com.dotmarketing.business.PortletsLayouts>
    <id>fff8553a-5a8b-42b3-b198-0118c4ed12b8</id>
    <portletId>workflow</portletId>
    <layoutId>34885ddb-3537-4a79-a02c-0550c5087d5c</layoutId>
    <portletOrder>2</portletOrder>
  </com.dotmarketing.business.PortletsLayouts>
</list>