<list>
  <com.dotmarketing.portlets.templates.model.TemplateVersionInfo>
    <identifier>040d7fdf-fb31-4a92-867b-a67bccdfca29</identifier>
    <liveInode>54b4cf8d-0538-4862-a392-e544bb865c38</liveInode>
    <workingInode>54b4cf8d-0538-4862-a392-e544bb865c38</workingInode>
    <lockedOn class="sql-timestamp">2019-07-10 14:54:26.341</lockedOn>
    <deleted>false</deleted>
    <versionTs class="sql-timestamp">2019-08-21 13:36:56.315</versionTs>
  </com.dotmarketing.portlets.templates.model.TemplateVersionInfo>
  <com.dotmarketing.portlets.templates.model.TemplateVersionInfo>
    <identifier>052e6ccf-408c-43b7-a9d8-6a9505561ae2</identifier>
    <liveInode>fe871bb5-be92-48d1-90d6-83d299444c77</liveInode>
    <workingInode>fe871bb5-be92-48d1-90d6-83d299444c77</workingInode>
    <lockedOn class="sql-timestamp">2018-09-25 14:44:53.066</lockedOn>
    <deleted>false</deleted>
    <versionTs class="sql-timestamp">2019-05-17 20:44:33.299</versionTs>
  </com.dotmarketing.portlets.templates.model.TemplateVersionInfo>
  <com.dotmarketing.portlets.templates.model.TemplateVersionInfo>
    <identifier>0b280c00-834f-4721-a48e-2f4df97607ea</identifier>
    <liveInode>0856a795-cba1-488a-ba13-f10f2983a42d</liveInode>
    <workingInode>0856a795-cba1-488a-ba13-f10f2983a42d</workingInode>
    <lockedOn class="sql-timestamp">2019-08-28 15:48:15.54</lockedOn>
    <deleted>false</deleted>
    <versionTs class="sql-timestamp">2019-09-23 21:09:41.837</versionTs>
  </com.dotmarketing.portlets.templates.model.TemplateVersionInfo>
  <com.dotmarketing.portlets.templates.model.TemplateVersionInfo>
    <identifier>0bbbb312-52f7-4993-8af1-a87a9ea5ef2b</identifier>
    <liveInode>5c331799-df72-4780-bfa1-56425b0854fe</liveInode>
    <workingInode>5c331799-df72-4780-bfa1-56425b0854fe</workingInode>
    <lockedOn class="sql-timestamp">2018-11-01 17:15:14.908</lockedOn>
    <deleted>false</deleted>
    <versionTs class="sql-timestamp">2019-05-17 20:44:33.302</versionTs>
  </com.dotmarketing.portlets.templates.model.TemplateVersionInfo>
  <com.dotmarketing.portlets.templates.model.TemplateVersionInfo>
    <identifier>0c556e37-99e0-4458-a2cd-d42cc7a11045</identifier>
    <liveInode>cfda9246-cce3-4313-8cc3-2080d1935cf9</liveInode>
    <workingInode>cfda9246-cce3-4313-8cc3-2080d1935cf9</workingInode>
    <lockedOn class="sql-timestamp">2020-01-10 20:21:42.565</lockedOn>
    <deleted>false</deleted>
    <versionTs class="sql-timestamp">2020-01-22 18:08:24.398</versionTs>
  </com.dotmarketing.portlets.templates.model.TemplateVersionInfo>
  <com.dotmarketing.portlets.templates.model.TemplateVersionInfo>
    <identifier>0cb1654b-90e8-4ff5-b8c1-0dcc0508f6ef</identifier>
    <workingInode>289410c6-9b76-4b48-94c6-f8d04bccc3df</workingInode>
    <lockedOn class="sql-timestamp">2019-05-22 18:34:41.919</lockedOn>
    <deleted>false</deleted>
    <versionTs class="sql-timestamp">2019-05-22 18:46:05.458</versionTs>
  </com.dotmarketing.portlets.templates.model.TemplateVersionInfo>
  <com.dotmarketing.portlets.templates.model.TemplateVersionInfo>
    <identifier>1344e901-59ce-4d2d-96ae-90adcf1a5092</identifier>
    <liveInode>786c0357-ea7e-4c9e-8468-d045424bbab5</liveInode>
    <workingInode>786c0357-ea7e-4c9e-8468-d045424bbab5</workingInode>
    <lockedOn class="sql-timestamp">2018-10-25 13:36:22.468</lockedOn>
    <deleted>false</deleted>
    <versionTs class="sql-timestamp">2019-05-17 20:44:33.304</versionTs>
  </com.dotmarketing.portlets.templates.model.TemplateVersionInfo>
  <com.dotmarketing.portlets.templates.model.TemplateVersionInfo>
    <identifier>17dfb289-ee8c-4e88-8cb4-ec036c999174</identifier>
    <liveInode>704bb3b3-10d7-45d0-a36a-6029838bda85</liveInode>
    <workingInode>704bb3b3-10d7-45d0-a36a-6029838bda85</workingInode>
    <lockedOn class="sql-timestamp">2018-11-02 17:47:50.335</lockedOn>
    <deleted>false</deleted>
    <versionTs class="sql-timestamp">2019-06-03 18:28:21.842</versionTs>
  </com.dotmarketing.portlets.templates.model.TemplateVersionInfo>
  <com.dotmarketing.portlets.templates.model.TemplateVersionInfo>
    <identifier>1f26789c-c4a9-4ceb-835b-cecdcead54ee</identifier>
    <liveInode>0934f429-d611-4c35-b13c-8c49ac2064e6</liveInode>
    <workingInode>0934f429-d611-4c35-b13c-8c49ac2064e6</workingInode>
    <lockedOn class="sql-timestamp">2019-04-11 18:10:09.848</lockedOn>
    <deleted>false</deleted>
    <versionTs class="sql-timestamp">2019-05-17 20:44:33.311</versionTs>
  </com.dotmarketing.portlets.templates.model.TemplateVersionInfo>
  <com.dotmarketing.portlets.templates.model.TemplateVersionInfo>
    <identifier>22236f46-f887-4c57-ae80-6a929e7bc4c1</identifier>
    <liveInode>cfca3943-5f2c-4caf-9a6e-874c5db06f3f</liveInode>
    <workingInode>cfca3943-5f2c-4caf-9a6e-874c5db06f3f</workingInode>
    <lockedOn class="sql-timestamp">2019-06-03 17:13:20.814</lockedOn>
    <deleted>false</deleted>
    <versionTs class="sql-timestamp">2019-06-03 17:15:12.493</versionTs>
  </com.dotmarketing.portlets.templates.model.TemplateVersionInfo>
  <com.dotmarketing.portlets.templates.model.TemplateVersionInfo>
    <identifier>2b457e67-9c94-4cb3-8d1b-422fbe4fd5a0</identifier>
    <liveInode>b7046ed2-ccf0-45c6-8819-d4c3994ce765</liveInode>
    <workingInode>b7046ed2-ccf0-45c6-8819-d4c3994ce765</workingInode>
    <lockedOn class="sql-timestamp">2018-11-01 18:57:23.97</lockedOn>
    <deleted>false</deleted>
    <versionTs class="sql-timestamp">2019-07-18 15:44:37.754</versionTs>
  </com.dotmarketing.portlets.templates.model.TemplateVersionInfo>
  <com.dotmarketing.portlets.templates.model.TemplateVersionInfo>
    <identifier>2c69bb81-0f25-4a05-8d10-918b5b40a24b</identifier>
    <liveInode>5521a1d4-ccf4-431e-a62d-57c3857ba9df</liveInode>
    <workingInode>5521a1d4-ccf4-431e-a62d-57c3857ba9df</workingInode>
    <lockedOn class="sql-timestamp">2018-09-14 21:46:43.303</lockedOn>
    <deleted>false</deleted>
    <versionTs class="sql-timestamp">2019-05-17 20:44:33.315</versionTs>
  </com.dotmarketing.portlets.templates.model.TemplateVersionInfo>
  <com.dotmarketing.portlets.templates.model.TemplateVersionInfo>
    <identifier>2d0683c7-a8ad-406d-a4d5-ec47899a902b</identifier>
    <liveInode>cc5ef9c6-737e-41a6-992f-8cb397248266</liveInode>
    <workingInode>cc5ef9c6-737e-41a6-992f-8cb397248266</workingInode>
    <lockedOn class="sql-timestamp">2018-11-27 19:42:07.275</lockedOn>
    <deleted>false</deleted>
    <versionTs class="sql-timestamp">2019-05-17 20:45:57.788</versionTs>
  </com.dotmarketing.portlets.templates.model.TemplateVersionInfo>
  <com.dotmarketing.portlets.templates.model.TemplateVersionInfo>
    <identifier>2d0fcd52-e3ca-4f33-91e8-baff8db7b88e</identifier>
    <liveInode>10013c6a-ec0a-4b54-b406-c75d1c3cd2f3</liveInode>
    <workingInode>10013c6a-ec0a-4b54-b406-c75d1c3cd2f3</workingInode>
    <lockedOn class="sql-timestamp">2019-05-17 12:42:10.435</lockedOn>
    <deleted>false</deleted>
    <versionTs class="sql-timestamp">2019-05-17 20:44:33.319</versionTs>
  </com.dotmarketing.portlets.templates.model.TemplateVersionInfo>
  <com.dotmarketing.portlets.templates.model.TemplateVersionInfo>
    <identifier>339be8a8-d6aa-4196-b20e-a0ebc5c82037</identifier>
    <workingInode>78bde330-97af-49f5-a62a-46a624f4a6b1</workingInode>
    <lockedOn class="sql-timestamp">2018-09-25 16:19:10.257</lockedOn>
    <deleted>false</deleted>
    <versionTs class="sql-timestamp">2019-05-17 20:44:33.411</versionTs>
  </com.dotmarketing.portlets.templates.model.TemplateVersionInfo>
  <com.dotmarketing.portlets.templates.model.TemplateVersionInfo>
    <identifier>35fe888d-1555-43ad-b155-080dd7d9b9cf</identifier>
    <liveInode>98d027b1-189d-41e2-adba-9f873b593e86</liveInode>
    <workingInode>98d027b1-189d-41e2-adba-9f873b593e86</workingInode>
    <lockedOn class="sql-timestamp">2019-07-16 21:26:49.701</lockedOn>
    <deleted>false</deleted>
    <versionTs class="sql-timestamp">2019-07-16 21:26:54.402</versionTs>
  </com.dotmarketing.portlets.templates.model.TemplateVersionInfo>
  <com.dotmarketing.portlets.templates.model.TemplateVersionInfo>
    <identifier>3826636b-cc3a-46b2-97c5-ce6bdb377fcb</identifier>
    <liveInode>80d27245-8e05-42b4-955b-c48811b8b24e</liveInode>
    <workingInode>80d27245-8e05-42b4-955b-c48811b8b24e</workingInode>
    <lockedOn class="sql-timestamp">2019-07-09 20:47:48.263</lockedOn>
    <deleted>false</deleted>
    <versionTs class="sql-timestamp">2019-07-09 20:47:55.783</versionTs>
  </com.dotmarketing.portlets.templates.model.TemplateVersionInfo>
  <com.dotmarketing.portlets.templates.model.TemplateVersionInfo>
    <identifier>38bba30b-47d1-4c9c-a6d3-63b6e30b529a</identifier>
    <liveInode>354e2ec6-aba0-4c70-be8b-4136a44e04dc</liveInode>
    <workingInode>354e2ec6-aba0-4c70-be8b-4136a44e04dc</workingInode>
    <lockedOn class="sql-timestamp">2018-09-18 17:24:50.661</lockedOn>
    <deleted>false</deleted>
    <versionTs class="sql-timestamp">2019-05-17 20:44:33.322</versionTs>
  </com.dotmarketing.portlets.templates.model.TemplateVersionInfo>
  <com.dotmarketing.portlets.templates.model.TemplateVersionInfo>
    <identifier>4341f0fd-a456-4d77-83da-a5cd7248624d</identifier>
    <workingInode>367a8fa6-327d-4858-b26c-e095036dee88</workingInode>
    <lockedOn class="sql-timestamp">2018-06-13 20:26:35.71</lockedOn>
    <deleted>false</deleted>
    <versionTs class="sql-timestamp">2019-05-17 20:44:33.413</versionTs>
  </com.dotmarketing.portlets.templates.model.TemplateVersionInfo>
  <com.dotmarketing.portlets.templates.model.TemplateVersionInfo>
    <identifier>46bf0614-73ac-48c5-a59f-fc5b883eabe3</identifier>
    <liveInode>30ced9f0-be4c-4a3e-9dfc-00dd782ec9d1</liveInode>
    <workingInode>30ced9f0-be4c-4a3e-9dfc-00dd782ec9d1</workingInode>
    <lockedOn class="sql-timestamp">2019-04-16 22:09:27.692</lockedOn>
    <deleted>false</deleted>
    <versionTs class="sql-timestamp">2019-05-17 20:44:33.324</versionTs>
  </com.dotmarketing.portlets.templates.model.TemplateVersionInfo>
  <com.dotmarketing.portlets.templates.model.TemplateVersionInfo>
    <identifier>4bb72d3b-e572-4910-8fc2-d725279adeb5</identifier>
    <liveInode>a9b894fc-48dc-485b-b2d9-587956515e4c</liveInode>
    <workingInode>a9b894fc-48dc-485b-b2d9-587956515e4c</workingInode>
    <lockedOn class="sql-timestamp">2018-04-06 17:11:20.214</lockedOn>
    <deleted>false</deleted>
    <versionTs class="sql-timestamp">2019-05-17 20:44:33.327</versionTs>
  </com.dotmarketing.portlets.templates.model.TemplateVersionInfo>
  <com.dotmarketing.portlets.templates.model.TemplateVersionInfo>
    <identifier>50042108-38ec-48ba-be91-7f4368c8630f</identifier>
    <liveInode>9164f879-b4bb-46de-a306-4cdd7952253d</liveInode>
    <workingInode>9164f879-b4bb-46de-a306-4cdd7952253d</workingInode>
    <lockedOn class="sql-timestamp">2019-07-25 18:42:31.561</lockedOn>
    <deleted>false</deleted>
    <versionTs class="sql-timestamp">2019-07-25 18:42:39.911</versionTs>
  </com.dotmarketing.portlets.templates.model.TemplateVersionInfo>
  <com.dotmarketing.portlets.templates.model.TemplateVersionInfo>
    <identifier>5227bb4e-7b53-4777-af63-da789c40404d</identifier>
    <workingInode>abe89660-1b0b-48c9-9023-826267b07876</workingInode>
    <lockedOn class="sql-timestamp">2019-04-15 18:19:56.756</lockedOn>
    <deleted>false</deleted>
    <versionTs class="sql-timestamp">2019-05-17 20:44:33.418</versionTs>
  </com.dotmarketing.portlets.templates.model.TemplateVersionInfo>
  <com.dotmarketing.portlets.templates.model.TemplateVersionInfo>
    <identifier>5389e6a5-ee91-4164-b6ad-cc4f695f1d84</identifier>
    <liveInode>adba605c-4370-4db3-962e-b91ec4604e99</liveInode>
    <workingInode>adba605c-4370-4db3-962e-b91ec4604e99</workingInode>
    <lockedOn class="sql-timestamp">2018-07-18 13:35:56.699</lockedOn>
    <deleted>false</deleted>
    <versionTs class="sql-timestamp">2019-05-17 20:44:33.329</versionTs>
  </com.dotmarketing.portlets.templates.model.TemplateVersionInfo>
  <com.dotmarketing.portlets.templates.model.TemplateVersionInfo>
    <identifier>53fd322d-7f6d-4796-ba88-3880a256f13c</identifier>
    <liveInode>2b58d456-e891-4433-b9c2-f0086669ae0a</liveInode>
    <workingInode>2b58d456-e891-4433-b9c2-f0086669ae0a</workingInode>
    <lockedOn class="sql-timestamp">2018-09-25 00:40:03.483</lockedOn>
    <deleted>false</deleted>
    <versionTs class="sql-timestamp">2019-05-17 20:44:33.331</versionTs>
  </com.dotmarketing.portlets.templates.model.TemplateVersionInfo>
  <com.dotmarketing.portlets.templates.model.TemplateVersionInfo>
    <identifier>591cc010-2cf8-4da3-b75d-53dee0107062</identifier>
    <liveInode>6c764cc6-4e3d-4eac-96cf-a3f403c93e8c</liveInode>
    <workingInode>6c764cc6-4e3d-4eac-96cf-a3f403c93e8c</workingInode>
    <lockedOn class="sql-timestamp">2019-04-11 16:24:40.149</lockedOn>
    <deleted>false</deleted>
    <versionTs class="sql-timestamp">2019-05-17 20:44:33.339</versionTs>
  </com.dotmarketing.portlets.templates.model.TemplateVersionInfo>
  <com.dotmarketing.portlets.templates.model.TemplateVersionInfo>
    <identifier>593ef32c-2f01-4277-a6a9-2250fd5bb5fe</identifier>
    <liveInode>1b8e9931-cbea-4ee7-b2b0-2c5911b4e575</liveInode>
    <workingInode>1b8e9931-cbea-4ee7-b2b0-2c5911b4e575</workingInode>
    <lockedOn class="sql-timestamp">2019-07-26 15:45:14.13</lockedOn>
    <deleted>false</deleted>
    <versionTs class="sql-timestamp">2019-11-05 18:45:03.634</versionTs>
  </com.dotmarketing.portlets.templates.model.TemplateVersionInfo>
  <com.dotmarketing.portlets.templates.model.TemplateVersionInfo>
    <identifier>5a322949-aca5-4518-9920-fbd4de84a82d</identifier>
    <liveInode>f4240c47-913e-4c1a-8e54-e80eb1e7961d</liveInode>
    <workingInode>f4240c47-913e-4c1a-8e54-e80eb1e7961d</workingInode>
    <lockedOn class="sql-timestamp">2019-05-17 12:42:27.725</lockedOn>
    <deleted>false</deleted>
    <versionTs class="sql-timestamp">2019-05-17 20:44:33.34</versionTs>
  </com.dotmarketing.portlets.templates.model.TemplateVersionInfo>
  <com.dotmarketing.portlets.templates.model.TemplateVersionInfo>
    <identifier>5bf7da04-f79c-4a31-8eee-fddc2b157421</identifier>
    <liveInode>2d586171-ca0e-439d-8cec-0203cbecac07</liveInode>
    <workingInode>fc19f48f-0098-47a0-b0ad-040cf25c7270</workingInode>
    <lockedOn class="sql-timestamp">2019-04-18 14:17:26.956</lockedOn>
    <deleted>false</deleted>
    <versionTs class="sql-timestamp">2019-07-09 16:53:55.593</versionTs>
  </com.dotmarketing.portlets.templates.model.TemplateVersionInfo>
  <com.dotmarketing.portlets.templates.model.TemplateVersionInfo>
    <identifier>5d585f86-15ec-42a4-9a1a-87e57959cfbf</identifier>
    <liveInode>2e68de1c-51d9-4cb1-86e1-bdfb87a28239</liveInode>
    <workingInode>2e68de1c-51d9-4cb1-86e1-bdfb87a28239</workingInode>
    <lockedOn class="sql-timestamp">2018-09-18 16:22:29.434</lockedOn>
    <deleted>false</deleted>
    <versionTs class="sql-timestamp">2019-05-17 20:44:33.345</versionTs>
  </com.dotmarketing.portlets.templates.model.TemplateVersionInfo>
  <com.dotmarketing.portlets.templates.model.TemplateVersionInfo>
    <identifier>5ff402db-77c2-499c-a7db-a62d31d86cc4</identifier>
    <liveInode>0546d6b9-63bd-466e-bc05-c467fd7e2d61</liveInode>
    <workingInode>9962d47f-0f4a-436b-92d8-6045efd60396</workingInode>
    <lockedOn class="sql-timestamp">2019-04-16 22:47:59.441</lockedOn>
    <deleted>false</deleted>
    <versionTs class="sql-timestamp">2019-06-03 17:22:18.717</versionTs>
  </com.dotmarketing.portlets.templates.model.TemplateVersionInfo>
  <com.dotmarketing.portlets.templates.model.TemplateVersionInfo>
    <identifier>64269d16-2710-4919-88ec-3b09c89ea004</identifier>
    <liveInode>f9455e7a-bd1a-4cb7-9556-b7ede4f93fc3</liveInode>
    <workingInode>f9455e7a-bd1a-4cb7-9556-b7ede4f93fc3</workingInode>
    <lockedOn class="sql-timestamp">2018-10-30 17:34:43.925</lockedOn>
    <deleted>false</deleted>
    <versionTs class="sql-timestamp">2019-10-18 13:55:45.862</versionTs>
  </com.dotmarketing.portlets.templates.model.TemplateVersionInfo>
  <com.dotmarketing.portlets.templates.model.TemplateVersionInfo>
    <identifier>6828d30e-b9ec-48c7-b96c-81ef01a0a3b1</identifier>
    <liveInode>ed0c3959-bfb2-4a8e-927a-17c4d03c9261</liveInode>
    <workingInode>ed0c3959-bfb2-4a8e-927a-17c4d03c9261</workingInode>
    <lockedOn class="sql-timestamp">2018-11-02 15:57:16.704</lockedOn>
    <deleted>false</deleted>
    <versionTs class="sql-timestamp">2019-05-17 20:44:33.351</versionTs>
  </com.dotmarketing.portlets.templates.model.TemplateVersionInfo>
  <com.dotmarketing.portlets.templates.model.TemplateVersionInfo>
    <identifier>683ea6c2-5d33-4363-8061-c811b1381f25</identifier>
    <liveInode>a7d001e5-d6e8-4f82-9d08-ea7487e2689f</liveInode>
    <workingInode>a7d001e5-d6e8-4f82-9d08-ea7487e2689f</workingInode>
    <lockedOn class="sql-timestamp">2019-10-04 20:49:49.679</lockedOn>
    <deleted>false</deleted>
    <versionTs class="sql-timestamp">2019-10-07 18:41:17.979</versionTs>
  </com.dotmarketing.portlets.templates.model.TemplateVersionInfo>
  <com.dotmarketing.portlets.templates.model.TemplateVersionInfo>
    <identifier>69370958-2898-4d1e-96ad-ab14278ad961</identifier>
    <workingInode>d1113914-c2e4-4067-8c3a-68981d786a75</workingInode>
    <lockedOn class="sql-timestamp">2019-10-04 15:33:04.576</lockedOn>
    <deleted>false</deleted>
    <versionTs class="sql-timestamp">2019-10-04 15:33:04.576</versionTs>
  </com.dotmarketing.portlets.templates.model.TemplateVersionInfo>
  <com.dotmarketing.portlets.templates.model.TemplateVersionInfo>
    <identifier>6ffd89b1-3484-4a17-b5b4-e96ecdc6b4f9</identifier>
    <liveInode>c93c3500-2a0f-4cd6-b5c6-0490b1e014d1</liveInode>
    <workingInode>c93c3500-2a0f-4cd6-b5c6-0490b1e014d1</workingInode>
    <lockedOn class="sql-timestamp">2019-07-01 22:32:06.308</lockedOn>
    <deleted>false</deleted>
    <versionTs class="sql-timestamp">2019-07-01 22:35:44.28</versionTs>
  </com.dotmarketing.portlets.templates.model.TemplateVersionInfo>
  <com.dotmarketing.portlets.templates.model.TemplateVersionInfo>
    <identifier>76534a2a-04cd-4fd7-b891-0a1e61b1a859</identifier>
    <liveInode>0f73fef5-7269-41f3-9438-9830a457b6a0</liveInode>
    <workingInode>c3973631-3038-4bdb-b27e-25b8fd82cf24</workingInode>
    <lockedOn class="sql-timestamp">2019-05-22 16:27:00.449</lockedOn>
    <deleted>false</deleted>
    <versionTs class="sql-timestamp">2019-06-11 19:27:56.672</versionTs>
  </com.dotmarketing.portlets.templates.model.TemplateVersionInfo>
  <com.dotmarketing.portlets.templates.model.TemplateVersionInfo>
    <identifier>7ca937a7-a2b0-4da6-b8f7-a26dffda3827</identifier>
    <liveInode>3048660e-c036-47b8-9bde-6ef96ff609a7</liveInode>
    <workingInode>3048660e-c036-47b8-9bde-6ef96ff609a7</workingInode>
    <lockedOn class="sql-timestamp">2019-04-17 11:24:24.397</lockedOn>
    <deleted>false</deleted>
    <versionTs class="sql-timestamp">2019-05-17 20:44:33.358</versionTs>
  </com.dotmarketing.portlets.templates.model.TemplateVersionInfo>
  <com.dotmarketing.portlets.templates.model.TemplateVersionInfo>
    <identifier>8257a204-4cc2-48d6-b73f-189c34aedc2c</identifier>
    <liveInode>f2b7c8d8-a7c1-4334-9c0d-01ea70822baf</liveInode>
    <workingInode>f2b7c8d8-a7c1-4334-9c0d-01ea70822baf</workingInode>
    <lockedOn class="sql-timestamp">2018-09-21 16:02:21.196</lockedOn>
    <deleted>false</deleted>
    <versionTs class="sql-timestamp">2019-05-17 20:44:33.361</versionTs>
  </com.dotmarketing.portlets.templates.model.TemplateVersionInfo>
  <com.dotmarketing.portlets.templates.model.TemplateVersionInfo>
    <identifier>86a1e1fe-c026-49f7-91c9-3fb5a77e0172</identifier>
    <liveInode>4c7ce396-0685-4b66-bcfc-6561dd7dad33</liveInode>
    <workingInode>4c7ce396-0685-4b66-bcfc-6561dd7dad33</workingInode>
    <lockedOn class="sql-timestamp">2018-03-05 14:50:08.33</lockedOn>
    <deleted>false</deleted>
    <versionTs class="sql-timestamp">2019-05-17 20:44:33.363</versionTs>
  </com.dotmarketing.portlets.templates.model.TemplateVersionInfo>
  <com.dotmarketing.portlets.templates.model.TemplateVersionInfo>
    <identifier>9469fbf0-9fc2-451d-94d9-5fbfde5b5974</identifier>
    <liveInode>a0867428-0bdb-4191-af2f-4c19637ef40b</liveInode>
    <workingInode>a0867428-0bdb-4191-af2f-4c19637ef40b</workingInode>
    <lockedOn class="sql-timestamp">2019-09-09 12:55:26.839</lockedOn>
    <deleted>false</deleted>
    <versionTs class="sql-timestamp">2019-11-08 15:20:44.073</versionTs>
  </com.dotmarketing.portlets.templates.model.TemplateVersionInfo>
  <com.dotmarketing.portlets.templates.model.TemplateVersionInfo>
    <identifier>95e0af1d-bf6a-46ca-b0f7-665b23d00be3</identifier>
    <liveInode>ae0ea552-4a97-483b-b456-1c304491a5d5</liveInode>
    <workingInode>ae0ea552-4a97-483b-b456-1c304491a5d5</workingInode>
    <lockedOn class="sql-timestamp">2019-10-21 19:52:05.046</lockedOn>
    <deleted>false</deleted>
    <versionTs class="sql-timestamp">2019-10-31 14:27:27.03</versionTs>
  </com.dotmarketing.portlets.templates.model.TemplateVersionInfo>
  <com.dotmarketing.portlets.templates.model.TemplateVersionInfo>
    <identifier>965059bc-25b4-44b0-add8-b6fc5144be9d</identifier>
    <liveInode>1d83162a-edaf-412b-b004-295992eb5caa</liveInode>
    <workingInode>a2ed6aec-ecd7-4390-a4d4-d3047424fc84</workingInode>
    <lockedOn class="sql-timestamp">2019-04-11 16:14:30.963</lockedOn>
    <deleted>false</deleted>
    <versionTs class="sql-timestamp">2019-09-19 17:01:06.997</versionTs>
  </com.dotmarketing.portlets.templates.model.TemplateVersionInfo>
  <com.dotmarketing.portlets.templates.model.TemplateVersionInfo>
    <identifier>968b8147-92ba-458d-9fe1-941d9f7c0415</identifier>
    <liveInode>398300f4-1394-4514-9ad4-8809680b92a4</liveInode>
    <workingInode>398300f4-1394-4514-9ad4-8809680b92a4</workingInode>
    <lockedOn class="sql-timestamp">2018-10-05 13:10:45.768</lockedOn>
    <deleted>false</deleted>
    <versionTs class="sql-timestamp">2019-05-17 20:44:33.371</versionTs>
  </com.dotmarketing.portlets.templates.model.TemplateVersionInfo>
  <com.dotmarketing.portlets.templates.model.TemplateVersionInfo>
    <identifier>96e19b30-4f82-4a40-82ed-e8640962be93</identifier>
    <liveInode>f5879d20-abff-479d-aaa4-b417a3725998</liveInode>
    <workingInode>a090b2b0-0753-4771-934e-660b0368113c</workingInode>
    <lockedOn class="sql-timestamp">2018-07-24 19:09:05.362</lockedOn>
    <deleted>false</deleted>
    <versionTs class="sql-timestamp">2019-05-17 20:44:33.424</versionTs>
  </com.dotmarketing.portlets.templates.model.TemplateVersionInfo>
  <com.dotmarketing.portlets.templates.model.TemplateVersionInfo>
    <identifier>9ac7acb5-cef0-48fd-8cf4-963059442f2c</identifier>
    <workingInode>f0216d57-8d4c-4863-a3e8-9ef3ff168f1f</workingInode>
    <lockedOn class="sql-timestamp">2018-09-24 13:04:31.989</lockedOn>
    <deleted>false</deleted>
    <versionTs class="sql-timestamp">2019-05-17 20:44:33.426</versionTs>
  </com.dotmarketing.portlets.templates.model.TemplateVersionInfo>
  <com.dotmarketing.portlets.templates.model.TemplateVersionInfo>
    <identifier>9b9e7218-e086-4c61-991f-6ec22e7d7a82</identifier>
    <liveInode>be5383eb-fa12-4884-bdc8-7c2cb516c5b5</liveInode>
    <workingInode>8a780107-a9fe-4871-ab31-32c7d920518b</workingInode>
    <lockedOn class="sql-timestamp">2019-07-26 19:06:54.583</lockedOn>
    <deleted>false</deleted>
    <versionTs class="sql-timestamp">2020-02-11 19:37:51.164</versionTs>
  </com.dotmarketing.portlets.templates.model.TemplateVersionInfo>
  <com.dotmarketing.portlets.templates.model.TemplateVersionInfo>
    <identifier>9ce3e0fd-7578-421b-8241-59f6ed3adbd8</identifier>
    <liveInode>45c44f30-c90a-4deb-9fa7-ef270aa09c69</liveInode>
    <workingInode>45c44f30-c90a-4deb-9fa7-ef270aa09c69</workingInode>
    <lockedOn class="sql-timestamp">2018-11-05 14:40:49.287</lockedOn>
    <deleted>false</deleted>
    <versionTs class="sql-timestamp">2019-05-17 20:44:33.377</versionTs>
  </com.dotmarketing.portlets.templates.model.TemplateVersionInfo>
  <com.dotmarketing.portlets.templates.model.TemplateVersionInfo>
    <identifier>a55a982f-2b8f-4672-8a5a-f4560a42ec1d</identifier>
    <workingInode>84d3cfd1-b476-4bd9-a775-7c0c421c3937</workingInode>
    <lockedOn class="sql-timestamp">2018-06-13 19:52:13.658</lockedOn>
    <deleted>false</deleted>
    <versionTs class="sql-timestamp">2019-05-17 20:44:33.428</versionTs>
  </com.dotmarketing.portlets.templates.model.TemplateVersionInfo>
  <com.dotmarketing.portlets.templates.model.TemplateVersionInfo>
    <identifier>a9d7d59a-8ff8-4ee3-84c0-e49f6312b185</identifier>
    <liveInode>fa0a5930-c733-4a8f-91bf-d4bad9d1ea9e</liveInode>
    <workingInode>fa0a5930-c733-4a8f-91bf-d4bad9d1ea9e</workingInode>
    <lockedOn class="sql-timestamp">2019-09-20 15:35:27.885</lockedOn>
    <deleted>false</deleted>
    <versionTs class="sql-timestamp">2019-10-03 18:14:32.757</versionTs>
  </com.dotmarketing.portlets.templates.model.TemplateVersionInfo>
  <com.dotmarketing.portlets.templates.model.TemplateVersionInfo>
    <identifier>aed0ee71-a4b8-4afe-8a14-339f79ec5a6f</identifier>
    <liveInode>5b12f27b-6a9b-4179-9fb8-7f6032303877</liveInode>
    <workingInode>5b12f27b-6a9b-4179-9fb8-7f6032303877</workingInode>
    <lockedOn class="sql-timestamp">2018-09-25 02:58:28.635</lockedOn>
    <deleted>false</deleted>
    <versionTs class="sql-timestamp">2019-05-17 20:44:33.379</versionTs>
  </com.dotmarketing.portlets.templates.model.TemplateVersionInfo>
  <com.dotmarketing.portlets.templates.model.TemplateVersionInfo>
    <identifier>b0457d83-b3aa-46d2-a6f8-cbc553780f33</identifier>
    <liveInode>97aad934-5d1e-4132-a61c-46f33d1b318d</liveInode>
    <workingInode>97aad934-5d1e-4132-a61c-46f33d1b318d</workingInode>
    <lockedOn class="sql-timestamp">2018-10-31 20:55:52.492</lockedOn>
    <deleted>false</deleted>
    <versionTs class="sql-timestamp">2019-05-17 20:44:33.382</versionTs>
  </com.dotmarketing.portlets.templates.model.TemplateVersionInfo>
  <com.dotmarketing.portlets.templates.model.TemplateVersionInfo>
    <identifier>ba1002d7-d4db-4019-b242-8118054051a4</identifier>
    <workingInode>543b5efa-eb96-4868-8bad-1d96e99ab93f</workingInode>
    <lockedOn class="sql-timestamp">2019-07-29 13:30:03.74</lockedOn>
    <deleted>false</deleted>
    <versionTs class="sql-timestamp">2019-07-29 13:30:03.74</versionTs>
  </com.dotmarketing.portlets.templates.model.TemplateVersionInfo>
  <com.dotmarketing.portlets.templates.model.TemplateVersionInfo>
    <identifier>bca97d30-14f3-418d-8827-a2799c5e9a0c</identifier>
    <liveInode>b2440bc7-f3d0-4bd8-8fa5-28952fd37f62</liveInode>
    <workingInode>b2440bc7-f3d0-4bd8-8fa5-28952fd37f62</workingInode>
    <lockedOn class="sql-timestamp">2019-08-09 21:08:29.812</lockedOn>
    <deleted>false</deleted>
    <versionTs class="sql-timestamp">2019-09-18 18:57:21.852</versionTs>
  </com.dotmarketing.portlets.templates.model.TemplateVersionInfo>
  <com.dotmarketing.portlets.templates.model.TemplateVersionInfo>
    <identifier>c2470fd2-9687-4041-ac58-784894171840</identifier>
    <liveInode>2162bbbb-ec25-47ff-8e05-f70f6125981d</liveInode>
    <workingInode>2162bbbb-ec25-47ff-8e05-f70f6125981d</workingInode>
    <lockedOn class="sql-timestamp">2019-09-12 14:33:17.091</lockedOn>
    <deleted>false</deleted>
    <versionTs class="sql-timestamp">2019-10-24 14:51:11.151</versionTs>
  </com.dotmarketing.portlets.templates.model.TemplateVersionInfo>
  <com.dotmarketing.portlets.templates.model.TemplateVersionInfo>
    <identifier>c41cf5a6-3312-4e3b-b419-0f7d972f3305</identifier>
    <liveInode>e1785c86-0096-4e1e-a799-a2cb273c9a29</liveInode>
    <workingInode>e1785c86-0096-4e1e-a799-a2cb273c9a29</workingInode>
    <lockedOn class="sql-timestamp">2018-10-31 13:53:47.426</lockedOn>
    <deleted>false</deleted>
    <versionTs class="sql-timestamp">2019-05-17 20:44:33.385</versionTs>
  </com.dotmarketing.portlets.templates.model.TemplateVersionInfo>
  <com.dotmarketing.portlets.templates.model.TemplateVersionInfo>
    <identifier>c4500d42-30da-413d-aca9-7b56f844a055</identifier>
    <liveInode>969ca173-fbdd-4e26-8f2e-1d9ba8521bdc</liveInode>
    <workingInode>969ca173-fbdd-4e26-8f2e-1d9ba8521bdc</workingInode>
    <lockedOn class="sql-timestamp">2019-04-16 16:51:47.206</lockedOn>
    <deleted>false</deleted>
    <versionTs class="sql-timestamp">2019-05-17 20:44:33.387</versionTs>
  </com.dotmarketing.portlets.templates.model.TemplateVersionInfo>
  <com.dotmarketing.portlets.templates.model.TemplateVersionInfo>
    <identifier>cff6f9a9-d0f3-45c2-9370-dc0457c6bbf0</identifier>
    <liveInode>92fb0fee-5aa7-409c-87ef-63cb3f3c70f4</liveInode>
    <workingInode>50938cdd-6855-4761-9d67-86557093a682</workingInode>
    <lockedOn class="sql-timestamp">2019-04-11 16:16:24.724</lockedOn>
    <deleted>false</deleted>
    <versionTs class="sql-timestamp">2019-06-03 18:50:32.923</versionTs>
  </com.dotmarketing.portlets.templates.model.TemplateVersionInfo>
  <com.dotmarketing.portlets.templates.model.TemplateVersionInfo>
    <identifier>d03bcbfe-b67b-482c-ba1d-24fb5f6c5dc2</identifier>
    <liveInode>76fdb150-ceae-4033-8f39-bb97a5332fc5</liveInode>
    <workingInode>76fdb150-ceae-4033-8f39-bb97a5332fc5</workingInode>
    <lockedOn class="sql-timestamp">2019-04-17 11:18:47.519</lockedOn>
    <deleted>false</deleted>
    <versionTs class="sql-timestamp">2019-05-17 20:44:33.393</versionTs>
  </com.dotmarketing.portlets.templates.model.TemplateVersionInfo>
  <com.dotmarketing.portlets.templates.model.TemplateVersionInfo>
    <identifier>d0d0aa0f-8aba-416c-8951-f3e8fe9f20cc</identifier>
    <liveInode>45d04c50-df12-4f29-93dd-4b6721870f4e</liveInode>
    <workingInode>45d04c50-df12-4f29-93dd-4b6721870f4e</workingInode>
    <lockedOn class="sql-timestamp">2018-12-17 20:02:00.317</lockedOn>
    <deleted>false</deleted>
    <versionTs class="sql-timestamp">2019-05-17 20:44:33.396</versionTs>
  </com.dotmarketing.portlets.templates.model.TemplateVersionInfo>
  <com.dotmarketing.portlets.templates.model.TemplateVersionInfo>
    <identifier>d1ec7b30-8e9e-4b3e-b075-9cd9557fee8b</identifier>
    <liveInode>ab656a52-cd55-450b-818f-a33ac3996297</liveInode>
    <workingInode>ab656a52-cd55-450b-818f-a33ac3996297</workingInode>
    <lockedOn class="sql-timestamp">2018-06-13 15:47:01.189</lockedOn>
    <deleted>false</deleted>
    <versionTs class="sql-timestamp">2019-05-17 20:44:33.398</versionTs>
  </com.dotmarketing.portlets.templates.model.TemplateVersionInfo>
  <com.dotmarketing.portlets.templates.model.TemplateVersionInfo>
    <identifier>dc557d44-d90e-4a3c-ba8f-4cc9ee164fda</identifier>
    <liveInode>0702913b-f954-469f-a05f-5d3fc616daf2</liveInode>
    <workingInode>0702913b-f954-469f-a05f-5d3fc616daf2</workingInode>
    <lockedOn class="sql-timestamp">2019-04-15 16:14:37.448</lockedOn>
    <deleted>false</deleted>
    <versionTs class="sql-timestamp">2019-05-17 20:44:33.4</versionTs>
  </com.dotmarketing.portlets.templates.model.TemplateVersionInfo>
  <com.dotmarketing.portlets.templates.model.TemplateVersionInfo>
    <identifier>dee9deb8-6ed9-45d8-80d4-efc4614d2113</identifier>
    <liveInode>86b9c834-bb74-4e19-8743-cf23e166f711</liveInode>
    <workingInode>86b9c834-bb74-4e19-8743-cf23e166f711</workingInode>
    <lockedOn class="sql-timestamp">2019-04-16 22:10:19.424</lockedOn>
    <deleted>false</deleted>
    <versionTs class="sql-timestamp">2019-05-17 20:44:33.402</versionTs>
  </com.dotmarketing.portlets.templates.model.TemplateVersionInfo>
  <com.dotmarketing.portlets.templates.model.TemplateVersionInfo>
    <identifier>e357b275-3cc8-455b-b7d7-0adaefb51040</identifier>
    <liveInode>8b823726-37c0-487e-a0d8-7e10ea57ea94</liveInode>
    <workingInode>8b823726-37c0-487e-a0d8-7e10ea57ea94</workingInode>
    <lockedOn class="sql-timestamp">2018-11-28 17:49:52.964</lockedOn>
    <deleted>false</deleted>
    <versionTs class="sql-timestamp">2019-11-22 22:38:33.08</versionTs>
  </com.dotmarketing.portlets.templates.model.TemplateVersionInfo>
  <com.dotmarketing.portlets.templates.model.TemplateVersionInfo>
    <identifier>ea37dc2f-328b-452f-b05b-265a8a48382d</identifier>
    <workingInode>264b9596-95dc-41e2-a3ab-ce8a94542055</workingInode>
    <lockedOn class="sql-timestamp">2018-09-24 15:39:20.761</lockedOn>
    <deleted>false</deleted>
    <versionTs class="sql-timestamp">2019-05-17 20:44:33.433</versionTs>
  </com.dotmarketing.portlets.templates.model.TemplateVersionInfo>
  <com.dotmarketing.portlets.templates.model.TemplateVersionInfo>
    <identifier>ea887e3a-1e9d-47cf-995a-ce060ae1fc4e</identifier>
    <liveInode>4def88a9-de8c-4f18-a9ca-f75e9cc516f5</liveInode>
    <workingInode>4def88a9-de8c-4f18-a9ca-f75e9cc516f5</workingInode>
    <lockedOn class="sql-timestamp">2019-10-08 16:30:02.955</lockedOn>
    <deleted>false</deleted>
    <versionTs class="sql-timestamp">2019-11-06 18:26:43.158</versionTs>
  </com.dotmarketing.portlets.templates.model.TemplateVersionInfo>
  <com.dotmarketing.portlets.templates.model.TemplateVersionInfo>
    <identifier>ed39ed50-0118-4ac2-b047-a8c0960dbd48</identifier>
    <liveInode>59e3bb7c-abf0-41ea-9b22-000c862b8d13</liveInode>
    <workingInode>59e3bb7c-abf0-41ea-9b22-000c862b8d13</workingInode>
    <lockedOn class="sql-timestamp">2019-07-30 23:34:58.085</lockedOn>
    <deleted>false</deleted>
    <versionTs class="sql-timestamp">2019-08-05 21:33:48.643</versionTs>
  </com.dotmarketing.portlets.templates.model.TemplateVersionInfo>
  <com.dotmarketing.portlets.templates.model.TemplateVersionInfo>
    <identifier>f58cf618-df78-481c-b2ce-450bac89273a</identifier>
    <workingInode>06bc889b-d859-4d90-87a8-9eaa41cc6295</workingInode>
    <lockedOn class="sql-timestamp">2019-04-16 16:52:48.772</lockedOn>
    <deleted>false</deleted>
    <versionTs class="sql-timestamp">2019-05-17 20:44:33.436</versionTs>
  </com.dotmarketing.portlets.templates.model.TemplateVersionInfo>
  <com.dotmarketing.portlets.templates.model.TemplateVersionInfo>
    <identifier>f58f3fd8-7808-4074-b520-8edb531521e2</identifier>
    <liveInode>757334b2-1690-4b68-8686-1ab99dbc7c17</liveInode>
    <workingInode>757334b2-1690-4b68-8686-1ab99dbc7c17</workingInode>
    <lockedOn class="sql-timestamp">2018-11-02 17:41:46.319</lockedOn>
    <deleted>false</deleted>
    <versionTs class="sql-timestamp">2019-05-17 20:44:33.407</versionTs>
  </com.dotmarketing.portlets.templates.model.TemplateVersionInfo>
  <com.dotmarketing.portlets.templates.model.TemplateVersionInfo>
    <identifier>fdc739f6-fe53-4271-9c8c-a3e05d12fcac</identifier>
    <liveInode>8ab7a996-318d-48c1-baf4-62d6f0ce134a</liveInode>
    <workingInode>8ab7a996-318d-48c1-baf4-62d6f0ce134a</workingInode>
    <lockedOn class="sql-timestamp">2019-07-01 20:43:27.512</lockedOn>
    <deleted>false</deleted>
    <versionTs class="sql-timestamp">2019-11-05 18:44:29.482</versionTs>
  </com.dotmarketing.portlets.templates.model.TemplateVersionInfo>
</list>