{"schemes":[{"id":"d61a59e1-a49c-46f2-a929-db2b4bfa88b2","creationDate":1585199843733,"name":"System Workflow","description":"","archived":false,"mandatory":false,"defaultScheme":false,"modDate":1585197321869,"entryActionId":null,"system":true}],"steps":[{"id":"6cb7e3bd-1710-4eed-8838-d3db60f78f19","creationDate":1585199843778,"name":"New","schemeId":"d61a59e1-a49c-46f2-a929-db2b4bfa88b2","myOrder":0,"resolved":false,"enableEscalation":false,"escalationAction":null,"escalationTime":0},{"id":"ee24a4cb-2d15-4c98-b1bd-6327126451f3","creationDate":1585199843782,"name":"Draft","schemeId":"d61a59e1-a49c-46f2-a929-db2b4bfa88b2","myOrder":1,"resolved":false,"enableEscalation":false,"escalationAction":null,"escalationTime":0},{"id":"dc3c9cd0-8467-404b-bf95-cb7df3fbc293","creationDate":1585199843783,"name":"Published","schemeId":"d61a59e1-a49c-46f2-a929-db2b4bfa88b2","myOrder":2,"resolved":true,"enableEscalation":false,"escalationAction":null,"escalationTime":0},{"id":"d6b095b6-b65f-4bdb-bbfd-701d663dfee2","creationDate":1585199843784,"name":"Archived","schemeId":"d61a59e1-a49c-46f2-a929-db2b4bfa88b2","myOrder":3,"resolved":true,"enableEscalation":false,"escalationAction":null,"escalationTime":0}],"actions":[{"id":"4da13a42-5d59-480c-ad8f-94a3adf809fe","name":"Archive","schemeId":"d61a59e1-a49c-46f2-a929-db2b4bfa88b2","condition":"","nextStep":"d6b095b6-b65f-4bdb-bbfd-701d663dfee2","nextAssign":"654b0931-1027-41f7-ad4d-173115ed8ec1","icon":"workflowIcon","roleHierarchyForAssign":false,"assignable":false,"commentable":false,"order":0,"nextStepCurrentStep":false,"owner":null,"showOn":["LISTING","ARCHIVED","UNPUBLISHED","UNLOCKED"]},{"id":"963f6a04-5320-42e7-ab74-6d876d199946","name":"Copy","schemeId":"d61a59e1-a49c-46f2-a929-db2b4bfa88b2","condition":"","nextStep":"currentstep","nextAssign":"654b0931-1027-41f7-ad4d-173115ed8ec1","icon":"workflowIcon","roleHierarchyForAssign":false,"assignable":false,"commentable":false,"order":0,"nextStepCurrentStep":true,"owner":null,"showOn":["LISTING","UNLOCKED","PUBLISHED","LOCKED"]},{"id":"777f1c6b-c877-4a37-ba4b-10627316c2cc","name":"Delete","schemeId":"d61a59e1-a49c-46f2-a929-db2b4bfa88b2","condition":"","nextStep":"d6b095b6-b65f-4bdb-bbfd-701d663dfee2","nextAssign":"654b0931-1027-41f7-ad4d-173115ed8ec1","icon":"workflowIcon","roleHierarchyForAssign":false,"assignable":false,"commentable":false,"order":0,"nextStepCurrentStep":false,"owner":null,"showOn":["LISTING","ARCHIVED","EDITING","UNLOCKED","LOCKED"]},{"id":"1e0f1c6b-b67f-4c99-983d-db2b4bfa88b2","name":"Destroy","schemeId":"d61a59e1-a49c-46f2-a929-db2b4bfa88b2","condition":"","nextStep":"d6b095b6-b65f-4bdb-bbfd-701d663dfee2","nextAssign":"654b0931-1027-41f7-ad4d-173115ed8ec1","icon":"workflowIcon","roleHierarchyForAssign":false,"assignable":false,"commentable":false,"order":0,"nextStepCurrentStep":false,"owner":null,"showOn":["LISTING","ARCHIVED","EDITING","UNLOCKED","LOCKED"]},{"id":"b9d89c80-3d88-4311-8365-187323c96436","name":"Publish","schemeId":"d61a59e1-a49c-46f2-a929-db2b4bfa88b2","condition":"","nextStep":"dc3c9cd0-8467-404b-bf95-cb7df3fbc293","nextAssign":"654b0931-1027-41f7-ad4d-173115ed8ec1","icon":"workflowIcon","roleHierarchyForAssign":false,"assignable":false,"commentable":false,"order":0,"nextStepCurrentStep":false,"owner":null,"showOn":["LISTING","NEW","EDITING","UNPUBLISHED","UNLOCKED","PUBLISHED","LOCKED"]},{"id":"ceca71a0-deee-4999-bd47-b01baa1bcfc8","name":"Save","schemeId":"d61a59e1-a49c-46f2-a929-db2b4bfa88b2","condition":"","nextStep":"ee24a4cb-2d15-4c98-b1bd-6327126451f3","nextAssign":"654b0931-1027-41f7-ad4d-173115ed8ec1","icon":"workflowIcon","roleHierarchyForAssign":false,"assignable":false,"commentable":false,"order":0,"nextStepCurrentStep":false,"owner":null,"showOn":["NEW","EDITING","UNPUBLISHED","PUBLISHED","LOCKED"]},{"id":"c92f9aa1-9503-4567-ac30-d3242b54d02d","name":"Unarchive","schemeId":"d61a59e1-a49c-46f2-a929-db2b4bfa88b2","condition":"","nextStep":"ee24a4cb-2d15-4c98-b1bd-6327126451f3","nextAssign":"654b0931-1027-41f7-ad4d-173115ed8ec1","icon":"workflowIcon","roleHierarchyForAssign":false,"assignable":false,"commentable":false,"order":0,"nextStepCurrentStep":false,"owner":null,"showOn":["LISTING","ARCHIVED","UNLOCKED","LOCKED"]},{"id":"38efc763-d78f-4e4b-b092-59cd8c579b93","name":"Unpublish","schemeId":"d61a59e1-a49c-46f2-a929-db2b4bfa88b2","condition":"","nextStep":"ee24a4cb-2d15-4c98-b1bd-6327126451f3","nextAssign":"654b0931-1027-41f7-ad4d-173115ed8ec1","icon":"workflowIcon","roleHierarchyForAssign":false,"assignable":false,"commentable":false,"order":0,"nextStepCurrentStep":false,"owner":null,"showOn":["LISTING","UNLOCKED","PUBLISHED","LOCKED"]}],"actionSteps":[{"stepId":"6cb7e3bd-1710-4eed-8838-d3db60f78f19","actionId":"ceca71a0-deee-4999-bd47-b01baa1bcfc8","actionOrder":"0"},{"stepId":"6cb7e3bd-1710-4eed-8838-d3db60f78f19","actionId":"b9d89c80-3d88-4311-8365-187323c96436","actionOrder":"1"},{"stepId":"6cb7e3bd-1710-4eed-8838-d3db60f78f19","actionId":"777f1c6b-c877-4a37-ba4b-10627316c2cc","actionOrder":"2"},{"stepId":"ee24a4cb-2d15-4c98-b1bd-6327126451f3","actionId":"ceca71a0-deee-4999-bd47-b01baa1bcfc8","actionOrder":"0"},{"stepId":"ee24a4cb-2d15-4c98-b1bd-6327126451f3","actionId":"38efc763-d78f-4e4b-b092-59cd8c579b93","actionOrder":"1"},{"stepId":"ee24a4cb-2d15-4c98-b1bd-6327126451f3","actionId":"963f6a04-5320-42e7-ab74-6d876d199946","actionOrder":"2"},{"stepId":"ee24a4cb-2d15-4c98-b1bd-6327126451f3","actionId":"b9d89c80-3d88-4311-8365-187323c96436","actionOrder":"3"},{"stepId":"ee24a4cb-2d15-4c98-b1bd-6327126451f3","actionId":"4da13a42-5d59-480c-ad8f-94a3adf809fe","actionOrder":"4"},{"stepId":"dc3c9cd0-8467-404b-bf95-cb7df3fbc293","actionId":"963f6a04-5320-42e7-ab74-6d876d199946","actionOrder":"0"},{"stepId":"dc3c9cd0-8467-404b-bf95-cb7df3fbc293","actionId":"38efc763-d78f-4e4b-b092-59cd8c579b93","actionOrder":"1"},{"stepId":"dc3c9cd0-8467-404b-bf95-cb7df3fbc293","actionId":"ceca71a0-deee-4999-bd47-b01baa1bcfc8","actionOrder":"2"},{"stepId":"dc3c9cd0-8467-404b-bf95-cb7df3fbc293","actionId":"4da13a42-5d59-480c-ad8f-94a3adf809fe","actionOrder":"3"},{"stepId":"dc3c9cd0-8467-404b-bf95-cb7df3fbc293","actionId":"b9d89c80-3d88-4311-8365-187323c96436","actionOrder":"4"},{"stepId":"d6b095b6-b65f-4bdb-bbfd-701d663dfee2","actionId":"c92f9aa1-9503-4567-ac30-d3242b54d02d","actionOrder":"0"},{"stepId":"d6b095b6-b65f-4bdb-bbfd-701d663dfee2","actionId":"777f1c6b-c877-4a37-ba4b-10627316c2cc","actionOrder":"1"},{"stepId":"d6b095b6-b65f-4bdb-bbfd-701d663dfee2","actionId":"1e0f1c6b-b67f-4c99-983d-db2b4bfa88b2","actionOrder":"2"}],"actionClasses":[{"id":"74c560b7-f71d-44cd-bb33-8016abb3f0f2","actionId":"4da13a42-5d59-480c-ad8f-94a3adf809fe","name":"Archive content","order":0,"clazz":"com.dotmarketing.portlets.workflows.actionlet.ArchiveContentActionlet","actionlet":{"howTo":"This actionlet will archive the content.","name":"Archive content","parameters":null,"localizedHowto":"com.dotmarketing.portlets.workflows.actionlet.ArchiveContentActionlet.howTo","actionClass":"com.dotmarketing.portlets.workflows.actionlet.ArchiveContentActionlet","localizedName":"Archive Content"}},{"id":"6bc6def5-0565-483d-a5bf-e42d4e424bf0","actionId":"4da13a42-5d59-480c-ad8f-94a3adf809fe","name":"Unlock content","order":1,"clazz":"com.dotmarketing.portlets.workflows.actionlet.CheckinContentActionlet","actionlet":{"howTo":"This actionlet will checkin and unlock the content.","nextStep":null,"name":"Unlock content","parameters":null,"localizedHowto":"com.dotmarketing.portlets.workflows.actionlet.CheckinContentActionlet.howTo","actionClass":"com.dotmarketing.portlets.workflows.actionlet.CheckinContentActionlet","localizedName":"Unlock Content"}},{"id":"a0346612-62fe-4a8f-bdbc-528d25c71a13","actionId":"963f6a04-5320-42e7-ab74-6d876d199946","name":"Copy Contentlet","order":0,"clazz":"com.dotmarketing.portlets.workflows.actionlet.CopyActionlet","actionlet":{"howTo":"This workflow actionlet copies the edited contentlet ","name":"Copy Contentlet","parameters":[],"localizedHowto":"com.dotmarketing.portlets.workflows.actionlet.CopyActionlet.howTo","actionClass":"com.dotmarketing.portlets.workflows.actionlet.CopyActionlet","localizedName":"Copy Contentlet"}},{"id":"93f32847-87b7-4770-bd00-987446fd69b8","actionId":"777f1c6b-c877-4a37-ba4b-10627316c2cc","name":"Delete content","order":0,"clazz":"com.dotmarketing.portlets.workflows.actionlet.DeleteContentActionlet","actionlet":{"howTo":"This action will delete the content. Warning: this can't be undone!","name":"Delete content","parameters":null,"localizedHowto":"com.dotmarketing.portlets.workflows.actionlet.DeleteContentActionlet.howTo","actionClass":"com.dotmarketing.portlets.workflows.actionlet.DeleteContentActionlet","localizedName":"Delete content"}},{"id":"74f42846-86b6-4660-bd00-789446fd67c8","actionId":"1e0f1c6b-b67f-4c99-983d-db2b4bfa88b2","name":"Destroy content","order":0,"clazz":"com.dotmarketing.portlets.workflows.actionlet.DestroyContentActionlet","actionlet":{"howTo":"This will destroy the content in ALL languages that exist and cannot be undone","name":"Destroy content","parameters":null,"localizedHowto":"com.dotmarketing.portlets.workflows.actionlet.DestroyContentActionlet.howTo","actionClass":"com.dotmarketing.portlets.workflows.actionlet.DestroyContentActionlet","localizedName":"Destroy content"}},{"id":"b84879e9-545f-4436-b4c5-e76c1743d168","actionId":"b9d89c80-3d88-4311-8365-187323c96436","name":"Save content","order":0,"clazz":"com.dotmarketing.portlets.workflows.actionlet.SaveContentActionlet","actionlet":{"howTo":"This actionlet will checkin the content.","nextStep":null,"name":"Save content","parameters":null,"localizedHowto":"com.dotmarketing.portlets.workflows.actionlet.SaveContentActionlet.howTo","actionClass":"com.dotmarketing.portlets.workflows.actionlet.SaveContentActionlet","localizedName":"Save content"}},{"id":"9aacba54-b6f4-424c-97f2-56019cbdbbc7","actionId":"b9d89c80-3d88-4311-8365-187323c96436","name":"Publish content","order":1,"clazz":"com.dotmarketing.portlets.workflows.actionlet.PublishContentActionlet","actionlet":{"howTo":"This actionlet will publish the content.","nextStep":null,"name":"Publish content","parameters":null,"localizedHowto":"com.dotmarketing.portlets.workflows.actionlet.PublishContentActionlet.howTo","actionClass":"com.dotmarketing.portlets.workflows.actionlet.PublishContentActionlet","localizedName":"Publish Content"}},{"id":"6abcf2ab-16ae-4d84-9977-b6124d4d1f73","actionId":"b9d89c80-3d88-4311-8365-187323c96436","name":"Unlock content","order":2,"clazz":"com.dotmarketing.portlets.workflows.actionlet.CheckinContentActionlet","actionlet":{"howTo":"This actionlet will checkin and unlock the content.","nextStep":null,"name":"Unlock content","parameters":null,"localizedHowto":"com.dotmarketing.portlets.workflows.actionlet.CheckinContentActionlet.howTo","actionClass":"com.dotmarketing.portlets.workflows.actionlet.CheckinContentActionlet","localizedName":"Unlock Content"}},{"id":"52c05cfd-5544-4fe1-9fa4-4e9d95059909","actionId":"ceca71a0-deee-4999-bd47-b01baa1bcfc8","name":"Save Draft content","order":0,"clazz":"com.dotmarketing.portlets.workflows.actionlet.SaveContentAsDraftActionlet","actionlet":{"howTo":"This actionlet will do checkin as draft the content.","nextStep":null,"name":"Save Draft content","parameters":null,"localizedHowto":"com.dotmarketing.portlets.workflows.actionlet.SaveContentAsDraftActionlet.howTo","actionClass":"com.dotmarketing.portlets.workflows.actionlet.SaveContentAsDraftActionlet","localizedName":"Save Draft content"}},{"id":"7e25aaa2-8371-479a-a978-01374c70decd","actionId":"ceca71a0-deee-4999-bd47-b01baa1bcfc8","name":"Unlock content","order":1,"clazz":"com.dotmarketing.portlets.workflows.actionlet.CheckinContentActionlet","actionlet":{"howTo":"This actionlet will checkin and unlock the content.","nextStep":null,"name":"Unlock content","parameters":null,"localizedHowto":"com.dotmarketing.portlets.workflows.actionlet.CheckinContentActionlet.howTo","actionClass":"com.dotmarketing.portlets.workflows.actionlet.CheckinContentActionlet","localizedName":"Unlock Content"}},{"id":"a766e1a8-dd14-4b6a-b39e-98db6a258623","actionId":"c92f9aa1-9503-4567-ac30-d3242b54d02d","name":"Unarchive content","order":0,"clazz":"com.dotmarketing.portlets.workflows.actionlet.UnarchiveContentActionlet","actionlet":{"howTo":"This actionlet will un archive the content and return it to a working state","nextStep":null,"name":"Unarchive content","parameters":null,"localizedHowto":"com.dotmarketing.portlets.workflows.actionlet.UnarchiveContentActionlet.howTo","actionClass":"com.dotmarketing.portlets.workflows.actionlet.UnarchiveContentActionlet","localizedName":"Unarchive Content"}},{"id":"4132cee3-393d-42ee-84f7-1084a015c4b3","actionId":"38efc763-d78f-4e4b-b092-59cd8c579b93","name":"Unpublish content","order":0,"clazz":"com.dotmarketing.portlets.workflows.actionlet.UnpublishContentActionlet","actionlet":{"howTo":"This actionlet will unpublish the content.","nextStep":null,"name":"Unpublish content","parameters":null,"localizedHowto":"com.dotmarketing.portlets.workflows.actionlet.UnpublishContentActionlet.howTo","actionClass":"com.dotmarketing.portlets.workflows.actionlet.UnpublishContentActionlet","localizedName":"Unpublish Content"}}],"actionClassParams":[],"workflowStructures":[{"scheme_id":"d61a59e1-a49c-46f2-a929-db2b4bfa88b2","rownumber":"0","structure_id":"c6e3a3c6-a0c6-494b-9ae8-bde7322bc68e","id":"ffc83470-9541-4454-ad0f-10bea90be61b","oddoreven":"0"},{"scheme_id":"d61a59e1-a49c-46f2-a929-db2b4bfa88b2","rownumber":"1","structure_id":"897cf4a9-171a-4204-accb-c1b498c813fe","id":"2e90b858-0ead-413b-99a5-aa594f9cf680","oddoreven":"1"},{"scheme_id":"d61a59e1-a49c-46f2-a929-db2b4bfa88b2","rownumber":"2","structure_id":"33888b6f-7a8e-4069-b1b6-5c1aa9d0a48d","id":"ce124c80-16d6-47c9-9e26-3326bbfa998b","oddoreven":"0"},{"scheme_id":"d61a59e1-a49c-46f2-a929-db2b4bfa88b2","rownumber":"3","structure_id":"f4d7c1b8-2c88-4071-abf1-a5328977b07d","id":"0c0106df-6563-4e08-ae67-1e8cdecb5c05","oddoreven":"1"},{"scheme_id":"d61a59e1-a49c-46f2-a929-db2b4bfa88b2","rownumber":"4","structure_id":"855a2d72-f2f3-4169-8b04-ac5157c4380c","id":"203086df-f400-42f4-b05d-1b62e52be883","oddoreven":"0"},{"scheme_id":"d61a59e1-a49c-46f2-a929-db2b4bfa88b2","rownumber":"5","structure_id":"4d21b6d8-1711-4ae6-9419-89e2b1ae5a06","id":"f54498d0-4fe3-443b-a507-78d7ff794039","oddoreven":"1"},{"scheme_id":"d61a59e1-a49c-46f2-a929-db2b4bfa88b2","rownumber":"6","structure_id":"8e850645-bb92-4fda-a765-e67063a59be0","id":"85d5b026-00cc-4422-9465-4087faed2ff3","oddoreven":"0"},{"scheme_id":"d61a59e1-a49c-46f2-a929-db2b4bfa88b2","rownumber":"7","structure_id":"c541abb1-69b3-4bc5-8430-5e09e5239cc8","id":"04ed7311-1fad-4e83-835a-dcf625b33ec3","oddoreven":"1"},{"scheme_id":"d61a59e1-a49c-46f2-a929-db2b4bfa88b2","rownumber":"8","structure_id":"c938b15f-bcb6-49ef-8651-14d455a97045","id":"a78ad949-b2e0-44c3-bb34-e29d7353b101","oddoreven":"0"},{"scheme_id":"d61a59e1-a49c-46f2-a929-db2b4bfa88b2","rownumber":"9","structure_id":"f6259cc9-5d78-453e-8167-efd7b72b2e96","id":"fadef487-4618-4583-b2dc-df6f17777c68","oddoreven":"1"},{"scheme_id":"d61a59e1-a49c-46f2-a929-db2b4bfa88b2","rownumber":"10","structure_id":"2a3e91e4-fbbf-4876-8c5b-2233c1739b05","id":"ad9b798e-59d7-4a22-a051-b0ea1dd86a70","oddoreven":"0"}],"schemeSystemActionWorkflowActionMappings":[{"identifier":"3d6be719-6b61-4ef8-a594-a9764e461597","systemAction":"NEW","workflowAction":{"id":"ceca71a0-deee-4999-bd47-b01baa1bcfc8","name":"Save","schemeId":"d61a59e1-a49c-46f2-a929-db2b4bfa88b2","condition":"","nextStep":"ee24a4cb-2d15-4c98-b1bd-6327126451f3","nextAssign":"654b0931-1027-41f7-ad4d-173115ed8ec1","icon":"workflowIcon","roleHierarchyForAssign":false,"assignable":false,"commentable":false,"order":0,"nextStepCurrentStep":false,"owner":null,"showOn":["NEW","EDITING","UNPUBLISHED","PUBLISHED","LOCKED"]},"owner":{"id":"d61a59e1-a49c-46f2-a929-db2b4bfa88b2","creationDate":1585199843733,"name":"System Workflow","description":"","archived":false,"mandatory":false,"defaultScheme":false,"modDate":1585197321869,"entryActionId":null,"system":true},"ownerContentType":false,"ownerScheme":true},{"identifier":"63865890-c863-43a1-ab61-4b495dba5eb5","systemAction":"EDIT","workflowAction":{"id":"ceca71a0-deee-4999-bd47-b01baa1bcfc8","name":"Save","schemeId":"d61a59e1-a49c-46f2-a929-db2b4bfa88b2","condition":"","nextStep":"ee24a4cb-2d15-4c98-b1bd-6327126451f3","nextAssign":"654b0931-1027-41f7-ad4d-173115ed8ec1","icon":"workflowIcon","roleHierarchyForAssign":false,"assignable":false,"commentable":false,"order":0,"nextStepCurrentStep":false,"owner":null,"showOn":["NEW","EDITING","UNPUBLISHED","PUBLISHED","LOCKED"]},"owner":{"id":"d61a59e1-a49c-46f2-a929-db2b4bfa88b2","creationDate":1585199843733,"name":"System Workflow","description":"","archived":false,"mandatory":false,"defaultScheme":false,"modDate":1585197321869,"entryActionId":null,"system":true},"ownerContentType":false,"ownerScheme":true},{"identifier":"3ec446c8-a9b6-47fe-830f-1e623493090c","systemAction":"UNPUBLISH","workflowAction":{"id":"38efc763-d78f-4e4b-b092-59cd8c579b93","name":"Unpublish","schemeId":"d61a59e1-a49c-46f2-a929-db2b4bfa88b2","condition":"","nextStep":"ee24a4cb-2d15-4c98-b1bd-6327126451f3","nextAssign":"654b0931-1027-41f7-ad4d-173115ed8ec1","icon":"workflowIcon","roleHierarchyForAssign":false,"assignable":false,"commentable":false,"order":0,"nextStepCurrentStep":false,"owner":null,"showOn":["LISTING","UNLOCKED","PUBLISHED","LOCKED"]},"owner":{"id":"d61a59e1-a49c-46f2-a929-db2b4bfa88b2","creationDate":1585199843733,"name":"System Workflow","description":"","archived":false,"mandatory":false,"defaultScheme":false,"modDate":1585197321869,"entryActionId":null,"system":true},"ownerContentType":false,"ownerScheme":true},{"identifier":"99019118-df2c-4297-a5aa-2fe3fe0f52ce","systemAction":"UNARCHIVE","workflowAction":{"id":"c92f9aa1-9503-4567-ac30-d3242b54d02d","name":"Unarchive","schemeId":"d61a59e1-a49c-46f2-a929-db2b4bfa88b2","condition":"","nextStep":"ee24a4cb-2d15-4c98-b1bd-6327126451f3","nextAssign":"654b0931-1027-41f7-ad4d-173115ed8ec1","icon":"workflowIcon","roleHierarchyForAssign":false,"assignable":false,"commentable":false,"order":0,"nextStepCurrentStep":false,"owner":null,"showOn":["LISTING","ARCHIVED","UNLOCKED","LOCKED"]},"owner":{"id":"d61a59e1-a49c-46f2-a929-db2b4bfa88b2","creationDate":1585199843733,"name":"System Workflow","description":"","archived":false,"mandatory":false,"defaultScheme":false,"modDate":1585197321869,"entryActionId":null,"system":true},"ownerContentType":false,"ownerScheme":true},{"identifier":"2016a72e-85c7-4ee0-936f-36ce52df355e","systemAction":"PUBLISH","workflowAction":{"id":"b9d89c80-3d88-4311-8365-187323c96436","name":"Publish","schemeId":"d61a59e1-a49c-46f2-a929-db2b4bfa88b2","condition":"","nextStep":"dc3c9cd0-8467-404b-bf95-cb7df3fbc293","nextAssign":"654b0931-1027-41f7-ad4d-173115ed8ec1","icon":"workflowIcon","roleHierarchyForAssign":false,"assignable":false,"commentable":false,"order":0,"nextStepCurrentStep":false,"owner":null,"showOn":["LISTING","NEW","EDITING","UNPUBLISHED","UNLOCKED","PUBLISHED","LOCKED"]},"owner":{"id":"d61a59e1-a49c-46f2-a929-db2b4bfa88b2","creationDate":1585199843733,"name":"System Workflow","description":"","archived":false,"mandatory":false,"defaultScheme":false,"modDate":1585197321869,"entryActionId":null,"system":true},"ownerContentType":false,"ownerScheme":true},{"identifier":"e7b8c8a3-e605-473c-8680-6d95cac15c9b","systemAction":"ARCHIVE","workflowAction":{"id":"4da13a42-5d59-480c-ad8f-94a3adf809fe","name":"Archive","schemeId":"d61a59e1-a49c-46f2-a929-db2b4bfa88b2","condition":"","nextStep":"d6b095b6-b65f-4bdb-bbfd-701d663dfee2","nextAssign":"654b0931-1027-41f7-ad4d-173115ed8ec1","icon":"workflowIcon","roleHierarchyForAssign":false,"assignable":false,"commentable":false,"order":0,"nextStepCurrentStep":false,"owner":null,"showOn":["LISTING","ARCHIVED","UNPUBLISHED","UNLOCKED"]},"owner":{"id":"d61a59e1-a49c-46f2-a929-db2b4bfa88b2","creationDate":1585199843733,"name":"System Workflow","description":"","archived":false,"mandatory":false,"defaultScheme":false,"modDate":1585197321869,"entryActionId":null,"system":true},"ownerContentType":false,"ownerScheme":true},{"identifier":"3d73437e-3f1c-8e5c-ac97-a25e9cddf320","systemAction":"DESTROY","workflowAction":{"id":"1e0f1c6b-b67f-4c99-983d-db2b4bfa88b2","name":"Destroy","schemeId":"d61a59e1-a49c-46f2-a929-db2b4bfa88b2","condition":"","nextStep":"d6b095b6-b65f-4bdb-bbfd-701d663dfee2","nextAssign":"654b0931-1027-41f7-ad4d-173115ed8ec1","icon":"workflowIcon","roleHierarchyForAssign":false,"assignable":false,"commentable":false,"order":0,"nextStepCurrentStep":false,"owner":null,"showOn":["LISTING","ARCHIVED","EDITING","UNLOCKED","LOCKED"]},"owner":{"id":"d61a59e1-a49c-46f2-a929-db2b4bfa88b2","creationDate":1585199843733,"name":"System Workflow","description":"","archived":false,"mandatory":false,"defaultScheme":false,"modDate":1585197321869,"entryActionId":null,"system":true},"ownerContentType":false,"ownerScheme":true},{"identifier":"d073436e-3c10-4e4c-8c97-225e9cddf320","systemAction":"DELETE","workflowAction":{"id":"777f1c6b-c877-4a37-ba4b-10627316c2cc","name":"Delete","schemeId":"d61a59e1-a49c-46f2-a929-db2b4bfa88b2","condition":"","nextStep":"d6b095b6-b65f-4bdb-bbfd-701d663dfee2","nextAssign":"654b0931-1027-41f7-ad4d-173115ed8ec1","icon":"workflowIcon","roleHierarchyForAssign":false,"assignable":false,"commentable":false,"order":0,"nextStepCurrentStep":false,"owner":null,"showOn":["LISTING","ARCHIVED","EDITING","UNLOCKED","LOCKED"]},"owner":{"id":"d61a59e1-a49c-46f2-a929-db2b4bfa88b2","creationDate":1585199843733,"name":"System Workflow","description":"","archived":false,"mandatory":false,"defaultScheme":false,"modDate":1585197321869,"entryActionId":null,"system":true},"ownerContentType":false,"ownerScheme":true}],"contentTpeSystemActionWorkflowActionMappings":[{"identifier":"f6d0e67a-42f6-4317-a527-2bf3e71a66b5","systemAction":"NEW","workflowAction":{"id":"b9d89c80-3d88-4311-8365-187323c96436","name":"Publish","schemeId":"d61a59e1-a49c-46f2-a929-db2b4bfa88b2","condition":"","nextStep":"dc3c9cd0-8467-404b-bf95-cb7df3fbc293","nextAssign":"654b0931-1027-41f7-ad4d-173115ed8ec1","icon":"workflowIcon","roleHierarchyForAssign":false,"assignable":false,"commentable":false,"order":0,"nextStepCurrentStep":false,"owner":null,"showOn":["LISTING","NEW","EDITING","UNPUBLISHED","UNLOCKED","PUBLISHED","LOCKED"]},"owner":{"name":"Persona","id":"c938b15f-bcb6-49ef-8651-14d455a97045","description":"Default Structure for Personas","defaultType":false,"detailPage":null,"fixed":false,"iDate":1585199843836,"system":false,"versionable":true,"multilingualable":false,"variable":"persona","urlMapPattern":null,"publishDateVar":null,"expireDateVar":null,"owner":null,"modDate":1585197306000,"host":"SYSTEM_HOST","folder":"SYSTEM_FOLDER"},"ownerContentType":true,"ownerScheme":false}]}