<list>
  <com.dotmarketing.portlets.contentlet.model.ContentletVersionInfo>
    <identifier>0157b81a-d6fc-49e8-ab88-e7a6164b398e</identifier>
    <deleted>false</deleted>
    <lockedOn class="sql-timestamp">2018-09-12 15:34:39.396</lockedOn>
    <lang>1</lang>
    <workingInode>31c87ede-e649-4d5f-be9d-f358fd5e78c5</workingInode>
    <liveInode>31c87ede-e649-4d5f-be9d-f358fd5e78c5</liveInode>
    <versionTs class="sql-timestamp">2018-09-12 15:34:39.39</versionTs>
  </com.dotmarketing.portlets.contentlet.model.ContentletVersionInfo>
  <com.dotmarketing.portlets.contentlet.model.ContentletVersionInfo>
    <identifier>02a180e4-c57d-4b02-a260-93c782410107</identifier>
    <deleted>false</deleted>
    <lockedOn class="sql-timestamp">2018-09-12 15:34:39.582</lockedOn>
    <lang>1</lang>
    <workingInode>abfda747-971e-4b04-8cd4-a5268da85868</workingInode>
    <liveInode>abfda747-971e-4b04-8cd4-a5268da85868</liveInode>
    <versionTs class="sql-timestamp">2018-09-12 15:34:39.566</versionTs>
  </com.dotmarketing.portlets.contentlet.model.ContentletVersionInfo>
  <com.dotmarketing.portlets.contentlet.model.ContentletVersionInfo>
    <identifier>058856c9-08fc-41f8-8a62-e977960ca4ce</identifier>
    <deleted>false</deleted>
    <lockedOn class="sql-timestamp">2018-09-12 15:34:39.454</lockedOn>
    <lang>1</lang>
    <workingInode>c0e6365a-1c71-4330-a497-f02bb3ba18f2</workingInode>
    <liveInode>c0e6365a-1c71-4330-a497-f02bb3ba18f2</liveInode>
    <versionTs class="sql-timestamp">2018-09-12 15:34:39.449</versionTs>
  </com.dotmarketing.portlets.contentlet.model.ContentletVersionInfo>
  <com.dotmarketing.portlets.contentlet.model.ContentletVersionInfo>
    <identifier>0a9d33c9-f86f-48c8-b0ad-9930eb9633b6</identifier>
    <deleted>false</deleted>
    <lockedOn class="sql-timestamp">2018-09-12 15:34:39.956</lockedOn>
    <lang>1</lang>
    <workingInode>7ac66e8a-1f54-430e-9e02-0fcda4e48dce</workingInode>
    <liveInode>7ac66e8a-1f54-430e-9e02-0fcda4e48dce</liveInode>
    <versionTs class="sql-timestamp">2018-09-12 15:34:39.948</versionTs>
  </com.dotmarketing.portlets.contentlet.model.ContentletVersionInfo>
  <com.dotmarketing.portlets.contentlet.model.ContentletVersionInfo>
    <identifier>17d9a86d-6895-4606-bc1d-716c995e2af1</identifier>
    <deleted>false</deleted>
    <lockedOn class="sql-timestamp">2018-09-12 15:34:40.287</lockedOn>
    <lang>1</lang>
    <workingInode>54cd388e-77fa-40a6-a970-4a0705f61d60</workingInode>
    <liveInode>54cd388e-77fa-40a6-a970-4a0705f61d60</liveInode>
    <versionTs class="sql-timestamp">2018-09-12 15:34:40.278</versionTs>
  </com.dotmarketing.portlets.contentlet.model.ContentletVersionInfo>
  <com.dotmarketing.portlets.contentlet.model.ContentletVersionInfo>
    <identifier>1fddf9d6-b56a-427b-a2bc-a9bd3c6e86bb</identifier>
    <deleted>false</deleted>
    <lockedOn class="sql-timestamp">2018-09-12 15:34:39.523</lockedOn>
    <lang>1</lang>
    <workingInode>e9d31ee8-585e-4ad7-86da-40806d127c00</workingInode>
    <liveInode>e9d31ee8-585e-4ad7-86da-40806d127c00</liveInode>
    <versionTs class="sql-timestamp">2018-09-12 15:34:39.496</versionTs>
  </com.dotmarketing.portlets.contentlet.model.ContentletVersionInfo>
  <com.dotmarketing.portlets.contentlet.model.ContentletVersionInfo>
    <identifier>238a07cc-e5b1-45d8-95e9-73808d466ef1</identifier>
    <deleted>false</deleted>
    <lockedOn class="sql-timestamp">2018-09-12 15:34:39.399</lockedOn>
    <lang>1</lang>
    <workingInode>3db29aef-b683-4b2c-b7ab-64e243e8df3a</workingInode>
    <liveInode>3db29aef-b683-4b2c-b7ab-64e243e8df3a</liveInode>
    <versionTs class="sql-timestamp">2018-09-12 15:34:39.392</versionTs>
  </com.dotmarketing.portlets.contentlet.model.ContentletVersionInfo>
  <com.dotmarketing.portlets.contentlet.model.ContentletVersionInfo>
    <identifier>2e5ef0a0-7d0b-4ece-aaa1-645efdc1c19d</identifier>
    <deleted>false</deleted>
    <lockedOn class="sql-timestamp">2018-09-12 15:34:39.742</lockedOn>
    <lang>1</lang>
    <workingInode>4f916f56-c309-4f40-91c0-8ea84029b258</workingInode>
    <liveInode>4f916f56-c309-4f40-91c0-8ea84029b258</liveInode>
    <versionTs class="sql-timestamp">2018-09-12 15:34:39.734</versionTs>
  </com.dotmarketing.portlets.contentlet.model.ContentletVersionInfo>
  <com.dotmarketing.portlets.contentlet.model.ContentletVersionInfo>
    <identifier>325027fc-afa8-45de-a616-e4a82080cbfe</identifier>
    <deleted>false</deleted>
    <lockedOn class="sql-timestamp">2018-09-12 15:34:40.377</lockedOn>
    <lang>1</lang>
    <workingInode>51b84664-1504-4c3b-9ed3-73d06fba9256</workingInode>
    <liveInode>51b84664-1504-4c3b-9ed3-73d06fba9256</liveInode>
    <versionTs class="sql-timestamp">2018-09-12 15:34:40.314</versionTs>
  </com.dotmarketing.portlets.contentlet.model.ContentletVersionInfo>
  <com.dotmarketing.portlets.contentlet.model.ContentletVersionInfo>
    <identifier>3732ba65-0687-4990-a91c-46641eff905c</identifier>
    <deleted>false</deleted>
    <lockedOn class="sql-timestamp">2018-09-12 15:34:40.119</lockedOn>
    <lang>1</lang>
    <workingInode>9c9ea0d3-aaa8-4492-a170-7345abd73d44</workingInode>
    <liveInode>9c9ea0d3-aaa8-4492-a170-7345abd73d44</liveInode>
    <versionTs class="sql-timestamp">2018-09-12 15:34:40.109</versionTs>
  </com.dotmarketing.portlets.contentlet.model.ContentletVersionInfo>
  <com.dotmarketing.portlets.contentlet.model.ContentletVersionInfo>
    <identifier>43548c31-9452-4eed-b8a0-2827a9a9e0b7</identifier>
    <deleted>false</deleted>
    <lockedOn class="sql-timestamp">2018-09-12 15:34:39.615</lockedOn>
    <lang>1</lang>
    <workingInode>84e3008c-6c9b-42f9-bc8d-dd9127206837</workingInode>
    <liveInode>84e3008c-6c9b-42f9-bc8d-dd9127206837</liveInode>
    <versionTs class="sql-timestamp">2018-09-12 15:34:39.612</versionTs>
  </com.dotmarketing.portlets.contentlet.model.ContentletVersionInfo>
  <com.dotmarketing.portlets.contentlet.model.ContentletVersionInfo>
    <identifier>48190c8c-42c4-46af-8d1a-0cd5db894797</identifier>
    <deleted>false</deleted>
    <lockedOn class="sql-timestamp">2018-09-07 02:47:36.994</lockedOn>
    <lang>1</lang>
    <workingInode>f2fc75ab-177b-4c4c-a21d-4effb61adc1d</workingInode>
    <liveInode>f2fc75ab-177b-4c4c-a21d-4effb61adc1d</liveInode>
    <versionTs class="sql-timestamp">2018-09-07 02:47:36.99</versionTs>
  </com.dotmarketing.portlets.contentlet.model.ContentletVersionInfo>
  <com.dotmarketing.portlets.contentlet.model.ContentletVersionInfo>
    <identifier>4a5356ea-46c7-4b43-a80a-6b1cfd04dd51</identifier>
    <deleted>false</deleted>
    <lockedOn class="sql-timestamp">2018-09-12 15:34:39.5</lockedOn>
    <lang>1</lang>
    <workingInode>a8c71488-f83b-4273-9c26-a0ade69deb30</workingInode>
    <liveInode>a8c71488-f83b-4273-9c26-a0ade69deb30</liveInode>
    <versionTs class="sql-timestamp">2018-09-12 15:34:39.492</versionTs>
  </com.dotmarketing.portlets.contentlet.model.ContentletVersionInfo>
  <com.dotmarketing.portlets.contentlet.model.ContentletVersionInfo>
    <identifier>543f3e39-4eee-4763-9c89-1b366bd4e226</identifier>
    <deleted>false</deleted>
    <lockedOn class="sql-timestamp">2018-09-12 15:34:39.671</lockedOn>
    <lang>1</lang>
    <workingInode>400df883-b9c9-49f6-8e8b-f28a34baceb8</workingInode>
    <liveInode>400df883-b9c9-49f6-8e8b-f28a34baceb8</liveInode>
    <versionTs class="sql-timestamp">2018-09-12 15:34:39.667</versionTs>
  </com.dotmarketing.portlets.contentlet.model.ContentletVersionInfo>
  <com.dotmarketing.portlets.contentlet.model.ContentletVersionInfo>
    <identifier>583169a1-3ae9-45fa-8080-b18d23f58721</identifier>
    <deleted>false</deleted>
    <lockedOn class="sql-timestamp">2018-09-12 15:34:39.756</lockedOn>
    <lang>1</lang>
    <workingInode>225e0b3f-3735-4b94-99e0-7dd41ab14677</workingInode>
    <liveInode>225e0b3f-3735-4b94-99e0-7dd41ab14677</liveInode>
    <versionTs class="sql-timestamp">2018-09-12 15:34:39.752</versionTs>
  </com.dotmarketing.portlets.contentlet.model.ContentletVersionInfo>
  <com.dotmarketing.portlets.contentlet.model.ContentletVersionInfo>
    <identifier>5bea3858-f003-4b0c-9de0-ef3662e8df00</identifier>
    <deleted>false</deleted>
    <lockedOn class="sql-timestamp">2018-09-13 21:05:18.833</lockedOn>
    <lang>1</lang>
    <workingInode>81fa4d14-9cf6-4d7b-a68a-eb9df234c699</workingInode>
    <liveInode>81fa4d14-9cf6-4d7b-a68a-eb9df234c699</liveInode>
    <versionTs class="sql-timestamp">2018-09-13 21:05:18.83</versionTs>
  </com.dotmarketing.portlets.contentlet.model.ContentletVersionInfo>
  <com.dotmarketing.portlets.contentlet.model.ContentletVersionInfo>
    <identifier>6d55be02-dc09-40f4-97be-20dd47d3fff3</identifier>
    <deleted>false</deleted>
    <lockedOn class="sql-timestamp">2018-09-12 15:34:39.89</lockedOn>
    <lang>1</lang>
    <workingInode>1dd15a61-563f-4acc-ad74-9a57ea8e85f4</workingInode>
    <liveInode>1dd15a61-563f-4acc-ad74-9a57ea8e85f4</liveInode>
    <versionTs class="sql-timestamp">2018-09-12 15:34:39.765</versionTs>
  </com.dotmarketing.portlets.contentlet.model.ContentletVersionInfo>
  <com.dotmarketing.portlets.contentlet.model.ContentletVersionInfo>
    <identifier>76bfe274-6f59-46e5-83c5-5652f49d195c</identifier>
    <deleted>false</deleted>
    <lockedOn class="sql-timestamp">2018-09-12 15:34:40.411</lockedOn>
    <lang>1</lang>
    <workingInode>d899463f-c326-4da4-8e3d-4a8886e4ae39</workingInode>
    <liveInode>d899463f-c326-4da4-8e3d-4a8886e4ae39</liveInode>
    <versionTs class="sql-timestamp">2018-09-12 15:34:40.404</versionTs>
  </com.dotmarketing.portlets.contentlet.model.ContentletVersionInfo>
  <com.dotmarketing.portlets.contentlet.model.ContentletVersionInfo>
    <identifier>80d79e73-fd8d-42dc-922e-c5fa757e31d6</identifier>
    <deleted>false</deleted>
    <lockedOn class="sql-timestamp">2018-09-13 21:09:56.909</lockedOn>
    <lang>1</lang>
    <workingInode>e9f65c55-bdce-45d1-b7af-c6d3fc007068</workingInode>
    <liveInode>e9f65c55-bdce-45d1-b7af-c6d3fc007068</liveInode>
    <versionTs class="sql-timestamp">2018-09-13 21:09:56.907</versionTs>
  </com.dotmarketing.portlets.contentlet.model.ContentletVersionInfo>
  <com.dotmarketing.portlets.contentlet.model.ContentletVersionInfo>
    <identifier>8721fcc3-f5dc-4ee6-a614-9773fed75576</identifier>
    <deleted>false</deleted>
    <lockedOn class="sql-timestamp">2018-09-12 15:34:39.924</lockedOn>
    <lang>1</lang>
    <workingInode>c7a99039-e655-490f-a39b-660ac13a58b0</workingInode>
    <liveInode>c7a99039-e655-490f-a39b-660ac13a58b0</liveInode>
    <versionTs class="sql-timestamp">2018-09-12 15:34:39.911</versionTs>
  </com.dotmarketing.portlets.contentlet.model.ContentletVersionInfo>
  <com.dotmarketing.portlets.contentlet.model.ContentletVersionInfo>
    <identifier>89580a20-c9b5-4e4c-91a0-b1f511953f7f</identifier>
    <deleted>false</deleted>
    <lockedOn class="sql-timestamp">2018-09-12 15:34:39.392</lockedOn>
    <lang>1</lang>
    <workingInode>6aa04d9a-8509-496a-ab58-1f73afa43dd5</workingInode>
    <liveInode>6aa04d9a-8509-496a-ab58-1f73afa43dd5</liveInode>
    <versionTs class="sql-timestamp">2018-09-12 15:34:39.37</versionTs>
  </com.dotmarketing.portlets.contentlet.model.ContentletVersionInfo>
  <com.dotmarketing.portlets.contentlet.model.ContentletVersionInfo>
    <identifier>8a89c87f-0947-4c25-ad96-2e639249e66b</identifier>
    <deleted>false</deleted>
    <lockedOn class="sql-timestamp">2018-09-12 15:34:39.656</lockedOn>
    <lang>1</lang>
    <workingInode>d2829af0-78a2-4b72-a979-850730231ad5</workingInode>
    <liveInode>d2829af0-78a2-4b72-a979-850730231ad5</liveInode>
    <versionTs class="sql-timestamp">2018-09-12 15:34:39.64</versionTs>
  </com.dotmarketing.portlets.contentlet.model.ContentletVersionInfo>
  <com.dotmarketing.portlets.contentlet.model.ContentletVersionInfo>
    <identifier>8fa556a3-f506-44b2-a1a3-a39c65c0cf72</identifier>
    <deleted>false</deleted>
    <lockedOn class="sql-timestamp">2018-09-12 15:34:39.721</lockedOn>
    <lang>1</lang>
    <workingInode>b5a626a9-a5d0-497e-b364-5b56c9eec336</workingInode>
    <liveInode>b5a626a9-a5d0-497e-b364-5b56c9eec336</liveInode>
    <versionTs class="sql-timestamp">2018-09-12 15:34:39.715</versionTs>
  </com.dotmarketing.portlets.contentlet.model.ContentletVersionInfo>
  <com.dotmarketing.portlets.contentlet.model.ContentletVersionInfo>
    <identifier>8fef464c-8a4f-42d3-8045-4442105a47bc</identifier>
    <deleted>false</deleted>
    <lockedOn class="sql-timestamp">2018-09-12 15:34:39.739</lockedOn>
    <lang>1</lang>
    <workingInode>205af28a-2691-4351-bee1-56d60d4ac349</workingInode>
    <liveInode>205af28a-2691-4351-bee1-56d60d4ac349</liveInode>
    <versionTs class="sql-timestamp">2018-09-12 15:34:39.732</versionTs>
  </com.dotmarketing.portlets.contentlet.model.ContentletVersionInfo>
  <com.dotmarketing.portlets.contentlet.model.ContentletVersionInfo>
    <identifier>9313ce37-b9ce-446a-aa0f-d5dc4ed316a7</identifier>
    <deleted>false</deleted>
    <lockedOn class="sql-timestamp">2018-09-12 15:34:39.371</lockedOn>
    <lang>1</lang>
    <workingInode>bb3cb14f-1158-4cbf-a018-6d087319d615</workingInode>
    <liveInode>bb3cb14f-1158-4cbf-a018-6d087319d615</liveInode>
    <versionTs class="sql-timestamp">2018-09-12 15:34:39.35</versionTs>
  </com.dotmarketing.portlets.contentlet.model.ContentletVersionInfo>
  <com.dotmarketing.portlets.contentlet.model.ContentletVersionInfo>
    <identifier>9964f3f9-66a1-492c-ab71-52db6a5c997f</identifier>
    <deleted>false</deleted>
    <lockedOn class="sql-timestamp">2018-09-12 15:34:40.411</lockedOn>
    <lang>1</lang>
    <workingInode>d8f9474f-c35a-4945-ab31-49a908a78b5b</workingInode>
    <liveInode>d8f9474f-c35a-4945-ab31-49a908a78b5b</liveInode>
    <versionTs class="sql-timestamp">2018-09-12 15:34:40.404</versionTs>
  </com.dotmarketing.portlets.contentlet.model.ContentletVersionInfo>
  <com.dotmarketing.portlets.contentlet.model.ContentletVersionInfo>
    <identifier>9af70154-ac5f-48b6-bf09-191367b3b470</identifier>
    <deleted>false</deleted>
    <lockedOn class="sql-timestamp">2018-09-12 15:34:40.206</lockedOn>
    <lang>1</lang>
    <workingInode>12b31c16-a0f8-47fb-b095-aa470e54abd9</workingInode>
    <liveInode>12b31c16-a0f8-47fb-b095-aa470e54abd9</liveInode>
    <versionTs class="sql-timestamp">2018-09-12 15:34:40.201</versionTs>
  </com.dotmarketing.portlets.contentlet.model.ContentletVersionInfo>
  <com.dotmarketing.portlets.contentlet.model.ContentletVersionInfo>
    <identifier>9d184249-941a-42a3-8fc5-0dc868489711</identifier>
    <deleted>false</deleted>
    <lockedOn class="sql-timestamp">2018-09-12 15:34:40.112</lockedOn>
    <lang>1</lang>
    <workingInode>bdf129ee-ca3b-4f12-b354-e8428550d3e6</workingInode>
    <liveInode>bdf129ee-ca3b-4f12-b354-e8428550d3e6</liveInode>
    <versionTs class="sql-timestamp">2018-09-12 15:34:40.109</versionTs>
  </com.dotmarketing.portlets.contentlet.model.ContentletVersionInfo>
  <com.dotmarketing.portlets.contentlet.model.ContentletVersionInfo>
    <identifier>9d713eba-035b-43de-830a-7a8f25df0c40</identifier>
    <deleted>false</deleted>
    <lockedOn class="sql-timestamp">2018-09-12 15:34:40.122</lockedOn>
    <lang>1</lang>
    <workingInode>be58fa5a-1e74-4bbf-b811-c5836e22b329</workingInode>
    <liveInode>be58fa5a-1e74-4bbf-b811-c5836e22b329</liveInode>
    <versionTs class="sql-timestamp">2018-09-12 15:34:40.119</versionTs>
  </com.dotmarketing.portlets.contentlet.model.ContentletVersionInfo>
  <com.dotmarketing.portlets.contentlet.model.ContentletVersionInfo>
    <identifier>9fae5bd7-8677-4195-a79c-ab27f330d887</identifier>
    <deleted>false</deleted>
    <lockedOn class="sql-timestamp">2018-09-12 15:34:39.602</lockedOn>
    <lang>1</lang>
    <workingInode>690f281a-0af6-4b3b-9254-3659ce6d1342</workingInode>
    <liveInode>690f281a-0af6-4b3b-9254-3659ce6d1342</liveInode>
    <versionTs class="sql-timestamp">2018-09-12 15:34:39.574</versionTs>
  </com.dotmarketing.portlets.contentlet.model.ContentletVersionInfo>
  <com.dotmarketing.portlets.contentlet.model.ContentletVersionInfo>
    <identifier>a70620ae-b18f-42d4-9fae-a1f20a1889fd</identifier>
    <deleted>false</deleted>
    <lockedOn class="sql-timestamp">2018-09-12 15:34:39.547</lockedOn>
    <lang>1</lang>
    <workingInode>241b7d8c-356a-47c6-8c1c-9487721521d3</workingInode>
    <liveInode>241b7d8c-356a-47c6-8c1c-9487721521d3</liveInode>
    <versionTs class="sql-timestamp">2018-09-12 15:34:39.534</versionTs>
  </com.dotmarketing.portlets.contentlet.model.ContentletVersionInfo>
  <com.dotmarketing.portlets.contentlet.model.ContentletVersionInfo>
    <identifier>ab6485a1-0f69-4436-8b91-e5e6ac08bc6b</identifier>
    <deleted>false</deleted>
    <lockedOn class="sql-timestamp">2018-09-12 15:34:39.458</lockedOn>
    <lang>1</lang>
    <workingInode>73376bae-a6cc-4941-96b7-a33da6cfe04d</workingInode>
    <liveInode>73376bae-a6cc-4941-96b7-a33da6cfe04d</liveInode>
    <versionTs class="sql-timestamp">2018-09-12 15:34:39.455</versionTs>
  </com.dotmarketing.portlets.contentlet.model.ContentletVersionInfo>
  <com.dotmarketing.portlets.contentlet.model.ContentletVersionInfo>
    <identifier>acb137f2-9b5f-4c52-b75b-f377ab6e7d9c</identifier>
    <deleted>false</deleted>
    <lockedOn class="sql-timestamp">2018-09-12 15:34:39.349</lockedOn>
    <lang>1</lang>
    <workingInode>fb8cc56b-d544-45fa-8fa3-a2030226878c</workingInode>
    <liveInode>fb8cc56b-d544-45fa-8fa3-a2030226878c</liveInode>
    <versionTs class="sql-timestamp">2018-09-12 15:34:39.337</versionTs>
  </com.dotmarketing.portlets.contentlet.model.ContentletVersionInfo>
  <com.dotmarketing.portlets.contentlet.model.ContentletVersionInfo>
    <identifier>b86c31fa-342e-4796-ac3b-cca383f5d8ef</identifier>
    <deleted>false</deleted>
    <lockedOn class="sql-timestamp">2018-09-12 15:34:39.985</lockedOn>
    <lang>1</lang>
    <workingInode>51c9b0b9-1b31-4cee-82b6-da31bd8fdad6</workingInode>
    <liveInode>51c9b0b9-1b31-4cee-82b6-da31bd8fdad6</liveInode>
    <versionTs class="sql-timestamp">2018-09-12 15:34:39.981</versionTs>
  </com.dotmarketing.portlets.contentlet.model.ContentletVersionInfo>
  <com.dotmarketing.portlets.contentlet.model.ContentletVersionInfo>
    <identifier>ba49a150-9188-4cf5-9295-6a6e2a51a42b</identifier>
    <deleted>false</deleted>
    <lockedOn class="sql-timestamp">2018-09-12 15:34:39.506</lockedOn>
    <lang>1</lang>
    <workingInode>a48bcd6e-3ec8-4432-a29c-55b9f5cd3ef6</workingInode>
    <liveInode>a48bcd6e-3ec8-4432-a29c-55b9f5cd3ef6</liveInode>
    <versionTs class="sql-timestamp">2018-09-12 15:34:39.491</versionTs>
  </com.dotmarketing.portlets.contentlet.model.ContentletVersionInfo>
  <com.dotmarketing.portlets.contentlet.model.ContentletVersionInfo>
    <identifier>bebaa3bb-c27f-4369-a1b7-1af96caf8d70</identifier>
    <deleted>false</deleted>
    <lockedOn class="sql-timestamp">2018-09-22 03:59:23.729</lockedOn>
    <lang>1</lang>
    <workingInode>4d38553a-c994-4b92-ba6c-2b9da0c2dd4b</workingInode>
    <liveInode>4d38553a-c994-4b92-ba6c-2b9da0c2dd4b</liveInode>
    <versionTs class="sql-timestamp">2018-09-12 15:34:40.479</versionTs>
  </com.dotmarketing.portlets.contentlet.model.ContentletVersionInfo>
  <com.dotmarketing.portlets.contentlet.model.ContentletVersionInfo>
    <identifier>c13294e6-a9c8-4795-b405-0b5af90b311e</identifier>
    <deleted>false</deleted>
    <lockedOn class="sql-timestamp">2018-09-12 15:34:39.691</lockedOn>
    <lang>1</lang>
    <workingInode>7767a53f-a9ce-4d73-b6a2-802f9a89549c</workingInode>
    <liveInode>7767a53f-a9ce-4d73-b6a2-802f9a89549c</liveInode>
    <versionTs class="sql-timestamp">2018-09-12 15:34:39.689</versionTs>
  </com.dotmarketing.portlets.contentlet.model.ContentletVersionInfo>
  <com.dotmarketing.portlets.contentlet.model.ContentletVersionInfo>
    <identifier>c2805852-57cb-4d6e-bc91-9b97d6ef50ca</identifier>
    <deleted>false</deleted>
    <lockedOn class="sql-timestamp">2018-09-12 15:34:39.642</lockedOn>
    <lang>1</lang>
    <workingInode>a3bc0c59-f76a-4829-93ee-377b293896d3</workingInode>
    <liveInode>a3bc0c59-f76a-4829-93ee-377b293896d3</liveInode>
    <versionTs class="sql-timestamp">2018-09-12 15:34:39.622</versionTs>
  </com.dotmarketing.portlets.contentlet.model.ContentletVersionInfo>
  <com.dotmarketing.portlets.contentlet.model.ContentletVersionInfo>
    <identifier>cb8daa2a-66f6-48f9-9c2d-3b031fb80b16</identifier>
    <deleted>false</deleted>
    <lockedOn class="sql-timestamp">2018-09-12 15:34:40.171</lockedOn>
    <lang>1</lang>
    <workingInode>5edac8e9-ca56-41ec-844f-d10bfe652ba5</workingInode>
    <liveInode>5edac8e9-ca56-41ec-844f-d10bfe652ba5</liveInode>
    <versionTs class="sql-timestamp">2018-09-12 15:34:40.167</versionTs>
  </com.dotmarketing.portlets.contentlet.model.ContentletVersionInfo>
  <com.dotmarketing.portlets.contentlet.model.ContentletVersionInfo>
    <identifier>d1cead20-9b8b-46c5-a813-a3268fbbc575</identifier>
    <deleted>false</deleted>
    <lockedOn class="sql-timestamp">2018-09-12 15:34:40.066</lockedOn>
    <lang>1</lang>
    <workingInode>2a965c66-fe35-4259-b266-bc8b534ce857</workingInode>
    <liveInode>2a965c66-fe35-4259-b266-bc8b534ce857</liveInode>
    <versionTs class="sql-timestamp">2018-09-12 15:34:40.06</versionTs>
  </com.dotmarketing.portlets.contentlet.model.ContentletVersionInfo>
  <com.dotmarketing.portlets.contentlet.model.ContentletVersionInfo>
    <identifier>ee40a8e9-24b5-493f-bacf-11027a3e14db</identifier>
    <deleted>false</deleted>
    <lockedOn class="sql-timestamp">2018-09-12 15:34:40.006</lockedOn>
    <lang>1</lang>
    <workingInode>86cb85a7-412b-44b6-855e-06e7ea3ece90</workingInode>
    <liveInode>86cb85a7-412b-44b6-855e-06e7ea3ece90</liveInode>
    <versionTs class="sql-timestamp">2018-09-12 15:34:40.003</versionTs>
  </com.dotmarketing.portlets.contentlet.model.ContentletVersionInfo>
  <com.dotmarketing.portlets.contentlet.model.ContentletVersionInfo>
    <identifier>f08e8ff0-5e37-4856-96ac-00c113b421f1</identifier>
    <deleted>false</deleted>
    <lockedOn class="sql-timestamp">2018-09-14 18:05:22.042</lockedOn>
    <lang>1</lang>
    <workingInode>6bf50474-6e9f-443f-8c7c-9ee352327871</workingInode>
    <liveInode>6bf50474-6e9f-443f-8c7c-9ee352327871</liveInode>
    <versionTs class="sql-timestamp">2018-09-14 18:05:22.037</versionTs>
  </com.dotmarketing.portlets.contentlet.model.ContentletVersionInfo>
  <com.dotmarketing.portlets.contentlet.model.ContentletVersionInfo>
    <identifier>f6e76ea1-7424-4b61-a30c-40e66baffbec</identifier>
    <deleted>false</deleted>
    <lockedOn class="sql-timestamp">2018-09-12 15:34:39.99</lockedOn>
    <lang>1</lang>
    <workingInode>95dffd47-c649-4ca7-8478-611506410e78</workingInode>
    <liveInode>95dffd47-c649-4ca7-8478-611506410e78</liveInode>
    <versionTs class="sql-timestamp">2018-09-12 15:34:39.982</versionTs>
  </com.dotmarketing.portlets.contentlet.model.ContentletVersionInfo>
  <com.dotmarketing.portlets.contentlet.model.ContentletVersionInfo>
    <identifier>fab29e0c-b164-4734-b278-050738512767</identifier>
    <deleted>false</deleted>
    <lockedOn class="sql-timestamp">2018-09-12 15:34:39.978</lockedOn>
    <lang>1</lang>
    <workingInode>feb2c1aa-078e-4281-8960-8633e23065f7</workingInode>
    <liveInode>feb2c1aa-078e-4281-8960-8633e23065f7</liveInode>
    <versionTs class="sql-timestamp">2018-09-12 15:34:39.973</versionTs>
  </com.dotmarketing.portlets.contentlet.model.ContentletVersionInfo>
  <com.dotmarketing.portlets.contentlet.model.ContentletVersionInfo>
    <identifier>fde14780-d777-4d80-989d-e17f3b0d8885</identifier>
    <deleted>false</deleted>
    <lockedOn class="sql-timestamp">2018-09-12 15:34:39.646</lockedOn>
    <lang>1</lang>
    <workingInode>cb43f807-9877-4528-9ff3-9b0bdae66332</workingInode>
    <liveInode>cb43f807-9877-4528-9ff3-9b0bdae66332</liveInode>
    <versionTs class="sql-timestamp">2018-09-12 15:34:39.643</versionTs>
  </com.dotmarketing.portlets.contentlet.model.ContentletVersionInfo>
  <com.dotmarketing.portlets.contentlet.model.ContentletVersionInfo>
    <identifier>fef4a0e7-0b19-489b-9cd0-3c56653fe5d4</identifier>
    <deleted>false</deleted>
    <lockedOn class="sql-timestamp">2018-09-12 15:34:40.29</lockedOn>
    <lang>1</lang>
    <workingInode>d1004ba9-31ea-4daf-9283-8e6da8b46356</workingInode>
    <liveInode>d1004ba9-31ea-4daf-9283-8e6da8b46356</liveInode>
    <versionTs class="sql-timestamp">2018-09-12 15:34:40.286</versionTs>
  </com.dotmarketing.portlets.contentlet.model.ContentletVersionInfo>
  <com.dotmarketing.portlets.contentlet.model.ContentletVersionInfo>
    <identifier>SYSTEM_HOST</identifier>
    <deleted>false</deleted>
    <lockedOn class="sql-timestamp">2012-06-07 09:46:26.0</lockedOn>
    <lang>1</lang>
    <workingInode>dbdec5e2-c02b-4cfb-83a9-4a4c4f3b2eb0</workingInode>
    <liveInode>dbdec5e2-c02b-4cfb-83a9-4a4c4f3b2eb0</liveInode>
    <versionTs class="sql-timestamp">2017-03-07 18:25:58.061</versionTs>
  </com.dotmarketing.portlets.contentlet.model.ContentletVersionInfo>
</list>