<list>
  <com.dotmarketing.portlets.containers.model.ContainerVersionInfo>
    <identifier>297ec25e-d4c6-43be-a86c-ed363e3c2808</identifier>
    <liveInode>a47ebe86-7d3e-41ed-af9a-93d547de7394</liveInode>
    <workingInode>a47ebe86-7d3e-41ed-af9a-93d547de7394</workingInode>
    <lockedOn class="sql-timestamp">2018-09-21 19:00:36.912</lockedOn>
    <deleted>false</deleted>
    <versionTs class="sql-timestamp">2018-09-04 20:16:01.941</versionTs>
  </com.dotmarketing.portlets.containers.model.ContainerVersionInfo>
  <com.dotmarketing.portlets.containers.model.ContainerVersionInfo>
    <identifier>3c7fe016-0442-49d9-8d2f-f547a368d3ed</identifier>
    <liveInode>3c35e3e0-a55b-474a-824a-f95c3b807a80</liveInode>
    <workingInode>3c35e3e0-a55b-474a-824a-f95c3b807a80</workingInode>
    <lockedOn class="sql-timestamp">2018-09-04 20:16:41.181</lockedOn>
    <deleted>false</deleted>
    <versionTs class="sql-timestamp">2018-09-04 20:16:18.41</versionTs>
  </com.dotmarketing.portlets.containers.model.ContainerVersionInfo>
  <com.dotmarketing.portlets.containers.model.ContainerVersionInfo>
    <identifier>42f38fb2-299b-486a-b1cf-91e7bd0ed7b5</identifier>
    <workingInode>a6acca31-5ef3-4033-8d23-c502eddbd645</workingInode>
    <lockedOn class="sql-timestamp">2018-08-21 15:58:36.413</lockedOn>
    <deleted>true</deleted>
    <versionTs class="sql-timestamp">2018-08-21 15:58:40.028</versionTs>
  </com.dotmarketing.portlets.containers.model.ContainerVersionInfo>
  <com.dotmarketing.portlets.containers.model.ContainerVersionInfo>
    <identifier>a009df97-8ff8-454c-b0a1-353262b5d6a0</identifier>
    <liveInode>c7ce602b-da20-4f01-b3ba-6f014b4a91af</liveInode>
    <workingInode>c7ce602b-da20-4f01-b3ba-6f014b4a91af</workingInode>
    <lockedOn class="sql-timestamp">2018-09-04 20:16:57.115</lockedOn>
    <deleted>false</deleted>
    <versionTs class="sql-timestamp">2018-09-04 20:15:51.874</versionTs>
  </com.dotmarketing.portlets.containers.model.ContainerVersionInfo>
  <com.dotmarketing.portlets.containers.model.ContainerVersionInfo>
    <identifier>c2583c16-4a8f-488f-86de-eb5a4409d7f8</identifier>
    <liveInode>50314055-520b-49e7-b682-2a4ab2ec323a</liveInode>
    <workingInode>50314055-520b-49e7-b682-2a4ab2ec323a</workingInode>
    <lockedOn class="sql-timestamp">2018-09-21 19:01:24.584</lockedOn>
    <deleted>false</deleted>
    <versionTs class="sql-timestamp">2018-09-04 20:16:32.394</versionTs>
  </com.dotmarketing.portlets.containers.model.ContainerVersionInfo>
  <com.dotmarketing.portlets.containers.model.ContainerVersionInfo>
    <identifier>e0aca367-1e1c-46d1-955f-86d0b1cc4778</identifier>
    <liveInode>824860fb-e30c-41bd-bc9f-6cbf6f4f55cd</liveInode>
    <workingInode>824860fb-e30c-41bd-bc9f-6cbf6f4f55cd</workingInode>
    <lockedOn class="sql-timestamp">2018-08-21 18:34:40.996</lockedOn>
    <deleted>false</deleted>
    <versionTs class="sql-timestamp">2018-08-21 18:23:27.561</versionTs>
  </com.dotmarketing.portlets.containers.model.ContainerVersionInfo>
</list>