<list>
  <com.dotmarketing.beans.MultiTree>
    <parent1>bebaa3bb-c27f-4369-a1b7-1af96caf8d70</parent1>
    <parent2>297ec25e-d4c6-43be-a86c-ed363e3c2808</parent2>
    <child>c13294e6-a9c8-4795-b405-0b5af90b311e</child>
    <relationType>LEGACY_RELATION_TYPE</relationType>
    <treeOrder>0</treeOrder>
  </com.dotmarketing.beans.MultiTree>
  <com.dotmarketing.beans.MultiTree>
    <parent1>bebaa3bb-c27f-4369-a1b7-1af96caf8d70</parent1>
    <parent2>3c7fe016-0442-49d9-8d2f-f547a368d3ed</parent2>
    <child>8fef464c-8a4f-42d3-8045-4442105a47bc</child>
    <relationType>LEGACY_RELATION_TYPE</relationType>
    <treeOrder>0</treeOrder>
  </com.dotmarketing.beans.MultiTree>
  <com.dotmarketing.beans.MultiTree>
    <parent1>bebaa3bb-c27f-4369-a1b7-1af96caf8d70</parent1>
    <parent2>a009df97-8ff8-454c-b0a1-353262b5d6a0</parent2>
    <child>acb137f2-9b5f-4c52-b75b-f377ab6e7d9c</child>
    <relationType>LEGACY_RELATION_TYPE</relationType>
    <treeOrder>0</treeOrder>
  </com.dotmarketing.beans.MultiTree>
  <com.dotmarketing.beans.MultiTree>
    <parent1>bebaa3bb-c27f-4369-a1b7-1af96caf8d70</parent1>
    <parent2>a009df97-8ff8-454c-b0a1-353262b5d6a0</parent2>
    <child>fef4a0e7-0b19-489b-9cd0-3c56653fe5d4</child>
    <relationType>LEGACY_RELATION_TYPE</relationType>
    <treeOrder>1</treeOrder>
  </com.dotmarketing.beans.MultiTree>
  <com.dotmarketing.beans.MultiTree>
    <parent1>bebaa3bb-c27f-4369-a1b7-1af96caf8d70</parent1>
    <parent2>c2583c16-4a8f-488f-86de-eb5a4409d7f8</parent2>
    <child>fef4a0e7-0b19-489b-9cd0-3c56653fe5d4</child>
    <relationType>LEGACY_RELATION_TYPE</relationType>
    <treeOrder>0</treeOrder>
  </com.dotmarketing.beans.MultiTree>
</list>