<list>
  <com.dotmarketing.beans.ContainerStructure>
    <id>259f35ee-7aa9-4de2-8957-be95ae6eba08</id>
    <structureId>2a3e91e4-fbbf-4876-8c5b-2233c1739b05</structureId>
    <containerInode>a47ebe86-7d3e-41ed-af9a-93d547de7394</containerInode>
    <containerId>297ec25e-d4c6-43be-a86c-ed363e3c2808</containerId>
    <code>#dotParse(&quot;/application/containers/content-generic.vtl&quot;)</code>
  </com.dotmarketing.beans.ContainerStructure>
  <com.dotmarketing.beans.ContainerStructure>
    <id>95e58c96-3577-4f55-8b4d-015748f00302</id>
    <structureId>2a3e91e4-fbbf-4876-8c5b-2233c1739b05</structureId>
    <containerInode>a6acca31-5ef3-4033-8d23-c502eddbd645</containerInode>
    <containerId>42f38fb2-299b-486a-b1cf-91e7bd0ed7b5</containerId>
    <code>#dotParse(&quot;${CNT}content-generic.vtl&quot;)</code>
  </com.dotmarketing.beans.ContainerStructure>
  <com.dotmarketing.beans.ContainerStructure>
    <id>a5aba5ff-a8ac-47e7-bd7f-a518167168bf</id>
    <structureId>2a3e91e4-fbbf-4876-8c5b-2233c1739b05</structureId>
    <containerInode>3c35e3e0-a55b-474a-824a-f95c3b807a80</containerInode>
    <containerId>3c7fe016-0442-49d9-8d2f-f547a368d3ed</containerId>
    <code>#dotParse(&quot;/application/containers/content-generic.vtl&quot;)</code>
  </com.dotmarketing.beans.ContainerStructure>
  <com.dotmarketing.beans.ContainerStructure>
    <id>b3b0b6d9-3b7b-4c3c-bc37-25cc1fc98118</id>
    <structureId>2a3e91e4-fbbf-4876-8c5b-2233c1739b05</structureId>
    <containerInode>50314055-520b-49e7-b682-2a4ab2ec323a</containerInode>
    <containerId>c2583c16-4a8f-488f-86de-eb5a4409d7f8</containerId>
    <code>#dotParse(&quot;/application/containers/content-generic.vtl&quot;)</code>
  </com.dotmarketing.beans.ContainerStructure>
  <com.dotmarketing.beans.ContainerStructure>
    <id>ea7ef66c-1b0a-474b-bbb4-58984b0ec912</id>
    <structureId>2a3e91e4-fbbf-4876-8c5b-2233c1739b05</structureId>
    <containerInode>c7ce602b-da20-4f01-b3ba-6f014b4a91af</containerInode>
    <containerId>a009df97-8ff8-454c-b0a1-353262b5d6a0</containerId>
    <code>#dotParse(&quot;/application/containers/content-generic.vtl&quot;)</code>
  </com.dotmarketing.beans.ContainerStructure>
</list>