<list>
  <com.dotmarketing.beans.FixAudit>
    <Id>039eb94b-5c75-4224-9a6d-dd114915f61b</Id>
    <tableName>identifier</tableName>
    <action>task 30: Fixed DeleteOrphanedAssets</action>
    <recordsAltered>0</recordsAltered>
    <datetime class="sql-timestamp">2017-03-10 16:49:26.858</datetime>
  </com.dotmarketing.beans.FixAudit>
  <com.dotmarketing.beans.FixAudit>
    <Id>0a13e807-5025-43b1-8b30-3cdecc994298</Id>
    <tableName>field</tableName>
    <action>task 80: DeleteOrphanedContentTypeFields</action>
    <recordsAltered>55</recordsAltered>
    <datetime class="sql-timestamp">2017-03-10 16:49:21.227</datetime>
  </com.dotmarketing.beans.FixAudit>
  <com.dotmarketing.beans.FixAudit>
    <Id>0e126998-9673-4124-9939-1af72a5921df</Id>
    <tableName>contentlet</tableName>
    <action>task 10: Deletes the file assets with no inode</action>
    <recordsAltered>0</recordsAltered>
    <datetime class="sql-timestamp">2010-02-08 05:00:00.0</datetime>
  </com.dotmarketing.beans.FixAudit>
  <com.dotmarketing.beans.FixAudit>
    <Id>118e9b19-4680-4778-a762-5c5018f1cf0a</Id>
    <tableName>identifier</tableName>
    <action>task 30: Fixed DeleteOrphanedAssets</action>
    <recordsAltered>0</recordsAltered>
    <datetime class="sql-timestamp">2017-03-10 16:49:32.363</datetime>
  </com.dotmarketing.beans.FixAudit>
  <com.dotmarketing.beans.FixAudit>
    <Id>1234c78c-cf71-4c3a-8d51-997d72de0bb8</Id>
    <tableName>file_asset</tableName>
    <action>task 40: Fixed CheckFileAssetsMimeType</action>
    <recordsAltered>0</recordsAltered>
    <datetime class="sql-timestamp">2015-11-02 17:12:06.652</datetime>
  </com.dotmarketing.beans.FixAudit>
  <com.dotmarketing.beans.FixAudit>
    <Id>129c1bad-5636-4275-8a72-33e072739c48</Id>
    <tableName>contentlet</tableName>
    <action>Check the tree entries that doesn&apos;t have a child o parent in the inode table and deleted them</action>
    <recordsAltered>33</recordsAltered>
    <datetime class="sql-timestamp">2017-03-10 16:49:21.116</datetime>
  </com.dotmarketing.beans.FixAudit>
  <com.dotmarketing.beans.FixAudit>
    <Id>14d5c169-74bc-467e-9715-c571de671765</Id>
    <tableName>contentlet</tableName>
    <action>task 10: Deletes the file assets with no inode</action>
    <recordsAltered>0</recordsAltered>
    <datetime class="sql-timestamp">2009-11-08 05:00:00.0</datetime>
  </com.dotmarketing.beans.FixAudit>
  <com.dotmarketing.beans.FixAudit>
    <Id>24ec40b0-07b4-408d-9ff2-d63aaaff3095</Id>
    <tableName>field</tableName>
    <action>task 90: RecreateMissingFoldersInParentPath</action>
    <recordsAltered>0</recordsAltered>
    <datetime class="sql-timestamp">2017-03-10 16:51:15.108</datetime>
  </com.dotmarketing.beans.FixAudit>
  <com.dotmarketing.beans.FixAudit>
    <Id>2514f863-5929-48ec-9db3-f62cc9bd988c</Id>
    <tableName>identifier</tableName>
    <action>task 20: Fixed DeleteOrphanedIdentifiers</action>
    <recordsAltered>243</recordsAltered>
    <datetime class="sql-timestamp">2014-10-07 12:30:38.263</datetime>
  </com.dotmarketing.beans.FixAudit>
  <com.dotmarketing.beans.FixAudit>
    <Id>261246e7-4bda-4f9f-bed0-71e3fd30e1e2</Id>
    <tableName>field</tableName>
    <action>task 90: RecreateMissingFoldersInParentPath</action>
    <recordsAltered>0</recordsAltered>
    <datetime class="sql-timestamp">2018-08-10 16:54:34.309</datetime>
  </com.dotmarketing.beans.FixAudit>
  <com.dotmarketing.beans.FixAudit>
    <Id>2c93fe14-c989-4184-bed8-0148c010c775</Id>
    <tableName>identifier</tableName>
    <action>task 30: Fixed DeleteOrphanedAssets</action>
    <recordsAltered>0</recordsAltered>
    <datetime class="sql-timestamp">2018-08-10 06:09:44.137</datetime>
  </com.dotmarketing.beans.FixAudit>
  <com.dotmarketing.beans.FixAudit>
    <Id>2df2333d-2a70-48f3-a647-acdc027178e5</Id>
    <tableName>contentlet</tableName>
    <action>delete assets with missing identifiers</action>
    <recordsAltered>1</recordsAltered>
    <datetime class="sql-timestamp">2015-11-02 17:11:23.051</datetime>
  </com.dotmarketing.beans.FixAudit>
  <com.dotmarketing.beans.FixAudit>
    <Id>36a2f697-abe4-4399-9386-eb65f2f2c9eb</Id>
    <tableName>field</tableName>
    <action>task 80: DeleteOrphanedContentTypeFields</action>
    <recordsAltered>1</recordsAltered>
    <datetime class="sql-timestamp">2018-09-22 03:56:50.744</datetime>
  </com.dotmarketing.beans.FixAudit>
  <com.dotmarketing.beans.FixAudit>
    <Id>3abe8fe3-9d35-4ca9-bb15-9a010757300a</Id>
    <tableName>identifier</tableName>
    <action>task 30: Fixed DeleteOrphanedAssets</action>
    <recordsAltered>0</recordsAltered>
    <datetime class="sql-timestamp">2018-08-10 17:13:21.486</datetime>
  </com.dotmarketing.beans.FixAudit>
  <com.dotmarketing.beans.FixAudit>
    <Id>3b2355ca-41fb-41ad-9b52-231b7dcd29ca</Id>
    <tableName>contentlet</tableName>
    <action>Check the tree entries that doesn&apos;t have a child o parent in the inode table and deleted them</action>
    <recordsAltered>1</recordsAltered>
    <datetime class="sql-timestamp">2017-03-10 16:50:58.681</datetime>
  </com.dotmarketing.beans.FixAudit>
  <com.dotmarketing.beans.FixAudit>
    <Id>3df80c25-1aa8-4325-9073-81d60375b418</Id>
    <tableName>identifier</tableName>
    <action>task 30: Fixed DeleteOrphanedAssets</action>
    <recordsAltered>0</recordsAltered>
    <datetime class="sql-timestamp">2018-08-10 21:11:24.584</datetime>
  </com.dotmarketing.beans.FixAudit>
  <com.dotmarketing.beans.FixAudit>
    <Id>42fd8c97-7cdc-448c-bc2c-628e35a85af0</Id>
    <tableName>identifier</tableName>
    <action>task 30: Fixed DeleteOrphanedAssets</action>
    <recordsAltered>0</recordsAltered>
    <datetime class="sql-timestamp">2017-03-10 16:51:25.928</datetime>
  </com.dotmarketing.beans.FixAudit>
  <com.dotmarketing.beans.FixAudit>
    <Id>430f805a-af87-4d89-b258-90ba04249716</Id>
    <tableName>field</tableName>
    <action>task 90: RecreateMissingFoldersInParentPath</action>
    <recordsAltered>0</recordsAltered>
    <datetime class="sql-timestamp">2017-03-10 16:49:21.433</datetime>
  </com.dotmarketing.beans.FixAudit>
  <com.dotmarketing.beans.FixAudit>
    <Id>4b05a5fc-4b35-4fdf-8e81-7eef1cc72b0d</Id>
    <tableName>identifier</tableName>
    <action>task 30: Fixed DeleteOrphanedAssets</action>
    <recordsAltered>0</recordsAltered>
    <datetime class="sql-timestamp">2018-09-22 03:56:50.717</datetime>
  </com.dotmarketing.beans.FixAudit>
  <com.dotmarketing.beans.FixAudit>
    <Id>532f4e4f-f26e-44db-829c-1ff2d4acf4c6</Id>
    <tableName>field</tableName>
    <action>task 90: RecreateMissingFoldersInParentPath</action>
    <recordsAltered>0</recordsAltered>
    <datetime class="sql-timestamp">2017-03-10 16:50:58.986</datetime>
  </com.dotmarketing.beans.FixAudit>
  <com.dotmarketing.beans.FixAudit>
    <Id>56460a10-5011-4317-9fd4-19f7a44c06c1</Id>
    <tableName>identifier</tableName>
    <action>task 12: Update Assets Hosts</action>
    <recordsAltered>340</recordsAltered>
    <datetime class="sql-timestamp">2010-03-16 04:00:00.0</datetime>
  </com.dotmarketing.beans.FixAudit>
  <com.dotmarketing.beans.FixAudit>
    <Id>6a144ceb-e65e-414d-86b3-169636c952ef</Id>
    <tableName>contentlet</tableName>
    <action>task 10: Deletes the file assets with no inode</action>
    <recordsAltered>0</recordsAltered>
    <datetime class="sql-timestamp">2010-01-05 05:00:00.0</datetime>
  </com.dotmarketing.beans.FixAudit>
  <com.dotmarketing.beans.FixAudit>
    <Id>6ad3ef6e-a309-4f37-81ea-22c47dbe00ab</Id>
    <tableName>identifier</tableName>
    <action>task 30: Fixed DeleteOrphanedAssets</action>
    <recordsAltered>0</recordsAltered>
    <datetime class="sql-timestamp">2017-03-14 12:21:46.025</datetime>
  </com.dotmarketing.beans.FixAudit>
  <com.dotmarketing.beans.FixAudit>
    <Id>6dfb7f17-4979-4113-9331-afdefc5fa1fc</Id>
    <tableName>identifier</tableName>
    <action>task 30: Fixed DeleteOrphanedAssets</action>
    <recordsAltered>0</recordsAltered>
    <datetime class="sql-timestamp">2017-03-10 16:50:58.697</datetime>
  </com.dotmarketing.beans.FixAudit>
  <com.dotmarketing.beans.FixAudit>
    <Id>704b8f20-f37b-468f-8dd1-f035eeff7063</Id>
    <tableName>field</tableName>
    <action>task 90: RecreateMissingFoldersInParentPath</action>
    <recordsAltered>0</recordsAltered>
    <datetime class="sql-timestamp">2018-09-22 03:56:50.752</datetime>
  </com.dotmarketing.beans.FixAudit>
  <com.dotmarketing.beans.FixAudit>
    <Id>71250c7a-553d-4d35-9003-e0ea7ada7c4c</Id>
    <tableName>contentlet</tableName>
    <action>task 10: Deletes the file assets with no inode</action>
    <recordsAltered>0</recordsAltered>
    <datetime class="sql-timestamp">2010-01-14 05:00:00.0</datetime>
  </com.dotmarketing.beans.FixAudit>
  <com.dotmarketing.beans.FixAudit>
    <Id>7626f1ce-6d84-4433-b7bd-3b7c93cbd810</Id>
    <tableName>field</tableName>
    <action>task 90: RecreateMissingFoldersInParentPath</action>
    <recordsAltered>0</recordsAltered>
    <datetime class="sql-timestamp">2018-08-10 06:09:44.154</datetime>
  </com.dotmarketing.beans.FixAudit>
  <com.dotmarketing.beans.FixAudit>
    <Id>7bbfc0c4-9c8a-496f-b404-909de6abe41e</Id>
    <tableName>contentlet</tableName>
    <action>Check the tree entries that doesn&apos;t have a child o parent in the inode table and deleted them</action>
    <recordsAltered>42</recordsAltered>
    <datetime class="sql-timestamp">2015-11-02 17:11:23.106</datetime>
  </com.dotmarketing.beans.FixAudit>
  <com.dotmarketing.beans.FixAudit>
    <Id>852e1b1f-7fac-4392-a0aa-46459011d13f</Id>
    <tableName>identifier</tableName>
    <action>task 30: Fixed DeleteOrphanedAssets</action>
    <recordsAltered>0</recordsAltered>
    <datetime class="sql-timestamp">2015-11-02 17:11:26.278</datetime>
  </com.dotmarketing.beans.FixAudit>
  <com.dotmarketing.beans.FixAudit>
    <Id>85d46a7f-2f9d-42fa-b969-ea0f4623936a</Id>
    <tableName>contentlet</tableName>
    <action>task 10: Deletes the file assets with no inode</action>
    <recordsAltered>0</recordsAltered>
    <datetime class="sql-timestamp">2010-02-12 05:00:00.0</datetime>
  </com.dotmarketing.beans.FixAudit>
  <com.dotmarketing.beans.FixAudit>
    <Id>88dca87b-6b03-4037-ae75-de9447c19e76</Id>
    <tableName>identifier</tableName>
    <action>task 30: Fixed DeleteOrphanedAssets</action>
    <recordsAltered>0</recordsAltered>
    <datetime class="sql-timestamp">2018-08-10 16:54:34.301</datetime>
  </com.dotmarketing.beans.FixAudit>
  <com.dotmarketing.beans.FixAudit>
    <Id>8907b01a-d7ba-4492-9f74-85cd8f639b03</Id>
    <tableName>field</tableName>
    <action>task 90: RecreateMissingFoldersInParentPath</action>
    <recordsAltered>0</recordsAltered>
    <datetime class="sql-timestamp">2018-08-21 03:02:35.574</datetime>
  </com.dotmarketing.beans.FixAudit>
  <com.dotmarketing.beans.FixAudit>
    <Id>8a203ea9-9704-48a5-966b-75c69747016d</Id>
    <tableName>contentlet</tableName>
    <action>task 10: Deletes the file assets with no inode</action>
    <recordsAltered>0</recordsAltered>
    <datetime class="sql-timestamp">2010-02-23 05:00:00.0</datetime>
  </com.dotmarketing.beans.FixAudit>
  <com.dotmarketing.beans.FixAudit>
    <Id>8db9b6da-bb3e-4e4a-9111-7515a9299c3d</Id>
    <tableName>field</tableName>
    <action>task 90: RecreateMissingFoldersInParentPath</action>
    <recordsAltered>0</recordsAltered>
    <datetime class="sql-timestamp">2018-08-10 21:11:24.593</datetime>
  </com.dotmarketing.beans.FixAudit>
  <com.dotmarketing.beans.FixAudit>
    <Id>8f7a14c2-dd38-4292-89f6-09efc50fdd18</Id>
    <tableName>field</tableName>
    <action>task 90: RecreateMissingFoldersInParentPath</action>
    <recordsAltered>0</recordsAltered>
    <datetime class="sql-timestamp">2017-03-10 16:51:26.135</datetime>
  </com.dotmarketing.beans.FixAudit>
  <com.dotmarketing.beans.FixAudit>
    <Id>98b40042-8a59-48bd-9352-22cc1842b391</Id>
    <tableName>contentlet</tableName>
    <action>Check the tree entries that doesn&apos;t have a child o parent in the inode table and deleted them</action>
    <recordsAltered>30</recordsAltered>
    <datetime class="sql-timestamp">2014-10-07 12:30:37.959</datetime>
  </com.dotmarketing.beans.FixAudit>
  <com.dotmarketing.beans.FixAudit>
    <Id>9f01163e-38aa-4cbf-a79c-41d8d104a368</Id>
    <tableName>identifier</tableName>
    <action>task 30: Fixed DeleteOrphanedAssets</action>
    <recordsAltered>0</recordsAltered>
    <datetime class="sql-timestamp">2014-10-07 12:30:41.287</datetime>
  </com.dotmarketing.beans.FixAudit>
  <com.dotmarketing.beans.FixAudit>
    <Id>a14917c3-12e3-4355-8675-e935bc9a2df0</Id>
    <tableName>file_asset</tableName>
    <action>task 40: Fixed CheckFileAssetsMimeType</action>
    <recordsAltered>0</recordsAltered>
    <datetime class="sql-timestamp">2014-10-07 12:30:44.306</datetime>
  </com.dotmarketing.beans.FixAudit>
  <com.dotmarketing.beans.FixAudit>
    <Id>a1520ba8-42d8-4fbb-befc-bec3ed448b2a</Id>
    <tableName>field</tableName>
    <action>task 90: RecreateMissingFoldersInParentPath</action>
    <recordsAltered>0</recordsAltered>
    <datetime class="sql-timestamp">2017-03-10 16:49:32.57</datetime>
  </com.dotmarketing.beans.FixAudit>
  <com.dotmarketing.beans.FixAudit>
    <Id>a87339ee-6593-4113-9c36-251e0626b1f7</Id>
    <tableName>file_asset</tableName>
    <action>task 40: Fixed CheckFileAssetsMimeType</action>
    <recordsAltered>0</recordsAltered>
    <datetime class="sql-timestamp">2015-11-02 17:11:29.337</datetime>
  </com.dotmarketing.beans.FixAudit>
  <com.dotmarketing.beans.FixAudit>
    <Id>a8881836-1e2b-40eb-bfdf-df9750c80591</Id>
    <tableName>identifier</tableName>
    <action>task 30: Fixed DeleteOrphanedAssets</action>
    <recordsAltered>0</recordsAltered>
    <datetime class="sql-timestamp">2015-11-02 17:12:03.63</datetime>
  </com.dotmarketing.beans.FixAudit>
  <com.dotmarketing.beans.FixAudit>
    <Id>addf4ac8-3f54-4574-87a0-b94e9398a07c</Id>
    <tableName>field</tableName>
    <action>task 90: RecreateMissingFoldersInParentPath</action>
    <recordsAltered>0</recordsAltered>
    <datetime class="sql-timestamp">2017-03-14 12:21:46.246</datetime>
  </com.dotmarketing.beans.FixAudit>
  <com.dotmarketing.beans.FixAudit>
    <Id>b01049b5-4691-45a3-9a99-7dfcc3de8c0d</Id>
    <tableName>contentlet</tableName>
    <action>delete assets with missing identifiers</action>
    <recordsAltered>1</recordsAltered>
    <datetime class="sql-timestamp">2014-10-07 12:30:37.912</datetime>
  </com.dotmarketing.beans.FixAudit>
  <com.dotmarketing.beans.FixAudit>
    <Id>b483fcb8-d1b2-4667-86d4-1d6b5a433a5a</Id>
    <tableName>identifier</tableName>
    <action>task 30: Fixed DeleteOrphanedAssets</action>
    <recordsAltered>0</recordsAltered>
    <datetime class="sql-timestamp">2017-03-10 16:49:21.149</datetime>
  </com.dotmarketing.beans.FixAudit>
  <com.dotmarketing.beans.FixAudit>
    <Id>b879442c-8c32-43a4-b140-0b0540a730cb</Id>
    <tableName>field</tableName>
    <action>task 11: Renaming structure fields with variable name &apos;host&apos;</action>
    <recordsAltered>3</recordsAltered>
    <datetime class="sql-timestamp">2010-03-26 04:00:00.0</datetime>
  </com.dotmarketing.beans.FixAudit>
  <com.dotmarketing.beans.FixAudit>
    <Id>cb5a487c-1203-445c-92b5-49be9875a5c5</Id>
    <tableName>contentlet</tableName>
    <action>task 10: Deletes the file assets with no inode</action>
    <recordsAltered>0</recordsAltered>
    <datetime class="sql-timestamp">2010-01-14 05:00:00.0</datetime>
  </com.dotmarketing.beans.FixAudit>
  <com.dotmarketing.beans.FixAudit>
    <Id>d278da11-85b6-4922-af80-4b09edf1697c</Id>
    <tableName>field</tableName>
    <action>task 90: RecreateMissingFoldersInParentPath</action>
    <recordsAltered>0</recordsAltered>
    <datetime class="sql-timestamp">2017-03-10 16:49:27.073</datetime>
  </com.dotmarketing.beans.FixAudit>
  <com.dotmarketing.beans.FixAudit>
    <Id>d3a825fe-3db1-46eb-ab12-2e3d2cc5bb57</Id>
    <tableName>identifier</tableName>
    <action>task 30: Fixed DeleteOrphanedAssets</action>
    <recordsAltered>0</recordsAltered>
    <datetime class="sql-timestamp">2017-03-10 16:51:14.883</datetime>
  </com.dotmarketing.beans.FixAudit>
  <com.dotmarketing.beans.FixAudit>
    <Id>d5b7b839-ad23-42d5-83e0-25a8ece30d97</Id>
    <tableName>identifier</tableName>
    <action>task 30: Fixed DeleteOrphanedAssets</action>
    <recordsAltered>0</recordsAltered>
    <datetime class="sql-timestamp">2018-08-21 03:02:35.558</datetime>
  </com.dotmarketing.beans.FixAudit>
  <com.dotmarketing.beans.FixAudit>
    <Id>de4b3ae9-30d3-4ef4-9182-8ca06e6e690a</Id>
    <tableName>field</tableName>
    <action>task 90: RecreateMissingFoldersInParentPath</action>
    <recordsAltered>0</recordsAltered>
    <datetime class="sql-timestamp">2018-08-10 17:13:21.499</datetime>
  </com.dotmarketing.beans.FixAudit>
  <com.dotmarketing.beans.FixAudit>
    <Id>e2ba7c12-f17b-43db-8073-f5c03e0dedac</Id>
    <tableName>identifier</tableName>
    <action>task 20: Fixed DeleteOrphanedIdentifiers</action>
    <recordsAltered>0</recordsAltered>
    <datetime class="sql-timestamp">2015-11-02 17:11:23.115</datetime>
  </com.dotmarketing.beans.FixAudit>
  <com.dotmarketing.beans.FixAudit>
    <Id>ef7b418a-30a5-483a-a876-959ca8e0fb20</Id>
    <tableName>identifier</tableName>
    <action>task 20: Fixed DeleteOrphanedIdentifiers</action>
    <recordsAltered>0</recordsAltered>
    <datetime class="sql-timestamp">2015-11-02 17:12:00.611</datetime>
  </com.dotmarketing.beans.FixAudit>
</list>