<list>
  <com.dotmarketing.beans.Identifier>
    <id>0157b81a-d6fc-49e8-ab88-e7a6164b398e</id>
    <assetName>content.fbdfb270-79e2-495e-8496-67aa0f624d26</assetName>
    <assetType>contentlet</assetType>
    <parentPath>/</parentPath>
    <hostId>SYSTEM_HOST</hostId>
  </com.dotmarketing.beans.Identifier>
  <com.dotmarketing.beans.Identifier>
    <id>02a180e4-c57d-4b02-a260-93c782410107</id>
    <assetName>content.7137bc58-f9a2-4ab2-9a9d-5ab6c752f80f</assetName>
    <assetType>contentlet</assetType>
    <parentPath>/</parentPath>
    <hostId>SYSTEM_HOST</hostId>
  </com.dotmarketing.beans.Identifier>
  <com.dotmarketing.beans.Identifier>
    <id>0664b9d8-ba60-440f-860a-129d5ed7d483</id>
    <assetName>fonts</assetName>
    <assetType>folder</assetType>
    <parentPath>/</parentPath>
    <hostId>48190c8c-42c4-46af-8d1a-0cd5db894797</hostId>
  </com.dotmarketing.beans.Identifier>
  <com.dotmarketing.beans.Identifier>
    <id>0a9d33c9-f86f-48c8-b0ad-9930eb9633b6</id>
    <assetName>content.b8039420-03ff-46aa-a9ef-dcced3556e6c</assetName>
    <assetType>contentlet</assetType>
    <parentPath>/</parentPath>
    <hostId>SYSTEM_HOST</hostId>
  </com.dotmarketing.beans.Identifier>
  <com.dotmarketing.beans.Identifier>
    <id>0af52a46-484d-47cf-8137-e1bfffb69c66</id>
    <assetName>0af52a46-484d-47cf-8137-e1bfffb69c66.template</assetName>
    <assetType>template</assetType>
    <parentPath>/</parentPath>
    <hostId>48190c8c-42c4-46af-8d1a-0cd5db894797</hostId>
  </com.dotmarketing.beans.Identifier>
  <com.dotmarketing.beans.Identifier>
    <id>238a07cc-e5b1-45d8-95e9-73808d466ef1</id>
    <assetName>content.36a85150-ab29-47ae-bba4-f9d8bba4ed60</assetName>
    <assetType>contentlet</assetType>
    <parentPath>/</parentPath>
    <hostId>SYSTEM_HOST</hostId>
  </com.dotmarketing.beans.Identifier>
  <com.dotmarketing.beans.Identifier>
    <id>2564bc87-9db5-4987-b2f9-64049cecde41</id>
    <assetName>application</assetName>
    <assetType>folder</assetType>
    <parentPath>/</parentPath>
    <hostId>48190c8c-42c4-46af-8d1a-0cd5db894797</hostId>
  </com.dotmarketing.beans.Identifier>
  <com.dotmarketing.beans.Identifier>
    <id>297ec25e-d4c6-43be-a86c-ed363e3c2808</id>
    <assetName>297ec25e-d4c6-43be-a86c-ed363e3c2808.containers</assetName>
    <assetType>containers</assetType>
    <parentPath>/</parentPath>
    <hostId>48190c8c-42c4-46af-8d1a-0cd5db894797</hostId>
  </com.dotmarketing.beans.Identifier>
  <com.dotmarketing.beans.Identifier>
    <id>2e5ef0a0-7d0b-4ece-aaa1-645efdc1c19d</id>
    <assetName>content.617a1a52-d051-433a-a684-1262247e52f5</assetName>
    <assetType>contentlet</assetType>
    <parentPath>/</parentPath>
    <hostId>SYSTEM_HOST</hostId>
  </com.dotmarketing.beans.Identifier>
  <com.dotmarketing.beans.Identifier>
    <id>3c7fe016-0442-49d9-8d2f-f547a368d3ed</id>
    <assetName>3c7fe016-0442-49d9-8d2f-f547a368d3ed.containers</assetName>
    <assetType>containers</assetType>
    <parentPath>/</parentPath>
    <hostId>48190c8c-42c4-46af-8d1a-0cd5db894797</hostId>
  </com.dotmarketing.beans.Identifier>
  <com.dotmarketing.beans.Identifier>
    <id>42f38fb2-299b-486a-b1cf-91e7bd0ed7b5</id>
    <assetName>42f38fb2-299b-486a-b1cf-91e7bd0ed7b5.containers</assetName>
    <assetType>containers</assetType>
    <parentPath>/</parentPath>
    <hostId>48190c8c-42c4-46af-8d1a-0cd5db894797</hostId>
  </com.dotmarketing.beans.Identifier>
  <com.dotmarketing.beans.Identifier>
    <id>4341f0fd-a456-4d77-83da-a5cd7248624d</id>
    <assetName>4341f0fd-a456-4d77-83da-a5cd7248624d.template</assetName>
    <assetType>template</assetType>
    <parentPath>/</parentPath>
    <hostId>48190c8c-42c4-46af-8d1a-0cd5db894797</hostId>
  </com.dotmarketing.beans.Identifier>
  <com.dotmarketing.beans.Identifier>
    <id>48190c8c-42c4-46af-8d1a-0cd5db894797</id>
    <assetName>48190c8c-42c4-46af-8d1a-0cd5db894797.content</assetName>
    <assetType>contentlet</assetType>
    <parentPath>/</parentPath>
    <hostId>SYSTEM_HOST</hostId>
  </com.dotmarketing.beans.Identifier>
  <com.dotmarketing.beans.Identifier>
    <id>4bb72d3b-e572-4910-8fc2-d725279adeb5</id>
    <assetName>4bb72d3b-e572-4910-8fc2-d725279adeb5.template</assetName>
    <assetType>template</assetType>
    <parentPath>/</parentPath>
    <hostId>48190c8c-42c4-46af-8d1a-0cd5db894797</hostId>
  </com.dotmarketing.beans.Identifier>
  <com.dotmarketing.beans.Identifier>
    <id>5389e6a5-ee91-4164-b6ad-cc4f695f1d84</id>
    <assetName>5389e6a5-ee91-4164-b6ad-cc4f695f1d84.template</assetName>
    <assetType>template</assetType>
    <parentPath>/</parentPath>
    <hostId>48190c8c-42c4-46af-8d1a-0cd5db894797</hostId>
  </com.dotmarketing.beans.Identifier>
  <com.dotmarketing.beans.Identifier>
    <id>543f3e39-4eee-4763-9c89-1b366bd4e226</id>
    <assetName>content.a04a2b14-1dc5-46a3-9318-5cead5c2a517</assetName>
    <assetType>contentlet</assetType>
    <parentPath>/</parentPath>
    <hostId>SYSTEM_HOST</hostId>
  </com.dotmarketing.beans.Identifier>
  <com.dotmarketing.beans.Identifier>
    <id>6d55be02-dc09-40f4-97be-20dd47d3fff3</id>
    <assetName>content.4e2800f3-c468-4919-be8c-2dcb06d2d4db</assetName>
    <assetType>contentlet</assetType>
    <parentPath>/</parentPath>
    <hostId>SYSTEM_HOST</hostId>
  </com.dotmarketing.beans.Identifier>
  <com.dotmarketing.beans.Identifier>
    <id>6efe7d29-91e6-4ae4-b55b-cb98c2bd9a0c</id>
    <assetName>docs</assetName>
    <assetType>folder</assetType>
    <parentPath>/</parentPath>
    <hostId>48190c8c-42c4-46af-8d1a-0cd5db894797</hostId>
  </com.dotmarketing.beans.Identifier>
  <com.dotmarketing.beans.Identifier>
    <id>73eeeb7b-2ad8-400a-9bd1-75df4a8f9f97</id>
    <assetName>vtl</assetName>
    <assetType>folder</assetType>
    <parentPath>/</parentPath>
    <hostId>48190c8c-42c4-46af-8d1a-0cd5db894797</hostId>
  </com.dotmarketing.beans.Identifier>
  <com.dotmarketing.beans.Identifier>
    <id>77c8d0f1-950d-4f2a-a41c-820981aa40c9</id>
    <assetName>77c8d0f1-950d-4f2a-a41c-820981aa40c9.template</assetName>
    <assetType>template</assetType>
    <parentPath>/</parentPath>
    <hostId>48190c8c-42c4-46af-8d1a-0cd5db894797</hostId>
  </com.dotmarketing.beans.Identifier>
  <com.dotmarketing.beans.Identifier>
    <id>7bd6e57e-3720-416b-b8e4-27bb7531d55d</id>
    <assetName>json</assetName>
    <assetType>folder</assetType>
    <parentPath>/</parentPath>
    <hostId>48190c8c-42c4-46af-8d1a-0cd5db894797</hostId>
  </com.dotmarketing.beans.Identifier>
  <com.dotmarketing.beans.Identifier>
    <id>86a1e1fe-c026-49f7-91c9-3fb5a77e0172</id>
    <assetName>86a1e1fe-c026-49f7-91c9-3fb5a77e0172.template</assetName>
    <assetType>template</assetType>
    <parentPath>/</parentPath>
    <hostId>48190c8c-42c4-46af-8d1a-0cd5db894797</hostId>
  </com.dotmarketing.beans.Identifier>
  <com.dotmarketing.beans.Identifier>
    <id>89580a20-c9b5-4e4c-91a0-b1f511953f7f</id>
    <assetName>content.893722f4-40af-433d-ad87-1c1fcf4258c5</assetName>
    <assetType>contentlet</assetType>
    <parentPath>/</parentPath>
    <hostId>SYSTEM_HOST</hostId>
  </com.dotmarketing.beans.Identifier>
  <com.dotmarketing.beans.Identifier>
    <id>8a89c87f-0947-4c25-ad96-2e639249e66b</id>
    <assetName>content.71c31f28-23a7-4a0e-a1f9-6dad6e90301e</assetName>
    <assetType>contentlet</assetType>
    <parentPath>/</parentPath>
    <hostId>SYSTEM_HOST</hostId>
  </com.dotmarketing.beans.Identifier>
  <com.dotmarketing.beans.Identifier>
    <id>8fef464c-8a4f-42d3-8045-4442105a47bc</id>
    <assetName>content.c58c8281-ca1c-4596-a675-866c17fbf198</assetName>
    <assetType>contentlet</assetType>
    <parentPath>/</parentPath>
    <hostId>48190c8c-42c4-46af-8d1a-0cd5db894797</hostId>
  </com.dotmarketing.beans.Identifier>
  <com.dotmarketing.beans.Identifier>
    <id>92f7025f-e5bf-4204-8446-81f9fe2086a0</id>
    <assetName>92f7025f-e5bf-4204-8446-81f9fe2086a0.template</assetName>
    <assetType>template</assetType>
    <parentPath>/</parentPath>
    <hostId>48190c8c-42c4-46af-8d1a-0cd5db894797</hostId>
  </com.dotmarketing.beans.Identifier>
  <com.dotmarketing.beans.Identifier>
    <id>96e19b30-4f82-4a40-82ed-e8640962be93</id>
    <assetName>96e19b30-4f82-4a40-82ed-e8640962be93.template</assetName>
    <assetType>template</assetType>
    <parentPath>/</parentPath>
    <hostId>48190c8c-42c4-46af-8d1a-0cd5db894797</hostId>
  </com.dotmarketing.beans.Identifier>
  <com.dotmarketing.beans.Identifier>
    <id>9fae5bd7-8677-4195-a79c-ab27f330d887</id>
    <assetName>content.85c5f92c-c60d-48a1-a212-16edd1ae5d2b</assetName>
    <assetType>contentlet</assetType>
    <parentPath>/</parentPath>
    <hostId>SYSTEM_HOST</hostId>
  </com.dotmarketing.beans.Identifier>
  <com.dotmarketing.beans.Identifier>
    <id>a009df97-8ff8-454c-b0a1-353262b5d6a0</id>
    <assetName>a009df97-8ff8-454c-b0a1-353262b5d6a0.containers</assetName>
    <assetType>containers</assetType>
    <parentPath>/</parentPath>
    <hostId>48190c8c-42c4-46af-8d1a-0cd5db894797</hostId>
  </com.dotmarketing.beans.Identifier>
  <com.dotmarketing.beans.Identifier>
    <id>a55a982f-2b8f-4672-8a5a-f4560a42ec1d</id>
    <assetName>a55a982f-2b8f-4672-8a5a-f4560a42ec1d.template</assetName>
    <assetType>template</assetType>
    <parentPath>/</parentPath>
    <hostId>48190c8c-42c4-46af-8d1a-0cd5db894797</hostId>
  </com.dotmarketing.beans.Identifier>
  <com.dotmarketing.beans.Identifier>
    <id>acb137f2-9b5f-4c52-b75b-f377ab6e7d9c</id>
    <assetName>content.3594de8f-ebc3-484e-88ef-f7429ac5a424</assetName>
    <assetType>contentlet</assetType>
    <parentPath>/</parentPath>
    <hostId>48190c8c-42c4-46af-8d1a-0cd5db894797</hostId>
  </com.dotmarketing.beans.Identifier>
  <com.dotmarketing.beans.Identifier>
    <id>b2c00ea2-7cec-437a-a8ab-570a7ff12da5</id>
    <assetName>css</assetName>
    <assetType>folder</assetType>
    <parentPath>/</parentPath>
    <hostId>48190c8c-42c4-46af-8d1a-0cd5db894797</hostId>
  </com.dotmarketing.beans.Identifier>
  <com.dotmarketing.beans.Identifier>
    <id>b514f39b-fad2-4ae6-9bbd-940dc3d2a14e</id>
    <assetName>img</assetName>
    <assetType>folder</assetType>
    <parentPath>/</parentPath>
    <hostId>48190c8c-42c4-46af-8d1a-0cd5db894797</hostId>
  </com.dotmarketing.beans.Identifier>
  <com.dotmarketing.beans.Identifier>
    <id>ba49a150-9188-4cf5-9295-6a6e2a51a42b</id>
    <assetName>content.32248f69-ccb2-46b5-8438-8dd0d49ab0ae</assetName>
    <assetType>contentlet</assetType>
    <parentPath>/</parentPath>
    <hostId>SYSTEM_HOST</hostId>
  </com.dotmarketing.beans.Identifier>
  <com.dotmarketing.beans.Identifier>
    <id>bebaa3bb-c27f-4369-a1b7-1af96caf8d70</id>
    <assetName>index</assetName>
    <assetType>contentlet</assetType>
    <parentPath>/</parentPath>
    <hostId>48190c8c-42c4-46af-8d1a-0cd5db894797</hostId>
  </com.dotmarketing.beans.Identifier>
  <com.dotmarketing.beans.Identifier>
    <id>c13294e6-a9c8-4795-b405-0b5af90b311e</id>
    <assetName>content.911f2261-5233-4d95-bf6e-4361ced43b9f</assetName>
    <assetType>contentlet</assetType>
    <parentPath>/</parentPath>
    <hostId>48190c8c-42c4-46af-8d1a-0cd5db894797</hostId>
  </com.dotmarketing.beans.Identifier>
  <com.dotmarketing.beans.Identifier>
    <id>c2583c16-4a8f-488f-86de-eb5a4409d7f8</id>
    <assetName>c2583c16-4a8f-488f-86de-eb5a4409d7f8.containers</assetName>
    <assetType>containers</assetType>
    <parentPath>/</parentPath>
    <hostId>48190c8c-42c4-46af-8d1a-0cd5db894797</hostId>
  </com.dotmarketing.beans.Identifier>
  <com.dotmarketing.beans.Identifier>
    <id>c2805852-57cb-4d6e-bc91-9b97d6ef50ca</id>
    <assetName>content.495afd69-dbfb-48c2-80e3-c17c97777639</assetName>
    <assetType>contentlet</assetType>
    <parentPath>/</parentPath>
    <hostId>SYSTEM_HOST</hostId>
  </com.dotmarketing.beans.Identifier>
  <com.dotmarketing.beans.Identifier>
    <id>c75f0478-e6ff-40f2-91af-316ca2f1fb22</id>
    <assetName>static</assetName>
    <assetType>folder</assetType>
    <parentPath>/</parentPath>
    <hostId>48190c8c-42c4-46af-8d1a-0cd5db894797</hostId>
  </com.dotmarketing.beans.Identifier>
  <com.dotmarketing.beans.Identifier>
    <id>d1ec7b30-8e9e-4b3e-b075-9cd9557fee8b</id>
    <assetName>d1ec7b30-8e9e-4b3e-b075-9cd9557fee8b.template</assetName>
    <assetType>template</assetType>
    <parentPath>/</parentPath>
    <hostId>48190c8c-42c4-46af-8d1a-0cd5db894797</hostId>
  </com.dotmarketing.beans.Identifier>
  <com.dotmarketing.beans.Identifier>
    <id>e0aca367-1e1c-46d1-955f-86d0b1cc4778</id>
    <assetName>e0aca367-1e1c-46d1-955f-86d0b1cc4778.containers</assetName>
    <assetType>containers</assetType>
    <parentPath>/</parentPath>
    <hostId>48190c8c-42c4-46af-8d1a-0cd5db894797</hostId>
  </com.dotmarketing.beans.Identifier>
  <com.dotmarketing.beans.Identifier>
    <id>ee30ff85-b84f-401b-a0a8-c1c282cd91a4</id>
    <assetName>js</assetName>
    <assetType>folder</assetType>
    <parentPath>/</parentPath>
    <hostId>48190c8c-42c4-46af-8d1a-0cd5db894797</hostId>
  </com.dotmarketing.beans.Identifier>
  <com.dotmarketing.beans.Identifier>
    <id>f08e8ff0-5e37-4856-96ac-00c113b421f1</id>
    <assetName>content.6a7c2d86-14d4-4aaf-98d1-047c8599cf38</assetName>
    <assetType>contentlet</assetType>
    <parentPath>/</parentPath>
    <hostId>SYSTEM_HOST</hostId>
  </com.dotmarketing.beans.Identifier>
  <com.dotmarketing.beans.Identifier>
    <id>fef4a0e7-0b19-489b-9cd0-3c56653fe5d4</id>
    <assetName>content.0dfd61c9-d2f4-486e-ad99-dcb4c34ad575</assetName>
    <assetType>contentlet</assetType>
    <parentPath>/</parentPath>
    <hostId>48190c8c-42c4-46af-8d1a-0cd5db894797</hostId>
  </com.dotmarketing.beans.Identifier>
  <com.dotmarketing.beans.Identifier>
    <id>SYSTEM_HOST</id>
    <assetName>system host</assetName>
    <assetType>contentlet</assetType>
    <parentPath>/</parentPath>
    <hostId>SYSTEM_HOST</hostId>
  </com.dotmarketing.beans.Identifier>
  <com.dotmarketing.beans.Identifier>
    <id>16f25ae5-e314-46e8-88bd-4e58ed7baf82</id>
    <assetName>includes</assetName>
    <assetType>folder</assetType>
    <parentPath>/application/</parentPath>
    <hostId>48190c8c-42c4-46af-8d1a-0cd5db894797</hostId>
  </com.dotmarketing.beans.Identifier>
  <com.dotmarketing.beans.Identifier>
    <id>63ed6f82-c019-4354-9a8a-0045e60956de</id>
    <assetName>async</assetName>
    <assetType>folder</assetType>
    <parentPath>/application/</parentPath>
    <hostId>48190c8c-42c4-46af-8d1a-0cd5db894797</hostId>
  </com.dotmarketing.beans.Identifier>
  <com.dotmarketing.beans.Identifier>
    <id>640eddcc-2d61-4f51-b1fa-995e1dd4cf87</id>
    <assetName>util</assetName>
    <assetType>folder</assetType>
    <parentPath>/application/</parentPath>
    <hostId>48190c8c-42c4-46af-8d1a-0cd5db894797</hostId>
  </com.dotmarketing.beans.Identifier>
  <com.dotmarketing.beans.Identifier>
    <id>70d7d453-2b39-41ad-88cb-30c6ba53bca4</id>
    <assetName>containers</assetName>
    <assetType>folder</assetType>
    <parentPath>/application/</parentPath>
    <hostId>48190c8c-42c4-46af-8d1a-0cd5db894797</hostId>
  </com.dotmarketing.beans.Identifier>
  <com.dotmarketing.beans.Identifier>
    <id>7b5f1f29-e0e3-4b3c-b032-57f7cd82bd35</id>
    <assetName>themes</assetName>
    <assetType>folder</assetType>
    <parentPath>/application/</parentPath>
    <hostId>48190c8c-42c4-46af-8d1a-0cd5db894797</hostId>
  </com.dotmarketing.beans.Identifier>
  <com.dotmarketing.beans.Identifier>
    <id>aa568a31-003c-4397-ba7a-0ff0c10e6605</id>
    <assetName>custom-fields</assetName>
    <assetType>folder</assetType>
    <parentPath>/application/</parentPath>
    <hostId>48190c8c-42c4-46af-8d1a-0cd5db894797</hostId>
  </com.dotmarketing.beans.Identifier>
  <com.dotmarketing.beans.Identifier>
    <id>cdc58b6e-f3a5-47b3-bf45-d036b7f92102</id>
    <assetName>macros</assetName>
    <assetType>folder</assetType>
    <parentPath>/application/</parentPath>
    <hostId>48190c8c-42c4-46af-8d1a-0cd5db894797</hostId>
  </com.dotmarketing.beans.Identifier>
  <com.dotmarketing.beans.Identifier>
    <id>43548c31-9452-4eed-b8a0-2827a9a9e0b7</id>
    <assetName>file-asset.vtl</assetName>
    <assetType>contentlet</assetType>
    <parentPath>/application/containers/</parentPath>
    <hostId>48190c8c-42c4-46af-8d1a-0cd5db894797</hostId>
  </com.dotmarketing.beans.Identifier>
  <com.dotmarketing.beans.Identifier>
    <id>80d79e73-fd8d-42dc-922e-c5fa757e31d6</id>
    <assetName>velocity-include.vtl</assetName>
    <assetType>contentlet</assetType>
    <parentPath>/application/containers/</parentPath>
    <hostId>48190c8c-42c4-46af-8d1a-0cd5db894797</hostId>
  </com.dotmarketing.beans.Identifier>
  <com.dotmarketing.beans.Identifier>
    <id>8721fcc3-f5dc-4ee6-a614-9773fed75576</id>
    <assetName>content-generic.vtl</assetName>
    <assetType>contentlet</assetType>
    <parentPath>/application/containers/</parentPath>
    <hostId>48190c8c-42c4-46af-8d1a-0cd5db894797</hostId>
  </com.dotmarketing.beans.Identifier>
  <com.dotmarketing.beans.Identifier>
    <id>3732ba65-0687-4990-a91c-46641eff905c</id>
    <assetName>markdown-editor.vtl</assetName>
    <assetType>contentlet</assetType>
    <parentPath>/application/custom-fields/</parentPath>
    <hostId>48190c8c-42c4-46af-8d1a-0cd5db894797</hostId>
  </com.dotmarketing.beans.Identifier>
  <com.dotmarketing.beans.Identifier>
    <id>9d184249-941a-42a3-8fc5-0dc868489711</id>
    <assetName>template-layout.vtl</assetName>
    <assetType>contentlet</assetType>
    <parentPath>/application/custom-fields/</parentPath>
    <hostId>48190c8c-42c4-46af-8d1a-0cd5db894797</hostId>
  </com.dotmarketing.beans.Identifier>
  <com.dotmarketing.beans.Identifier>
    <id>ab6485a1-0f69-4436-8b91-e5e6ac08bc6b</id>
    <assetName>field-button.vtl</assetName>
    <assetType>contentlet</assetType>
    <parentPath>/application/custom-fields/</parentPath>
    <hostId>48190c8c-42c4-46af-8d1a-0cd5db894797</hostId>
  </com.dotmarketing.beans.Identifier>
  <com.dotmarketing.beans.Identifier>
    <id>1fddf9d6-b56a-427b-a2bc-a9bd3c6e86bb</id>
    <assetName>asset-imports.vtl</assetName>
    <assetType>contentlet</assetType>
    <parentPath>/application/includes/</parentPath>
    <hostId>48190c8c-42c4-46af-8d1a-0cd5db894797</hostId>
  </com.dotmarketing.beans.Identifier>
  <com.dotmarketing.beans.Identifier>
    <id>325027fc-afa8-45de-a616-e4a82080cbfe</id>
    <assetName>globals.vtl</assetName>
    <assetType>contentlet</assetType>
    <parentPath>/application/includes/</parentPath>
    <hostId>48190c8c-42c4-46af-8d1a-0cd5db894797</hostId>
  </com.dotmarketing.beans.Identifier>
  <com.dotmarketing.beans.Identifier>
    <id>4a5356ea-46c7-4b43-a80a-6b1cfd04dd51</id>
    <assetName>options.vtl</assetName>
    <assetType>contentlet</assetType>
    <parentPath>/application/includes/</parentPath>
    <hostId>48190c8c-42c4-46af-8d1a-0cd5db894797</hostId>
  </com.dotmarketing.beans.Identifier>
  <com.dotmarketing.beans.Identifier>
    <id>9964f3f9-66a1-492c-ab71-52db6a5c997f</id>
    <assetName>social-meta.vtl</assetName>
    <assetType>contentlet</assetType>
    <parentPath>/application/includes/</parentPath>
    <hostId>48190c8c-42c4-46af-8d1a-0cd5db894797</hostId>
  </com.dotmarketing.beans.Identifier>
  <com.dotmarketing.beans.Identifier>
    <id>b86c31fa-342e-4796-ac3b-cca383f5d8ef</id>
    <assetName>template-parameters.vtl</assetName>
    <assetType>contentlet</assetType>
    <parentPath>/application/includes/</parentPath>
    <hostId>48190c8c-42c4-46af-8d1a-0cd5db894797</hostId>
  </com.dotmarketing.beans.Identifier>
  <com.dotmarketing.beans.Identifier>
    <id>17d9a86d-6895-4606-bc1d-716c995e2af1</id>
    <assetName>json-get.vm</assetName>
    <assetType>contentlet</assetType>
    <parentPath>/application/macros/</parentPath>
    <hostId>48190c8c-42c4-46af-8d1a-0cd5db894797</hostId>
  </com.dotmarketing.beans.Identifier>
  <com.dotmarketing.beans.Identifier>
    <id>5bea3858-f003-4b0c-9de0-ef3662e8df00</id>
    <assetName>button.vm</assetName>
    <assetType>contentlet</assetType>
    <parentPath>/application/macros/</parentPath>
    <hostId>48190c8c-42c4-46af-8d1a-0cd5db894797</hostId>
  </com.dotmarketing.beans.Identifier>
  <com.dotmarketing.beans.Identifier>
    <id>76bfe274-6f59-46e5-83c5-5652f49d195c</id>
    <assetName>container-info.vm</assetName>
    <assetType>contentlet</assetType>
    <parentPath>/application/macros/</parentPath>
    <hostId>48190c8c-42c4-46af-8d1a-0cd5db894797</hostId>
  </com.dotmarketing.beans.Identifier>
  <com.dotmarketing.beans.Identifier>
    <id>8fa556a3-f506-44b2-a1a3-a39c65c0cf72</id>
    <assetName>slugify.vm</assetName>
    <assetType>contentlet</assetType>
    <parentPath>/application/macros/</parentPath>
    <hostId>48190c8c-42c4-46af-8d1a-0cd5db894797</hostId>
  </com.dotmarketing.beans.Identifier>
  <com.dotmarketing.beans.Identifier>
    <id>9af70154-ac5f-48b6-bf09-191367b3b470</id>
    <assetName>truncate-string.vm</assetName>
    <assetType>contentlet</assetType>
    <parentPath>/application/macros/</parentPath>
    <hostId>48190c8c-42c4-46af-8d1a-0cd5db894797</hostId>
  </com.dotmarketing.beans.Identifier>
  <com.dotmarketing.beans.Identifier>
    <id>ee40a8e9-24b5-493f-bacf-11027a3e14db</id>
    <assetName>template-column.vm</assetName>
    <assetType>contentlet</assetType>
    <parentPath>/application/macros/</parentPath>
    <hostId>48190c8c-42c4-46af-8d1a-0cd5db894797</hostId>
  </com.dotmarketing.beans.Identifier>
  <com.dotmarketing.beans.Identifier>
    <id>e2e4c7ca-b725-4823-8ad0-efe0e8867d0a</id>
    <assetName>default</assetName>
    <assetType>folder</assetType>
    <parentPath>/application/themes/</parentPath>
    <hostId>48190c8c-42c4-46af-8d1a-0cd5db894797</hostId>
  </com.dotmarketing.beans.Identifier>
  <com.dotmarketing.beans.Identifier>
    <id>058856c9-08fc-41f8-8a62-e977960ca4ce</id>
    <assetName>html_head.vtl</assetName>
    <assetType>contentlet</assetType>
    <parentPath>/application/themes/default/</parentPath>
    <hostId>48190c8c-42c4-46af-8d1a-0cd5db894797</hostId>
  </com.dotmarketing.beans.Identifier>
  <com.dotmarketing.beans.Identifier>
    <id>9313ce37-b9ce-446a-aa0f-d5dc4ed316a7</id>
    <assetName>bottom.vtl</assetName>
    <assetType>contentlet</assetType>
    <parentPath>/application/themes/default/</parentPath>
    <hostId>48190c8c-42c4-46af-8d1a-0cd5db894797</hostId>
  </com.dotmarketing.beans.Identifier>
  <com.dotmarketing.beans.Identifier>
    <id>9d713eba-035b-43de-830a-7a8f25df0c40</id>
    <assetName>header.vtl</assetName>
    <assetType>contentlet</assetType>
    <parentPath>/application/themes/default/</parentPath>
    <hostId>48190c8c-42c4-46af-8d1a-0cd5db894797</hostId>
  </com.dotmarketing.beans.Identifier>
  <com.dotmarketing.beans.Identifier>
    <id>cb8daa2a-66f6-48f9-9c2d-3b031fb80b16</id>
    <assetName>template.vtl</assetName>
    <assetType>contentlet</assetType>
    <parentPath>/application/themes/default/</parentPath>
    <hostId>48190c8c-42c4-46af-8d1a-0cd5db894797</hostId>
  </com.dotmarketing.beans.Identifier>
  <com.dotmarketing.beans.Identifier>
    <id>f6e76ea1-7424-4b61-a30c-40e66baffbec</id>
    <assetName>footer.vtl</assetName>
    <assetType>contentlet</assetType>
    <parentPath>/application/themes/default/</parentPath>
    <hostId>48190c8c-42c4-46af-8d1a-0cd5db894797</hostId>
  </com.dotmarketing.beans.Identifier>
  <com.dotmarketing.beans.Identifier>
    <id>583169a1-3ae9-45fa-8080-b18d23f58721</id>
    <assetName>contentlet-info.vtl</assetName>
    <assetType>contentlet</assetType>
    <parentPath>/application/util/</parentPath>
    <hostId>48190c8c-42c4-46af-8d1a-0cd5db894797</hostId>
  </com.dotmarketing.beans.Identifier>
  <com.dotmarketing.beans.Identifier>
    <id>d1cead20-9b8b-46c5-a813-a3268fbbc575</id>
    <assetName>container-info.vtl</assetName>
    <assetType>contentlet</assetType>
    <parentPath>/application/util/</parentPath>
    <hostId>48190c8c-42c4-46af-8d1a-0cd5db894797</hostId>
  </com.dotmarketing.beans.Identifier>
  <com.dotmarketing.beans.Identifier>
    <id>fab29e0c-b164-4734-b278-050738512767</id>
    <assetName>test.vtl</assetName>
    <assetType>contentlet</assetType>
    <parentPath>/application/util/</parentPath>
    <hostId>48190c8c-42c4-46af-8d1a-0cd5db894797</hostId>
  </com.dotmarketing.beans.Identifier>
  <com.dotmarketing.beans.Identifier>
    <id>a70620ae-b18f-42d4-9fae-a1f20a1889fd</id>
    <assetName>ethode-dotcms-share.png</assetName>
    <assetType>contentlet</assetType>
    <parentPath>/img/</parentPath>
    <hostId>48190c8c-42c4-46af-8d1a-0cd5db894797</hostId>
  </com.dotmarketing.beans.Identifier>
  <com.dotmarketing.beans.Identifier>
    <id>fde14780-d777-4d80-989d-e17f3b0d8885</id>
    <assetName>ethode-dotcms.png</assetName>
    <assetType>contentlet</assetType>
    <parentPath>/img/</parentPath>
    <hostId>48190c8c-42c4-46af-8d1a-0cd5db894797</hostId>
  </com.dotmarketing.beans.Identifier>
  <com.dotmarketing.beans.Identifier>
    <id>bc9a1d37-dd2d-4d49-a29d-0c9be740bfaf</id>
    <assetName>system folder</assetName>
    <assetType>folder</assetType>
    <parentPath>/System folder</parentPath>
    <hostId>SYSTEM_HOST</hostId>
  </com.dotmarketing.beans.Identifier>
</list>