<list>
  <com.dotmarketing.portlets.workflows.model.WorkflowTask>
    <id>01885bcf-218e-448d-b095-dbd927eed897</id>
    <creationDate class="sql-timestamp">2018-08-21 00:01:28.166</creationDate>
    <modDate class="sql-timestamp">2018-09-12 15:34:39.455</modDate>
    <createdBy>e7d4e34e-5127-45fc-8123-d48b62d510e3</createdBy>
    <assignedTo>e7d4e34e-5127-45fc-8123-d48b62d510e3</assignedTo>
    <title>html_head.vtl</title>
    <description></description>
    <status>dc3c9cd0-8467-404b-bf95-cb7df3fbc293</status>
    <webasset>058856c9-08fc-41f8-8a62-e977960ca4ce</webasset>
    <languageId>1</languageId>
  </com.dotmarketing.portlets.workflows.model.WorkflowTask>
  <com.dotmarketing.portlets.workflows.model.WorkflowTask>
    <id>032379f2-cf31-412c-9749-afca2b0cb6b7</id>
    <creationDate class="sql-timestamp">2018-08-21 02:43:42.502</creationDate>
    <modDate class="sql-timestamp">2018-09-12 15:34:39.611</modDate>
    <createdBy>e7d4e34e-5127-45fc-8123-d48b62d510e3</createdBy>
    <assignedTo>e7d4e34e-5127-45fc-8123-d48b62d510e3</assignedTo>
    <title>Foundation Contained Grid (lg): First row, no gutter</title>
    <description></description>
    <status>dc3c9cd0-8467-404b-bf95-cb7df3fbc293</status>
    <webasset>9fae5bd7-8677-4195-a79c-ab27f330d887</webasset>
    <languageId>1</languageId>
  </com.dotmarketing.portlets.workflows.model.WorkflowTask>
  <com.dotmarketing.portlets.workflows.model.WorkflowTask>
    <id>05c157fe-063f-4ac1-b49b-74b426539483</id>
    <creationDate class="sql-timestamp">2018-08-21 02:10:19.963</creationDate>
    <modDate class="sql-timestamp">2018-09-12 15:34:40.12</modDate>
    <createdBy>e7d4e34e-5127-45fc-8123-d48b62d510e3</createdBy>
    <assignedTo>e7d4e34e-5127-45fc-8123-d48b62d510e3</assignedTo>
    <title>markdown-editor.vtl</title>
    <description></description>
    <status>dc3c9cd0-8467-404b-bf95-cb7df3fbc293</status>
    <webasset>3732ba65-0687-4990-a91c-46641eff905c</webasset>
    <languageId>1</languageId>
  </com.dotmarketing.portlets.workflows.model.WorkflowTask>
  <com.dotmarketing.portlets.workflows.model.WorkflowTask>
    <id>13ac544a-2084-4ac7-9539-95f908f9627f</id>
    <creationDate class="sql-timestamp">2018-08-10 18:38:05.248</creationDate>
    <modDate class="sql-timestamp">2018-09-12 15:34:39.659</modDate>
    <createdBy>e7d4e34e-5127-45fc-8123-d48b62d510e3</createdBy>
    <assignedTo>e7d4e34e-5127-45fc-8123-d48b62d510e3</assignedTo>
    <title>Google Pixel XL</title>
    <status>dc3c9cd0-8467-404b-bf95-cb7df3fbc293</status>
    <webasset>8a89c87f-0947-4c25-ad96-2e639249e66b</webasset>
    <languageId>1</languageId>
  </com.dotmarketing.portlets.workflows.model.WorkflowTask>
  <com.dotmarketing.portlets.workflows.model.WorkflowTask>
    <id>22738802-7ffc-44aa-9461-9a216036760d</id>
    <creationDate class="sql-timestamp">2018-08-10 18:38:05.301</creationDate>
    <modDate class="sql-timestamp">2018-09-12 15:34:39.393</modDate>
    <createdBy>e7d4e34e-5127-45fc-8123-d48b62d510e3</createdBy>
    <assignedTo>e7d4e34e-5127-45fc-8123-d48b62d510e3</assignedTo>
    <title>Apple iPad 3, 4, Air, Air2</title>
    <status>dc3c9cd0-8467-404b-bf95-cb7df3fbc293</status>
    <webasset>89580a20-c9b5-4e4c-91a0-b1f511953f7f</webasset>
    <languageId>1</languageId>
  </com.dotmarketing.portlets.workflows.model.WorkflowTask>
  <com.dotmarketing.portlets.workflows.model.WorkflowTask>
    <id>23995c36-c52e-4ee3-9734-f4e5d7c5f9eb</id>
    <creationDate class="sql-timestamp">2018-08-21 00:24:01.295</creationDate>
    <modDate class="sql-timestamp">2018-09-12 15:34:40.124</modDate>
    <createdBy>e7d4e34e-5127-45fc-8123-d48b62d510e3</createdBy>
    <assignedTo>e7d4e34e-5127-45fc-8123-d48b62d510e3</assignedTo>
    <title>header.vtl</title>
    <description></description>
    <status>dc3c9cd0-8467-404b-bf95-cb7df3fbc293</status>
    <webasset>9d713eba-035b-43de-830a-7a8f25df0c40</webasset>
    <languageId>1</languageId>
  </com.dotmarketing.portlets.workflows.model.WorkflowTask>
  <com.dotmarketing.portlets.workflows.model.WorkflowTask>
    <id>23bc207c-6811-4927-b9c0-064ccbb5baa4</id>
    <creationDate class="sql-timestamp">2018-08-21 02:32:55.484</creationDate>
    <modDate class="sql-timestamp">2018-09-12 15:34:39.591</modDate>
    <createdBy>e7d4e34e-5127-45fc-8123-d48b62d510e3</createdBy>
    <assignedTo>e7d4e34e-5127-45fc-8123-d48b62d510e3</assignedTo>
    <title>Default Layout</title>
    <description></description>
    <status>dc3c9cd0-8467-404b-bf95-cb7df3fbc293</status>
    <webasset>02a180e4-c57d-4b02-a260-93c782410107</webasset>
    <languageId>1</languageId>
  </com.dotmarketing.portlets.workflows.model.WorkflowTask>
  <com.dotmarketing.portlets.workflows.model.WorkflowTask>
    <id>244b4874-9b92-40bb-87d4-ec706e986779</id>
    <creationDate class="sql-timestamp">2018-08-21 00:24:03.92</creationDate>
    <modDate class="sql-timestamp">2018-09-12 15:34:39.991</modDate>
    <createdBy>e7d4e34e-5127-45fc-8123-d48b62d510e3</createdBy>
    <assignedTo>e7d4e34e-5127-45fc-8123-d48b62d510e3</assignedTo>
    <title>footer.vtl</title>
    <description></description>
    <status>dc3c9cd0-8467-404b-bf95-cb7df3fbc293</status>
    <webasset>f6e76ea1-7424-4b61-a30c-40e66baffbec</webasset>
    <languageId>1</languageId>
  </com.dotmarketing.portlets.workflows.model.WorkflowTask>
  <com.dotmarketing.portlets.workflows.model.WorkflowTask>
    <id>2a39a53a-3812-49bc-8a77-e7d85060ae5e</id>
    <creationDate class="sql-timestamp">2018-08-21 02:58:51.019</creationDate>
    <modDate class="sql-timestamp">2018-09-14 18:05:22.043</modDate>
    <createdBy>e7d4e34e-5127-45fc-8123-d48b62d510e3</createdBy>
    <assignedTo>e7d4e34e-5127-45fc-8123-d48b62d510e3</assignedTo>
    <title>default</title>
    <description></description>
    <status>dc3c9cd0-8467-404b-bf95-cb7df3fbc293</status>
    <webasset>f08e8ff0-5e37-4856-96ac-00c113b421f1</webasset>
    <languageId>1</languageId>
  </com.dotmarketing.portlets.workflows.model.WorkflowTask>
  <com.dotmarketing.portlets.workflows.model.WorkflowTask>
    <id>3088f952-4bd0-4a74-9174-9fd57febd0db</id>
    <creationDate class="sql-timestamp">2018-08-24 19:20:08.282</creationDate>
    <modDate class="sql-timestamp">2018-09-12 15:34:39.986</modDate>
    <createdBy>e7d4e34e-5127-45fc-8123-d48b62d510e3</createdBy>
    <assignedTo>e7d4e34e-5127-45fc-8123-d48b62d510e3</assignedTo>
    <title>template-parameters.vtl</title>
    <description></description>
    <status>dc3c9cd0-8467-404b-bf95-cb7df3fbc293</status>
    <webasset>b86c31fa-342e-4796-ac3b-cca383f5d8ef</webasset>
    <languageId>1</languageId>
  </com.dotmarketing.portlets.workflows.model.WorkflowTask>
  <com.dotmarketing.portlets.workflows.model.WorkflowTask>
    <id>34cc50d4-99d3-4f9e-86ff-23deef51a7d9</id>
    <creationDate class="sql-timestamp">2018-08-24 19:20:09.611</creationDate>
    <modDate class="sql-timestamp">2018-09-12 15:34:40.207</modDate>
    <createdBy>e7d4e34e-5127-45fc-8123-d48b62d510e3</createdBy>
    <assignedTo>e7d4e34e-5127-45fc-8123-d48b62d510e3</assignedTo>
    <title>truncate-string.vm</title>
    <description></description>
    <status>dc3c9cd0-8467-404b-bf95-cb7df3fbc293</status>
    <webasset>9af70154-ac5f-48b6-bf09-191367b3b470</webasset>
    <languageId>1</languageId>
  </com.dotmarketing.portlets.workflows.model.WorkflowTask>
  <com.dotmarketing.portlets.workflows.model.WorkflowTask>
    <id>3717e735-33a9-410f-99bd-986e10cb657c</id>
    <creationDate class="sql-timestamp">2018-08-24 19:20:09.95</creationDate>
    <modDate class="sql-timestamp">2018-09-12 15:34:40.411</modDate>
    <createdBy>e7d4e34e-5127-45fc-8123-d48b62d510e3</createdBy>
    <assignedTo>e7d4e34e-5127-45fc-8123-d48b62d510e3</assignedTo>
    <title>social-meta.vtl</title>
    <description></description>
    <status>dc3c9cd0-8467-404b-bf95-cb7df3fbc293</status>
    <webasset>9964f3f9-66a1-492c-ab71-52db6a5c997f</webasset>
    <languageId>1</languageId>
  </com.dotmarketing.portlets.workflows.model.WorkflowTask>
  <com.dotmarketing.portlets.workflows.model.WorkflowTask>
    <id>378cc9c1-d6df-4133-888f-0ac0b46c6f88</id>
    <creationDate class="sql-timestamp">2018-08-10 18:38:05.324</creationDate>
    <modDate class="sql-timestamp">2018-09-12 15:34:39.401</modDate>
    <createdBy>e7d4e34e-5127-45fc-8123-d48b62d510e3</createdBy>
    <assignedTo>e7d4e34e-5127-45fc-8123-d48b62d510e3</assignedTo>
    <title>Apple iPad Pro</title>
    <status>dc3c9cd0-8467-404b-bf95-cb7df3fbc293</status>
    <webasset>238a07cc-e5b1-45d8-95e9-73808d466ef1</webasset>
    <languageId>1</languageId>
  </com.dotmarketing.portlets.workflows.model.WorkflowTask>
  <com.dotmarketing.portlets.workflows.model.WorkflowTask>
    <id>4a3528b2-6475-46d3-bd4d-226a6becd22f</id>
    <creationDate class="sql-timestamp">2018-08-21 18:37:27.745</creationDate>
    <modDate class="sql-timestamp">2018-09-12 15:34:39.695</modDate>
    <createdBy>e7d4e34e-5127-45fc-8123-d48b62d510e3</createdBy>
    <assignedTo>e7d4e34e-5127-45fc-8123-d48b62d510e3</assignedTo>
    <title>Top</title>
    <description></description>
    <status>dc3c9cd0-8467-404b-bf95-cb7df3fbc293</status>
    <webasset>c13294e6-a9c8-4795-b405-0b5af90b311e</webasset>
    <languageId>1</languageId>
  </com.dotmarketing.portlets.workflows.model.WorkflowTask>
  <com.dotmarketing.portlets.workflows.model.WorkflowTask>
    <id>4ee35318-50f6-4db9-8f4a-47b8a8a2098e</id>
    <creationDate class="sql-timestamp">2018-08-10 18:38:05.392</creationDate>
    <modDate class="sql-timestamp">2018-09-12 15:34:39.399</modDate>
    <createdBy>e7d4e34e-5127-45fc-8123-d48b62d510e3</createdBy>
    <assignedTo>e7d4e34e-5127-45fc-8123-d48b62d510e3</assignedTo>
    <title>Samsung Galaxy S7, S7 edge</title>
    <status>dc3c9cd0-8467-404b-bf95-cb7df3fbc293</status>
    <webasset>0157b81a-d6fc-49e8-ab88-e7a6164b398e</webasset>
    <languageId>1</languageId>
  </com.dotmarketing.portlets.workflows.model.WorkflowTask>
  <com.dotmarketing.portlets.workflows.model.WorkflowTask>
    <id>51217fad-67d7-4c90-ba6a-d0c63ddad47c</id>
    <creationDate class="sql-timestamp">2018-08-10 18:38:05.416</creationDate>
    <modDate class="sql-timestamp">2018-09-12 15:34:39.673</modDate>
    <createdBy>e7d4e34e-5127-45fc-8123-d48b62d510e3</createdBy>
    <assignedTo>e7d4e34e-5127-45fc-8123-d48b62d510e3</assignedTo>
    <title>Apple iPhone 6, 6s</title>
    <status>dc3c9cd0-8467-404b-bf95-cb7df3fbc293</status>
    <webasset>543f3e39-4eee-4763-9c89-1b366bd4e226</webasset>
    <languageId>1</languageId>
  </com.dotmarketing.portlets.workflows.model.WorkflowTask>
  <com.dotmarketing.portlets.workflows.model.WorkflowTask>
    <id>5349debf-8fbc-450d-bbb9-dfffdd3c5c73</id>
    <creationDate class="sql-timestamp">2018-08-21 00:06:32.294</creationDate>
    <modDate class="sql-timestamp">2018-09-12 15:34:39.757</modDate>
    <createdBy>e7d4e34e-5127-45fc-8123-d48b62d510e3</createdBy>
    <assignedTo>e7d4e34e-5127-45fc-8123-d48b62d510e3</assignedTo>
    <title>contentlet-info.vtl</title>
    <description></description>
    <status>dc3c9cd0-8467-404b-bf95-cb7df3fbc293</status>
    <webasset>583169a1-3ae9-45fa-8080-b18d23f58721</webasset>
    <languageId>1</languageId>
  </com.dotmarketing.portlets.workflows.model.WorkflowTask>
  <com.dotmarketing.portlets.workflows.model.WorkflowTask>
    <id>56d255d3-4ec7-4ad9-b36a-cd11992f6c83</id>
    <creationDate class="sql-timestamp">2018-08-24 19:20:08.652</creationDate>
    <modDate class="sql-timestamp">2018-09-12 15:34:40.411</modDate>
    <createdBy>e7d4e34e-5127-45fc-8123-d48b62d510e3</createdBy>
    <assignedTo>e7d4e34e-5127-45fc-8123-d48b62d510e3</assignedTo>
    <title>container-info.vm</title>
    <description></description>
    <status>dc3c9cd0-8467-404b-bf95-cb7df3fbc293</status>
    <webasset>76bfe274-6f59-46e5-83c5-5652f49d195c</webasset>
    <languageId>1</languageId>
  </com.dotmarketing.portlets.workflows.model.WorkflowTask>
  <com.dotmarketing.portlets.workflows.model.WorkflowTask>
    <id>633ed80a-46f6-4227-ba8a-10581ad7ccb7</id>
    <creationDate class="sql-timestamp">2018-08-24 19:20:10.179</creationDate>
    <modDate class="sql-timestamp">2018-09-12 15:34:39.505</modDate>
    <createdBy>e7d4e34e-5127-45fc-8123-d48b62d510e3</createdBy>
    <assignedTo>e7d4e34e-5127-45fc-8123-d48b62d510e3</assignedTo>
    <title>options.vtl</title>
    <description></description>
    <status>dc3c9cd0-8467-404b-bf95-cb7df3fbc293</status>
    <webasset>4a5356ea-46c7-4b43-a80a-6b1cfd04dd51</webasset>
    <languageId>1</languageId>
  </com.dotmarketing.portlets.workflows.model.WorkflowTask>
  <com.dotmarketing.portlets.workflows.model.WorkflowTask>
    <id>6410bc7b-a358-4af6-9827-d1fdb5556603</id>
    <creationDate class="sql-timestamp">2018-08-21 00:06:37.333</creationDate>
    <modDate class="sql-timestamp">2018-09-12 15:34:39.979</modDate>
    <createdBy>e7d4e34e-5127-45fc-8123-d48b62d510e3</createdBy>
    <assignedTo>e7d4e34e-5127-45fc-8123-d48b62d510e3</assignedTo>
    <title>test.vtl</title>
    <description></description>
    <status>dc3c9cd0-8467-404b-bf95-cb7df3fbc293</status>
    <webasset>fab29e0c-b164-4734-b278-050738512767</webasset>
    <languageId>1</languageId>
  </com.dotmarketing.portlets.workflows.model.WorkflowTask>
  <com.dotmarketing.portlets.workflows.model.WorkflowTask>
    <id>69e3dc86-419f-4e43-885d-e05e7332cdcb</id>
    <creationDate class="sql-timestamp">2018-08-24 19:20:10.321</creationDate>
    <modDate class="sql-timestamp">2018-09-12 15:34:39.647</modDate>
    <createdBy>e7d4e34e-5127-45fc-8123-d48b62d510e3</createdBy>
    <assignedTo>e7d4e34e-5127-45fc-8123-d48b62d510e3</assignedTo>
    <title>ethode-dotcms.png</title>
    <description></description>
    <status>dc3c9cd0-8467-404b-bf95-cb7df3fbc293</status>
    <webasset>fde14780-d777-4d80-989d-e17f3b0d8885</webasset>
    <languageId>1</languageId>
  </com.dotmarketing.portlets.workflows.model.WorkflowTask>
  <com.dotmarketing.portlets.workflows.model.WorkflowTask>
    <id>748182d9-b75f-4ad7-a25d-57a95213c4c5</id>
    <creationDate class="sql-timestamp">2018-08-24 19:20:08.173</creationDate>
    <modDate class="sql-timestamp">2018-09-12 15:34:40.006</modDate>
    <createdBy>e7d4e34e-5127-45fc-8123-d48b62d510e3</createdBy>
    <assignedTo>e7d4e34e-5127-45fc-8123-d48b62d510e3</assignedTo>
    <title>template-column.vm</title>
    <description></description>
    <status>dc3c9cd0-8467-404b-bf95-cb7df3fbc293</status>
    <webasset>ee40a8e9-24b5-493f-bacf-11027a3e14db</webasset>
    <languageId>1</languageId>
  </com.dotmarketing.portlets.workflows.model.WorkflowTask>
  <com.dotmarketing.portlets.workflows.model.WorkflowTask>
    <id>8091b390-1120-46fc-8a4b-2f7669961f0a</id>
    <creationDate class="sql-timestamp">2018-08-21 18:38:24.697</creationDate>
    <modDate class="sql-timestamp">2018-09-12 15:34:39.351</modDate>
    <createdBy>e7d4e34e-5127-45fc-8123-d48b62d510e3</createdBy>
    <assignedTo>e7d4e34e-5127-45fc-8123-d48b62d510e3</assignedTo>
    <title>Bottom</title>
    <description></description>
    <status>dc3c9cd0-8467-404b-bf95-cb7df3fbc293</status>
    <webasset>acb137f2-9b5f-4c52-b75b-f377ab6e7d9c</webasset>
    <languageId>1</languageId>
  </com.dotmarketing.portlets.workflows.model.WorkflowTask>
  <com.dotmarketing.portlets.workflows.model.WorkflowTask>
    <id>80ded64c-43e6-4fdf-a35c-6ff82418ca98</id>
    <creationDate class="sql-timestamp">2018-08-24 19:20:09.679</creationDate>
    <modDate class="sql-timestamp">2018-09-12 15:34:39.621</modDate>
    <createdBy>e7d4e34e-5127-45fc-8123-d48b62d510e3</createdBy>
    <assignedTo>e7d4e34e-5127-45fc-8123-d48b62d510e3</assignedTo>
    <title>file-asset.vtl</title>
    <description></description>
    <status>dc3c9cd0-8467-404b-bf95-cb7df3fbc293</status>
    <webasset>43548c31-9452-4eed-b8a0-2827a9a9e0b7</webasset>
    <languageId>1</languageId>
  </com.dotmarketing.portlets.workflows.model.WorkflowTask>
  <com.dotmarketing.portlets.workflows.model.WorkflowTask>
    <id>83f976d5-af09-4161-90c1-cf434138ae2d</id>
    <creationDate class="sql-timestamp">2018-08-24 19:20:09.931</creationDate>
    <modDate class="sql-timestamp">2018-09-12 15:34:39.459</modDate>
    <createdBy>e7d4e34e-5127-45fc-8123-d48b62d510e3</createdBy>
    <assignedTo>e7d4e34e-5127-45fc-8123-d48b62d510e3</assignedTo>
    <title>field-button.vtl</title>
    <description></description>
    <status>dc3c9cd0-8467-404b-bf95-cb7df3fbc293</status>
    <webasset>ab6485a1-0f69-4436-8b91-e5e6ac08bc6b</webasset>
    <languageId>1</languageId>
  </com.dotmarketing.portlets.workflows.model.WorkflowTask>
  <com.dotmarketing.portlets.workflows.model.WorkflowTask>
    <id>85f6f194-c9e0-4350-aa1d-20ea221e97b9</id>
    <creationDate class="sql-timestamp">2018-08-24 19:20:10.283</creationDate>
    <modDate class="sql-timestamp">2018-09-12 15:34:39.549</modDate>
    <createdBy>e7d4e34e-5127-45fc-8123-d48b62d510e3</createdBy>
    <assignedTo>e7d4e34e-5127-45fc-8123-d48b62d510e3</assignedTo>
    <title>ethode-dotcms-share.png</title>
    <description></description>
    <status>dc3c9cd0-8467-404b-bf95-cb7df3fbc293</status>
    <webasset>a70620ae-b18f-42d4-9fae-a1f20a1889fd</webasset>
    <languageId>1</languageId>
  </com.dotmarketing.portlets.workflows.model.WorkflowTask>
  <com.dotmarketing.portlets.workflows.model.WorkflowTask>
    <id>8fcefd87-1662-4a23-85d4-50ab7027eeb2</id>
    <creationDate class="sql-timestamp">2018-08-24 19:20:10.132</creationDate>
    <modDate class="sql-timestamp">2018-09-12 15:34:39.925</modDate>
    <createdBy>e7d4e34e-5127-45fc-8123-d48b62d510e3</createdBy>
    <assignedTo>e7d4e34e-5127-45fc-8123-d48b62d510e3</assignedTo>
    <title>content-generic.vtl</title>
    <description></description>
    <status>dc3c9cd0-8467-404b-bf95-cb7df3fbc293</status>
    <webasset>8721fcc3-f5dc-4ee6-a614-9773fed75576</webasset>
    <languageId>1</languageId>
  </com.dotmarketing.portlets.workflows.model.WorkflowTask>
  <com.dotmarketing.portlets.workflows.model.WorkflowTask>
    <id>8fe8f86d-30ba-43fb-bb74-e58c2c4211bd</id>
    <creationDate class="sql-timestamp">2018-08-21 00:06:34.663</creationDate>
    <modDate class="sql-timestamp">2018-09-12 15:34:40.069</modDate>
    <createdBy>e7d4e34e-5127-45fc-8123-d48b62d510e3</createdBy>
    <assignedTo>e7d4e34e-5127-45fc-8123-d48b62d510e3</assignedTo>
    <title>container-info.vtl</title>
    <description></description>
    <status>dc3c9cd0-8467-404b-bf95-cb7df3fbc293</status>
    <webasset>d1cead20-9b8b-46c5-a813-a3268fbbc575</webasset>
    <languageId>1</languageId>
  </com.dotmarketing.portlets.workflows.model.WorkflowTask>
  <com.dotmarketing.portlets.workflows.model.WorkflowTask>
    <id>97f00897-105b-48c8-9a5d-6f2f6f8518ea</id>
    <creationDate class="sql-timestamp">2018-08-10 18:38:05.438</creationDate>
    <modDate class="sql-timestamp">2018-09-12 15:34:39.51</modDate>
    <createdBy>e7d4e34e-5127-45fc-8123-d48b62d510e3</createdBy>
    <assignedTo>e7d4e34e-5127-45fc-8123-d48b62d510e3</assignedTo>
    <title>Apple iPhone 6 Plus, 6s Plus</title>
    <status>dc3c9cd0-8467-404b-bf95-cb7df3fbc293</status>
    <webasset>ba49a150-9188-4cf5-9295-6a6e2a51a42b</webasset>
    <languageId>1</languageId>
  </com.dotmarketing.portlets.workflows.model.WorkflowTask>
  <com.dotmarketing.portlets.workflows.model.WorkflowTask>
    <id>980c3c00-c28e-4fd9-9f7a-15297983757b</id>
    <creationDate class="sql-timestamp">2018-08-24 19:20:09.421</creationDate>
    <modDate class="sql-timestamp">2018-09-12 15:34:39.722</modDate>
    <createdBy>e7d4e34e-5127-45fc-8123-d48b62d510e3</createdBy>
    <assignedTo>e7d4e34e-5127-45fc-8123-d48b62d510e3</assignedTo>
    <title>slugify.vm</title>
    <description></description>
    <status>dc3c9cd0-8467-404b-bf95-cb7df3fbc293</status>
    <webasset>8fa556a3-f506-44b2-a1a3-a39c65c0cf72</webasset>
    <languageId>1</languageId>
  </com.dotmarketing.portlets.workflows.model.WorkflowTask>
  <com.dotmarketing.portlets.workflows.model.WorkflowTask>
    <id>9d342fa4-651f-4fc7-9a9a-018ef36a247f</id>
    <creationDate class="sql-timestamp">2018-08-10 18:38:05.274</creationDate>
    <modDate class="sql-timestamp">2018-09-12 15:34:39.644</modDate>
    <createdBy>e7d4e34e-5127-45fc-8123-d48b62d510e3</createdBy>
    <assignedTo>e7d4e34e-5127-45fc-8123-d48b62d510e3</assignedTo>
    <title>Google Pixel</title>
    <status>dc3c9cd0-8467-404b-bf95-cb7df3fbc293</status>
    <webasset>c2805852-57cb-4d6e-bc91-9b97d6ef50ca</webasset>
    <languageId>1</languageId>
  </com.dotmarketing.portlets.workflows.model.WorkflowTask>
  <com.dotmarketing.portlets.workflows.model.WorkflowTask>
    <id>a2a56bd7-d67c-4b53-afb4-f1c118cf1d75</id>
    <creationDate class="sql-timestamp">2018-08-21 02:35:16.982</creationDate>
    <modDate class="sql-timestamp">2018-09-12 15:34:40.38</modDate>
    <createdBy>e7d4e34e-5127-45fc-8123-d48b62d510e3</createdBy>
    <assignedTo>e7d4e34e-5127-45fc-8123-d48b62d510e3</assignedTo>
    <title>globals.vtl</title>
    <description></description>
    <status>dc3c9cd0-8467-404b-bf95-cb7df3fbc293</status>
    <webasset>325027fc-afa8-45de-a616-e4a82080cbfe</webasset>
    <languageId>1</languageId>
  </com.dotmarketing.portlets.workflows.model.WorkflowTask>
  <com.dotmarketing.portlets.workflows.model.WorkflowTask>
    <id>a4651eeb-79ce-4751-bd25-d56c87076d01</id>
    <creationDate class="sql-timestamp">2018-08-10 18:38:05.346</creationDate>
    <modDate class="sql-timestamp">2018-09-12 15:34:39.751</modDate>
    <createdBy>e7d4e34e-5127-45fc-8123-d48b62d510e3</createdBy>
    <assignedTo>e7d4e34e-5127-45fc-8123-d48b62d510e3</assignedTo>
    <title>Samsung Galaxy S5</title>
    <status>dc3c9cd0-8467-404b-bf95-cb7df3fbc293</status>
    <webasset>2e5ef0a0-7d0b-4ece-aaa1-645efdc1c19d</webasset>
    <languageId>1</languageId>
  </com.dotmarketing.portlets.workflows.model.WorkflowTask>
  <com.dotmarketing.portlets.workflows.model.WorkflowTask>
    <id>a8275b89-ca7e-4c3b-ba39-4813e705a977</id>
    <creationDate class="sql-timestamp">2018-08-13 20:47:41.959</creationDate>
    <modDate class="sql-timestamp">2018-09-12 15:34:40.172</modDate>
    <createdBy>e7d4e34e-5127-45fc-8123-d48b62d510e3</createdBy>
    <assignedTo>e7d4e34e-5127-45fc-8123-d48b62d510e3</assignedTo>
    <title>template.vtl</title>
    <description></description>
    <status>dc3c9cd0-8467-404b-bf95-cb7df3fbc293</status>
    <webasset>cb8daa2a-66f6-48f9-9c2d-3b031fb80b16</webasset>
    <languageId>1</languageId>
  </com.dotmarketing.portlets.workflows.model.WorkflowTask>
  <com.dotmarketing.portlets.workflows.model.WorkflowTask>
    <id>af8f6107-f271-4ca6-8f12-a4344b056d63</id>
    <creationDate class="sql-timestamp">2018-08-24 19:20:09.426</creationDate>
    <modDate class="sql-timestamp">2018-09-12 15:34:40.288</modDate>
    <createdBy>e7d4e34e-5127-45fc-8123-d48b62d510e3</createdBy>
    <assignedTo>e7d4e34e-5127-45fc-8123-d48b62d510e3</assignedTo>
    <title>json-get.vm</title>
    <description></description>
    <status>dc3c9cd0-8467-404b-bf95-cb7df3fbc293</status>
    <webasset>17d9a86d-6895-4606-bc1d-716c995e2af1</webasset>
    <languageId>1</languageId>
  </com.dotmarketing.portlets.workflows.model.WorkflowTask>
  <com.dotmarketing.portlets.workflows.model.WorkflowTask>
    <id>b0430435-b21d-43fc-8447-1b858795ad8c</id>
    <creationDate class="sql-timestamp">2018-08-24 19:20:08.426</creationDate>
    <modDate class="sql-timestamp">2018-09-12 15:34:40.113</modDate>
    <createdBy>e7d4e34e-5127-45fc-8123-d48b62d510e3</createdBy>
    <assignedTo>e7d4e34e-5127-45fc-8123-d48b62d510e3</assignedTo>
    <title>template-layout.vtl</title>
    <description></description>
    <status>dc3c9cd0-8467-404b-bf95-cb7df3fbc293</status>
    <webasset>9d184249-941a-42a3-8fc5-0dc868489711</webasset>
    <languageId>1</languageId>
  </com.dotmarketing.portlets.workflows.model.WorkflowTask>
  <com.dotmarketing.portlets.workflows.model.WorkflowTask>
    <id>b080e045-38af-4357-8f95-e9a89fd8221d</id>
    <creationDate class="sql-timestamp">2018-08-24 19:20:09.953</creationDate>
    <modDate class="sql-timestamp">2018-09-13 21:09:56.91</modDate>
    <createdBy>e7d4e34e-5127-45fc-8123-d48b62d510e3</createdBy>
    <assignedTo>e7d4e34e-5127-45fc-8123-d48b62d510e3</assignedTo>
    <title>velocity-include.vtl</title>
    <description></description>
    <status>dc3c9cd0-8467-404b-bf95-cb7df3fbc293</status>
    <webasset>80d79e73-fd8d-42dc-922e-c5fa757e31d6</webasset>
    <languageId>1</languageId>
  </com.dotmarketing.portlets.workflows.model.WorkflowTask>
  <com.dotmarketing.portlets.workflows.model.WorkflowTask>
    <id>c17ddd69-448d-43bb-9bac-3cf5b6a5472d</id>
    <creationDate class="sql-timestamp">2018-08-21 00:24:06.641</creationDate>
    <modDate class="sql-timestamp">2018-09-12 15:34:39.371</modDate>
    <createdBy>e7d4e34e-5127-45fc-8123-d48b62d510e3</createdBy>
    <assignedTo>e7d4e34e-5127-45fc-8123-d48b62d510e3</assignedTo>
    <title>bottom.vtl</title>
    <description></description>
    <status>dc3c9cd0-8467-404b-bf95-cb7df3fbc293</status>
    <webasset>9313ce37-b9ce-446a-aa0f-d5dc4ed316a7</webasset>
    <languageId>1</languageId>
  </com.dotmarketing.portlets.workflows.model.WorkflowTask>
  <com.dotmarketing.portlets.workflows.model.WorkflowTask>
    <id>c8d02e62-ecc2-461f-924d-d63b807a44f7</id>
    <creationDate class="sql-timestamp">2018-08-21 18:38:11.386</creationDate>
    <modDate class="sql-timestamp">2018-09-12 15:34:39.74</modDate>
    <createdBy>e7d4e34e-5127-45fc-8123-d48b62d510e3</createdBy>
    <assignedTo>e7d4e34e-5127-45fc-8123-d48b62d510e3</assignedTo>
    <title>Body Aside</title>
    <description></description>
    <status>dc3c9cd0-8467-404b-bf95-cb7df3fbc293</status>
    <webasset>8fef464c-8a4f-42d3-8045-4442105a47bc</webasset>
    <languageId>1</languageId>
  </com.dotmarketing.portlets.workflows.model.WorkflowTask>
  <com.dotmarketing.portlets.workflows.model.WorkflowTask>
    <id>ca12407a-c068-4b10-854d-98ca99f743d9</id>
    <creationDate class="sql-timestamp">2018-08-24 19:20:09.653</creationDate>
    <modDate class="sql-timestamp">2018-09-13 21:05:18.833</modDate>
    <createdBy>e7d4e34e-5127-45fc-8123-d48b62d510e3</createdBy>
    <assignedTo>e7d4e34e-5127-45fc-8123-d48b62d510e3</assignedTo>
    <title>button.vm</title>
    <description></description>
    <status>dc3c9cd0-8467-404b-bf95-cb7df3fbc293</status>
    <webasset>5bea3858-f003-4b0c-9de0-ef3662e8df00</webasset>
    <languageId>1</languageId>
  </com.dotmarketing.portlets.workflows.model.WorkflowTask>
  <com.dotmarketing.portlets.workflows.model.WorkflowTask>
    <id>cddd0c2c-2c01-445f-8485-34fd7b451e93</id>
    <creationDate class="sql-timestamp">2018-08-21 18:37:48.93</creationDate>
    <modDate class="sql-timestamp">2018-09-12 15:34:40.29</modDate>
    <createdBy>e7d4e34e-5127-45fc-8123-d48b62d510e3</createdBy>
    <assignedTo>e7d4e34e-5127-45fc-8123-d48b62d510e3</assignedTo>
    <title>Body Main</title>
    <description></description>
    <status>dc3c9cd0-8467-404b-bf95-cb7df3fbc293</status>
    <webasset>fef4a0e7-0b19-489b-9cd0-3c56653fe5d4</webasset>
    <languageId>1</languageId>
  </com.dotmarketing.portlets.workflows.model.WorkflowTask>
  <com.dotmarketing.portlets.workflows.model.WorkflowTask>
    <id>dc44a0cc-81d7-4698-8b47-3cacbe81f86f</id>
    <creationDate class="sql-timestamp">2018-08-24 19:20:10.097</creationDate>
    <modDate class="sql-timestamp">2018-09-12 15:34:39.523</modDate>
    <createdBy>e7d4e34e-5127-45fc-8123-d48b62d510e3</createdBy>
    <assignedTo>e7d4e34e-5127-45fc-8123-d48b62d510e3</assignedTo>
    <title>asset-imports.vtl</title>
    <description></description>
    <status>dc3c9cd0-8467-404b-bf95-cb7df3fbc293</status>
    <webasset>1fddf9d6-b56a-427b-a2bc-a9bd3c6e86bb</webasset>
    <languageId>1</languageId>
  </com.dotmarketing.portlets.workflows.model.WorkflowTask>
  <com.dotmarketing.portlets.workflows.model.WorkflowTask>
    <id>deef1084-b50e-4269-9a23-90085a19f820</id>
    <creationDate class="sql-timestamp">2018-08-21 02:40:07.556</creationDate>
    <modDate class="sql-timestamp">2018-09-12 15:34:39.893</modDate>
    <createdBy>e7d4e34e-5127-45fc-8123-d48b62d510e3</createdBy>
    <assignedTo>e7d4e34e-5127-45fc-8123-d48b62d510e3</assignedTo>
    <title>Bootstrap Contained Grid (lg)</title>
    <description></description>
    <status>dc3c9cd0-8467-404b-bf95-cb7df3fbc293</status>
    <webasset>6d55be02-dc09-40f4-97be-20dd47d3fff3</webasset>
    <languageId>1</languageId>
  </com.dotmarketing.portlets.workflows.model.WorkflowTask>
  <com.dotmarketing.portlets.workflows.model.WorkflowTask>
    <id>ec0000f6-efdf-4637-86cf-bcaadfb09710</id>
    <creationDate class="sql-timestamp">2018-08-21 16:03:56.889</creationDate>
    <modDate class="sql-timestamp">2018-09-12 15:34:40.483</modDate>
    <createdBy>e7d4e34e-5127-45fc-8123-d48b62d510e3</createdBy>
    <assignedTo>e7d4e34e-5127-45fc-8123-d48b62d510e3</assignedTo>
    <title>Home Page</title>
    <description></description>
    <status>dc3c9cd0-8467-404b-bf95-cb7df3fbc293</status>
    <webasset>bebaa3bb-c27f-4369-a1b7-1af96caf8d70</webasset>
    <languageId>1</languageId>
  </com.dotmarketing.portlets.workflows.model.WorkflowTask>
  <com.dotmarketing.portlets.workflows.model.WorkflowTask>
    <id>f9b8a698-bc64-4c20-8deb-7002ee7da15b</id>
    <creationDate class="sql-timestamp">2018-08-10 18:38:05.37</creationDate>
    <modDate class="sql-timestamp">2018-09-12 15:34:39.964</modDate>
    <createdBy>e7d4e34e-5127-45fc-8123-d48b62d510e3</createdBy>
    <assignedTo>e7d4e34e-5127-45fc-8123-d48b62d510e3</assignedTo>
    <title>Samsung Galaxy S6</title>
    <status>dc3c9cd0-8467-404b-bf95-cb7df3fbc293</status>
    <webasset>0a9d33c9-f86f-48c8-b0ad-9930eb9633b6</webasset>
    <languageId>1</languageId>
  </com.dotmarketing.portlets.workflows.model.WorkflowTask>
</list>