<list>
  <com.dotmarketing.beans.Tree>
    <parent>375341a2-0912-422f-b903-2602b6105c70</parent>
    <child>3b8c53ec-f6ba-4b81-adef-6b7ed38a8490</child>
    <relationType>child</relationType>
    <treeOrder>0</treeOrder>
  </com.dotmarketing.beans.Tree>
  <com.dotmarketing.beans.Tree>
    <parent>375341a2-0912-422f-b903-2602b6105c70</parent>
    <child>5193736b-b98c-425d-a12c-0391d2bef6a9</child>
    <relationType>child</relationType>
    <treeOrder>0</treeOrder>
  </com.dotmarketing.beans.Tree>
  <com.dotmarketing.beans.Tree>
    <parent>375341a2-0912-422f-b903-2602b6105c70</parent>
    <child>5ad2fb00-74b8-4b44-9954-99787d7457f4</child>
    <relationType>child</relationType>
    <treeOrder>0</treeOrder>
  </com.dotmarketing.beans.Tree>
  <com.dotmarketing.beans.Tree>
    <parent>375341a2-0912-422f-b903-2602b6105c70</parent>
    <child>ac117b80-66f5-4981-9c41-2b47040b8581</child>
    <relationType>child</relationType>
    <treeOrder>0</treeOrder>
  </com.dotmarketing.beans.Tree>
  <com.dotmarketing.beans.Tree>
    <parent>3d5d641b-e5fd-409e-a283-b6fe7ab780d1</parent>
    <child>20cdf9f1-bf66-4303-92e0-8822f8081cfc</child>
    <relationType>child</relationType>
    <treeOrder>0</treeOrder>
  </com.dotmarketing.beans.Tree>
  <com.dotmarketing.beans.Tree>
    <parent>3d5d641b-e5fd-409e-a283-b6fe7ab780d1</parent>
    <child>cf140e2a-d01d-4d48-8ab0-e87aceb22b33</child>
    <relationType>child</relationType>
    <treeOrder>0</treeOrder>
  </com.dotmarketing.beans.Tree>
  <com.dotmarketing.beans.Tree>
    <parent>3d5d641b-e5fd-409e-a283-b6fe7ab780d1</parent>
    <child>d1e963ee-b6ba-4ca6-b060-5f696437a328</child>
    <relationType>child</relationType>
    <treeOrder>0</treeOrder>
  </com.dotmarketing.beans.Tree>
  <com.dotmarketing.beans.Tree>
    <parent>3d5d641b-e5fd-409e-a283-b6fe7ab780d1</parent>
    <child>ede13663-ff06-4d01-ab99-a8976e995010</child>
    <relationType>child</relationType>
    <treeOrder>0</treeOrder>
  </com.dotmarketing.beans.Tree>
</list>