<list>
  <com.dotmarketing.tag.model.TagInode>
    <inode>060e946e-8274-46a6-a3c2-70b2805e2bbb</inode>
    <tagId>369a9c1a-ce05-4126-9185-01fdf401494f</tagId>
  </com.dotmarketing.tag.model.TagInode>
  <com.dotmarketing.tag.model.TagInode>
    <inode>060e946e-8274-46a6-a3c2-70b2805e2bbb</inode>
    <tagId>3e1b5d1e-bede-466d-bfbc-dd4538393189</tagId>
  </com.dotmarketing.tag.model.TagInode>
  <com.dotmarketing.tag.model.TagInode>
    <inode>060e946e-8274-46a6-a3c2-70b2805e2bbb</inode>
    <tagId>9962fdd8-3991-4378-9405-2217525a8f83</tagId>
  </com.dotmarketing.tag.model.TagInode>
  <com.dotmarketing.tag.model.TagInode>
    <inode>060e946e-8274-46a6-a3c2-70b2805e2bbb</inode>
    <tagId>e55a1c8e-5dcd-4d8d-9728-e97f64f58280</tagId>
  </com.dotmarketing.tag.model.TagInode>
  <com.dotmarketing.tag.model.TagInode>
    <inode>066da6f4-5794-4381-af63-8c36b89a8058</inode>
    <tagId>9962fdd8-3991-4378-9405-2217525a8f83</tagId>
  </com.dotmarketing.tag.model.TagInode>
  <com.dotmarketing.tag.model.TagInode>
    <inode>066da6f4-5794-4381-af63-8c36b89a8058</inode>
    <tagId>c7e3ccea-c76c-428f-a229-e8c70f0d1216</tagId>
  </com.dotmarketing.tag.model.TagInode>
  <com.dotmarketing.tag.model.TagInode>
    <inode>066da6f4-5794-4381-af63-8c36b89a8058</inode>
    <tagId>ee7d5701-8fa2-4991-a453-9b5cb25dfda1</tagId>
  </com.dotmarketing.tag.model.TagInode>
  <com.dotmarketing.tag.model.TagInode>
    <inode>08157c87-48d1-4641-8b7b-caeb4eb0a829</inode>
    <tagId>249304aa-89e5-4bb8-996b-55f1ad62a569</tagId>
  </com.dotmarketing.tag.model.TagInode>
  <com.dotmarketing.tag.model.TagInode>
    <inode>08157c87-48d1-4641-8b7b-caeb4eb0a829</inode>
    <tagId>9962fdd8-3991-4378-9405-2217525a8f83</tagId>
  </com.dotmarketing.tag.model.TagInode>
  <com.dotmarketing.tag.model.TagInode>
    <inode>08157c87-48d1-4641-8b7b-caeb4eb0a829</inode>
    <tagId>d10d1a84-6158-4ae9-aaf6-a574123d3193</tagId>
  </com.dotmarketing.tag.model.TagInode>
  <com.dotmarketing.tag.model.TagInode>
    <inode>081eb585-cb57-46f7-9c56-056a22586cad</inode>
    <tagId>9962fdd8-3991-4378-9405-2217525a8f83</tagId>
  </com.dotmarketing.tag.model.TagInode>
  <com.dotmarketing.tag.model.TagInode>
    <inode>081eb585-cb57-46f7-9c56-056a22586cad</inode>
    <tagId>c7e3ccea-c76c-428f-a229-e8c70f0d1216</tagId>
  </com.dotmarketing.tag.model.TagInode>
  <com.dotmarketing.tag.model.TagInode>
    <inode>081eb585-cb57-46f7-9c56-056a22586cad</inode>
    <tagId>ee7d5701-8fa2-4991-a453-9b5cb25dfda1</tagId>
  </com.dotmarketing.tag.model.TagInode>
  <com.dotmarketing.tag.model.TagInode>
    <inode>0879c971-95cd-4bfb-b04d-b8605c593e60</inode>
    <tagId>f13b0ce5-44c1-485e-af54-508dd9b623af</tagId>
  </com.dotmarketing.tag.model.TagInode>
  <com.dotmarketing.tag.model.TagInode>
    <inode>0a839e57-dfda-46e3-85b9-79ff65fafcf0</inode>
    <tagId>3e1b5d1e-bede-466d-bfbc-dd4538393189</tagId>
  </com.dotmarketing.tag.model.TagInode>
  <com.dotmarketing.tag.model.TagInode>
    <inode>0a839e57-dfda-46e3-85b9-79ff65fafcf0</inode>
    <tagId>9962fdd8-3991-4378-9405-2217525a8f83</tagId>
  </com.dotmarketing.tag.model.TagInode>
  <com.dotmarketing.tag.model.TagInode>
    <inode>0d41b058-d8cc-4019-a954-489d127b7b89</inode>
    <tagId>369a9c1a-ce05-4126-9185-01fdf401494f</tagId>
  </com.dotmarketing.tag.model.TagInode>
  <com.dotmarketing.tag.model.TagInode>
    <inode>0d41b058-d8cc-4019-a954-489d127b7b89</inode>
    <tagId>3e1b5d1e-bede-466d-bfbc-dd4538393189</tagId>
  </com.dotmarketing.tag.model.TagInode>
  <com.dotmarketing.tag.model.TagInode>
    <inode>0d41b058-d8cc-4019-a954-489d127b7b89</inode>
    <tagId>9962fdd8-3991-4378-9405-2217525a8f83</tagId>
  </com.dotmarketing.tag.model.TagInode>
  <com.dotmarketing.tag.model.TagInode>
    <inode>0d41b058-d8cc-4019-a954-489d127b7b89</inode>
    <tagId>e55a1c8e-5dcd-4d8d-9728-e97f64f58280</tagId>
  </com.dotmarketing.tag.model.TagInode>
  <com.dotmarketing.tag.model.TagInode>
    <inode>0d796a37-a3e0-4a12-b8de-810e68b16d25</inode>
    <tagId>50428508-6cf1-4055-b9d1-7633005295ce</tagId>
  </com.dotmarketing.tag.model.TagInode>
  <com.dotmarketing.tag.model.TagInode>
    <inode>0df17969-21e7-47c9-990e-6031e7a9a203</inode>
    <tagId>135aec12-468c-406b-9071-4af58f2ff8fd</tagId>
    <fieldVarName>tags</fieldVarName>
    <modDate class="sql-timestamp">2016-02-18 17:17:35.641</modDate>
  </com.dotmarketing.tag.model.TagInode>
  <com.dotmarketing.tag.model.TagInode>
    <inode>0df17969-21e7-47c9-990e-6031e7a9a203</inode>
    <tagId>4efc7e29-0614-4d3a-b624-f2cc32e64173</tagId>
    <fieldVarName>tags</fieldVarName>
    <modDate class="sql-timestamp">2016-02-18 17:17:35.639</modDate>
  </com.dotmarketing.tag.model.TagInode>
  <com.dotmarketing.tag.model.TagInode>
    <inode>13347d22-17c4-4261-9fa8-95a12b8995ff</inode>
    <tagId>135aec12-468c-406b-9071-4af58f2ff8fd</tagId>
    <fieldVarName>tags</fieldVarName>
    <modDate class="sql-timestamp">2016-02-18 17:17:35.635</modDate>
  </com.dotmarketing.tag.model.TagInode>
  <com.dotmarketing.tag.model.TagInode>
    <inode>13347d22-17c4-4261-9fa8-95a12b8995ff</inode>
    <tagId>3c8cf6b5-2dac-40e0-9fe1-6430f9c4d1fc</tagId>
    <fieldVarName>tags</fieldVarName>
    <modDate class="sql-timestamp">2016-02-18 17:17:35.633</modDate>
  </com.dotmarketing.tag.model.TagInode>
  <com.dotmarketing.tag.model.TagInode>
    <inode>168efa23-c07b-4324-bdfa-d2222a92f7e0</inode>
    <tagId>81bedbc4-64e5-4c4a-9f69-11f8400e3ed3</tagId>
  </com.dotmarketing.tag.model.TagInode>
  <com.dotmarketing.tag.model.TagInode>
    <inode>168efa23-c07b-4324-bdfa-d2222a92f7e0</inode>
    <tagId>fdad1064-59b2-4dbe-8981-870afdbf0366</tagId>
  </com.dotmarketing.tag.model.TagInode>
  <com.dotmarketing.tag.model.TagInode>
    <inode>194088bc-9e7d-4e8b-aab4-7d0ad5e40d40</inode>
    <tagId>249304aa-89e5-4bb8-996b-55f1ad62a569</tagId>
  </com.dotmarketing.tag.model.TagInode>
  <com.dotmarketing.tag.model.TagInode>
    <inode>194088bc-9e7d-4e8b-aab4-7d0ad5e40d40</inode>
    <tagId>9962fdd8-3991-4378-9405-2217525a8f83</tagId>
  </com.dotmarketing.tag.model.TagInode>
  <com.dotmarketing.tag.model.TagInode>
    <inode>194088bc-9e7d-4e8b-aab4-7d0ad5e40d40</inode>
    <tagId>d10d1a84-6158-4ae9-aaf6-a574123d3193</tagId>
  </com.dotmarketing.tag.model.TagInode>
  <com.dotmarketing.tag.model.TagInode>
    <inode>28480827-be01-4c42-81ff-8f446d6bb6c2</inode>
    <tagId>8c7e1a4b-94a4-45dd-92ec-95d8fc74c203</tagId>
  </com.dotmarketing.tag.model.TagInode>
  <com.dotmarketing.tag.model.TagInode>
    <inode>2ea03276-47ff-4c2c-9faf-95aa7dda6979</inode>
    <tagId>9962fdd8-3991-4378-9405-2217525a8f83</tagId>
  </com.dotmarketing.tag.model.TagInode>
  <com.dotmarketing.tag.model.TagInode>
    <inode>30cdf53c-5128-4a01-9eaa-4091db02a7da</inode>
    <tagId>9962fdd8-3991-4378-9405-2217525a8f83</tagId>
  </com.dotmarketing.tag.model.TagInode>
  <com.dotmarketing.tag.model.TagInode>
    <inode>30cdf53c-5128-4a01-9eaa-4091db02a7da</inode>
    <tagId>c7e3ccea-c76c-428f-a229-e8c70f0d1216</tagId>
  </com.dotmarketing.tag.model.TagInode>
  <com.dotmarketing.tag.model.TagInode>
    <inode>30cdf53c-5128-4a01-9eaa-4091db02a7da</inode>
    <tagId>ee7d5701-8fa2-4991-a453-9b5cb25dfda1</tagId>
  </com.dotmarketing.tag.model.TagInode>
  <com.dotmarketing.tag.model.TagInode>
    <inode>31ef5c38-28f2-463c-83ea-cfa1a9406c1c</inode>
    <tagId>249304aa-89e5-4bb8-996b-55f1ad62a569</tagId>
  </com.dotmarketing.tag.model.TagInode>
  <com.dotmarketing.tag.model.TagInode>
    <inode>31ef5c38-28f2-463c-83ea-cfa1a9406c1c</inode>
    <tagId>9962fdd8-3991-4378-9405-2217525a8f83</tagId>
  </com.dotmarketing.tag.model.TagInode>
  <com.dotmarketing.tag.model.TagInode>
    <inode>31ef5c38-28f2-463c-83ea-cfa1a9406c1c</inode>
    <tagId>d10d1a84-6158-4ae9-aaf6-a574123d3193</tagId>
  </com.dotmarketing.tag.model.TagInode>
  <com.dotmarketing.tag.model.TagInode>
    <inode>320b2281-83c9-4762-a969-b476ce114668</inode>
    <tagId>2764078f-2ef8-49b2-8a72-24d735967edc</tagId>
  </com.dotmarketing.tag.model.TagInode>
  <com.dotmarketing.tag.model.TagInode>
    <inode>320b2281-83c9-4762-a969-b476ce114668</inode>
    <tagId>f7bdc773-2ef3-4f3d-b1ad-4ff1218a970a</tagId>
  </com.dotmarketing.tag.model.TagInode>
  <com.dotmarketing.tag.model.TagInode>
    <inode>32a5663f-5c8a-4ee3-a07a-0bfca8ce973a</inode>
    <tagId>5370dfb0-7a90-4cba-aa76-ecc0da11c04c</tagId>
  </com.dotmarketing.tag.model.TagInode>
  <com.dotmarketing.tag.model.TagInode>
    <inode>33746712-0ab0-4b9a-970c-cdfb195bd526</inode>
    <tagId>b63497b4-d336-4898-8157-e51aba31e672</tagId>
  </com.dotmarketing.tag.model.TagInode>
  <com.dotmarketing.tag.model.TagInode>
    <inode>368bc155-f119-4cb8-89aa-c6beb26962f0</inode>
    <tagId>3e1b5d1e-bede-466d-bfbc-dd4538393189</tagId>
  </com.dotmarketing.tag.model.TagInode>
  <com.dotmarketing.tag.model.TagInode>
    <inode>368bc155-f119-4cb8-89aa-c6beb26962f0</inode>
    <tagId>9962fdd8-3991-4378-9405-2217525a8f83</tagId>
  </com.dotmarketing.tag.model.TagInode>
  <com.dotmarketing.tag.model.TagInode>
    <inode>38a65557-a4fb-49e7-87be-e8039fe95235</inode>
    <tagId>cd1c7314-038d-4d88-9000-65d5b53be375</tagId>
    <fieldVarName>tags</fieldVarName>
    <modDate class="sql-timestamp">2016-02-18 17:17:35.523</modDate>
  </com.dotmarketing.tag.model.TagInode>
  <com.dotmarketing.tag.model.TagInode>
    <inode>405eb672-0bd7-4d4c-aaf4-79660b0fe11c</inode>
    <tagId>b63497b4-d336-4898-8157-e51aba31e672</tagId>
  </com.dotmarketing.tag.model.TagInode>
  <com.dotmarketing.tag.model.TagInode>
    <inode>4069ef39-4c3c-480a-b32d-364a0ea2e9f4</inode>
    <tagId>f13b0ce5-44c1-485e-af54-508dd9b623af</tagId>
  </com.dotmarketing.tag.model.TagInode>
  <com.dotmarketing.tag.model.TagInode>
    <inode>40b0a15a-2f99-4f71-baf2-13a38a9a09c1</inode>
    <tagId>369a9c1a-ce05-4126-9185-01fdf401494f</tagId>
  </com.dotmarketing.tag.model.TagInode>
  <com.dotmarketing.tag.model.TagInode>
    <inode>40b0a15a-2f99-4f71-baf2-13a38a9a09c1</inode>
    <tagId>3e1b5d1e-bede-466d-bfbc-dd4538393189</tagId>
  </com.dotmarketing.tag.model.TagInode>
  <com.dotmarketing.tag.model.TagInode>
    <inode>40b0a15a-2f99-4f71-baf2-13a38a9a09c1</inode>
    <tagId>9962fdd8-3991-4378-9405-2217525a8f83</tagId>
  </com.dotmarketing.tag.model.TagInode>
  <com.dotmarketing.tag.model.TagInode>
    <inode>40b0a15a-2f99-4f71-baf2-13a38a9a09c1</inode>
    <tagId>e55a1c8e-5dcd-4d8d-9728-e97f64f58280</tagId>
  </com.dotmarketing.tag.model.TagInode>
  <com.dotmarketing.tag.model.TagInode>
    <inode>40d8b38e-5187-4750-b2b7-c0b02ffb9711</inode>
    <tagId>89034043-f5f3-4837-98e7-71385e8a6ab3</tagId>
  </com.dotmarketing.tag.model.TagInode>
  <com.dotmarketing.tag.model.TagInode>
    <inode>41481d57-81f8-4da6-a7b8-cc3ffc711643</inode>
    <tagId>2764078f-2ef8-49b2-8a72-24d735967edc</tagId>
  </com.dotmarketing.tag.model.TagInode>
  <com.dotmarketing.tag.model.TagInode>
    <inode>41481d57-81f8-4da6-a7b8-cc3ffc711643</inode>
    <tagId>f7bdc773-2ef3-4f3d-b1ad-4ff1218a970a</tagId>
  </com.dotmarketing.tag.model.TagInode>
  <com.dotmarketing.tag.model.TagInode>
    <inode>4543cd44-e7bc-4e29-8841-0c9a2d9146e2</inode>
    <tagId>249304aa-89e5-4bb8-996b-55f1ad62a569</tagId>
  </com.dotmarketing.tag.model.TagInode>
  <com.dotmarketing.tag.model.TagInode>
    <inode>4543cd44-e7bc-4e29-8841-0c9a2d9146e2</inode>
    <tagId>9962fdd8-3991-4378-9405-2217525a8f83</tagId>
  </com.dotmarketing.tag.model.TagInode>
  <com.dotmarketing.tag.model.TagInode>
    <inode>4543cd44-e7bc-4e29-8841-0c9a2d9146e2</inode>
    <tagId>d10d1a84-6158-4ae9-aaf6-a574123d3193</tagId>
  </com.dotmarketing.tag.model.TagInode>
  <com.dotmarketing.tag.model.TagInode>
    <inode>4705b640-a233-414e-ad1c-9885806740dd</inode>
    <tagId>89034043-f5f3-4837-98e7-71385e8a6ab3</tagId>
  </com.dotmarketing.tag.model.TagInode>
  <com.dotmarketing.tag.model.TagInode>
    <inode>48f36bea-a9c0-40bd-92f2-ffd62ba92bca</inode>
    <tagId>50428508-6cf1-4055-b9d1-7633005295ce</tagId>
  </com.dotmarketing.tag.model.TagInode>
  <com.dotmarketing.tag.model.TagInode>
    <inode>48f36bea-a9c0-40bd-92f2-ffd62ba92bca</inode>
    <tagId>99632676-0802-45b6-a443-01551f985a33</tagId>
  </com.dotmarketing.tag.model.TagInode>
  <com.dotmarketing.tag.model.TagInode>
    <inode>49cc70d3-83de-4a54-8b92-babbdf70c77c</inode>
    <tagId>49d899bb-a05f-405f-862e-abdf4ebdfaf3</tagId>
  </com.dotmarketing.tag.model.TagInode>
  <com.dotmarketing.tag.model.TagInode>
    <inode>49cc70d3-83de-4a54-8b92-babbdf70c77c</inode>
    <tagId>934fdd8f-c8d1-4343-8218-822b97669dfe</tagId>
  </com.dotmarketing.tag.model.TagInode>
  <com.dotmarketing.tag.model.TagInode>
    <inode>49cc70d3-83de-4a54-8b92-babbdf70c77c</inode>
    <tagId>e518cb6d-6857-4f1b-b8e1-d3a3341c8a0c</tagId>
  </com.dotmarketing.tag.model.TagInode>
  <com.dotmarketing.tag.model.TagInode>
    <inode>4ee06055-1a3b-413b-b88a-112a786c4e38</inode>
    <tagId>00e13d26-ebcd-41c6-a84a-c156081f2f09</tagId>
    <fieldVarName>tags</fieldVarName>
    <modDate class="sql-timestamp">2016-02-18 17:17:35.478</modDate>
  </com.dotmarketing.tag.model.TagInode>
  <com.dotmarketing.tag.model.TagInode>
    <inode>4ee06055-1a3b-413b-b88a-112a786c4e38</inode>
    <tagId>7a316697-d009-4086-b8ce-2b452e4cefab</tagId>
    <fieldVarName>tags</fieldVarName>
    <modDate class="sql-timestamp">2016-02-18 17:17:35.48</modDate>
  </com.dotmarketing.tag.model.TagInode>
  <com.dotmarketing.tag.model.TagInode>
    <inode>503bba88-643f-49c4-97d1-402dfbaddf73</inode>
    <tagId>a684eeb7-43d1-4921-b4ff-c01b8175022c</tagId>
  </com.dotmarketing.tag.model.TagInode>
  <com.dotmarketing.tag.model.TagInode>
    <inode>503bba88-643f-49c4-97d1-402dfbaddf73</inode>
    <tagId>bd499eed-94d8-4269-b634-17df2b8b853c</tagId>
  </com.dotmarketing.tag.model.TagInode>
  <com.dotmarketing.tag.model.TagInode>
    <inode>549b7b4c-3dfb-4fc3-a869-63992ab83b66</inode>
    <tagId>369a9c1a-ce05-4126-9185-01fdf401494f</tagId>
  </com.dotmarketing.tag.model.TagInode>
  <com.dotmarketing.tag.model.TagInode>
    <inode>549b7b4c-3dfb-4fc3-a869-63992ab83b66</inode>
    <tagId>3e1b5d1e-bede-466d-bfbc-dd4538393189</tagId>
  </com.dotmarketing.tag.model.TagInode>
  <com.dotmarketing.tag.model.TagInode>
    <inode>549b7b4c-3dfb-4fc3-a869-63992ab83b66</inode>
    <tagId>9962fdd8-3991-4378-9405-2217525a8f83</tagId>
  </com.dotmarketing.tag.model.TagInode>
  <com.dotmarketing.tag.model.TagInode>
    <inode>549b7b4c-3dfb-4fc3-a869-63992ab83b66</inode>
    <tagId>e55a1c8e-5dcd-4d8d-9728-e97f64f58280</tagId>
  </com.dotmarketing.tag.model.TagInode>
  <com.dotmarketing.tag.model.TagInode>
    <inode>5551a001-958a-419f-b2a5-ee2d108b53ca</inode>
    <tagId>b63497b4-d336-4898-8157-e51aba31e672</tagId>
  </com.dotmarketing.tag.model.TagInode>
  <com.dotmarketing.tag.model.TagInode>
    <inode>562f240b-97eb-4669-8f3c-569c20b1153f</inode>
    <tagId>50428508-6cf1-4055-b9d1-7633005295ce</tagId>
  </com.dotmarketing.tag.model.TagInode>
  <com.dotmarketing.tag.model.TagInode>
    <inode>562f240b-97eb-4669-8f3c-569c20b1153f</inode>
    <tagId>99632676-0802-45b6-a443-01551f985a33</tagId>
  </com.dotmarketing.tag.model.TagInode>
  <com.dotmarketing.tag.model.TagInode>
    <inode>58dd9f53-4f5e-4cd1-9f8d-353d48d01de6</inode>
    <tagId>0675e4ea-872d-4587-82bf-d73b2ce94f55</tagId>
  </com.dotmarketing.tag.model.TagInode>
  <com.dotmarketing.tag.model.TagInode>
    <inode>58dd9f53-4f5e-4cd1-9f8d-353d48d01de6</inode>
    <tagId>5df6727d-11f7-4b08-ae8c-f446fe11e5e6</tagId>
  </com.dotmarketing.tag.model.TagInode>
  <com.dotmarketing.tag.model.TagInode>
    <inode>58dd9f53-4f5e-4cd1-9f8d-353d48d01de6</inode>
    <tagId>c35b9d71-85f1-4fe2-8314-e6fd4c7c19b1</tagId>
  </com.dotmarketing.tag.model.TagInode>
  <com.dotmarketing.tag.model.TagInode>
    <inode>5d99115c-1d40-47c9-b5a5-bbca6eb1805b</inode>
    <tagId>9962fdd8-3991-4378-9405-2217525a8f83</tagId>
  </com.dotmarketing.tag.model.TagInode>
  <com.dotmarketing.tag.model.TagInode>
    <inode>5df408be-a18e-4d16-baa2-3558019a5310</inode>
    <tagId>249304aa-89e5-4bb8-996b-55f1ad62a569</tagId>
  </com.dotmarketing.tag.model.TagInode>
  <com.dotmarketing.tag.model.TagInode>
    <inode>5df408be-a18e-4d16-baa2-3558019a5310</inode>
    <tagId>9962fdd8-3991-4378-9405-2217525a8f83</tagId>
  </com.dotmarketing.tag.model.TagInode>
  <com.dotmarketing.tag.model.TagInode>
    <inode>5df408be-a18e-4d16-baa2-3558019a5310</inode>
    <tagId>d7fcf077-57fd-40fb-841f-01e4bd322cf6</tagId>
  </com.dotmarketing.tag.model.TagInode>
  <com.dotmarketing.tag.model.TagInode>
    <inode>5ecbe091-df2b-4c35-9920-7e79e6c65066</inode>
    <tagId>369a9c1a-ce05-4126-9185-01fdf401494f</tagId>
  </com.dotmarketing.tag.model.TagInode>
  <com.dotmarketing.tag.model.TagInode>
    <inode>5ecbe091-df2b-4c35-9920-7e79e6c65066</inode>
    <tagId>3e1b5d1e-bede-466d-bfbc-dd4538393189</tagId>
  </com.dotmarketing.tag.model.TagInode>
  <com.dotmarketing.tag.model.TagInode>
    <inode>5ecbe091-df2b-4c35-9920-7e79e6c65066</inode>
    <tagId>9962fdd8-3991-4378-9405-2217525a8f83</tagId>
  </com.dotmarketing.tag.model.TagInode>
  <com.dotmarketing.tag.model.TagInode>
    <inode>5ecbe091-df2b-4c35-9920-7e79e6c65066</inode>
    <tagId>e55a1c8e-5dcd-4d8d-9728-e97f64f58280</tagId>
  </com.dotmarketing.tag.model.TagInode>
  <com.dotmarketing.tag.model.TagInode>
    <inode>6080f466-56f4-4c0e-be8d-faac03c93285</inode>
    <tagId>934fdd8f-c8d1-4343-8218-822b97669dfe</tagId>
  </com.dotmarketing.tag.model.TagInode>
  <com.dotmarketing.tag.model.TagInode>
    <inode>61e2c8ca-2817-49e4-89c2-6a4350a7bfe0</inode>
    <tagId>9962fdd8-3991-4378-9405-2217525a8f83</tagId>
  </com.dotmarketing.tag.model.TagInode>
  <com.dotmarketing.tag.model.TagInode>
    <inode>61e2c8ca-2817-49e4-89c2-6a4350a7bfe0</inode>
    <tagId>c7e3ccea-c76c-428f-a229-e8c70f0d1216</tagId>
  </com.dotmarketing.tag.model.TagInode>
  <com.dotmarketing.tag.model.TagInode>
    <inode>61e2c8ca-2817-49e4-89c2-6a4350a7bfe0</inode>
    <tagId>ee7d5701-8fa2-4991-a453-9b5cb25dfda1</tagId>
  </com.dotmarketing.tag.model.TagInode>
  <com.dotmarketing.tag.model.TagInode>
    <inode>6397020c-da63-48e5-a480-9cc77e7b84af</inode>
    <tagId>2764078f-2ef8-49b2-8a72-24d735967edc</tagId>
  </com.dotmarketing.tag.model.TagInode>
  <com.dotmarketing.tag.model.TagInode>
    <inode>6397020c-da63-48e5-a480-9cc77e7b84af</inode>
    <tagId>f7bdc773-2ef3-4f3d-b1ad-4ff1218a970a</tagId>
  </com.dotmarketing.tag.model.TagInode>
  <com.dotmarketing.tag.model.TagInode>
    <inode>71802fac-2aad-49f5-9404-04731ffa21b6</inode>
    <tagId>249304aa-89e5-4bb8-996b-55f1ad62a569</tagId>
  </com.dotmarketing.tag.model.TagInode>
  <com.dotmarketing.tag.model.TagInode>
    <inode>71802fac-2aad-49f5-9404-04731ffa21b6</inode>
    <tagId>9962fdd8-3991-4378-9405-2217525a8f83</tagId>
  </com.dotmarketing.tag.model.TagInode>
  <com.dotmarketing.tag.model.TagInode>
    <inode>71802fac-2aad-49f5-9404-04731ffa21b6</inode>
    <tagId>d10d1a84-6158-4ae9-aaf6-a574123d3193</tagId>
  </com.dotmarketing.tag.model.TagInode>
  <com.dotmarketing.tag.model.TagInode>
    <inode>773e550b-e350-4390-9ce3-d738850bcba9</inode>
    <tagId>db4d4f2f-cca9-4daa-b8cd-9316e7a9f223</tagId>
  </com.dotmarketing.tag.model.TagInode>
  <com.dotmarketing.tag.model.TagInode>
    <inode>791a8a85-9b87-4e91-8aee-c2677fd4023c</inode>
    <tagId>9962fdd8-3991-4378-9405-2217525a8f83</tagId>
    <fieldVarName>tags</fieldVarName>
    <modDate class="sql-timestamp">2016-02-18 17:17:35.568</modDate>
  </com.dotmarketing.tag.model.TagInode>
  <com.dotmarketing.tag.model.TagInode>
    <inode>7aab49cb-8ed6-4140-ab44-2e67936d2cd9</inode>
    <tagId>e55a1c8e-5dcd-4d8d-9728-e97f64f58280</tagId>
  </com.dotmarketing.tag.model.TagInode>
  <com.dotmarketing.tag.model.TagInode>
    <inode>7b94d3f2-5b34-464c-9ddb-015e3f43a157</inode>
    <tagId>249304aa-89e5-4bb8-996b-55f1ad62a569</tagId>
  </com.dotmarketing.tag.model.TagInode>
  <com.dotmarketing.tag.model.TagInode>
    <inode>7b94d3f2-5b34-464c-9ddb-015e3f43a157</inode>
    <tagId>9962fdd8-3991-4378-9405-2217525a8f83</tagId>
  </com.dotmarketing.tag.model.TagInode>
  <com.dotmarketing.tag.model.TagInode>
    <inode>7b94d3f2-5b34-464c-9ddb-015e3f43a157</inode>
    <tagId>d10d1a84-6158-4ae9-aaf6-a574123d3193</tagId>
  </com.dotmarketing.tag.model.TagInode>
  <com.dotmarketing.tag.model.TagInode>
    <inode>7b9f9695-b4e8-4968-b3b3-502b513f97cb</inode>
    <tagId>934fdd8f-c8d1-4343-8218-822b97669dfe</tagId>
  </com.dotmarketing.tag.model.TagInode>
  <com.dotmarketing.tag.model.TagInode>
    <inode>7f640cb0-5795-4b96-b54f-e53dfdc52002</inode>
    <tagId>89034043-f5f3-4837-98e7-71385e8a6ab3</tagId>
  </com.dotmarketing.tag.model.TagInode>
  <com.dotmarketing.tag.model.TagInode>
    <inode>7f9f5164-f485-456e-9c69-c756661427b4</inode>
    <tagId>e55a1c8e-5dcd-4d8d-9728-e97f64f58280</tagId>
  </com.dotmarketing.tag.model.TagInode>
  <com.dotmarketing.tag.model.TagInode>
    <inode>8082bcb2-eb04-480f-956a-90b996519fb5</inode>
    <tagId>3e1b5d1e-bede-466d-bfbc-dd4538393189</tagId>
  </com.dotmarketing.tag.model.TagInode>
  <com.dotmarketing.tag.model.TagInode>
    <inode>8082bcb2-eb04-480f-956a-90b996519fb5</inode>
    <tagId>9962fdd8-3991-4378-9405-2217525a8f83</tagId>
  </com.dotmarketing.tag.model.TagInode>
  <com.dotmarketing.tag.model.TagInode>
    <inode>822c9b03-17ad-431b-946b-1c5b6ff2cd8a</inode>
    <tagId>135aec12-468c-406b-9071-4af58f2ff8fd</tagId>
    <fieldVarName>tags</fieldVarName>
    <modDate class="sql-timestamp">2016-02-18 17:17:35.466</modDate>
  </com.dotmarketing.tag.model.TagInode>
  <com.dotmarketing.tag.model.TagInode>
    <inode>822c9b03-17ad-431b-946b-1c5b6ff2cd8a</inode>
    <tagId>4efc7e29-0614-4d3a-b624-f2cc32e64173</tagId>
    <fieldVarName>tags</fieldVarName>
    <modDate class="sql-timestamp">2016-02-18 17:17:35.464</modDate>
  </com.dotmarketing.tag.model.TagInode>
  <com.dotmarketing.tag.model.TagInode>
    <inode>8396c72b-f1ad-4513-9015-8061b1254f2e</inode>
    <tagId>50428508-6cf1-4055-b9d1-7633005295ce</tagId>
  </com.dotmarketing.tag.model.TagInode>
  <com.dotmarketing.tag.model.TagInode>
    <inode>83ed4f3b-47da-4cdb-a6ac-c8fc872f6a8b</inode>
    <tagId>50428508-6cf1-4055-b9d1-7633005295ce</tagId>
  </com.dotmarketing.tag.model.TagInode>
  <com.dotmarketing.tag.model.TagInode>
    <inode>841f5ce8-a737-413a-a2f0-284a71d3edb1</inode>
    <tagId>89034043-f5f3-4837-98e7-71385e8a6ab3</tagId>
  </com.dotmarketing.tag.model.TagInode>
  <com.dotmarketing.tag.model.TagInode>
    <inode>86b1f9c4-61b4-4606-85c2-bd64e7440a51</inode>
    <tagId>249304aa-89e5-4bb8-996b-55f1ad62a569</tagId>
  </com.dotmarketing.tag.model.TagInode>
  <com.dotmarketing.tag.model.TagInode>
    <inode>86b1f9c4-61b4-4606-85c2-bd64e7440a51</inode>
    <tagId>9962fdd8-3991-4378-9405-2217525a8f83</tagId>
  </com.dotmarketing.tag.model.TagInode>
  <com.dotmarketing.tag.model.TagInode>
    <inode>86b1f9c4-61b4-4606-85c2-bd64e7440a51</inode>
    <tagId>d10d1a84-6158-4ae9-aaf6-a574123d3193</tagId>
  </com.dotmarketing.tag.model.TagInode>
  <com.dotmarketing.tag.model.TagInode>
    <inode>8ba63181-d815-4ba5-b32c-23860689948f</inode>
    <tagId>369a9c1a-ce05-4126-9185-01fdf401494f</tagId>
  </com.dotmarketing.tag.model.TagInode>
  <com.dotmarketing.tag.model.TagInode>
    <inode>8ba63181-d815-4ba5-b32c-23860689948f</inode>
    <tagId>3e1b5d1e-bede-466d-bfbc-dd4538393189</tagId>
  </com.dotmarketing.tag.model.TagInode>
  <com.dotmarketing.tag.model.TagInode>
    <inode>8ba63181-d815-4ba5-b32c-23860689948f</inode>
    <tagId>9962fdd8-3991-4378-9405-2217525a8f83</tagId>
  </com.dotmarketing.tag.model.TagInode>
  <com.dotmarketing.tag.model.TagInode>
    <inode>8ba63181-d815-4ba5-b32c-23860689948f</inode>
    <tagId>e55a1c8e-5dcd-4d8d-9728-e97f64f58280</tagId>
  </com.dotmarketing.tag.model.TagInode>
  <com.dotmarketing.tag.model.TagInode>
    <inode>8ca62e04-9b56-4951-8f54-7aaaa71c44c5</inode>
    <tagId>2764078f-2ef8-49b2-8a72-24d735967edc</tagId>
  </com.dotmarketing.tag.model.TagInode>
  <com.dotmarketing.tag.model.TagInode>
    <inode>8ca62e04-9b56-4951-8f54-7aaaa71c44c5</inode>
    <tagId>f7bdc773-2ef3-4f3d-b1ad-4ff1218a970a</tagId>
  </com.dotmarketing.tag.model.TagInode>
  <com.dotmarketing.tag.model.TagInode>
    <inode>8e715d1b-f749-4424-92f9-149381e383d7</inode>
    <tagId>b63497b4-d336-4898-8157-e51aba31e672</tagId>
  </com.dotmarketing.tag.model.TagInode>
  <com.dotmarketing.tag.model.TagInode>
    <inode>900fd3ed-fd9f-4b84-8ab6-5241956cf75b</inode>
    <tagId>135aec12-468c-406b-9071-4af58f2ff8fd</tagId>
    <fieldVarName>tags</fieldVarName>
    <modDate class="sql-timestamp">2016-02-18 17:17:35.595</modDate>
  </com.dotmarketing.tag.model.TagInode>
  <com.dotmarketing.tag.model.TagInode>
    <inode>91918b2a-e48d-48bb-bb49-26c80cbe69a7</inode>
    <tagId>249304aa-89e5-4bb8-996b-55f1ad62a569</tagId>
  </com.dotmarketing.tag.model.TagInode>
  <com.dotmarketing.tag.model.TagInode>
    <inode>91918b2a-e48d-48bb-bb49-26c80cbe69a7</inode>
    <tagId>9962fdd8-3991-4378-9405-2217525a8f83</tagId>
  </com.dotmarketing.tag.model.TagInode>
  <com.dotmarketing.tag.model.TagInode>
    <inode>91918b2a-e48d-48bb-bb49-26c80cbe69a7</inode>
    <tagId>d10d1a84-6158-4ae9-aaf6-a574123d3193</tagId>
  </com.dotmarketing.tag.model.TagInode>
  <com.dotmarketing.tag.model.TagInode>
    <inode>95ff7783-ee52-4888-84a3-7f5ad4935c39</inode>
    <tagId>81bedbc4-64e5-4c4a-9f69-11f8400e3ed3</tagId>
  </com.dotmarketing.tag.model.TagInode>
  <com.dotmarketing.tag.model.TagInode>
    <inode>95ff7783-ee52-4888-84a3-7f5ad4935c39</inode>
    <tagId>fdad1064-59b2-4dbe-8981-870afdbf0366</tagId>
  </com.dotmarketing.tag.model.TagInode>
  <com.dotmarketing.tag.model.TagInode>
    <inode>97024422-574a-4c32-86a4-e2a938988a62</inode>
    <tagId>f13b0ce5-44c1-485e-af54-508dd9b623af</tagId>
  </com.dotmarketing.tag.model.TagInode>
  <com.dotmarketing.tag.model.TagInode>
    <inode>9912167e-478b-4dfe-acfe-8335143df158</inode>
    <tagId>3e1b5d1e-bede-466d-bfbc-dd4538393189</tagId>
  </com.dotmarketing.tag.model.TagInode>
  <com.dotmarketing.tag.model.TagInode>
    <inode>9912167e-478b-4dfe-acfe-8335143df158</inode>
    <tagId>9da251e4-2c91-4125-8466-e17b2219d782</tagId>
  </com.dotmarketing.tag.model.TagInode>
  <com.dotmarketing.tag.model.TagInode>
    <inode>9912167e-478b-4dfe-acfe-8335143df158</inode>
    <tagId>e55a1c8e-5dcd-4d8d-9728-e97f64f58280</tagId>
  </com.dotmarketing.tag.model.TagInode>
  <com.dotmarketing.tag.model.TagInode>
    <inode>9c9b2645-8dbe-4752-beff-750b26bbb175</inode>
    <tagId>9962fdd8-3991-4378-9405-2217525a8f83</tagId>
  </com.dotmarketing.tag.model.TagInode>
  <com.dotmarketing.tag.model.TagInode>
    <inode>9c9b2645-8dbe-4752-beff-750b26bbb175</inode>
    <tagId>c7e3ccea-c76c-428f-a229-e8c70f0d1216</tagId>
  </com.dotmarketing.tag.model.TagInode>
  <com.dotmarketing.tag.model.TagInode>
    <inode>9c9b2645-8dbe-4752-beff-750b26bbb175</inode>
    <tagId>ee7d5701-8fa2-4991-a453-9b5cb25dfda1</tagId>
  </com.dotmarketing.tag.model.TagInode>
  <com.dotmarketing.tag.model.TagInode>
    <inode>9c9b2645-8dbe-4752-beff-750b26bbb175</inode>
    <tagId>f812f0a8-0b81-4684-8ac1-0e84a56733b0</tagId>
  </com.dotmarketing.tag.model.TagInode>
  <com.dotmarketing.tag.model.TagInode>
    <inode>9cf4ba3a-1b4b-4d9b-b4c9-085c27b21047</inode>
    <tagId>9962fdd8-3991-4378-9405-2217525a8f83</tagId>
  </com.dotmarketing.tag.model.TagInode>
  <com.dotmarketing.tag.model.TagInode>
    <inode>9cf4ba3a-1b4b-4d9b-b4c9-085c27b21047</inode>
    <tagId>c7e3ccea-c76c-428f-a229-e8c70f0d1216</tagId>
  </com.dotmarketing.tag.model.TagInode>
  <com.dotmarketing.tag.model.TagInode>
    <inode>9cf4ba3a-1b4b-4d9b-b4c9-085c27b21047</inode>
    <tagId>ee7d5701-8fa2-4991-a453-9b5cb25dfda1</tagId>
  </com.dotmarketing.tag.model.TagInode>
  <com.dotmarketing.tag.model.TagInode>
    <inode>9df30e6a-c495-43e9-af89-1051ecd90ae4</inode>
    <tagId>369a9c1a-ce05-4126-9185-01fdf401494f</tagId>
  </com.dotmarketing.tag.model.TagInode>
  <com.dotmarketing.tag.model.TagInode>
    <inode>9df30e6a-c495-43e9-af89-1051ecd90ae4</inode>
    <tagId>3e1b5d1e-bede-466d-bfbc-dd4538393189</tagId>
  </com.dotmarketing.tag.model.TagInode>
  <com.dotmarketing.tag.model.TagInode>
    <inode>9df30e6a-c495-43e9-af89-1051ecd90ae4</inode>
    <tagId>e55a1c8e-5dcd-4d8d-9728-e97f64f58280</tagId>
  </com.dotmarketing.tag.model.TagInode>
  <com.dotmarketing.tag.model.TagInode>
    <inode>9edba789-c02f-471c-ad90-144b631fccb2</inode>
    <tagId>5370dfb0-7a90-4cba-aa76-ecc0da11c04c</tagId>
  </com.dotmarketing.tag.model.TagInode>
  <com.dotmarketing.tag.model.TagInode>
    <inode>a97b283a-27d3-47fd-8ede-3aa8fc239419</inode>
    <tagId>f13b0ce5-44c1-485e-af54-508dd9b623af</tagId>
  </com.dotmarketing.tag.model.TagInode>
  <com.dotmarketing.tag.model.TagInode>
    <inode>ac794077-8599-47ce-b92c-a23651fa07e7</inode>
    <tagId>805f93dc-ab71-4924-a6b9-366cb226269f</tagId>
  </com.dotmarketing.tag.model.TagInode>
  <com.dotmarketing.tag.model.TagInode>
    <inode>ac794077-8599-47ce-b92c-a23651fa07e7</inode>
    <tagId>bdb48772-71f9-4d71-a42f-620c637ab51f</tagId>
  </com.dotmarketing.tag.model.TagInode>
  <com.dotmarketing.tag.model.TagInode>
    <inode>ac794077-8599-47ce-b92c-a23651fa07e7</inode>
    <tagId>fdad1064-59b2-4dbe-8981-870afdbf0366</tagId>
  </com.dotmarketing.tag.model.TagInode>
  <com.dotmarketing.tag.model.TagInode>
    <inode>aeee608a-2d82-4934-a89a-88bd8b0c7da7</inode>
    <tagId>e55a1c8e-5dcd-4d8d-9728-e97f64f58280</tagId>
  </com.dotmarketing.tag.model.TagInode>
  <com.dotmarketing.tag.model.TagInode>
    <inode>af4305bc-88bd-4c7b-a5e9-daec153286ea</inode>
    <tagId>369a9c1a-ce05-4126-9185-01fdf401494f</tagId>
  </com.dotmarketing.tag.model.TagInode>
  <com.dotmarketing.tag.model.TagInode>
    <inode>af4305bc-88bd-4c7b-a5e9-daec153286ea</inode>
    <tagId>3e1b5d1e-bede-466d-bfbc-dd4538393189</tagId>
  </com.dotmarketing.tag.model.TagInode>
  <com.dotmarketing.tag.model.TagInode>
    <inode>af4305bc-88bd-4c7b-a5e9-daec153286ea</inode>
    <tagId>9962fdd8-3991-4378-9405-2217525a8f83</tagId>
  </com.dotmarketing.tag.model.TagInode>
  <com.dotmarketing.tag.model.TagInode>
    <inode>af4305bc-88bd-4c7b-a5e9-daec153286ea</inode>
    <tagId>e55a1c8e-5dcd-4d8d-9728-e97f64f58280</tagId>
  </com.dotmarketing.tag.model.TagInode>
  <com.dotmarketing.tag.model.TagInode>
    <inode>b05fc6bf-d692-4f80-aa82-b2fcee3e870e</inode>
    <tagId>249304aa-89e5-4bb8-996b-55f1ad62a569</tagId>
  </com.dotmarketing.tag.model.TagInode>
  <com.dotmarketing.tag.model.TagInode>
    <inode>b05fc6bf-d692-4f80-aa82-b2fcee3e870e</inode>
    <tagId>9962fdd8-3991-4378-9405-2217525a8f83</tagId>
  </com.dotmarketing.tag.model.TagInode>
  <com.dotmarketing.tag.model.TagInode>
    <inode>b05fc6bf-d692-4f80-aa82-b2fcee3e870e</inode>
    <tagId>d10d1a84-6158-4ae9-aaf6-a574123d3193</tagId>
  </com.dotmarketing.tag.model.TagInode>
  <com.dotmarketing.tag.model.TagInode>
    <inode>b088df7c-a2da-4f38-a28a-220a49e66452</inode>
    <tagId>2764078f-2ef8-49b2-8a72-24d735967edc</tagId>
  </com.dotmarketing.tag.model.TagInode>
  <com.dotmarketing.tag.model.TagInode>
    <inode>b088df7c-a2da-4f38-a28a-220a49e66452</inode>
    <tagId>f7bdc773-2ef3-4f3d-b1ad-4ff1218a970a</tagId>
  </com.dotmarketing.tag.model.TagInode>
  <com.dotmarketing.tag.model.TagInode>
    <inode>b298d299-1ba4-41b5-b184-149f8f6096d6</inode>
    <tagId>9962fdd8-3991-4378-9405-2217525a8f83</tagId>
  </com.dotmarketing.tag.model.TagInode>
  <com.dotmarketing.tag.model.TagInode>
    <inode>b298d299-1ba4-41b5-b184-149f8f6096d6</inode>
    <tagId>c7e3ccea-c76c-428f-a229-e8c70f0d1216</tagId>
  </com.dotmarketing.tag.model.TagInode>
  <com.dotmarketing.tag.model.TagInode>
    <inode>b298d299-1ba4-41b5-b184-149f8f6096d6</inode>
    <tagId>ee7d5701-8fa2-4991-a453-9b5cb25dfda1</tagId>
  </com.dotmarketing.tag.model.TagInode>
  <com.dotmarketing.tag.model.TagInode>
    <inode>b4f1befd-3b25-4302-a110-d0b1fc26656a</inode>
    <tagId>135aec12-468c-406b-9071-4af58f2ff8fd</tagId>
    <fieldVarName>tags</fieldVarName>
    <modDate class="sql-timestamp">2016-02-18 17:17:35.557</modDate>
  </com.dotmarketing.tag.model.TagInode>
  <com.dotmarketing.tag.model.TagInode>
    <inode>b4f1befd-3b25-4302-a110-d0b1fc26656a</inode>
    <tagId>2846409f-1cc8-48ac-8e5d-7e9f0c5f03b9</tagId>
    <fieldVarName>tags</fieldVarName>
    <modDate class="sql-timestamp">2016-02-18 17:17:35.554</modDate>
  </com.dotmarketing.tag.model.TagInode>
  <com.dotmarketing.tag.model.TagInode>
    <inode>b4f1befd-3b25-4302-a110-d0b1fc26656a</inode>
    <tagId>4efc7e29-0614-4d3a-b624-f2cc32e64173</tagId>
    <fieldVarName>tags</fieldVarName>
    <modDate class="sql-timestamp">2016-02-18 17:17:35.555</modDate>
  </com.dotmarketing.tag.model.TagInode>
  <com.dotmarketing.tag.model.TagInode>
    <inode>b76d3882-81d8-49b8-bcdb-e2c4a43cf372</inode>
    <tagId>684acf38-a541-4de3-9b63-51b5ebe30b32</tagId>
  </com.dotmarketing.tag.model.TagInode>
  <com.dotmarketing.tag.model.TagInode>
    <inode>b76d3882-81d8-49b8-bcdb-e2c4a43cf372</inode>
    <tagId>f7bdc773-2ef3-4f3d-b1ad-4ff1218a970a</tagId>
  </com.dotmarketing.tag.model.TagInode>
  <com.dotmarketing.tag.model.TagInode>
    <inode>be30b79a-bbe2-458f-a54c-a74ee01eb035</inode>
    <tagId>9962fdd8-3991-4378-9405-2217525a8f83</tagId>
  </com.dotmarketing.tag.model.TagInode>
  <com.dotmarketing.tag.model.TagInode>
    <inode>be30b79a-bbe2-458f-a54c-a74ee01eb035</inode>
    <tagId>c7e3ccea-c76c-428f-a229-e8c70f0d1216</tagId>
  </com.dotmarketing.tag.model.TagInode>
  <com.dotmarketing.tag.model.TagInode>
    <inode>be30b79a-bbe2-458f-a54c-a74ee01eb035</inode>
    <tagId>ee7d5701-8fa2-4991-a453-9b5cb25dfda1</tagId>
  </com.dotmarketing.tag.model.TagInode>
  <com.dotmarketing.tag.model.TagInode>
    <inode>be41006a-0de0-4f99-8378-a45b132dcf06</inode>
    <tagId>135aec12-468c-406b-9071-4af58f2ff8fd</tagId>
    <fieldVarName>tags</fieldVarName>
    <modDate class="sql-timestamp">2016-02-18 17:17:35.548</modDate>
  </com.dotmarketing.tag.model.TagInode>
  <com.dotmarketing.tag.model.TagInode>
    <inode>be41006a-0de0-4f99-8378-a45b132dcf06</inode>
    <tagId>2846409f-1cc8-48ac-8e5d-7e9f0c5f03b9</tagId>
    <fieldVarName>tags</fieldVarName>
    <modDate class="sql-timestamp">2016-02-18 17:17:35.545</modDate>
  </com.dotmarketing.tag.model.TagInode>
  <com.dotmarketing.tag.model.TagInode>
    <inode>be41006a-0de0-4f99-8378-a45b132dcf06</inode>
    <tagId>2f55ddf9-199e-41b6-ba48-82580aeb3359</tagId>
    <fieldVarName>tags</fieldVarName>
    <modDate class="sql-timestamp">2016-02-18 17:17:35.547</modDate>
  </com.dotmarketing.tag.model.TagInode>
  <com.dotmarketing.tag.model.TagInode>
    <inode>be4649c0-1ca3-4560-b184-4257e780eca9</inode>
    <tagId>934fdd8f-c8d1-4343-8218-822b97669dfe</tagId>
  </com.dotmarketing.tag.model.TagInode>
  <com.dotmarketing.tag.model.TagInode>
    <inode>c0e57654-c341-4221-bd18-e80492c9b667</inode>
    <tagId>4efc7e29-0614-4d3a-b624-f2cc32e64173</tagId>
    <fieldVarName>tags</fieldVarName>
    <modDate class="sql-timestamp">2016-02-18 17:17:35.534</modDate>
  </com.dotmarketing.tag.model.TagInode>
  <com.dotmarketing.tag.model.TagInode>
    <inode>c0e57654-c341-4221-bd18-e80492c9b667</inode>
    <tagId>bcfdad03-38cc-4287-ba07-a549e7ec0c1f</tagId>
    <fieldVarName>tags</fieldVarName>
    <modDate class="sql-timestamp">2016-02-18 17:17:35.532</modDate>
  </com.dotmarketing.tag.model.TagInode>
  <com.dotmarketing.tag.model.TagInode>
    <inode>c227695d-11db-485d-aa65-2439db27a664</inode>
    <tagId>9962fdd8-3991-4378-9405-2217525a8f83</tagId>
  </com.dotmarketing.tag.model.TagInode>
  <com.dotmarketing.tag.model.TagInode>
    <inode>c227695d-11db-485d-aa65-2439db27a664</inode>
    <tagId>c7e3ccea-c76c-428f-a229-e8c70f0d1216</tagId>
  </com.dotmarketing.tag.model.TagInode>
  <com.dotmarketing.tag.model.TagInode>
    <inode>c227695d-11db-485d-aa65-2439db27a664</inode>
    <tagId>ee7d5701-8fa2-4991-a453-9b5cb25dfda1</tagId>
  </com.dotmarketing.tag.model.TagInode>
  <com.dotmarketing.tag.model.TagInode>
    <inode>c466825b-130f-4a56-a3d5-d2d59da237b8</inode>
    <tagId>135aec12-468c-406b-9071-4af58f2ff8fd</tagId>
    <fieldVarName>tags</fieldVarName>
    <modDate class="sql-timestamp">2016-02-18 17:17:35.618</modDate>
  </com.dotmarketing.tag.model.TagInode>
  <com.dotmarketing.tag.model.TagInode>
    <inode>c4bc1f86-3ca0-4f5a-93a5-f3d5280850cd</inode>
    <tagId>9962fdd8-3991-4378-9405-2217525a8f83</tagId>
  </com.dotmarketing.tag.model.TagInode>
  <com.dotmarketing.tag.model.TagInode>
    <inode>c4c948ec-e0d9-44e7-ad5b-5cbdea066974</inode>
    <tagId>9962fdd8-3991-4378-9405-2217525a8f83</tagId>
  </com.dotmarketing.tag.model.TagInode>
  <com.dotmarketing.tag.model.TagInode>
    <inode>c4c948ec-e0d9-44e7-ad5b-5cbdea066974</inode>
    <tagId>c7e3ccea-c76c-428f-a229-e8c70f0d1216</tagId>
  </com.dotmarketing.tag.model.TagInode>
  <com.dotmarketing.tag.model.TagInode>
    <inode>c4c948ec-e0d9-44e7-ad5b-5cbdea066974</inode>
    <tagId>ee7d5701-8fa2-4991-a453-9b5cb25dfda1</tagId>
  </com.dotmarketing.tag.model.TagInode>
  <com.dotmarketing.tag.model.TagInode>
    <inode>c4d603ac-292b-461c-b2ee-d6f1c9855ed6</inode>
    <tagId>369a9c1a-ce05-4126-9185-01fdf401494f</tagId>
  </com.dotmarketing.tag.model.TagInode>
  <com.dotmarketing.tag.model.TagInode>
    <inode>c4d603ac-292b-461c-b2ee-d6f1c9855ed6</inode>
    <tagId>3e1b5d1e-bede-466d-bfbc-dd4538393189</tagId>
  </com.dotmarketing.tag.model.TagInode>
  <com.dotmarketing.tag.model.TagInode>
    <inode>c4d603ac-292b-461c-b2ee-d6f1c9855ed6</inode>
    <tagId>9962fdd8-3991-4378-9405-2217525a8f83</tagId>
  </com.dotmarketing.tag.model.TagInode>
  <com.dotmarketing.tag.model.TagInode>
    <inode>c4d603ac-292b-461c-b2ee-d6f1c9855ed6</inode>
    <tagId>e55a1c8e-5dcd-4d8d-9728-e97f64f58280</tagId>
  </com.dotmarketing.tag.model.TagInode>
  <com.dotmarketing.tag.model.TagInode>
    <inode>c810a199-5a61-470a-aa5d-0d5f9f106562</inode>
    <tagId>9962fdd8-3991-4378-9405-2217525a8f83</tagId>
  </com.dotmarketing.tag.model.TagInode>
  <com.dotmarketing.tag.model.TagInode>
    <inode>c9e60b5c-ab48-494a-a66e-b8768fd4255f</inode>
    <tagId>369a9c1a-ce05-4126-9185-01fdf401494f</tagId>
  </com.dotmarketing.tag.model.TagInode>
  <com.dotmarketing.tag.model.TagInode>
    <inode>c9e60b5c-ab48-494a-a66e-b8768fd4255f</inode>
    <tagId>3e1b5d1e-bede-466d-bfbc-dd4538393189</tagId>
  </com.dotmarketing.tag.model.TagInode>
  <com.dotmarketing.tag.model.TagInode>
    <inode>c9e60b5c-ab48-494a-a66e-b8768fd4255f</inode>
    <tagId>9962fdd8-3991-4378-9405-2217525a8f83</tagId>
  </com.dotmarketing.tag.model.TagInode>
  <com.dotmarketing.tag.model.TagInode>
    <inode>c9e60b5c-ab48-494a-a66e-b8768fd4255f</inode>
    <tagId>e55a1c8e-5dcd-4d8d-9728-e97f64f58280</tagId>
  </com.dotmarketing.tag.model.TagInode>
  <com.dotmarketing.tag.model.TagInode>
    <inode>cbb82be5-00dc-4937-8508-2631a6ba0d6e</inode>
    <tagId>369a9c1a-ce05-4126-9185-01fdf401494f</tagId>
  </com.dotmarketing.tag.model.TagInode>
  <com.dotmarketing.tag.model.TagInode>
    <inode>cbb82be5-00dc-4937-8508-2631a6ba0d6e</inode>
    <tagId>3e1b5d1e-bede-466d-bfbc-dd4538393189</tagId>
  </com.dotmarketing.tag.model.TagInode>
  <com.dotmarketing.tag.model.TagInode>
    <inode>cbb82be5-00dc-4937-8508-2631a6ba0d6e</inode>
    <tagId>9962fdd8-3991-4378-9405-2217525a8f83</tagId>
  </com.dotmarketing.tag.model.TagInode>
  <com.dotmarketing.tag.model.TagInode>
    <inode>cbb82be5-00dc-4937-8508-2631a6ba0d6e</inode>
    <tagId>e55a1c8e-5dcd-4d8d-9728-e97f64f58280</tagId>
  </com.dotmarketing.tag.model.TagInode>
  <com.dotmarketing.tag.model.TagInode>
    <inode>cc1c408a-6d65-4db5-b10e-83e05ca85074</inode>
    <tagId>3e1b5d1e-bede-466d-bfbc-dd4538393189</tagId>
  </com.dotmarketing.tag.model.TagInode>
  <com.dotmarketing.tag.model.TagInode>
    <inode>cc1c408a-6d65-4db5-b10e-83e05ca85074</inode>
    <tagId>9962fdd8-3991-4378-9405-2217525a8f83</tagId>
  </com.dotmarketing.tag.model.TagInode>
  <com.dotmarketing.tag.model.TagInode>
    <inode>cf73afec-58ef-45f5-bb02-a3ae4a4dfea6</inode>
    <tagId>5370dfb0-7a90-4cba-aa76-ecc0da11c04c</tagId>
  </com.dotmarketing.tag.model.TagInode>
  <com.dotmarketing.tag.model.TagInode>
    <inode>d29a02bf-86a5-4fca-918b-c7b2275b5737</inode>
    <tagId>db4d4f2f-cca9-4daa-b8cd-9316e7a9f223</tagId>
  </com.dotmarketing.tag.model.TagInode>
  <com.dotmarketing.tag.model.TagInode>
    <inode>d42d250e-9340-4f98-9b52-7b8cb3036d3d</inode>
    <tagId>2764078f-2ef8-49b2-8a72-24d735967edc</tagId>
  </com.dotmarketing.tag.model.TagInode>
  <com.dotmarketing.tag.model.TagInode>
    <inode>d42d250e-9340-4f98-9b52-7b8cb3036d3d</inode>
    <tagId>f7bdc773-2ef3-4f3d-b1ad-4ff1218a970a</tagId>
  </com.dotmarketing.tag.model.TagInode>
  <com.dotmarketing.tag.model.TagInode>
    <inode>d4bf9e1c-250f-4ad0-b67a-e991dd317bd7</inode>
    <tagId>0675e4ea-872d-4587-82bf-d73b2ce94f55</tagId>
  </com.dotmarketing.tag.model.TagInode>
  <com.dotmarketing.tag.model.TagInode>
    <inode>d4bf9e1c-250f-4ad0-b67a-e991dd317bd7</inode>
    <tagId>5df6727d-11f7-4b08-ae8c-f446fe11e5e6</tagId>
  </com.dotmarketing.tag.model.TagInode>
  <com.dotmarketing.tag.model.TagInode>
    <inode>d4bf9e1c-250f-4ad0-b67a-e991dd317bd7</inode>
    <tagId>c35b9d71-85f1-4fe2-8314-e6fd4c7c19b1</tagId>
  </com.dotmarketing.tag.model.TagInode>
  <com.dotmarketing.tag.model.TagInode>
    <inode>d5557cbb-c45f-4fbc-89b1-e444827ee0ca</inode>
    <tagId>135aec12-468c-406b-9071-4af58f2ff8fd</tagId>
    <fieldVarName>tags</fieldVarName>
    <modDate class="sql-timestamp">2016-02-18 17:17:35.605</modDate>
  </com.dotmarketing.tag.model.TagInode>
  <com.dotmarketing.tag.model.TagInode>
    <inode>d648b740-01a7-49bd-8a94-39db1432fd48</inode>
    <tagId>db4d4f2f-cca9-4daa-b8cd-9316e7a9f223</tagId>
  </com.dotmarketing.tag.model.TagInode>
  <com.dotmarketing.tag.model.TagInode>
    <inode>d885512f-67fb-450e-bf8e-7424532337dd</inode>
    <tagId>2764078f-2ef8-49b2-8a72-24d735967edc</tagId>
  </com.dotmarketing.tag.model.TagInode>
  <com.dotmarketing.tag.model.TagInode>
    <inode>d885512f-67fb-450e-bf8e-7424532337dd</inode>
    <tagId>f7bdc773-2ef3-4f3d-b1ad-4ff1218a970a</tagId>
  </com.dotmarketing.tag.model.TagInode>
  <com.dotmarketing.tag.model.TagInode>
    <inode>dbcaa07e-816c-4fab-965b-083f1014c3da</inode>
    <tagId>50428508-6cf1-4055-b9d1-7633005295ce</tagId>
  </com.dotmarketing.tag.model.TagInode>
  <com.dotmarketing.tag.model.TagInode>
    <inode>dbcaa07e-816c-4fab-965b-083f1014c3da</inode>
    <tagId>99632676-0802-45b6-a443-01551f985a33</tagId>
  </com.dotmarketing.tag.model.TagInode>
  <com.dotmarketing.tag.model.TagInode>
    <inode>dc2bf98c-5f8a-49a7-9629-e3e3e6106bf2</inode>
    <tagId>7070e002-b689-46bb-9be8-dba5cad8883d</tagId>
  </com.dotmarketing.tag.model.TagInode>
  <com.dotmarketing.tag.model.TagInode>
    <inode>df08a197-7e52-4201-b1a6-d3c070382da2</inode>
    <tagId>369a9c1a-ce05-4126-9185-01fdf401494f</tagId>
  </com.dotmarketing.tag.model.TagInode>
  <com.dotmarketing.tag.model.TagInode>
    <inode>df08a197-7e52-4201-b1a6-d3c070382da2</inode>
    <tagId>3e1b5d1e-bede-466d-bfbc-dd4538393189</tagId>
  </com.dotmarketing.tag.model.TagInode>
  <com.dotmarketing.tag.model.TagInode>
    <inode>df08a197-7e52-4201-b1a6-d3c070382da2</inode>
    <tagId>9962fdd8-3991-4378-9405-2217525a8f83</tagId>
  </com.dotmarketing.tag.model.TagInode>
  <com.dotmarketing.tag.model.TagInode>
    <inode>df08a197-7e52-4201-b1a6-d3c070382da2</inode>
    <tagId>e55a1c8e-5dcd-4d8d-9728-e97f64f58280</tagId>
  </com.dotmarketing.tag.model.TagInode>
  <com.dotmarketing.tag.model.TagInode>
    <inode>e3613ea6-bca9-4094-86b8-e39cd4d234e0</inode>
    <tagId>369a9c1a-ce05-4126-9185-01fdf401494f</tagId>
  </com.dotmarketing.tag.model.TagInode>
  <com.dotmarketing.tag.model.TagInode>
    <inode>e3613ea6-bca9-4094-86b8-e39cd4d234e0</inode>
    <tagId>3e1b5d1e-bede-466d-bfbc-dd4538393189</tagId>
  </com.dotmarketing.tag.model.TagInode>
  <com.dotmarketing.tag.model.TagInode>
    <inode>e3613ea6-bca9-4094-86b8-e39cd4d234e0</inode>
    <tagId>9962fdd8-3991-4378-9405-2217525a8f83</tagId>
  </com.dotmarketing.tag.model.TagInode>
  <com.dotmarketing.tag.model.TagInode>
    <inode>e3613ea6-bca9-4094-86b8-e39cd4d234e0</inode>
    <tagId>e55a1c8e-5dcd-4d8d-9728-e97f64f58280</tagId>
  </com.dotmarketing.tag.model.TagInode>
  <com.dotmarketing.tag.model.TagInode>
    <inode>ea4edb26-ba9e-41e2-890f-ee9dd50337cc</inode>
    <tagId>369a9c1a-ce05-4126-9185-01fdf401494f</tagId>
  </com.dotmarketing.tag.model.TagInode>
  <com.dotmarketing.tag.model.TagInode>
    <inode>ea4edb26-ba9e-41e2-890f-ee9dd50337cc</inode>
    <tagId>3e1b5d1e-bede-466d-bfbc-dd4538393189</tagId>
  </com.dotmarketing.tag.model.TagInode>
  <com.dotmarketing.tag.model.TagInode>
    <inode>ea4edb26-ba9e-41e2-890f-ee9dd50337cc</inode>
    <tagId>9962fdd8-3991-4378-9405-2217525a8f83</tagId>
  </com.dotmarketing.tag.model.TagInode>
  <com.dotmarketing.tag.model.TagInode>
    <inode>ea4edb26-ba9e-41e2-890f-ee9dd50337cc</inode>
    <tagId>e55a1c8e-5dcd-4d8d-9728-e97f64f58280</tagId>
  </com.dotmarketing.tag.model.TagInode>
  <com.dotmarketing.tag.model.TagInode>
    <inode>ecda3456-b0ed-40b3-b62f-13c758d7c59b</inode>
    <tagId>2764078f-2ef8-49b2-8a72-24d735967edc</tagId>
  </com.dotmarketing.tag.model.TagInode>
  <com.dotmarketing.tag.model.TagInode>
    <inode>ecda3456-b0ed-40b3-b62f-13c758d7c59b</inode>
    <tagId>f7bdc773-2ef3-4f3d-b1ad-4ff1218a970a</tagId>
  </com.dotmarketing.tag.model.TagInode>
  <com.dotmarketing.tag.model.TagInode>
    <inode>ed063ed5-23ed-4d94-ad42-8c4096c38cbe</inode>
    <tagId>89034043-f5f3-4837-98e7-71385e8a6ab3</tagId>
  </com.dotmarketing.tag.model.TagInode>
  <com.dotmarketing.tag.model.TagInode>
    <inode>ee178172-6b0c-4382-86df-1e7aa3b8288e</inode>
    <tagId>135aec12-468c-406b-9071-4af58f2ff8fd</tagId>
    <fieldVarName>tags</fieldVarName>
    <modDate class="sql-timestamp">2016-02-18 17:17:35.628</modDate>
  </com.dotmarketing.tag.model.TagInode>
  <com.dotmarketing.tag.model.TagInode>
    <inode>ee178172-6b0c-4382-86df-1e7aa3b8288e</inode>
    <tagId>2e7c545b-a9c1-444d-923f-097a2566f51a</tagId>
    <fieldVarName>tags</fieldVarName>
    <modDate class="sql-timestamp">2016-02-18 17:17:35.624</modDate>
  </com.dotmarketing.tag.model.TagInode>
  <com.dotmarketing.tag.model.TagInode>
    <inode>ee178172-6b0c-4382-86df-1e7aa3b8288e</inode>
    <tagId>4efc7e29-0614-4d3a-b624-f2cc32e64173</tagId>
    <fieldVarName>tags</fieldVarName>
    <modDate class="sql-timestamp">2016-02-18 17:17:35.626</modDate>
  </com.dotmarketing.tag.model.TagInode>
  <com.dotmarketing.tag.model.TagInode>
    <inode>f8a1c903-bb08-45ab-868f-ed997e9e6bed</inode>
    <tagId>e27dedf7-0b86-4a86-aa8a-a1f84007ef80</tagId>
  </com.dotmarketing.tag.model.TagInode>
  <com.dotmarketing.tag.model.TagInode>
    <inode>f91f8b36-6122-407d-a266-6780072e791a</inode>
    <tagId>f13b0ce5-44c1-485e-af54-508dd9b623af</tagId>
  </com.dotmarketing.tag.model.TagInode>
  <com.dotmarketing.tag.model.TagInode>
    <inode>fc8d0c8a-c05a-4d8c-b953-9575e9eb0aa4</inode>
    <tagId>2764078f-2ef8-49b2-8a72-24d735967edc</tagId>
  </com.dotmarketing.tag.model.TagInode>
  <com.dotmarketing.tag.model.TagInode>
    <inode>fc8d0c8a-c05a-4d8c-b953-9575e9eb0aa4</inode>
    <tagId>f7bdc773-2ef3-4f3d-b1ad-4ff1218a970a</tagId>
  </com.dotmarketing.tag.model.TagInode>
  <com.dotmarketing.tag.model.TagInode>
    <inode>ff487400-bafa-42e3-bdb1-a44423aa046f</inode>
    <tagId>99632676-0802-45b6-a443-01551f985a33</tagId>
  </com.dotmarketing.tag.model.TagInode>
  <com.dotmarketing.tag.model.TagInode>
    <inode>ff487400-bafa-42e3-bdb1-a44423aa046f</inode>
    <tagId>bdb48772-71f9-4d71-a42f-620c637ab51f</tagId>
  </com.dotmarketing.tag.model.TagInode>
  <com.dotmarketing.tag.model.TagInode>
    <inode>ff607b38-21da-4c1c-94fb-eaa009d0ec96</inode>
    <tagId>2764078f-2ef8-49b2-8a72-24d735967edc</tagId>
  </com.dotmarketing.tag.model.TagInode>
  <com.dotmarketing.tag.model.TagInode>
    <inode>ff607b38-21da-4c1c-94fb-eaa009d0ec96</inode>
    <tagId>f7bdc773-2ef3-4f3d-b1ad-4ff1218a970a</tagId>
  </com.dotmarketing.tag.model.TagInode>
  <com.dotmarketing.tag.model.TagInode>
    <inode>ffa4fd50-8d2c-4b75-b163-9e2daf50dbee</inode>
    <tagId>fdad1064-59b2-4dbe-8981-870afdbf0366</tagId>
  </com.dotmarketing.tag.model.TagInode>
</list>