<list>
  <com.dotmarketing.beans.FixAudit>
    <Id>0e126998-9673-4124-9939-1af72a5921df</Id>
    <tableName>contentlet</tableName>
    <action>task 10: Deletes the file assets with no inode</action>
    <recordsAltered>0</recordsAltered>
    <datetime class="sql-timestamp">2010-02-08 05:00:00.0</datetime>
  </com.dotmarketing.beans.FixAudit>
  <com.dotmarketing.beans.FixAudit>
    <Id>1234c78c-cf71-4c3a-8d51-997d72de0bb8</Id>
    <tableName>file_asset</tableName>
    <action>task 40: Fixed CheckFileAssetsMimeType</action>
    <recordsAltered>0</recordsAltered>
    <datetime class="sql-timestamp">2015-11-02 17:12:06.652</datetime>
  </com.dotmarketing.beans.FixAudit>
  <com.dotmarketing.beans.FixAudit>
    <Id>14d5c169-74bc-467e-9715-c571de671765</Id>
    <tableName>contentlet</tableName>
    <action>task 10: Deletes the file assets with no inode</action>
    <recordsAltered>0</recordsAltered>
    <datetime class="sql-timestamp">2009-11-08 05:00:00.0</datetime>
  </com.dotmarketing.beans.FixAudit>
  <com.dotmarketing.beans.FixAudit>
    <Id>2514f863-5929-48ec-9db3-f62cc9bd988c</Id>
    <tableName>identifier</tableName>
    <action>task 20: Fixed DeleteOrphanedIdentifiers</action>
    <recordsAltered>243</recordsAltered>
    <datetime class="sql-timestamp">2014-10-07 12:30:38.263</datetime>
  </com.dotmarketing.beans.FixAudit>
  <com.dotmarketing.beans.FixAudit>
    <Id>2df2333d-2a70-48f3-a647-acdc027178e5</Id>
    <tableName>contentlet</tableName>
    <action>delete assets with missing identifiers</action>
    <recordsAltered>1</recordsAltered>
    <datetime class="sql-timestamp">2015-11-02 17:11:23.051</datetime>
  </com.dotmarketing.beans.FixAudit>
  <com.dotmarketing.beans.FixAudit>
    <Id>56460a10-5011-4317-9fd4-19f7a44c06c1</Id>
    <tableName>identifier</tableName>
    <action>task 12: Update Assets Hosts</action>
    <recordsAltered>340</recordsAltered>
    <datetime class="sql-timestamp">2010-03-16 04:00:00.0</datetime>
  </com.dotmarketing.beans.FixAudit>
  <com.dotmarketing.beans.FixAudit>
    <Id>6a144ceb-e65e-414d-86b3-169636c952ef</Id>
    <tableName>contentlet</tableName>
    <action>task 10: Deletes the file assets with no inode</action>
    <recordsAltered>0</recordsAltered>
    <datetime class="sql-timestamp">2010-01-05 05:00:00.0</datetime>
  </com.dotmarketing.beans.FixAudit>
  <com.dotmarketing.beans.FixAudit>
    <Id>71250c7a-553d-4d35-9003-e0ea7ada7c4c</Id>
    <tableName>contentlet</tableName>
    <action>task 10: Deletes the file assets with no inode</action>
    <recordsAltered>0</recordsAltered>
    <datetime class="sql-timestamp">2010-01-14 05:00:00.0</datetime>
  </com.dotmarketing.beans.FixAudit>
  <com.dotmarketing.beans.FixAudit>
    <Id>7bbfc0c4-9c8a-496f-b404-909de6abe41e</Id>
    <tableName>contentlet</tableName>
    <action>Check the tree entries that doesn&apos;t have a child o parent in the inode table and deleted them</action>
    <recordsAltered>42</recordsAltered>
    <datetime class="sql-timestamp">2015-11-02 17:11:23.106</datetime>
  </com.dotmarketing.beans.FixAudit>
  <com.dotmarketing.beans.FixAudit>
    <Id>852e1b1f-7fac-4392-a0aa-46459011d13f</Id>
    <tableName>identifier</tableName>
    <action>task 30: Fixed DeleteOrphanedAssets</action>
    <recordsAltered>0</recordsAltered>
    <datetime class="sql-timestamp">2015-11-02 17:11:26.278</datetime>
  </com.dotmarketing.beans.FixAudit>
  <com.dotmarketing.beans.FixAudit>
    <Id>85d46a7f-2f9d-42fa-b969-ea0f4623936a</Id>
    <tableName>contentlet</tableName>
    <action>task 10: Deletes the file assets with no inode</action>
    <recordsAltered>0</recordsAltered>
    <datetime class="sql-timestamp">2010-02-12 05:00:00.0</datetime>
  </com.dotmarketing.beans.FixAudit>
  <com.dotmarketing.beans.FixAudit>
    <Id>8a203ea9-9704-48a5-966b-75c69747016d</Id>
    <tableName>contentlet</tableName>
    <action>task 10: Deletes the file assets with no inode</action>
    <recordsAltered>0</recordsAltered>
    <datetime class="sql-timestamp">2010-02-23 05:00:00.0</datetime>
  </com.dotmarketing.beans.FixAudit>
  <com.dotmarketing.beans.FixAudit>
    <Id>98b40042-8a59-48bd-9352-22cc1842b391</Id>
    <tableName>contentlet</tableName>
    <action>Check the tree entries that doesn&apos;t have a child o parent in the inode table and deleted them</action>
    <recordsAltered>30</recordsAltered>
    <datetime class="sql-timestamp">2014-10-07 12:30:37.959</datetime>
  </com.dotmarketing.beans.FixAudit>
  <com.dotmarketing.beans.FixAudit>
    <Id>9f01163e-38aa-4cbf-a79c-41d8d104a368</Id>
    <tableName>identifier</tableName>
    <action>task 30: Fixed DeleteOrphanedAssets</action>
    <recordsAltered>0</recordsAltered>
    <datetime class="sql-timestamp">2014-10-07 12:30:41.287</datetime>
  </com.dotmarketing.beans.FixAudit>
  <com.dotmarketing.beans.FixAudit>
    <Id>a14917c3-12e3-4355-8675-e935bc9a2df0</Id>
    <tableName>file_asset</tableName>
    <action>task 40: Fixed CheckFileAssetsMimeType</action>
    <recordsAltered>0</recordsAltered>
    <datetime class="sql-timestamp">2014-10-07 12:30:44.306</datetime>
  </com.dotmarketing.beans.FixAudit>
  <com.dotmarketing.beans.FixAudit>
    <Id>a87339ee-6593-4113-9c36-251e0626b1f7</Id>
    <tableName>file_asset</tableName>
    <action>task 40: Fixed CheckFileAssetsMimeType</action>
    <recordsAltered>0</recordsAltered>
    <datetime class="sql-timestamp">2015-11-02 17:11:29.337</datetime>
  </com.dotmarketing.beans.FixAudit>
  <com.dotmarketing.beans.FixAudit>
    <Id>a8881836-1e2b-40eb-bfdf-df9750c80591</Id>
    <tableName>identifier</tableName>
    <action>task 30: Fixed DeleteOrphanedAssets</action>
    <recordsAltered>0</recordsAltered>
    <datetime class="sql-timestamp">2015-11-02 17:12:03.63</datetime>
  </com.dotmarketing.beans.FixAudit>
  <com.dotmarketing.beans.FixAudit>
    <Id>b01049b5-4691-45a3-9a99-7dfcc3de8c0d</Id>
    <tableName>contentlet</tableName>
    <action>delete assets with missing identifiers</action>
    <recordsAltered>1</recordsAltered>
    <datetime class="sql-timestamp">2014-10-07 12:30:37.912</datetime>
  </com.dotmarketing.beans.FixAudit>
  <com.dotmarketing.beans.FixAudit>
    <Id>b879442c-8c32-43a4-b140-0b0540a730cb</Id>
    <tableName>field</tableName>
    <action>task 11: Renaming structure fields with variable name &apos;host&apos;</action>
    <recordsAltered>3</recordsAltered>
    <datetime class="sql-timestamp">2010-03-26 04:00:00.0</datetime>
  </com.dotmarketing.beans.FixAudit>
  <com.dotmarketing.beans.FixAudit>
    <Id>cb5a487c-1203-445c-92b5-49be9875a5c5</Id>
    <tableName>contentlet</tableName>
    <action>task 10: Deletes the file assets with no inode</action>
    <recordsAltered>0</recordsAltered>
    <datetime class="sql-timestamp">2010-01-14 05:00:00.0</datetime>
  </com.dotmarketing.beans.FixAudit>
  <com.dotmarketing.beans.FixAudit>
    <Id>e2ba7c12-f17b-43db-8073-f5c03e0dedac</Id>
    <tableName>identifier</tableName>
    <action>task 20: Fixed DeleteOrphanedIdentifiers</action>
    <recordsAltered>0</recordsAltered>
    <datetime class="sql-timestamp">2015-11-02 17:11:23.115</datetime>
  </com.dotmarketing.beans.FixAudit>
  <com.dotmarketing.beans.FixAudit>
    <Id>ef7b418a-30a5-483a-a876-959ca8e0fb20</Id>
    <tableName>identifier</tableName>
    <action>task 20: Fixed DeleteOrphanedIdentifiers</action>
    <recordsAltered>0</recordsAltered>
    <datetime class="sql-timestamp">2015-11-02 17:12:00.611</datetime>
  </com.dotmarketing.beans.FixAudit>
</list>