<list>
  <com.dotmarketing.business.Layout>
    <id>34885ddb-3537-4a79-a02c-0550c5087d5c</id>
    <name>Home</name>
    <description>Tasks &amp; Dashboard</description>
    <tabOrder>0</tabOrder>
  </com.dotmarketing.business.Layout>
  <com.dotmarketing.business.Layout>
    <id>56fedb43-dbbf-4ce2-8b77-41fb73bad015</id>
    <name>Content Types</name>
    <description>Workflows &amp; Categories</description>
    <tabOrder>9</tabOrder>
  </com.dotmarketing.business.Layout>
  <com.dotmarketing.business.Layout>
    <id>71b8a1ca-37b6-4b6e-a43b-c7482f28db6c</id>
    <name>Content</name>
    <description>Manage your Site</description>
    <tabOrder>3</tabOrder>
  </com.dotmarketing.business.Layout>
  <com.dotmarketing.business.Layout>
    <id>81c3bb50-9f64-4a39-9027-46ee92192799</id>
    <name>Forms &amp; Polls</name>
    <description>Forms, Polls &amp; Reports</description>
    <tabOrder>6</tabOrder>
  </com.dotmarketing.business.Layout>
  <com.dotmarketing.business.Layout>
    <id>89594b95-1354-4a63-8867-c922880107df</id>
    <name>Marketing</name>
    <description>Targeting &amp; Personas</description>
    <tabOrder>4</tabOrder>
  </com.dotmarketing.business.Layout>
  <com.dotmarketing.business.Layout>
    <id>931f0b26-92c1-420b-8fbf-e48089040921</id>
    <name>Site Editor</name>
    <description>Web &amp; File Browser</description>
    <tabOrder>1</tabOrder>
  </com.dotmarketing.business.Layout>
  <com.dotmarketing.business.Layout>
    <id>a5a34140-635f-450e-8fee-68a3cf6a8ba4</id>
    <name>CMS Admin</name>
    <description>Permissions &amp; Maintenance</description>
    <tabOrder>0</tabOrder>
  </com.dotmarketing.business.Layout>
  <com.dotmarketing.business.Layout>
    <id>a8e430e3-8010-40cf-ade1-5978e61241a8</id>
    <name>System</name>
    <description>Settings &amp; Config</description>
    <tabOrder>100</tabOrder>
  </com.dotmarketing.business.Layout>
  <com.dotmarketing.business.Layout>
    <id>b7ab5d3c-5ee0-4195-a17e-8f5579d718dd</id>
    <name>Site Browser</name>
    <description>Pages, Folders &amp; Files</description>
    <tabOrder>2</tabOrder>
  </com.dotmarketing.business.Layout>
</list>