<list>
  <com.dotmarketing.beans.Identifier>
    <id>0692061d-399c-4887-9ec6-17b386b89c2d</id>
    <assetName>content.d18dc587-04ab-4473-85d9-244dff676812</assetName>
    <assetType>contentlet</assetType>
    <parentPath>/</parentPath>
    <hostId>SYSTEM_HOST</hostId>
  </com.dotmarketing.beans.Identifier>
  <com.dotmarketing.beans.Identifier>
    <id>06967d60-7a14-4b58-ae39-e64c4caf5df4</id>
    <assetName>docs</assetName>
    <assetType>folder</assetType>
    <parentPath>/</parentPath>
    <hostId>0692061d-399c-4887-9ec6-17b386b89c2d</hostId>
  </com.dotmarketing.beans.Identifier>
  <com.dotmarketing.beans.Identifier>
    <id>08086b51-0fe9-47e5-b673-7ee7d1482473</id>
    <assetName>content.6f1329ea-a005-4f68-a4e9-1dc754b63cb7</assetName>
    <assetType>contentlet</assetType>
    <parentPath>/</parentPath>
    <hostId>SYSTEM_HOST</hostId>
  </com.dotmarketing.beans.Identifier>
  <com.dotmarketing.beans.Identifier>
    <id>15385d17-6c3c-40d4-a3e7-9d4fffe22064</id>
    <assetName>img</assetName>
    <assetType>folder</assetType>
    <parentPath>/</parentPath>
    <hostId>0692061d-399c-4887-9ec6-17b386b89c2d</hostId>
  </com.dotmarketing.beans.Identifier>
  <com.dotmarketing.beans.Identifier>
    <id>66169cd5-7484-450b-b5b3-8e7de7d76ff1</id>
    <assetName>js</assetName>
    <assetType>folder</assetType>
    <parentPath>/</parentPath>
    <hostId>0692061d-399c-4887-9ec6-17b386b89c2d</hostId>
  </com.dotmarketing.beans.Identifier>
  <com.dotmarketing.beans.Identifier>
    <id>828f2b2b-7479-4556-b801-c0dfda466e81</id>
    <assetName>static</assetName>
    <assetType>folder</assetType>
    <parentPath>/</parentPath>
    <hostId>0692061d-399c-4887-9ec6-17b386b89c2d</hostId>
  </com.dotmarketing.beans.Identifier>
  <com.dotmarketing.beans.Identifier>
    <id>8a705792-2278-493a-bd04-708f578141c6</id>
    <assetName>css</assetName>
    <assetType>folder</assetType>
    <parentPath>/</parentPath>
    <hostId>0692061d-399c-4887-9ec6-17b386b89c2d</hostId>
  </com.dotmarketing.beans.Identifier>
  <com.dotmarketing.beans.Identifier>
    <id>8c5786b2-fcf4-4045-8101-6e02a560375b</id>
    <assetName>fonts</assetName>
    <assetType>folder</assetType>
    <parentPath>/</parentPath>
    <hostId>0692061d-399c-4887-9ec6-17b386b89c2d</hostId>
  </com.dotmarketing.beans.Identifier>
  <com.dotmarketing.beans.Identifier>
    <id>a3b5fc3a-a56b-4c51-8454-0e519d247a57</id>
    <assetName>json</assetName>
    <assetType>folder</assetType>
    <parentPath>/</parentPath>
    <hostId>0692061d-399c-4887-9ec6-17b386b89c2d</hostId>
  </com.dotmarketing.beans.Identifier>
  <com.dotmarketing.beans.Identifier>
    <id>cd0a8442-5394-426e-8802-9fdc937e8ec0</id>
    <assetName>application</assetName>
    <assetType>folder</assetType>
    <parentPath>/</parentPath>
    <hostId>0692061d-399c-4887-9ec6-17b386b89c2d</hostId>
  </com.dotmarketing.beans.Identifier>
  <com.dotmarketing.beans.Identifier>
    <id>ec756bbe-3b8d-4322-b228-86537accd80a</id>
    <assetName>content.fbbb82ef-3def-4582-88b5-aa9cdb857d4a</assetName>
    <assetType>contentlet</assetType>
    <parentPath>/</parentPath>
    <hostId>SYSTEM_HOST</hostId>
  </com.dotmarketing.beans.Identifier>
  <com.dotmarketing.beans.Identifier>
    <id>f2e42cec-5b12-49ea-b234-a9b7c6c9a753</id>
    <assetName>vtl</assetName>
    <assetType>folder</assetType>
    <parentPath>/</parentPath>
    <hostId>0692061d-399c-4887-9ec6-17b386b89c2d</hostId>
  </com.dotmarketing.beans.Identifier>
  <com.dotmarketing.beans.Identifier>
    <id>SYSTEM_HOST</id>
    <assetName>system host</assetName>
    <assetType>contentlet</assetType>
    <parentPath>/</parentPath>
    <hostId>SYSTEM_HOST</hostId>
  </com.dotmarketing.beans.Identifier>
  <com.dotmarketing.beans.Identifier>
    <id>3a90f323-0ffa-497b-981d-a70293ce93ed</id>
    <assetName>containers</assetName>
    <assetType>folder</assetType>
    <parentPath>/application/</parentPath>
    <hostId>0692061d-399c-4887-9ec6-17b386b89c2d</hostId>
  </com.dotmarketing.beans.Identifier>
  <com.dotmarketing.beans.Identifier>
    <id>42b07e01-7359-465d-971b-968b2372c1d8</id>
    <assetName>custom-fields</assetName>
    <assetType>folder</assetType>
    <parentPath>/application/</parentPath>
    <hostId>0692061d-399c-4887-9ec6-17b386b89c2d</hostId>
  </com.dotmarketing.beans.Identifier>
  <com.dotmarketing.beans.Identifier>
    <id>4cf8c8f2-83ea-4a31-a6fc-9d56ecfa4084</id>
    <assetName>themes</assetName>
    <assetType>folder</assetType>
    <parentPath>/application/</parentPath>
    <hostId>0692061d-399c-4887-9ec6-17b386b89c2d</hostId>
  </com.dotmarketing.beans.Identifier>
  <com.dotmarketing.beans.Identifier>
    <id>ac086194-67ae-46d9-87d3-483709886531</id>
    <assetName>macros</assetName>
    <assetType>folder</assetType>
    <parentPath>/application/</parentPath>
    <hostId>0692061d-399c-4887-9ec6-17b386b89c2d</hostId>
  </com.dotmarketing.beans.Identifier>
  <com.dotmarketing.beans.Identifier>
    <id>b8ca3d05-65f8-4b96-8cea-9d25155f4571</id>
    <assetName>includes</assetName>
    <assetType>folder</assetType>
    <parentPath>/application/</parentPath>
    <hostId>0692061d-399c-4887-9ec6-17b386b89c2d</hostId>
  </com.dotmarketing.beans.Identifier>
  <com.dotmarketing.beans.Identifier>
    <id>bf98ae37-980f-432e-b55e-72c882ba50b1</id>
    <assetName>util</assetName>
    <assetType>folder</assetType>
    <parentPath>/application/</parentPath>
    <hostId>0692061d-399c-4887-9ec6-17b386b89c2d</hostId>
  </com.dotmarketing.beans.Identifier>
  <com.dotmarketing.beans.Identifier>
    <id>f7391962-c4bf-469a-896b-d1beb3067af5</id>
    <assetName>async</assetName>
    <assetType>folder</assetType>
    <parentPath>/application/</parentPath>
    <hostId>0692061d-399c-4887-9ec6-17b386b89c2d</hostId>
  </com.dotmarketing.beans.Identifier>
  <com.dotmarketing.beans.Identifier>
    <id>23d6f995-0b73-42b1-b24a-d1605c30ce46</id>
    <assetName>file-asset.vtl</assetName>
    <assetType>contentlet</assetType>
    <parentPath>/application/containers/</parentPath>
    <hostId>0692061d-399c-4887-9ec6-17b386b89c2d</hostId>
  </com.dotmarketing.beans.Identifier>
  <com.dotmarketing.beans.Identifier>
    <id>6da41d8e-4e55-43e3-bd5a-2c3fb3ab744c</id>
    <assetName>velocity-include.vtl</assetName>
    <assetType>contentlet</assetType>
    <parentPath>/application/containers/</parentPath>
    <hostId>0692061d-399c-4887-9ec6-17b386b89c2d</hostId>
  </com.dotmarketing.beans.Identifier>
  <com.dotmarketing.beans.Identifier>
    <id>d9ad750c-8fbc-4791-b0b1-489928f08878</id>
    <assetName>content-generic.vtl</assetName>
    <assetType>contentlet</assetType>
    <parentPath>/application/containers/</parentPath>
    <hostId>0692061d-399c-4887-9ec6-17b386b89c2d</hostId>
  </com.dotmarketing.beans.Identifier>
  <com.dotmarketing.beans.Identifier>
    <id>72d2d29d-fa70-4c99-93fd-fe29d81bb636</id>
    <assetName>template-layout.vtl</assetName>
    <assetType>contentlet</assetType>
    <parentPath>/application/custom-fields/</parentPath>
    <hostId>0692061d-399c-4887-9ec6-17b386b89c2d</hostId>
  </com.dotmarketing.beans.Identifier>
  <com.dotmarketing.beans.Identifier>
    <id>9b3d2169-3b9c-4373-ac22-01b50bcf0260</id>
    <assetName>markdown-editor.vtl</assetName>
    <assetType>contentlet</assetType>
    <parentPath>/application/custom-fields/</parentPath>
    <hostId>0692061d-399c-4887-9ec6-17b386b89c2d</hostId>
  </com.dotmarketing.beans.Identifier>
  <com.dotmarketing.beans.Identifier>
    <id>db445921-c4e2-4e17-bdff-e45d6e15ad43</id>
    <assetName>field-button.vtl</assetName>
    <assetType>contentlet</assetType>
    <parentPath>/application/custom-fields/</parentPath>
    <hostId>0692061d-399c-4887-9ec6-17b386b89c2d</hostId>
  </com.dotmarketing.beans.Identifier>
  <com.dotmarketing.beans.Identifier>
    <id>0aae3e80-bb12-4ad9-a356-91535408edb8</id>
    <assetName>template-parameters.vtl</assetName>
    <assetType>contentlet</assetType>
    <parentPath>/application/includes/</parentPath>
    <hostId>0692061d-399c-4887-9ec6-17b386b89c2d</hostId>
  </com.dotmarketing.beans.Identifier>
  <com.dotmarketing.beans.Identifier>
    <id>16bab3a3-53c0-4c40-bcf8-21590ca57cd7</id>
    <assetName>globals.vtl</assetName>
    <assetType>contentlet</assetType>
    <parentPath>/application/includes/</parentPath>
    <hostId>0692061d-399c-4887-9ec6-17b386b89c2d</hostId>
  </com.dotmarketing.beans.Identifier>
  <com.dotmarketing.beans.Identifier>
    <id>53f99e3d-be0d-41af-813c-d335267593ca</id>
    <assetName>options.vtl</assetName>
    <assetType>contentlet</assetType>
    <parentPath>/application/includes/</parentPath>
    <hostId>0692061d-399c-4887-9ec6-17b386b89c2d</hostId>
  </com.dotmarketing.beans.Identifier>
  <com.dotmarketing.beans.Identifier>
    <id>632fdaf1-ba57-4fa5-a29d-a6904bdfa7f8</id>
    <assetName>social-meta.vtl</assetName>
    <assetType>contentlet</assetType>
    <parentPath>/application/includes/</parentPath>
    <hostId>0692061d-399c-4887-9ec6-17b386b89c2d</hostId>
  </com.dotmarketing.beans.Identifier>
  <com.dotmarketing.beans.Identifier>
    <id>7bef8a08-0de1-4a4c-a99e-f5acee228e9b</id>
    <assetName>asset-imports.vtl</assetName>
    <assetType>contentlet</assetType>
    <parentPath>/application/includes/</parentPath>
    <hostId>0692061d-399c-4887-9ec6-17b386b89c2d</hostId>
  </com.dotmarketing.beans.Identifier>
  <com.dotmarketing.beans.Identifier>
    <id>15f5bdee-e917-447d-a638-fdb650a7a227</id>
    <assetName>json-get.vm</assetName>
    <assetType>contentlet</assetType>
    <parentPath>/application/macros/</parentPath>
    <hostId>0692061d-399c-4887-9ec6-17b386b89c2d</hostId>
  </com.dotmarketing.beans.Identifier>
  <com.dotmarketing.beans.Identifier>
    <id>22f217db-27f1-41e5-b8ac-d3467868ef6e</id>
    <assetName>truncate-string.vm</assetName>
    <assetType>contentlet</assetType>
    <parentPath>/application/macros/</parentPath>
    <hostId>0692061d-399c-4887-9ec6-17b386b89c2d</hostId>
  </com.dotmarketing.beans.Identifier>
  <com.dotmarketing.beans.Identifier>
    <id>2d12f5e1-888c-4390-a04a-80f995b81241</id>
    <assetName>slugify.vm</assetName>
    <assetType>contentlet</assetType>
    <parentPath>/application/macros/</parentPath>
    <hostId>0692061d-399c-4887-9ec6-17b386b89c2d</hostId>
  </com.dotmarketing.beans.Identifier>
  <com.dotmarketing.beans.Identifier>
    <id>97466c10-db14-4692-9e3b-1ad9b63a1fa3</id>
    <assetName>template-column.vm</assetName>
    <assetType>contentlet</assetType>
    <parentPath>/application/macros/</parentPath>
    <hostId>0692061d-399c-4887-9ec6-17b386b89c2d</hostId>
  </com.dotmarketing.beans.Identifier>
  <com.dotmarketing.beans.Identifier>
    <id>cc57e685-4adf-40a1-8a36-2fbc72ba12ee</id>
    <assetName>container-info.vm</assetName>
    <assetType>contentlet</assetType>
    <parentPath>/application/macros/</parentPath>
    <hostId>0692061d-399c-4887-9ec6-17b386b89c2d</hostId>
  </com.dotmarketing.beans.Identifier>
  <com.dotmarketing.beans.Identifier>
    <id>d06b4a6a-ff97-49d2-9687-a0150a54391f</id>
    <assetName>button.vm</assetName>
    <assetType>contentlet</assetType>
    <parentPath>/application/macros/</parentPath>
    <hostId>0692061d-399c-4887-9ec6-17b386b89c2d</hostId>
  </com.dotmarketing.beans.Identifier>
  <com.dotmarketing.beans.Identifier>
    <id>99e5a4a7-94ba-46f6-a385-7fd50f6ff6f6</id>
    <assetName>default</assetName>
    <assetType>folder</assetType>
    <parentPath>/application/themes/</parentPath>
    <hostId>0692061d-399c-4887-9ec6-17b386b89c2d</hostId>
  </com.dotmarketing.beans.Identifier>
  <com.dotmarketing.beans.Identifier>
    <id>1429cc1e-4a93-4e00-9228-e2be3bd3c4ec</id>
    <assetName>header.vtl</assetName>
    <assetType>contentlet</assetType>
    <parentPath>/application/themes/default/</parentPath>
    <hostId>0692061d-399c-4887-9ec6-17b386b89c2d</hostId>
  </com.dotmarketing.beans.Identifier>
  <com.dotmarketing.beans.Identifier>
    <id>83339e79-54d5-4cc5-b857-5141939bcee3</id>
    <assetName>bottom.vtl</assetName>
    <assetType>contentlet</assetType>
    <parentPath>/application/themes/default/</parentPath>
    <hostId>0692061d-399c-4887-9ec6-17b386b89c2d</hostId>
  </com.dotmarketing.beans.Identifier>
  <com.dotmarketing.beans.Identifier>
    <id>91fcd288-efe4-4bc8-bde1-dbf8437ca091</id>
    <assetName>template.vtl</assetName>
    <assetType>contentlet</assetType>
    <parentPath>/application/themes/default/</parentPath>
    <hostId>0692061d-399c-4887-9ec6-17b386b89c2d</hostId>
  </com.dotmarketing.beans.Identifier>
  <com.dotmarketing.beans.Identifier>
    <id>eb116dfe-2fcf-4341-9b20-a84cd5f6c807</id>
    <assetName>html_head.vtl</assetName>
    <assetType>contentlet</assetType>
    <parentPath>/application/themes/default/</parentPath>
    <hostId>0692061d-399c-4887-9ec6-17b386b89c2d</hostId>
  </com.dotmarketing.beans.Identifier>
  <com.dotmarketing.beans.Identifier>
    <id>f297796d-ca6d-4961-a03f-a42efaf83496</id>
    <assetName>footer.vtl</assetName>
    <assetType>contentlet</assetType>
    <parentPath>/application/themes/default/</parentPath>
    <hostId>0692061d-399c-4887-9ec6-17b386b89c2d</hostId>
  </com.dotmarketing.beans.Identifier>
  <com.dotmarketing.beans.Identifier>
    <id>175f688b-fdd8-4236-9e8e-d236bd39c26b</id>
    <assetName>container-info.vtl</assetName>
    <assetType>contentlet</assetType>
    <parentPath>/application/util/</parentPath>
    <hostId>0692061d-399c-4887-9ec6-17b386b89c2d</hostId>
  </com.dotmarketing.beans.Identifier>
  <com.dotmarketing.beans.Identifier>
    <id>975e75d2-97fe-4c2e-b39f-192121d16799</id>
    <assetName>contentlet-info.vtl</assetName>
    <assetType>contentlet</assetType>
    <parentPath>/application/util/</parentPath>
    <hostId>0692061d-399c-4887-9ec6-17b386b89c2d</hostId>
  </com.dotmarketing.beans.Identifier>
  <com.dotmarketing.beans.Identifier>
    <id>e09863e5-493c-4fd8-a187-56c53e0b7ae8</id>
    <assetName>test.vtl</assetName>
    <assetType>contentlet</assetType>
    <parentPath>/application/util/</parentPath>
    <hostId>0692061d-399c-4887-9ec6-17b386b89c2d</hostId>
  </com.dotmarketing.beans.Identifier>
  <com.dotmarketing.beans.Identifier>
    <id>328e9be8-2dd8-4014-97e2-037c59becabc</id>
    <assetName>ethode-dotcms-share.png</assetName>
    <assetType>contentlet</assetType>
    <parentPath>/img/</parentPath>
    <hostId>0692061d-399c-4887-9ec6-17b386b89c2d</hostId>
  </com.dotmarketing.beans.Identifier>
  <com.dotmarketing.beans.Identifier>
    <id>f998314f-81dd-4593-8f74-892d9b9fa4f6</id>
    <assetName>ethode-dotcms.png</assetName>
    <assetType>contentlet</assetType>
    <parentPath>/img/</parentPath>
    <hostId>0692061d-399c-4887-9ec6-17b386b89c2d</hostId>
  </com.dotmarketing.beans.Identifier>
  <com.dotmarketing.beans.Identifier>
    <id>bc9a1d37-dd2d-4d49-a29d-0c9be740bfaf</id>
    <assetName>system folder</assetName>
    <assetType>folder</assetType>
    <parentPath>/System folder</parentPath>
    <hostId>SYSTEM_HOST</hostId>
  </com.dotmarketing.beans.Identifier>
</list>