<list>
  <com.dotmarketing.portlets.structure.model.Structure>
    <iDate class="sql-timestamp">2018-09-13 21:10:50.625</iDate>
    <type>structure</type>
    <owner>dotcms.org.1</owner>
    <inode>410bd5c2-ce14-40e0-a623-d15d8ab23d8d</inode>
    <name>Content Widget</name>
    <description>General Content Widgets</description>
    <defaultStructure>false</defaultStructure>
    <pagedetail></pagedetail>
    <structureType>2</structureType>
    <fixed>false</fixed>
    <system>false</system>
    <velocityVarName>ContentWidget</velocityVarName>
    <host>0692061d-399c-4887-9ec6-17b386b89c2d</host>
    <folder>SYSTEM_FOLDER</folder>
    <modDate class="sql-timestamp">2018-09-13 21:10:50.625</modDate>
  </com.dotmarketing.portlets.structure.model.Structure>
  <com.dotmarketing.portlets.structure.model.Structure>
    <iDate class="sql-timestamp">2018-09-13 20:58:10.109</iDate>
    <type>structure</type>
    <owner>dotcms.org.1</owner>
    <inode>e4dc1138-3a08-4638-8019-bb104d997a4f</inode>
    <name>Structured Content Extended Metadata</name>
    <description>Generate custom metadata based on content</description>
    <defaultStructure>false</defaultStructure>
    <pagedetail></pagedetail>
    <structureType>1</structureType>
    <fixed>false</fixed>
    <system>false</system>
    <velocityVarName>Structuredcontentextendedmetadata</velocityVarName>
    <host>0692061d-399c-4887-9ec6-17b386b89c2d</host>
    <folder>SYSTEM_FOLDER</folder>
    <modDate class="sql-timestamp">2018-09-13 20:58:10.109</modDate>
  </com.dotmarketing.portlets.structure.model.Structure>
  <com.dotmarketing.portlets.structure.model.Structure>
    <iDate class="sql-timestamp">2018-09-13 20:51:58.638</iDate>
    <type>structure</type>
    <owner>dotcms.org.1</owner>
    <inode>d88dd7b5-1292-49bd-b120-b2049b892010</inode>
    <name>Template Parameters</name>
    <description>Dynamic layouts for Template Containers</description>
    <defaultStructure>false</defaultStructure>
    <pagedetail></pagedetail>
    <structureType>1</structureType>
    <fixed>false</fixed>
    <system>false</system>
    <velocityVarName>Templateparameters</velocityVarName>
    <host>0692061d-399c-4887-9ec6-17b386b89c2d</host>
    <folder>SYSTEM_FOLDER</folder>
    <modDate class="sql-timestamp">2018-09-13 20:51:58.638</modDate>
  </com.dotmarketing.portlets.structure.model.Structure>
  <com.dotmarketing.portlets.structure.model.Structure>
    <iDate class="sql-timestamp">2018-09-13 20:43:11.078</iDate>
    <type>structure</type>
    <owner>system</owner>
    <inode>c541abb1-69b3-4bc5-8430-5e09e5239cc8</inode>
    <name>Page Asset</name>
    <description>Default Structure for Pages</description>
    <defaultStructure>false</defaultStructure>
    <pagedetail></pagedetail>
    <structureType>5</structureType>
    <fixed>true</fixed>
    <system>false</system>
    <velocityVarName>htmlpageasset</velocityVarName>
    <host>SYSTEM_HOST</host>
    <folder>SYSTEM_FOLDER</folder>
    <modDate class="sql-timestamp">2018-09-13 20:43:11.078</modDate>
  </com.dotmarketing.portlets.structure.model.Structure>
  <com.dotmarketing.portlets.structure.model.Structure>
    <iDate class="sql-timestamp">2016-03-28 19:10:14.085</iDate>
    <type>structure</type>
    <owner></owner>
    <inode>855a2d72-f2f3-4169-8b04-ac5157c4380c</inode>
    <name>Host</name>
    <description>System hosts information</description>
    <defaultStructure>false</defaultStructure>
    <pagedetail></pagedetail>
    <structureType>1</structureType>
    <fixed>true</fixed>
    <system>true</system>
    <velocityVarName>Host</velocityVarName>
    <host>SYSTEM_HOST</host>
    <folder>SYSTEM_FOLDER</folder>
    <modDate class="sql-timestamp">2016-03-28 19:10:14.085</modDate>
  </com.dotmarketing.portlets.structure.model.Structure>
  <com.dotmarketing.portlets.structure.model.Structure>
    <iDate class="sql-timestamp">2015-12-16 21:56:43.44</iDate>
    <type>structure</type>
    <owner>system</owner>
    <inode>c938b15f-bcb6-49ef-8651-14d455a97045</inode>
    <name>Persona</name>
    <description>Default Structure for Personas</description>
    <defaultStructure>false</defaultStructure>
    <structureType>6</structureType>
    <fixed>false</fixed>
    <system>false</system>
    <velocityVarName>persona</velocityVarName>
    <host>SYSTEM_HOST</host>
    <folder>SYSTEM_FOLDER</folder>
    <modDate class="sql-timestamp">2015-12-16 21:56:43.441</modDate>
  </com.dotmarketing.portlets.structure.model.Structure>
  <com.dotmarketing.portlets.structure.model.Structure>
    <iDate class="sql-timestamp">2014-08-05 15:18:23.938</iDate>
    <type>structure</type>
    <owner></owner>
    <inode>f6259cc9-5d78-453e-8167-efd7b72b2e96</inode>
    <name>Event</name>
    <description>Calendar and events</description>
    <defaultStructure>false</defaultStructure>
    <pagedetail>8aff34ed-d163-4311-9712-9b74e51e0044</pagedetail>
    <structureType>1</structureType>
    <fixed>true</fixed>
    <system>false</system>
    <velocityVarName>calendarEvent</velocityVarName>
    <urlMapPattern>/news-events/events/{urlTitle}</urlMapPattern>
    <host>SYSTEM_HOST</host>
    <folder>SYSTEM_FOLDER</folder>
    <modDate class="sql-timestamp">2014-08-05 15:18:23.938</modDate>
  </com.dotmarketing.portlets.structure.model.Structure>
  <com.dotmarketing.portlets.structure.model.Structure>
    <iDate class="sql-timestamp">2013-12-05 03:00:52.315</iDate>
    <type>structure</type>
    <owner>system</owner>
    <inode>4d21b6d8-1711-4ae6-9419-89e2b1ae5a06</inode>
    <name>Forms</name>
    <description>Forms</description>
    <defaultStructure>false</defaultStructure>
    <structureType>2</structureType>
    <fixed>true</fixed>
    <system>true</system>
    <velocityVarName>forms</velocityVarName>
    <host>SYSTEM_HOST</host>
    <folder>SYSTEM_FOLDER</folder>
    <modDate class="sql-timestamp">2014-03-21 14:11:18.943006</modDate>
  </com.dotmarketing.portlets.structure.model.Structure>
  <com.dotmarketing.portlets.structure.model.Structure>
    <iDate class="sql-timestamp">2013-12-05 02:42:17.77</iDate>
    <type>structure</type>
    <inode>2a3e91e4-fbbf-4876-8c5b-2233c1739b05</inode>
    <name>Content (Generic)</name>
    <description></description>
    <defaultStructure>true</defaultStructure>
    <pagedetail></pagedetail>
    <structureType>1</structureType>
    <fixed>false</fixed>
    <system>false</system>
    <velocityVarName>webPageContent</velocityVarName>
    <host>SYSTEM_HOST</host>
    <folder>SYSTEM_FOLDER</folder>
    <modDate class="sql-timestamp">2014-03-21 14:11:18.943006</modDate>
  </com.dotmarketing.portlets.structure.model.Structure>
  <com.dotmarketing.portlets.structure.model.Structure>
    <iDate class="sql-timestamp">2013-12-05 02:41:40.302</iDate>
    <type>structure</type>
    <owner></owner>
    <inode>a007def2-896d-4fd1-843b-d3abb5305f3f</inode>
    <name>Comments</name>
    <description>Comments structure for all content</description>
    <defaultStructure>false</defaultStructure>
    <structureType>1</structureType>
    <fixed>true</fixed>
    <system>false</system>
    <velocityVarName>Comments</velocityVarName>
    <host>SYSTEM_HOST</host>
    <folder>SYSTEM_FOLDER</folder>
    <modDate class="sql-timestamp">2014-03-21 14:11:18.943006</modDate>
  </com.dotmarketing.portlets.structure.model.Structure>
  <com.dotmarketing.portlets.structure.model.Structure>
    <iDate class="sql-timestamp">2011-12-15 22:19:14.982</iDate>
    <type>structure</type>
    <owner>system</owner>
    <inode>33888b6f-7a8e-4069-b1b6-5c1aa9d0a48d</inode>
    <name>File Asset</name>
    <description>Default structure for all uploaded files</description>
    <defaultStructure>false</defaultStructure>
    <structureType>4</structureType>
    <fixed>true</fixed>
    <system>false</system>
    <velocityVarName>FileAsset</velocityVarName>
    <host>SYSTEM_HOST</host>
    <folder>SYSTEM_FOLDER</folder>
    <modDate class="sql-timestamp">2014-03-21 14:11:18.943006</modDate>
  </com.dotmarketing.portlets.structure.model.Structure>
</list>