<list>
  <com.dotmarketing.beans.Permission>
    <id>2148</id>
    <inode>1231</inode>
    <roleId>892ab105-f212-407f-8fb4-58ec59310a5e</roleId>
    <permission>7</permission>
    <isBitPermission>false</isBitPermission>
    <type>individual</type>
  </com.dotmarketing.beans.Permission>
  <com.dotmarketing.beans.Permission>
    <id>2407</id>
    <inode>1360</inode>
    <roleId>892ab105-f212-407f-8fb4-58ec59310a5e</roleId>
    <permission>31</permission>
    <isBitPermission>false</isBitPermission>
    <type>individual</type>
  </com.dotmarketing.beans.Permission>
  <com.dotmarketing.beans.Permission>
    <id>2408</id>
    <inode>1360</inode>
    <roleId>654b0931-1027-41f7-ad4d-173115ed8ec1</roleId>
    <permission>1</permission>
    <isBitPermission>false</isBitPermission>
    <type>individual</type>
  </com.dotmarketing.beans.Permission>
  <com.dotmarketing.beans.Permission>
    <id>2419</id>
    <inode>1061</inode>
    <roleId>892ab105-f212-407f-8fb4-58ec59310a5e</roleId>
    <permission>31</permission>
    <isBitPermission>false</isBitPermission>
    <type>individual</type>
  </com.dotmarketing.beans.Permission>
  <com.dotmarketing.beans.Permission>
    <id>2422</id>
    <inode>1061</inode>
    <roleId>654b0931-1027-41f7-ad4d-173115ed8ec1</roleId>
    <permission>1</permission>
    <isBitPermission>false</isBitPermission>
    <type>individual</type>
  </com.dotmarketing.beans.Permission>
  <com.dotmarketing.beans.Permission>
    <id>2423</id>
    <inode>1370</inode>
    <roleId>892ab105-f212-407f-8fb4-58ec59310a5e</roleId>
    <permission>31</permission>
    <isBitPermission>false</isBitPermission>
    <type>individual</type>
  </com.dotmarketing.beans.Permission>
  <com.dotmarketing.beans.Permission>
    <id>2424</id>
    <inode>1370</inode>
    <roleId>654b0931-1027-41f7-ad4d-173115ed8ec1</roleId>
    <permission>1</permission>
    <isBitPermission>false</isBitPermission>
    <type>individual</type>
  </com.dotmarketing.beans.Permission>
  <com.dotmarketing.beans.Permission>
    <id>2472</id>
    <inode>1404</inode>
    <roleId>892ab105-f212-407f-8fb4-58ec59310a5e</roleId>
    <permission>31</permission>
    <isBitPermission>false</isBitPermission>
    <type>individual</type>
  </com.dotmarketing.beans.Permission>
  <com.dotmarketing.beans.Permission>
    <id>2473</id>
    <inode>1404</inode>
    <roleId>654b0931-1027-41f7-ad4d-173115ed8ec1</roleId>
    <permission>1</permission>
    <isBitPermission>false</isBitPermission>
    <type>individual</type>
  </com.dotmarketing.beans.Permission>
  <com.dotmarketing.beans.Permission>
    <id>2954</id>
    <inode>1631</inode>
    <roleId>e828467a-f128-4d3c-8873-d967631bf130</roleId>
    <permission>7</permission>
    <isBitPermission>false</isBitPermission>
    <type>individual</type>
  </com.dotmarketing.beans.Permission>
  <com.dotmarketing.beans.Permission>
    <id>2957</id>
    <inode>1631</inode>
    <roleId>dbd027dc-9587-422f-a8be-c7c1ddd08691</roleId>
    <permission>7</permission>
    <isBitPermission>false</isBitPermission>
    <type>individual</type>
  </com.dotmarketing.beans.Permission>
  <com.dotmarketing.beans.Permission>
    <id>2963</id>
    <inode>1631</inode>
    <roleId>654b0931-1027-41f7-ad4d-173115ed8ec1</roleId>
    <permission>1</permission>
    <isBitPermission>false</isBitPermission>
    <type>individual</type>
  </com.dotmarketing.beans.Permission>
  <com.dotmarketing.beans.Permission>
    <id>2964</id>
    <inode>1631</inode>
    <roleId>892ab105-f212-407f-8fb4-58ec59310a5e</roleId>
    <permission>31</permission>
    <isBitPermission>false</isBitPermission>
    <type>individual</type>
  </com.dotmarketing.beans.Permission>
  <com.dotmarketing.beans.Permission>
    <id>3271</id>
    <inode>839</inode>
    <roleId>892ab105-f212-407f-8fb4-58ec59310a5e</roleId>
    <permission>7</permission>
    <isBitPermission>false</isBitPermission>
    <type>individual</type>
  </com.dotmarketing.beans.Permission>
  <com.dotmarketing.beans.Permission>
    <id>3272</id>
    <inode>839</inode>
    <roleId>654b0931-1027-41f7-ad4d-173115ed8ec1</roleId>
    <permission>1</permission>
    <isBitPermission>false</isBitPermission>
    <type>individual</type>
  </com.dotmarketing.beans.Permission>
  <com.dotmarketing.beans.Permission>
    <id>3273</id>
    <inode>839</inode>
    <roleId>6b1fa42f-8729-4625-80d1-17e4ef691ce7</roleId>
    <permission>1</permission>
    <isBitPermission>false</isBitPermission>
    <type>individual</type>
  </com.dotmarketing.beans.Permission>
  <com.dotmarketing.beans.Permission>
    <id>3274</id>
    <inode>839</inode>
    <roleId>999cd6bf-5cef-4729-8543-696086143884</roleId>
    <permission>1</permission>
    <isBitPermission>false</isBitPermission>
    <type>individual</type>
  </com.dotmarketing.beans.Permission>
  <com.dotmarketing.beans.Permission>
    <id>3301</id>
    <inode>827</inode>
    <roleId>892ab105-f212-407f-8fb4-58ec59310a5e</roleId>
    <permission>7</permission>
    <isBitPermission>false</isBitPermission>
    <type>individual</type>
  </com.dotmarketing.beans.Permission>
  <com.dotmarketing.beans.Permission>
    <id>3302</id>
    <inode>827</inode>
    <roleId>654b0931-1027-41f7-ad4d-173115ed8ec1</roleId>
    <permission>1</permission>
    <isBitPermission>false</isBitPermission>
    <type>individual</type>
  </com.dotmarketing.beans.Permission>
  <com.dotmarketing.beans.Permission>
    <id>3303</id>
    <inode>827</inode>
    <roleId>6b1fa42f-8729-4625-80d1-17e4ef691ce7</roleId>
    <permission>1</permission>
    <isBitPermission>false</isBitPermission>
    <type>individual</type>
  </com.dotmarketing.beans.Permission>
  <com.dotmarketing.beans.Permission>
    <id>3304</id>
    <inode>827</inode>
    <roleId>999cd6bf-5cef-4729-8543-696086143884</roleId>
    <permission>1</permission>
    <isBitPermission>false</isBitPermission>
    <type>individual</type>
  </com.dotmarketing.beans.Permission>
  <com.dotmarketing.beans.Permission>
    <id>3457</id>
    <inode>1818</inode>
    <roleId>dbd027dc-9587-422f-a8be-c7c1ddd08691</roleId>
    <permission>7</permission>
    <isBitPermission>false</isBitPermission>
    <type>individual</type>
  </com.dotmarketing.beans.Permission>
  <com.dotmarketing.beans.Permission>
    <id>3460</id>
    <inode>1818</inode>
    <roleId>654b0931-1027-41f7-ad4d-173115ed8ec1</roleId>
    <permission>1</permission>
    <isBitPermission>false</isBitPermission>
    <type>individual</type>
  </com.dotmarketing.beans.Permission>
  <com.dotmarketing.beans.Permission>
    <id>3473</id>
    <inode>1827</inode>
    <roleId>892ab105-f212-407f-8fb4-58ec59310a5e</roleId>
    <permission>7</permission>
    <isBitPermission>false</isBitPermission>
    <type>individual</type>
  </com.dotmarketing.beans.Permission>
  <com.dotmarketing.beans.Permission>
    <id>3476</id>
    <inode>1827</inode>
    <roleId>654b0931-1027-41f7-ad4d-173115ed8ec1</roleId>
    <permission>1</permission>
    <isBitPermission>false</isBitPermission>
    <type>individual</type>
  </com.dotmarketing.beans.Permission>
  <com.dotmarketing.beans.Permission>
    <id>3477</id>
    <inode>1829</inode>
    <roleId>892ab105-f212-407f-8fb4-58ec59310a5e</roleId>
    <permission>7</permission>
    <isBitPermission>false</isBitPermission>
    <type>individual</type>
  </com.dotmarketing.beans.Permission>
  <com.dotmarketing.beans.Permission>
    <id>3480</id>
    <inode>1829</inode>
    <roleId>654b0931-1027-41f7-ad4d-173115ed8ec1</roleId>
    <permission>1</permission>
    <isBitPermission>false</isBitPermission>
    <type>individual</type>
  </com.dotmarketing.beans.Permission>
  <com.dotmarketing.beans.Permission>
    <id>3493</id>
    <inode>1835</inode>
    <roleId>892ab105-f212-407f-8fb4-58ec59310a5e</roleId>
    <permission>7</permission>
    <isBitPermission>false</isBitPermission>
    <type>individual</type>
  </com.dotmarketing.beans.Permission>
  <com.dotmarketing.beans.Permission>
    <id>4102</id>
    <inode>1626</inode>
    <roleId>892ab105-f212-407f-8fb4-58ec59310a5e</roleId>
    <permission>7</permission>
    <isBitPermission>false</isBitPermission>
    <type>individual</type>
  </com.dotmarketing.beans.Permission>
  <com.dotmarketing.beans.Permission>
    <id>4103</id>
    <inode>1626</inode>
    <roleId>654b0931-1027-41f7-ad4d-173115ed8ec1</roleId>
    <permission>1</permission>
    <isBitPermission>false</isBitPermission>
    <type>individual</type>
  </com.dotmarketing.beans.Permission>
  <com.dotmarketing.beans.Permission>
    <id>4110</id>
    <inode>1942</inode>
    <roleId>892ab105-f212-407f-8fb4-58ec59310a5e</roleId>
    <permission>7</permission>
    <isBitPermission>false</isBitPermission>
    <type>individual</type>
  </com.dotmarketing.beans.Permission>
  <com.dotmarketing.beans.Permission>
    <id>4111</id>
    <inode>1942</inode>
    <roleId>654b0931-1027-41f7-ad4d-173115ed8ec1</roleId>
    <permission>1</permission>
    <isBitPermission>false</isBitPermission>
    <type>individual</type>
  </com.dotmarketing.beans.Permission>
  <com.dotmarketing.beans.Permission>
    <id>4630</id>
    <inode>2061</inode>
    <roleId>892ab105-f212-407f-8fb4-58ec59310a5e</roleId>
    <permission>7</permission>
    <isBitPermission>false</isBitPermission>
    <type>individual</type>
  </com.dotmarketing.beans.Permission>
  <com.dotmarketing.beans.Permission>
    <id>4633</id>
    <inode>2061</inode>
    <roleId>654b0931-1027-41f7-ad4d-173115ed8ec1</roleId>
    <permission>1</permission>
    <isBitPermission>false</isBitPermission>
    <type>individual</type>
  </com.dotmarketing.beans.Permission>
  <com.dotmarketing.beans.Permission>
    <id>4634</id>
    <inode>2064</inode>
    <roleId>892ab105-f212-407f-8fb4-58ec59310a5e</roleId>
    <permission>7</permission>
    <isBitPermission>false</isBitPermission>
    <type>individual</type>
  </com.dotmarketing.beans.Permission>
  <com.dotmarketing.beans.Permission>
    <id>4637</id>
    <inode>2066</inode>
    <roleId>892ab105-f212-407f-8fb4-58ec59310a5e</roleId>
    <permission>7</permission>
    <isBitPermission>false</isBitPermission>
    <type>individual</type>
  </com.dotmarketing.beans.Permission>
  <com.dotmarketing.beans.Permission>
    <id>4640</id>
    <inode>2068</inode>
    <roleId>892ab105-f212-407f-8fb4-58ec59310a5e</roleId>
    <permission>7</permission>
    <isBitPermission>false</isBitPermission>
    <type>individual</type>
  </com.dotmarketing.beans.Permission>
  <com.dotmarketing.beans.Permission>
    <id>4665</id>
    <inode>2116</inode>
    <roleId>892ab105-f212-407f-8fb4-58ec59310a5e</roleId>
    <permission>7</permission>
    <isBitPermission>false</isBitPermission>
    <type>individual</type>
  </com.dotmarketing.beans.Permission>
  <com.dotmarketing.beans.Permission>
    <id>4668</id>
    <inode>2116</inode>
    <roleId>654b0931-1027-41f7-ad4d-173115ed8ec1</roleId>
    <permission>1</permission>
    <isBitPermission>false</isBitPermission>
    <type>individual</type>
  </com.dotmarketing.beans.Permission>
  <com.dotmarketing.beans.Permission>
    <id>4675</id>
    <inode>2131</inode>
    <roleId>892ab105-f212-407f-8fb4-58ec59310a5e</roleId>
    <permission>7</permission>
    <isBitPermission>false</isBitPermission>
    <type>individual</type>
  </com.dotmarketing.beans.Permission>
  <com.dotmarketing.beans.Permission>
    <id>4684</id>
    <inode>2131</inode>
    <roleId>dbd027dc-9587-422f-a8be-c7c1ddd08691</roleId>
    <permission>7</permission>
    <isBitPermission>false</isBitPermission>
    <type>individual</type>
  </com.dotmarketing.beans.Permission>
  <com.dotmarketing.beans.Permission>
    <id>4690</id>
    <inode>2131</inode>
    <roleId>a2d88e69-d575-45ec-9b52-0dc3a51468ed</roleId>
    <permission>7</permission>
    <isBitPermission>false</isBitPermission>
    <type>individual</type>
  </com.dotmarketing.beans.Permission>
  <com.dotmarketing.beans.Permission>
    <id>4696</id>
    <inode>2131</inode>
    <roleId>f10eab25-ab4b-444f-b1b5-15a1a5948024</roleId>
    <permission>7</permission>
    <isBitPermission>false</isBitPermission>
    <type>individual</type>
  </com.dotmarketing.beans.Permission>
  <com.dotmarketing.beans.Permission>
    <id>4699</id>
    <inode>2131</inode>
    <roleId>654b0931-1027-41f7-ad4d-173115ed8ec1</roleId>
    <permission>1</permission>
    <isBitPermission>false</isBitPermission>
    <type>individual</type>
  </com.dotmarketing.beans.Permission>
  <com.dotmarketing.beans.Permission>
    <id>4700</id>
    <inode>2137</inode>
    <roleId>892ab105-f212-407f-8fb4-58ec59310a5e</roleId>
    <permission>7</permission>
    <isBitPermission>false</isBitPermission>
    <type>individual</type>
  </com.dotmarketing.beans.Permission>
  <com.dotmarketing.beans.Permission>
    <id>4709</id>
    <inode>2137</inode>
    <roleId>dbd027dc-9587-422f-a8be-c7c1ddd08691</roleId>
    <permission>7</permission>
    <isBitPermission>false</isBitPermission>
    <type>individual</type>
  </com.dotmarketing.beans.Permission>
  <com.dotmarketing.beans.Permission>
    <id>4715</id>
    <inode>2137</inode>
    <roleId>a2d88e69-d575-45ec-9b52-0dc3a51468ed</roleId>
    <permission>7</permission>
    <isBitPermission>false</isBitPermission>
    <type>individual</type>
  </com.dotmarketing.beans.Permission>
  <com.dotmarketing.beans.Permission>
    <id>4721</id>
    <inode>2137</inode>
    <roleId>f10eab25-ab4b-444f-b1b5-15a1a5948024</roleId>
    <permission>7</permission>
    <isBitPermission>false</isBitPermission>
    <type>individual</type>
  </com.dotmarketing.beans.Permission>
  <com.dotmarketing.beans.Permission>
    <id>4724</id>
    <inode>2137</inode>
    <roleId>654b0931-1027-41f7-ad4d-173115ed8ec1</roleId>
    <permission>1</permission>
    <isBitPermission>false</isBitPermission>
    <type>individual</type>
  </com.dotmarketing.beans.Permission>
  <com.dotmarketing.beans.Permission>
    <id>4725</id>
    <inode>2140</inode>
    <roleId>892ab105-f212-407f-8fb4-58ec59310a5e</roleId>
    <permission>7</permission>
    <isBitPermission>false</isBitPermission>
    <type>individual</type>
  </com.dotmarketing.beans.Permission>
  <com.dotmarketing.beans.Permission>
    <id>4734</id>
    <inode>2140</inode>
    <roleId>dbd027dc-9587-422f-a8be-c7c1ddd08691</roleId>
    <permission>7</permission>
    <isBitPermission>false</isBitPermission>
    <type>individual</type>
  </com.dotmarketing.beans.Permission>
  <com.dotmarketing.beans.Permission>
    <id>4740</id>
    <inode>2140</inode>
    <roleId>a2d88e69-d575-45ec-9b52-0dc3a51468ed</roleId>
    <permission>7</permission>
    <isBitPermission>false</isBitPermission>
    <type>individual</type>
  </com.dotmarketing.beans.Permission>
  <com.dotmarketing.beans.Permission>
    <id>4746</id>
    <inode>2140</inode>
    <roleId>f10eab25-ab4b-444f-b1b5-15a1a5948024</roleId>
    <permission>7</permission>
    <isBitPermission>false</isBitPermission>
    <type>individual</type>
  </com.dotmarketing.beans.Permission>
  <com.dotmarketing.beans.Permission>
    <id>4749</id>
    <inode>2140</inode>
    <roleId>654b0931-1027-41f7-ad4d-173115ed8ec1</roleId>
    <permission>1</permission>
    <isBitPermission>false</isBitPermission>
    <type>individual</type>
  </com.dotmarketing.beans.Permission>
  <com.dotmarketing.beans.Permission>
    <id>4750</id>
    <inode>2143</inode>
    <roleId>892ab105-f212-407f-8fb4-58ec59310a5e</roleId>
    <permission>7</permission>
    <isBitPermission>false</isBitPermission>
    <type>individual</type>
  </com.dotmarketing.beans.Permission>
  <com.dotmarketing.beans.Permission>
    <id>4759</id>
    <inode>2143</inode>
    <roleId>dbd027dc-9587-422f-a8be-c7c1ddd08691</roleId>
    <permission>7</permission>
    <isBitPermission>false</isBitPermission>
    <type>individual</type>
  </com.dotmarketing.beans.Permission>
  <com.dotmarketing.beans.Permission>
    <id>4765</id>
    <inode>2143</inode>
    <roleId>a2d88e69-d575-45ec-9b52-0dc3a51468ed</roleId>
    <permission>7</permission>
    <isBitPermission>false</isBitPermission>
    <type>individual</type>
  </com.dotmarketing.beans.Permission>
  <com.dotmarketing.beans.Permission>
    <id>4771</id>
    <inode>2143</inode>
    <roleId>f10eab25-ab4b-444f-b1b5-15a1a5948024</roleId>
    <permission>7</permission>
    <isBitPermission>false</isBitPermission>
    <type>individual</type>
  </com.dotmarketing.beans.Permission>
  <com.dotmarketing.beans.Permission>
    <id>4774</id>
    <inode>2143</inode>
    <roleId>654b0931-1027-41f7-ad4d-173115ed8ec1</roleId>
    <permission>1</permission>
    <isBitPermission>false</isBitPermission>
    <type>individual</type>
  </com.dotmarketing.beans.Permission>
  <com.dotmarketing.beans.Permission>
    <id>4775</id>
    <inode>2145</inode>
    <roleId>892ab105-f212-407f-8fb4-58ec59310a5e</roleId>
    <permission>7</permission>
    <isBitPermission>false</isBitPermission>
    <type>individual</type>
  </com.dotmarketing.beans.Permission>
  <com.dotmarketing.beans.Permission>
    <id>4784</id>
    <inode>2145</inode>
    <roleId>dbd027dc-9587-422f-a8be-c7c1ddd08691</roleId>
    <permission>7</permission>
    <isBitPermission>false</isBitPermission>
    <type>individual</type>
  </com.dotmarketing.beans.Permission>
  <com.dotmarketing.beans.Permission>
    <id>4790</id>
    <inode>2145</inode>
    <roleId>a2d88e69-d575-45ec-9b52-0dc3a51468ed</roleId>
    <permission>7</permission>
    <isBitPermission>false</isBitPermission>
    <type>individual</type>
  </com.dotmarketing.beans.Permission>
  <com.dotmarketing.beans.Permission>
    <id>4796</id>
    <inode>2145</inode>
    <roleId>f10eab25-ab4b-444f-b1b5-15a1a5948024</roleId>
    <permission>7</permission>
    <isBitPermission>false</isBitPermission>
    <type>individual</type>
  </com.dotmarketing.beans.Permission>
  <com.dotmarketing.beans.Permission>
    <id>4799</id>
    <inode>2145</inode>
    <roleId>654b0931-1027-41f7-ad4d-173115ed8ec1</roleId>
    <permission>1</permission>
    <isBitPermission>false</isBitPermission>
    <type>individual</type>
  </com.dotmarketing.beans.Permission>
  <com.dotmarketing.beans.Permission>
    <id>4800</id>
    <inode>2147</inode>
    <roleId>892ab105-f212-407f-8fb4-58ec59310a5e</roleId>
    <permission>7</permission>
    <isBitPermission>false</isBitPermission>
    <type>individual</type>
  </com.dotmarketing.beans.Permission>
  <com.dotmarketing.beans.Permission>
    <id>4809</id>
    <inode>2147</inode>
    <roleId>dbd027dc-9587-422f-a8be-c7c1ddd08691</roleId>
    <permission>7</permission>
    <isBitPermission>false</isBitPermission>
    <type>individual</type>
  </com.dotmarketing.beans.Permission>
  <com.dotmarketing.beans.Permission>
    <id>4815</id>
    <inode>2147</inode>
    <roleId>a2d88e69-d575-45ec-9b52-0dc3a51468ed</roleId>
    <permission>7</permission>
    <isBitPermission>false</isBitPermission>
    <type>individual</type>
  </com.dotmarketing.beans.Permission>
  <com.dotmarketing.beans.Permission>
    <id>4821</id>
    <inode>2147</inode>
    <roleId>f10eab25-ab4b-444f-b1b5-15a1a5948024</roleId>
    <permission>7</permission>
    <isBitPermission>false</isBitPermission>
    <type>individual</type>
  </com.dotmarketing.beans.Permission>
  <com.dotmarketing.beans.Permission>
    <id>4824</id>
    <inode>2147</inode>
    <roleId>654b0931-1027-41f7-ad4d-173115ed8ec1</roleId>
    <permission>1</permission>
    <isBitPermission>false</isBitPermission>
    <type>individual</type>
  </com.dotmarketing.beans.Permission>
  <com.dotmarketing.beans.Permission>
    <id>4825</id>
    <inode>2149</inode>
    <roleId>892ab105-f212-407f-8fb4-58ec59310a5e</roleId>
    <permission>7</permission>
    <isBitPermission>false</isBitPermission>
    <type>individual</type>
  </com.dotmarketing.beans.Permission>
  <com.dotmarketing.beans.Permission>
    <id>4834</id>
    <inode>2149</inode>
    <roleId>dbd027dc-9587-422f-a8be-c7c1ddd08691</roleId>
    <permission>7</permission>
    <isBitPermission>false</isBitPermission>
    <type>individual</type>
  </com.dotmarketing.beans.Permission>
  <com.dotmarketing.beans.Permission>
    <id>4840</id>
    <inode>2149</inode>
    <roleId>a2d88e69-d575-45ec-9b52-0dc3a51468ed</roleId>
    <permission>7</permission>
    <isBitPermission>false</isBitPermission>
    <type>individual</type>
  </com.dotmarketing.beans.Permission>
  <com.dotmarketing.beans.Permission>
    <id>4846</id>
    <inode>2149</inode>
    <roleId>f10eab25-ab4b-444f-b1b5-15a1a5948024</roleId>
    <permission>7</permission>
    <isBitPermission>false</isBitPermission>
    <type>individual</type>
  </com.dotmarketing.beans.Permission>
  <com.dotmarketing.beans.Permission>
    <id>4849</id>
    <inode>2149</inode>
    <roleId>654b0931-1027-41f7-ad4d-173115ed8ec1</roleId>
    <permission>1</permission>
    <isBitPermission>false</isBitPermission>
    <type>individual</type>
  </com.dotmarketing.beans.Permission>
  <com.dotmarketing.beans.Permission>
    <id>4850</id>
    <inode>2151</inode>
    <roleId>892ab105-f212-407f-8fb4-58ec59310a5e</roleId>
    <permission>7</permission>
    <isBitPermission>false</isBitPermission>
    <type>individual</type>
  </com.dotmarketing.beans.Permission>
  <com.dotmarketing.beans.Permission>
    <id>4859</id>
    <inode>2151</inode>
    <roleId>dbd027dc-9587-422f-a8be-c7c1ddd08691</roleId>
    <permission>7</permission>
    <isBitPermission>false</isBitPermission>
    <type>individual</type>
  </com.dotmarketing.beans.Permission>
  <com.dotmarketing.beans.Permission>
    <id>4865</id>
    <inode>2151</inode>
    <roleId>a2d88e69-d575-45ec-9b52-0dc3a51468ed</roleId>
    <permission>7</permission>
    <isBitPermission>false</isBitPermission>
    <type>individual</type>
  </com.dotmarketing.beans.Permission>
  <com.dotmarketing.beans.Permission>
    <id>4871</id>
    <inode>2151</inode>
    <roleId>f10eab25-ab4b-444f-b1b5-15a1a5948024</roleId>
    <permission>7</permission>
    <isBitPermission>false</isBitPermission>
    <type>individual</type>
  </com.dotmarketing.beans.Permission>
  <com.dotmarketing.beans.Permission>
    <id>4874</id>
    <inode>2151</inode>
    <roleId>654b0931-1027-41f7-ad4d-173115ed8ec1</roleId>
    <permission>1</permission>
    <isBitPermission>false</isBitPermission>
    <type>individual</type>
  </com.dotmarketing.beans.Permission>
  <com.dotmarketing.beans.Permission>
    <id>4875</id>
    <inode>2153</inode>
    <roleId>892ab105-f212-407f-8fb4-58ec59310a5e</roleId>
    <permission>7</permission>
    <isBitPermission>false</isBitPermission>
    <type>individual</type>
  </com.dotmarketing.beans.Permission>
  <com.dotmarketing.beans.Permission>
    <id>4884</id>
    <inode>2153</inode>
    <roleId>dbd027dc-9587-422f-a8be-c7c1ddd08691</roleId>
    <permission>7</permission>
    <isBitPermission>false</isBitPermission>
    <type>individual</type>
  </com.dotmarketing.beans.Permission>
  <com.dotmarketing.beans.Permission>
    <id>4890</id>
    <inode>2153</inode>
    <roleId>a2d88e69-d575-45ec-9b52-0dc3a51468ed</roleId>
    <permission>7</permission>
    <isBitPermission>false</isBitPermission>
    <type>individual</type>
  </com.dotmarketing.beans.Permission>
  <com.dotmarketing.beans.Permission>
    <id>4896</id>
    <inode>2153</inode>
    <roleId>f10eab25-ab4b-444f-b1b5-15a1a5948024</roleId>
    <permission>7</permission>
    <isBitPermission>false</isBitPermission>
    <type>individual</type>
  </com.dotmarketing.beans.Permission>
  <com.dotmarketing.beans.Permission>
    <id>4899</id>
    <inode>2153</inode>
    <roleId>654b0931-1027-41f7-ad4d-173115ed8ec1</roleId>
    <permission>1</permission>
    <isBitPermission>false</isBitPermission>
    <type>individual</type>
  </com.dotmarketing.beans.Permission>
  <com.dotmarketing.beans.Permission>
    <id>4900</id>
    <inode>2155</inode>
    <roleId>892ab105-f212-407f-8fb4-58ec59310a5e</roleId>
    <permission>7</permission>
    <isBitPermission>false</isBitPermission>
    <type>individual</type>
  </com.dotmarketing.beans.Permission>
  <com.dotmarketing.beans.Permission>
    <id>4909</id>
    <inode>2155</inode>
    <roleId>dbd027dc-9587-422f-a8be-c7c1ddd08691</roleId>
    <permission>7</permission>
    <isBitPermission>false</isBitPermission>
    <type>individual</type>
  </com.dotmarketing.beans.Permission>
  <com.dotmarketing.beans.Permission>
    <id>4915</id>
    <inode>2155</inode>
    <roleId>a2d88e69-d575-45ec-9b52-0dc3a51468ed</roleId>
    <permission>7</permission>
    <isBitPermission>false</isBitPermission>
    <type>individual</type>
  </com.dotmarketing.beans.Permission>
  <com.dotmarketing.beans.Permission>
    <id>4921</id>
    <inode>2155</inode>
    <roleId>f10eab25-ab4b-444f-b1b5-15a1a5948024</roleId>
    <permission>7</permission>
    <isBitPermission>false</isBitPermission>
    <type>individual</type>
  </com.dotmarketing.beans.Permission>
  <com.dotmarketing.beans.Permission>
    <id>4924</id>
    <inode>2155</inode>
    <roleId>654b0931-1027-41f7-ad4d-173115ed8ec1</roleId>
    <permission>1</permission>
    <isBitPermission>false</isBitPermission>
    <type>individual</type>
  </com.dotmarketing.beans.Permission>
  <com.dotmarketing.beans.Permission>
    <id>4925</id>
    <inode>2157</inode>
    <roleId>892ab105-f212-407f-8fb4-58ec59310a5e</roleId>
    <permission>7</permission>
    <isBitPermission>false</isBitPermission>
    <type>individual</type>
  </com.dotmarketing.beans.Permission>
  <com.dotmarketing.beans.Permission>
    <id>4934</id>
    <inode>2157</inode>
    <roleId>dbd027dc-9587-422f-a8be-c7c1ddd08691</roleId>
    <permission>7</permission>
    <isBitPermission>false</isBitPermission>
    <type>individual</type>
  </com.dotmarketing.beans.Permission>
  <com.dotmarketing.beans.Permission>
    <id>4946</id>
    <inode>2157</inode>
    <roleId>f10eab25-ab4b-444f-b1b5-15a1a5948024</roleId>
    <permission>7</permission>
    <isBitPermission>false</isBitPermission>
    <type>individual</type>
  </com.dotmarketing.beans.Permission>
  <com.dotmarketing.beans.Permission>
    <id>4949</id>
    <inode>2157</inode>
    <roleId>654b0931-1027-41f7-ad4d-173115ed8ec1</roleId>
    <permission>1</permission>
    <isBitPermission>false</isBitPermission>
    <type>individual</type>
  </com.dotmarketing.beans.Permission>
  <com.dotmarketing.beans.Permission>
    <id>4950</id>
    <inode>2159</inode>
    <roleId>892ab105-f212-407f-8fb4-58ec59310a5e</roleId>
    <permission>7</permission>
    <isBitPermission>false</isBitPermission>
    <type>individual</type>
  </com.dotmarketing.beans.Permission>
  <com.dotmarketing.beans.Permission>
    <id>4959</id>
    <inode>2159</inode>
    <roleId>dbd027dc-9587-422f-a8be-c7c1ddd08691</roleId>
    <permission>7</permission>
    <isBitPermission>false</isBitPermission>
    <type>individual</type>
  </com.dotmarketing.beans.Permission>
  <com.dotmarketing.beans.Permission>
    <id>4965</id>
    <inode>2159</inode>
    <roleId>a2d88e69-d575-45ec-9b52-0dc3a51468ed</roleId>
    <permission>7</permission>
    <isBitPermission>false</isBitPermission>
    <type>individual</type>
  </com.dotmarketing.beans.Permission>
  <com.dotmarketing.beans.Permission>
    <id>4971</id>
    <inode>2159</inode>
    <roleId>f10eab25-ab4b-444f-b1b5-15a1a5948024</roleId>
    <permission>7</permission>
    <isBitPermission>false</isBitPermission>
    <type>individual</type>
  </com.dotmarketing.beans.Permission>
  <com.dotmarketing.beans.Permission>
    <id>4974</id>
    <inode>2159</inode>
    <roleId>654b0931-1027-41f7-ad4d-173115ed8ec1</roleId>
    <permission>1</permission>
    <isBitPermission>false</isBitPermission>
    <type>individual</type>
  </com.dotmarketing.beans.Permission>
  <com.dotmarketing.beans.Permission>
    <id>4975</id>
    <inode>2161</inode>
    <roleId>892ab105-f212-407f-8fb4-58ec59310a5e</roleId>
    <permission>7</permission>
    <isBitPermission>false</isBitPermission>
    <type>individual</type>
  </com.dotmarketing.beans.Permission>
  <com.dotmarketing.beans.Permission>
    <id>4984</id>
    <inode>2161</inode>
    <roleId>dbd027dc-9587-422f-a8be-c7c1ddd08691</roleId>
    <permission>7</permission>
    <isBitPermission>false</isBitPermission>
    <type>individual</type>
  </com.dotmarketing.beans.Permission>
  <com.dotmarketing.beans.Permission>
    <id>4990</id>
    <inode>2161</inode>
    <roleId>a2d88e69-d575-45ec-9b52-0dc3a51468ed</roleId>
    <permission>7</permission>
    <isBitPermission>false</isBitPermission>
    <type>individual</type>
  </com.dotmarketing.beans.Permission>
  <com.dotmarketing.beans.Permission>
    <id>4996</id>
    <inode>2161</inode>
    <roleId>f10eab25-ab4b-444f-b1b5-15a1a5948024</roleId>
    <permission>7</permission>
    <isBitPermission>false</isBitPermission>
    <type>individual</type>
  </com.dotmarketing.beans.Permission>
  <com.dotmarketing.beans.Permission>
    <id>4999</id>
    <inode>2161</inode>
    <roleId>654b0931-1027-41f7-ad4d-173115ed8ec1</roleId>
    <permission>1</permission>
    <isBitPermission>false</isBitPermission>
    <type>individual</type>
  </com.dotmarketing.beans.Permission>
  <com.dotmarketing.beans.Permission>
    <id>5000</id>
    <inode>2163</inode>
    <roleId>892ab105-f212-407f-8fb4-58ec59310a5e</roleId>
    <permission>7</permission>
    <isBitPermission>false</isBitPermission>
    <type>individual</type>
  </com.dotmarketing.beans.Permission>
  <com.dotmarketing.beans.Permission>
    <id>5009</id>
    <inode>2163</inode>
    <roleId>dbd027dc-9587-422f-a8be-c7c1ddd08691</roleId>
    <permission>7</permission>
    <isBitPermission>false</isBitPermission>
    <type>individual</type>
  </com.dotmarketing.beans.Permission>
  <com.dotmarketing.beans.Permission>
    <id>5015</id>
    <inode>2163</inode>
    <roleId>a2d88e69-d575-45ec-9b52-0dc3a51468ed</roleId>
    <permission>7</permission>
    <isBitPermission>false</isBitPermission>
    <type>individual</type>
  </com.dotmarketing.beans.Permission>
  <com.dotmarketing.beans.Permission>
    <id>5021</id>
    <inode>2163</inode>
    <roleId>f10eab25-ab4b-444f-b1b5-15a1a5948024</roleId>
    <permission>7</permission>
    <isBitPermission>false</isBitPermission>
    <type>individual</type>
  </com.dotmarketing.beans.Permission>
  <com.dotmarketing.beans.Permission>
    <id>5024</id>
    <inode>2163</inode>
    <roleId>654b0931-1027-41f7-ad4d-173115ed8ec1</roleId>
    <permission>1</permission>
    <isBitPermission>false</isBitPermission>
    <type>individual</type>
  </com.dotmarketing.beans.Permission>
  <com.dotmarketing.beans.Permission>
    <id>5025</id>
    <inode>2165</inode>
    <roleId>892ab105-f212-407f-8fb4-58ec59310a5e</roleId>
    <permission>7</permission>
    <isBitPermission>false</isBitPermission>
    <type>individual</type>
  </com.dotmarketing.beans.Permission>
  <com.dotmarketing.beans.Permission>
    <id>5034</id>
    <inode>2165</inode>
    <roleId>dbd027dc-9587-422f-a8be-c7c1ddd08691</roleId>
    <permission>7</permission>
    <isBitPermission>false</isBitPermission>
    <type>individual</type>
  </com.dotmarketing.beans.Permission>
  <com.dotmarketing.beans.Permission>
    <id>5040</id>
    <inode>2165</inode>
    <roleId>a2d88e69-d575-45ec-9b52-0dc3a51468ed</roleId>
    <permission>7</permission>
    <isBitPermission>false</isBitPermission>
    <type>individual</type>
  </com.dotmarketing.beans.Permission>
  <com.dotmarketing.beans.Permission>
    <id>5046</id>
    <inode>2165</inode>
    <roleId>f10eab25-ab4b-444f-b1b5-15a1a5948024</roleId>
    <permission>7</permission>
    <isBitPermission>false</isBitPermission>
    <type>individual</type>
  </com.dotmarketing.beans.Permission>
  <com.dotmarketing.beans.Permission>
    <id>5049</id>
    <inode>2165</inode>
    <roleId>654b0931-1027-41f7-ad4d-173115ed8ec1</roleId>
    <permission>1</permission>
    <isBitPermission>false</isBitPermission>
    <type>individual</type>
  </com.dotmarketing.beans.Permission>
  <com.dotmarketing.beans.Permission>
    <id>5050</id>
    <inode>2167</inode>
    <roleId>892ab105-f212-407f-8fb4-58ec59310a5e</roleId>
    <permission>7</permission>
    <isBitPermission>false</isBitPermission>
    <type>individual</type>
  </com.dotmarketing.beans.Permission>
  <com.dotmarketing.beans.Permission>
    <id>5059</id>
    <inode>2167</inode>
    <roleId>dbd027dc-9587-422f-a8be-c7c1ddd08691</roleId>
    <permission>7</permission>
    <isBitPermission>false</isBitPermission>
    <type>individual</type>
  </com.dotmarketing.beans.Permission>
  <com.dotmarketing.beans.Permission>
    <id>5065</id>
    <inode>2167</inode>
    <roleId>a2d88e69-d575-45ec-9b52-0dc3a51468ed</roleId>
    <permission>7</permission>
    <isBitPermission>false</isBitPermission>
    <type>individual</type>
  </com.dotmarketing.beans.Permission>
  <com.dotmarketing.beans.Permission>
    <id>5071</id>
    <inode>2167</inode>
    <roleId>f10eab25-ab4b-444f-b1b5-15a1a5948024</roleId>
    <permission>7</permission>
    <isBitPermission>false</isBitPermission>
    <type>individual</type>
  </com.dotmarketing.beans.Permission>
  <com.dotmarketing.beans.Permission>
    <id>5074</id>
    <inode>2167</inode>
    <roleId>654b0931-1027-41f7-ad4d-173115ed8ec1</roleId>
    <permission>1</permission>
    <isBitPermission>false</isBitPermission>
    <type>individual</type>
  </com.dotmarketing.beans.Permission>
  <com.dotmarketing.beans.Permission>
    <id>5075</id>
    <inode>2169</inode>
    <roleId>892ab105-f212-407f-8fb4-58ec59310a5e</roleId>
    <permission>7</permission>
    <isBitPermission>false</isBitPermission>
    <type>individual</type>
  </com.dotmarketing.beans.Permission>
  <com.dotmarketing.beans.Permission>
    <id>5084</id>
    <inode>2169</inode>
    <roleId>dbd027dc-9587-422f-a8be-c7c1ddd08691</roleId>
    <permission>7</permission>
    <isBitPermission>false</isBitPermission>
    <type>individual</type>
  </com.dotmarketing.beans.Permission>
  <com.dotmarketing.beans.Permission>
    <id>5090</id>
    <inode>2169</inode>
    <roleId>a2d88e69-d575-45ec-9b52-0dc3a51468ed</roleId>
    <permission>7</permission>
    <isBitPermission>false</isBitPermission>
    <type>individual</type>
  </com.dotmarketing.beans.Permission>
  <com.dotmarketing.beans.Permission>
    <id>5096</id>
    <inode>2169</inode>
    <roleId>f10eab25-ab4b-444f-b1b5-15a1a5948024</roleId>
    <permission>7</permission>
    <isBitPermission>false</isBitPermission>
    <type>individual</type>
  </com.dotmarketing.beans.Permission>
  <com.dotmarketing.beans.Permission>
    <id>5099</id>
    <inode>2169</inode>
    <roleId>654b0931-1027-41f7-ad4d-173115ed8ec1</roleId>
    <permission>1</permission>
    <isBitPermission>false</isBitPermission>
    <type>individual</type>
  </com.dotmarketing.beans.Permission>
  <com.dotmarketing.beans.Permission>
    <id>5100</id>
    <inode>2175</inode>
    <roleId>892ab105-f212-407f-8fb4-58ec59310a5e</roleId>
    <permission>7</permission>
    <isBitPermission>false</isBitPermission>
    <type>individual</type>
  </com.dotmarketing.beans.Permission>
  <com.dotmarketing.beans.Permission>
    <id>5109</id>
    <inode>2175</inode>
    <roleId>dbd027dc-9587-422f-a8be-c7c1ddd08691</roleId>
    <permission>7</permission>
    <isBitPermission>false</isBitPermission>
    <type>individual</type>
  </com.dotmarketing.beans.Permission>
  <com.dotmarketing.beans.Permission>
    <id>5115</id>
    <inode>2175</inode>
    <roleId>a2d88e69-d575-45ec-9b52-0dc3a51468ed</roleId>
    <permission>7</permission>
    <isBitPermission>false</isBitPermission>
    <type>individual</type>
  </com.dotmarketing.beans.Permission>
  <com.dotmarketing.beans.Permission>
    <id>5121</id>
    <inode>2175</inode>
    <roleId>f10eab25-ab4b-444f-b1b5-15a1a5948024</roleId>
    <permission>7</permission>
    <isBitPermission>false</isBitPermission>
    <type>individual</type>
  </com.dotmarketing.beans.Permission>
  <com.dotmarketing.beans.Permission>
    <id>5124</id>
    <inode>2175</inode>
    <roleId>654b0931-1027-41f7-ad4d-173115ed8ec1</roleId>
    <permission>1</permission>
    <isBitPermission>false</isBitPermission>
    <type>individual</type>
  </com.dotmarketing.beans.Permission>
  <com.dotmarketing.beans.Permission>
    <id>5125</id>
    <inode>2178</inode>
    <roleId>892ab105-f212-407f-8fb4-58ec59310a5e</roleId>
    <permission>7</permission>
    <isBitPermission>false</isBitPermission>
    <type>individual</type>
  </com.dotmarketing.beans.Permission>
  <com.dotmarketing.beans.Permission>
    <id>5128</id>
    <inode>2178</inode>
    <roleId>654b0931-1027-41f7-ad4d-173115ed8ec1</roleId>
    <permission>1</permission>
    <isBitPermission>false</isBitPermission>
    <type>individual</type>
  </com.dotmarketing.beans.Permission>
  <com.dotmarketing.beans.Permission>
    <id>5131</id>
    <inode>2178</inode>
    <roleId>f10eab25-ab4b-444f-b1b5-15a1a5948024</roleId>
    <permission>7</permission>
    <isBitPermission>false</isBitPermission>
    <type>individual</type>
  </com.dotmarketing.beans.Permission>
  <com.dotmarketing.beans.Permission>
    <id>5137</id>
    <inode>2178</inode>
    <roleId>a2d88e69-d575-45ec-9b52-0dc3a51468ed</roleId>
    <permission>7</permission>
    <isBitPermission>false</isBitPermission>
    <type>individual</type>
  </com.dotmarketing.beans.Permission>
  <com.dotmarketing.beans.Permission>
    <id>5143</id>
    <inode>2178</inode>
    <roleId>dbd027dc-9587-422f-a8be-c7c1ddd08691</roleId>
    <permission>7</permission>
    <isBitPermission>false</isBitPermission>
    <type>individual</type>
  </com.dotmarketing.beans.Permission>
  <com.dotmarketing.beans.Permission>
    <id>5150</id>
    <inode>2180</inode>
    <roleId>892ab105-f212-407f-8fb4-58ec59310a5e</roleId>
    <permission>7</permission>
    <isBitPermission>false</isBitPermission>
    <type>individual</type>
  </com.dotmarketing.beans.Permission>
  <com.dotmarketing.beans.Permission>
    <id>5153</id>
    <inode>2180</inode>
    <roleId>654b0931-1027-41f7-ad4d-173115ed8ec1</roleId>
    <permission>1</permission>
    <isBitPermission>false</isBitPermission>
    <type>individual</type>
  </com.dotmarketing.beans.Permission>
  <com.dotmarketing.beans.Permission>
    <id>5156</id>
    <inode>2180</inode>
    <roleId>f10eab25-ab4b-444f-b1b5-15a1a5948024</roleId>
    <permission>7</permission>
    <isBitPermission>false</isBitPermission>
    <type>individual</type>
  </com.dotmarketing.beans.Permission>
  <com.dotmarketing.beans.Permission>
    <id>5162</id>
    <inode>2180</inode>
    <roleId>a2d88e69-d575-45ec-9b52-0dc3a51468ed</roleId>
    <permission>7</permission>
    <isBitPermission>false</isBitPermission>
    <type>individual</type>
  </com.dotmarketing.beans.Permission>
  <com.dotmarketing.beans.Permission>
    <id>5168</id>
    <inode>2180</inode>
    <roleId>dbd027dc-9587-422f-a8be-c7c1ddd08691</roleId>
    <permission>7</permission>
    <isBitPermission>false</isBitPermission>
    <type>individual</type>
  </com.dotmarketing.beans.Permission>
  <com.dotmarketing.beans.Permission>
    <id>5175</id>
    <inode>2187</inode>
    <roleId>892ab105-f212-407f-8fb4-58ec59310a5e</roleId>
    <permission>7</permission>
    <isBitPermission>false</isBitPermission>
    <type>individual</type>
  </com.dotmarketing.beans.Permission>
  <com.dotmarketing.beans.Permission>
    <id>5184</id>
    <inode>2187</inode>
    <roleId>dbd027dc-9587-422f-a8be-c7c1ddd08691</roleId>
    <permission>7</permission>
    <isBitPermission>false</isBitPermission>
    <type>individual</type>
  </com.dotmarketing.beans.Permission>
  <com.dotmarketing.beans.Permission>
    <id>5190</id>
    <inode>2187</inode>
    <roleId>a2d88e69-d575-45ec-9b52-0dc3a51468ed</roleId>
    <permission>7</permission>
    <isBitPermission>false</isBitPermission>
    <type>individual</type>
  </com.dotmarketing.beans.Permission>
  <com.dotmarketing.beans.Permission>
    <id>5196</id>
    <inode>2187</inode>
    <roleId>f10eab25-ab4b-444f-b1b5-15a1a5948024</roleId>
    <permission>7</permission>
    <isBitPermission>false</isBitPermission>
    <type>individual</type>
  </com.dotmarketing.beans.Permission>
  <com.dotmarketing.beans.Permission>
    <id>5199</id>
    <inode>2187</inode>
    <roleId>654b0931-1027-41f7-ad4d-173115ed8ec1</roleId>
    <permission>1</permission>
    <isBitPermission>false</isBitPermission>
    <type>individual</type>
  </com.dotmarketing.beans.Permission>
  <com.dotmarketing.beans.Permission>
    <id>5200</id>
    <inode>2190</inode>
    <roleId>892ab105-f212-407f-8fb4-58ec59310a5e</roleId>
    <permission>7</permission>
    <isBitPermission>false</isBitPermission>
    <type>individual</type>
  </com.dotmarketing.beans.Permission>
  <com.dotmarketing.beans.Permission>
    <id>5203</id>
    <inode>2190</inode>
    <roleId>654b0931-1027-41f7-ad4d-173115ed8ec1</roleId>
    <permission>1</permission>
    <isBitPermission>false</isBitPermission>
    <type>individual</type>
  </com.dotmarketing.beans.Permission>
  <com.dotmarketing.beans.Permission>
    <id>5206</id>
    <inode>2190</inode>
    <roleId>f10eab25-ab4b-444f-b1b5-15a1a5948024</roleId>
    <permission>7</permission>
    <isBitPermission>false</isBitPermission>
    <type>individual</type>
  </com.dotmarketing.beans.Permission>
  <com.dotmarketing.beans.Permission>
    <id>5212</id>
    <inode>2190</inode>
    <roleId>a2d88e69-d575-45ec-9b52-0dc3a51468ed</roleId>
    <permission>7</permission>
    <isBitPermission>false</isBitPermission>
    <type>individual</type>
  </com.dotmarketing.beans.Permission>
  <com.dotmarketing.beans.Permission>
    <id>5218</id>
    <inode>2190</inode>
    <roleId>dbd027dc-9587-422f-a8be-c7c1ddd08691</roleId>
    <permission>7</permission>
    <isBitPermission>false</isBitPermission>
    <type>individual</type>
  </com.dotmarketing.beans.Permission>
  <com.dotmarketing.beans.Permission>
    <id>5225</id>
    <inode>2192</inode>
    <roleId>892ab105-f212-407f-8fb4-58ec59310a5e</roleId>
    <permission>7</permission>
    <isBitPermission>false</isBitPermission>
    <type>individual</type>
  </com.dotmarketing.beans.Permission>
  <com.dotmarketing.beans.Permission>
    <id>5228</id>
    <inode>2192</inode>
    <roleId>654b0931-1027-41f7-ad4d-173115ed8ec1</roleId>
    <permission>1</permission>
    <isBitPermission>false</isBitPermission>
    <type>individual</type>
  </com.dotmarketing.beans.Permission>
  <com.dotmarketing.beans.Permission>
    <id>5231</id>
    <inode>2192</inode>
    <roleId>f10eab25-ab4b-444f-b1b5-15a1a5948024</roleId>
    <permission>7</permission>
    <isBitPermission>false</isBitPermission>
    <type>individual</type>
  </com.dotmarketing.beans.Permission>
  <com.dotmarketing.beans.Permission>
    <id>5237</id>
    <inode>2192</inode>
    <roleId>a2d88e69-d575-45ec-9b52-0dc3a51468ed</roleId>
    <permission>7</permission>
    <isBitPermission>false</isBitPermission>
    <type>individual</type>
  </com.dotmarketing.beans.Permission>
  <com.dotmarketing.beans.Permission>
    <id>5243</id>
    <inode>2192</inode>
    <roleId>dbd027dc-9587-422f-a8be-c7c1ddd08691</roleId>
    <permission>7</permission>
    <isBitPermission>false</isBitPermission>
    <type>individual</type>
  </com.dotmarketing.beans.Permission>
  <com.dotmarketing.beans.Permission>
    <id>5250</id>
    <inode>2194</inode>
    <roleId>892ab105-f212-407f-8fb4-58ec59310a5e</roleId>
    <permission>7</permission>
    <isBitPermission>false</isBitPermission>
    <type>individual</type>
  </com.dotmarketing.beans.Permission>
  <com.dotmarketing.beans.Permission>
    <id>5259</id>
    <inode>2194</inode>
    <roleId>dbd027dc-9587-422f-a8be-c7c1ddd08691</roleId>
    <permission>7</permission>
    <isBitPermission>false</isBitPermission>
    <type>individual</type>
  </com.dotmarketing.beans.Permission>
  <com.dotmarketing.beans.Permission>
    <id>5265</id>
    <inode>2194</inode>
    <roleId>a2d88e69-d575-45ec-9b52-0dc3a51468ed</roleId>
    <permission>7</permission>
    <isBitPermission>false</isBitPermission>
    <type>individual</type>
  </com.dotmarketing.beans.Permission>
  <com.dotmarketing.beans.Permission>
    <id>5271</id>
    <inode>2194</inode>
    <roleId>f10eab25-ab4b-444f-b1b5-15a1a5948024</roleId>
    <permission>7</permission>
    <isBitPermission>false</isBitPermission>
    <type>individual</type>
  </com.dotmarketing.beans.Permission>
  <com.dotmarketing.beans.Permission>
    <id>5274</id>
    <inode>2194</inode>
    <roleId>654b0931-1027-41f7-ad4d-173115ed8ec1</roleId>
    <permission>1</permission>
    <isBitPermission>false</isBitPermission>
    <type>individual</type>
  </com.dotmarketing.beans.Permission>
  <com.dotmarketing.beans.Permission>
    <id>5275</id>
    <inode>2196</inode>
    <roleId>892ab105-f212-407f-8fb4-58ec59310a5e</roleId>
    <permission>7</permission>
    <isBitPermission>false</isBitPermission>
    <type>individual</type>
  </com.dotmarketing.beans.Permission>
  <com.dotmarketing.beans.Permission>
    <id>5284</id>
    <inode>2196</inode>
    <roleId>dbd027dc-9587-422f-a8be-c7c1ddd08691</roleId>
    <permission>7</permission>
    <isBitPermission>false</isBitPermission>
    <type>individual</type>
  </com.dotmarketing.beans.Permission>
  <com.dotmarketing.beans.Permission>
    <id>5290</id>
    <inode>2196</inode>
    <roleId>a2d88e69-d575-45ec-9b52-0dc3a51468ed</roleId>
    <permission>7</permission>
    <isBitPermission>false</isBitPermission>
    <type>individual</type>
  </com.dotmarketing.beans.Permission>
  <com.dotmarketing.beans.Permission>
    <id>5296</id>
    <inode>2196</inode>
    <roleId>f10eab25-ab4b-444f-b1b5-15a1a5948024</roleId>
    <permission>7</permission>
    <isBitPermission>false</isBitPermission>
    <type>individual</type>
  </com.dotmarketing.beans.Permission>
  <com.dotmarketing.beans.Permission>
    <id>5299</id>
    <inode>2196</inode>
    <roleId>654b0931-1027-41f7-ad4d-173115ed8ec1</roleId>
    <permission>1</permission>
    <isBitPermission>false</isBitPermission>
    <type>individual</type>
  </com.dotmarketing.beans.Permission>
  <com.dotmarketing.beans.Permission>
    <id>5300</id>
    <inode>2198</inode>
    <roleId>892ab105-f212-407f-8fb4-58ec59310a5e</roleId>
    <permission>7</permission>
    <isBitPermission>false</isBitPermission>
    <type>individual</type>
  </com.dotmarketing.beans.Permission>
  <com.dotmarketing.beans.Permission>
    <id>5303</id>
    <inode>2198</inode>
    <roleId>654b0931-1027-41f7-ad4d-173115ed8ec1</roleId>
    <permission>1</permission>
    <isBitPermission>false</isBitPermission>
    <type>individual</type>
  </com.dotmarketing.beans.Permission>
  <com.dotmarketing.beans.Permission>
    <id>5304</id>
    <inode>2202</inode>
    <roleId>892ab105-f212-407f-8fb4-58ec59310a5e</roleId>
    <permission>7</permission>
    <isBitPermission>false</isBitPermission>
    <type>individual</type>
  </com.dotmarketing.beans.Permission>
  <com.dotmarketing.beans.Permission>
    <id>5313</id>
    <inode>2202</inode>
    <roleId>dbd027dc-9587-422f-a8be-c7c1ddd08691</roleId>
    <permission>7</permission>
    <isBitPermission>false</isBitPermission>
    <type>individual</type>
  </com.dotmarketing.beans.Permission>
  <com.dotmarketing.beans.Permission>
    <id>5319</id>
    <inode>2202</inode>
    <roleId>a2d88e69-d575-45ec-9b52-0dc3a51468ed</roleId>
    <permission>7</permission>
    <isBitPermission>false</isBitPermission>
    <type>individual</type>
  </com.dotmarketing.beans.Permission>
  <com.dotmarketing.beans.Permission>
    <id>5325</id>
    <inode>2202</inode>
    <roleId>f10eab25-ab4b-444f-b1b5-15a1a5948024</roleId>
    <permission>7</permission>
    <isBitPermission>false</isBitPermission>
    <type>individual</type>
  </com.dotmarketing.beans.Permission>
  <com.dotmarketing.beans.Permission>
    <id>5328</id>
    <inode>2202</inode>
    <roleId>654b0931-1027-41f7-ad4d-173115ed8ec1</roleId>
    <permission>1</permission>
    <isBitPermission>false</isBitPermission>
    <type>individual</type>
  </com.dotmarketing.beans.Permission>
  <com.dotmarketing.beans.Permission>
    <id>5329</id>
    <inode>2204</inode>
    <roleId>892ab105-f212-407f-8fb4-58ec59310a5e</roleId>
    <permission>7</permission>
    <isBitPermission>false</isBitPermission>
    <type>individual</type>
  </com.dotmarketing.beans.Permission>
  <com.dotmarketing.beans.Permission>
    <id>5338</id>
    <inode>2204</inode>
    <roleId>dbd027dc-9587-422f-a8be-c7c1ddd08691</roleId>
    <permission>7</permission>
    <isBitPermission>false</isBitPermission>
    <type>individual</type>
  </com.dotmarketing.beans.Permission>
  <com.dotmarketing.beans.Permission>
    <id>5344</id>
    <inode>2204</inode>
    <roleId>a2d88e69-d575-45ec-9b52-0dc3a51468ed</roleId>
    <permission>7</permission>
    <isBitPermission>false</isBitPermission>
    <type>individual</type>
  </com.dotmarketing.beans.Permission>
  <com.dotmarketing.beans.Permission>
    <id>5350</id>
    <inode>2204</inode>
    <roleId>f10eab25-ab4b-444f-b1b5-15a1a5948024</roleId>
    <permission>7</permission>
    <isBitPermission>false</isBitPermission>
    <type>individual</type>
  </com.dotmarketing.beans.Permission>
  <com.dotmarketing.beans.Permission>
    <id>5353</id>
    <inode>2204</inode>
    <roleId>654b0931-1027-41f7-ad4d-173115ed8ec1</roleId>
    <permission>1</permission>
    <isBitPermission>false</isBitPermission>
    <type>individual</type>
  </com.dotmarketing.beans.Permission>
  <com.dotmarketing.beans.Permission>
    <id>5354</id>
    <inode>2206</inode>
    <roleId>892ab105-f212-407f-8fb4-58ec59310a5e</roleId>
    <permission>7</permission>
    <isBitPermission>false</isBitPermission>
    <type>individual</type>
  </com.dotmarketing.beans.Permission>
  <com.dotmarketing.beans.Permission>
    <id>5363</id>
    <inode>2206</inode>
    <roleId>dbd027dc-9587-422f-a8be-c7c1ddd08691</roleId>
    <permission>7</permission>
    <isBitPermission>false</isBitPermission>
    <type>individual</type>
  </com.dotmarketing.beans.Permission>
  <com.dotmarketing.beans.Permission>
    <id>5369</id>
    <inode>2206</inode>
    <roleId>a2d88e69-d575-45ec-9b52-0dc3a51468ed</roleId>
    <permission>7</permission>
    <isBitPermission>false</isBitPermission>
    <type>individual</type>
  </com.dotmarketing.beans.Permission>
  <com.dotmarketing.beans.Permission>
    <id>5375</id>
    <inode>2206</inode>
    <roleId>f10eab25-ab4b-444f-b1b5-15a1a5948024</roleId>
    <permission>7</permission>
    <isBitPermission>false</isBitPermission>
    <type>individual</type>
  </com.dotmarketing.beans.Permission>
  <com.dotmarketing.beans.Permission>
    <id>5378</id>
    <inode>2206</inode>
    <roleId>654b0931-1027-41f7-ad4d-173115ed8ec1</roleId>
    <permission>1</permission>
    <isBitPermission>false</isBitPermission>
    <type>individual</type>
  </com.dotmarketing.beans.Permission>
  <com.dotmarketing.beans.Permission>
    <id>5379</id>
    <inode>2208</inode>
    <roleId>892ab105-f212-407f-8fb4-58ec59310a5e</roleId>
    <permission>7</permission>
    <isBitPermission>false</isBitPermission>
    <type>individual</type>
  </com.dotmarketing.beans.Permission>
  <com.dotmarketing.beans.Permission>
    <id>5388</id>
    <inode>2208</inode>
    <roleId>dbd027dc-9587-422f-a8be-c7c1ddd08691</roleId>
    <permission>7</permission>
    <isBitPermission>false</isBitPermission>
    <type>individual</type>
  </com.dotmarketing.beans.Permission>
  <com.dotmarketing.beans.Permission>
    <id>5394</id>
    <inode>2208</inode>
    <roleId>a2d88e69-d575-45ec-9b52-0dc3a51468ed</roleId>
    <permission>7</permission>
    <isBitPermission>false</isBitPermission>
    <type>individual</type>
  </com.dotmarketing.beans.Permission>
  <com.dotmarketing.beans.Permission>
    <id>5400</id>
    <inode>2208</inode>
    <roleId>f10eab25-ab4b-444f-b1b5-15a1a5948024</roleId>
    <permission>7</permission>
    <isBitPermission>false</isBitPermission>
    <type>individual</type>
  </com.dotmarketing.beans.Permission>
  <com.dotmarketing.beans.Permission>
    <id>5403</id>
    <inode>2208</inode>
    <roleId>654b0931-1027-41f7-ad4d-173115ed8ec1</roleId>
    <permission>1</permission>
    <isBitPermission>false</isBitPermission>
    <type>individual</type>
  </com.dotmarketing.beans.Permission>
  <com.dotmarketing.beans.Permission>
    <id>5404</id>
    <inode>2212</inode>
    <roleId>892ab105-f212-407f-8fb4-58ec59310a5e</roleId>
    <permission>31</permission>
    <isBitPermission>false</isBitPermission>
    <type>individual</type>
  </com.dotmarketing.beans.Permission>
  <com.dotmarketing.beans.Permission>
    <id>5407</id>
    <inode>2212</inode>
    <roleId>654b0931-1027-41f7-ad4d-173115ed8ec1</roleId>
    <permission>1</permission>
    <isBitPermission>false</isBitPermission>
    <type>individual</type>
  </com.dotmarketing.beans.Permission>
  <com.dotmarketing.beans.Permission>
    <id>5408</id>
    <inode>2214</inode>
    <roleId>892ab105-f212-407f-8fb4-58ec59310a5e</roleId>
    <permission>31</permission>
    <isBitPermission>false</isBitPermission>
    <type>individual</type>
  </com.dotmarketing.beans.Permission>
  <com.dotmarketing.beans.Permission>
    <id>5411</id>
    <inode>2214</inode>
    <roleId>654b0931-1027-41f7-ad4d-173115ed8ec1</roleId>
    <permission>1</permission>
    <isBitPermission>false</isBitPermission>
    <type>individual</type>
  </com.dotmarketing.beans.Permission>
  <com.dotmarketing.beans.Permission>
    <id>6057</id>
    <inode>2360</inode>
    <roleId>892ab105-f212-407f-8fb4-58ec59310a5e</roleId>
    <permission>7</permission>
    <isBitPermission>false</isBitPermission>
    <type>individual</type>
  </com.dotmarketing.beans.Permission>
  <com.dotmarketing.beans.Permission>
    <id>6060</id>
    <inode>2360</inode>
    <roleId>654b0931-1027-41f7-ad4d-173115ed8ec1</roleId>
    <permission>1</permission>
    <isBitPermission>false</isBitPermission>
    <type>individual</type>
  </com.dotmarketing.beans.Permission>
  <com.dotmarketing.beans.Permission>
    <id>6061</id>
    <inode>2360</inode>
    <roleId>6b1fa42f-8729-4625-80d1-17e4ef691ce7</roleId>
    <permission>7</permission>
    <isBitPermission>false</isBitPermission>
    <type>individual</type>
  </com.dotmarketing.beans.Permission>
  <com.dotmarketing.beans.Permission>
    <id>6062</id>
    <inode>2360</inode>
    <roleId>999cd6bf-5cef-4729-8543-696086143884</roleId>
    <permission>1</permission>
    <isBitPermission>false</isBitPermission>
    <type>individual</type>
  </com.dotmarketing.beans.Permission>
  <com.dotmarketing.beans.Permission>
    <id>6091</id>
    <inode>2342</inode>
    <roleId>892ab105-f212-407f-8fb4-58ec59310a5e</roleId>
    <permission>7</permission>
    <isBitPermission>false</isBitPermission>
    <type>individual</type>
  </com.dotmarketing.beans.Permission>
  <com.dotmarketing.beans.Permission>
    <id>6094</id>
    <inode>2342</inode>
    <roleId>654b0931-1027-41f7-ad4d-173115ed8ec1</roleId>
    <permission>1</permission>
    <isBitPermission>false</isBitPermission>
    <type>individual</type>
  </com.dotmarketing.beans.Permission>
  <com.dotmarketing.beans.Permission>
    <id>6095</id>
    <inode>2342</inode>
    <roleId>6b1fa42f-8729-4625-80d1-17e4ef691ce7</roleId>
    <permission>7</permission>
    <isBitPermission>false</isBitPermission>
    <type>individual</type>
  </com.dotmarketing.beans.Permission>
  <com.dotmarketing.beans.Permission>
    <id>6096</id>
    <inode>2342</inode>
    <roleId>999cd6bf-5cef-4729-8543-696086143884</roleId>
    <permission>1</permission>
    <isBitPermission>false</isBitPermission>
    <type>individual</type>
  </com.dotmarketing.beans.Permission>
  <com.dotmarketing.beans.Permission>
    <id>6183</id>
    <inode>134</inode>
    <roleId>892ab105-f212-407f-8fb4-58ec59310a5e</roleId>
    <permission>7</permission>
    <isBitPermission>false</isBitPermission>
    <type>individual</type>
  </com.dotmarketing.beans.Permission>
  <com.dotmarketing.beans.Permission>
    <id>6186</id>
    <inode>134</inode>
    <roleId>654b0931-1027-41f7-ad4d-173115ed8ec1</roleId>
    <permission>1</permission>
    <isBitPermission>false</isBitPermission>
    <type>individual</type>
  </com.dotmarketing.beans.Permission>
  <com.dotmarketing.beans.Permission>
    <id>6187</id>
    <inode>134</inode>
    <roleId>6b1fa42f-8729-4625-80d1-17e4ef691ce7</roleId>
    <permission>1</permission>
    <isBitPermission>false</isBitPermission>
    <type>individual</type>
  </com.dotmarketing.beans.Permission>
  <com.dotmarketing.beans.Permission>
    <id>6188</id>
    <inode>134</inode>
    <roleId>999cd6bf-5cef-4729-8543-696086143884</roleId>
    <permission>1</permission>
    <isBitPermission>false</isBitPermission>
    <type>individual</type>
  </com.dotmarketing.beans.Permission>
  <com.dotmarketing.beans.Permission>
    <id>6222</id>
    <inode>2436</inode>
    <roleId>892ab105-f212-407f-8fb4-58ec59310a5e</roleId>
    <permission>31</permission>
    <isBitPermission>false</isBitPermission>
    <type>individual</type>
  </com.dotmarketing.beans.Permission>
  <com.dotmarketing.beans.Permission>
    <id>6225</id>
    <inode>2436</inode>
    <roleId>654b0931-1027-41f7-ad4d-173115ed8ec1</roleId>
    <permission>1</permission>
    <isBitPermission>false</isBitPermission>
    <type>individual</type>
  </com.dotmarketing.beans.Permission>
  <com.dotmarketing.beans.Permission>
    <id>6435</id>
    <inode>171</inode>
    <roleId>892ab105-f212-407f-8fb4-58ec59310a5e</roleId>
    <permission>31</permission>
    <isBitPermission>false</isBitPermission>
    <type>individual</type>
  </com.dotmarketing.beans.Permission>
  <com.dotmarketing.beans.Permission>
    <id>6438</id>
    <inode>171</inode>
    <roleId>654b0931-1027-41f7-ad4d-173115ed8ec1</roleId>
    <permission>1</permission>
    <isBitPermission>false</isBitPermission>
    <type>individual</type>
  </com.dotmarketing.beans.Permission>
  <com.dotmarketing.beans.Permission>
    <id>6439</id>
    <inode>171</inode>
    <roleId>6b1fa42f-8729-4625-80d1-17e4ef691ce7</roleId>
    <permission>1</permission>
    <isBitPermission>false</isBitPermission>
    <type>individual</type>
  </com.dotmarketing.beans.Permission>
  <com.dotmarketing.beans.Permission>
    <id>6440</id>
    <inode>171</inode>
    <roleId>999cd6bf-5cef-4729-8543-696086143884</roleId>
    <permission>1</permission>
    <isBitPermission>false</isBitPermission>
    <type>individual</type>
  </com.dotmarketing.beans.Permission>
  <com.dotmarketing.beans.Permission>
    <id>8187</id>
    <inode>3021</inode>
    <roleId>892ab105-f212-407f-8fb4-58ec59310a5e</roleId>
    <permission>7</permission>
    <isBitPermission>false</isBitPermission>
    <type>individual</type>
  </com.dotmarketing.beans.Permission>
  <com.dotmarketing.beans.Permission>
    <id>8190</id>
    <inode>3021</inode>
    <roleId>654b0931-1027-41f7-ad4d-173115ed8ec1</roleId>
    <permission>1</permission>
    <isBitPermission>false</isBitPermission>
    <type>individual</type>
  </com.dotmarketing.beans.Permission>
  <com.dotmarketing.beans.Permission>
    <id>8241</id>
    <inode>3052</inode>
    <roleId>892ab105-f212-407f-8fb4-58ec59310a5e</roleId>
    <permission>7</permission>
    <isBitPermission>false</isBitPermission>
    <type>individual</type>
  </com.dotmarketing.beans.Permission>
  <com.dotmarketing.beans.Permission>
    <id>8244</id>
    <inode>3052</inode>
    <roleId>654b0931-1027-41f7-ad4d-173115ed8ec1</roleId>
    <permission>1</permission>
    <isBitPermission>false</isBitPermission>
    <type>individual</type>
  </com.dotmarketing.beans.Permission>
  <com.dotmarketing.beans.Permission>
    <id>8245</id>
    <inode>3054</inode>
    <roleId>892ab105-f212-407f-8fb4-58ec59310a5e</roleId>
    <permission>7</permission>
    <isBitPermission>false</isBitPermission>
    <type>individual</type>
  </com.dotmarketing.beans.Permission>
  <com.dotmarketing.beans.Permission>
    <id>8248</id>
    <inode>3054</inode>
    <roleId>654b0931-1027-41f7-ad4d-173115ed8ec1</roleId>
    <permission>1</permission>
    <isBitPermission>false</isBitPermission>
    <type>individual</type>
  </com.dotmarketing.beans.Permission>
  <com.dotmarketing.beans.Permission>
    <id>8249</id>
    <inode>3054</inode>
    <roleId>6b1fa42f-8729-4625-80d1-17e4ef691ce7</roleId>
    <permission>1</permission>
    <isBitPermission>false</isBitPermission>
    <type>individual</type>
  </com.dotmarketing.beans.Permission>
  <com.dotmarketing.beans.Permission>
    <id>8250</id>
    <inode>3054</inode>
    <roleId>999cd6bf-5cef-4729-8543-696086143884</roleId>
    <permission>1</permission>
    <isBitPermission>false</isBitPermission>
    <type>individual</type>
  </com.dotmarketing.beans.Permission>
  <com.dotmarketing.beans.Permission>
    <id>9453</id>
    <inode>3016</inode>
    <roleId>892ab105-f212-407f-8fb4-58ec59310a5e</roleId>
    <permission>7</permission>
    <isBitPermission>false</isBitPermission>
    <type>individual</type>
  </com.dotmarketing.beans.Permission>
  <com.dotmarketing.beans.Permission>
    <id>9456</id>
    <inode>3016</inode>
    <roleId>654b0931-1027-41f7-ad4d-173115ed8ec1</roleId>
    <permission>1</permission>
    <isBitPermission>false</isBitPermission>
    <type>individual</type>
  </com.dotmarketing.beans.Permission>
  <com.dotmarketing.beans.Permission>
    <id>11059</id>
    <inode>5978</inode>
    <roleId>892ab105-f212-407f-8fb4-58ec59310a5e</roleId>
    <permission>31</permission>
    <isBitPermission>false</isBitPermission>
    <type>individual</type>
  </com.dotmarketing.beans.Permission>
  <com.dotmarketing.beans.Permission>
    <id>11068</id>
    <inode>5978</inode>
    <roleId>dbd027dc-9587-422f-a8be-c7c1ddd08691</roleId>
    <permission>7</permission>
    <isBitPermission>false</isBitPermission>
    <type>individual</type>
  </com.dotmarketing.beans.Permission>
  <com.dotmarketing.beans.Permission>
    <id>11074</id>
    <inode>5978</inode>
    <roleId>a2d88e69-d575-45ec-9b52-0dc3a51468ed</roleId>
    <permission>7</permission>
    <isBitPermission>false</isBitPermission>
    <type>individual</type>
  </com.dotmarketing.beans.Permission>
  <com.dotmarketing.beans.Permission>
    <id>11080</id>
    <inode>5978</inode>
    <roleId>f10eab25-ab4b-444f-b1b5-15a1a5948024</roleId>
    <permission>7</permission>
    <isBitPermission>false</isBitPermission>
    <type>individual</type>
  </com.dotmarketing.beans.Permission>
  <com.dotmarketing.beans.Permission>
    <id>11086</id>
    <inode>5978</inode>
    <roleId>654b0931-1027-41f7-ad4d-173115ed8ec1</roleId>
    <permission>1</permission>
    <isBitPermission>false</isBitPermission>
    <type>individual</type>
  </com.dotmarketing.beans.Permission>
  <com.dotmarketing.beans.Permission>
    <id>11716</id>
    <inode>SYSTEM_HOST</inode>
    <roleId>654b0931-1027-41f7-ad4d-173115ed8ec1</roleId>
    <permission>1</permission>
    <isBitPermission>false</isBitPermission>
    <type>com.dotmarketing.beans.Host</type>
  </com.dotmarketing.beans.Permission>
  <com.dotmarketing.beans.Permission>
    <id>11717</id>
    <inode>SYSTEM_HOST</inode>
    <roleId>654b0931-1027-41f7-ad4d-173115ed8ec1</roleId>
    <permission>1</permission>
    <isBitPermission>false</isBitPermission>
    <type>com.dotmarketing.portlets.folders.model.Folder</type>
  </com.dotmarketing.beans.Permission>
  <com.dotmarketing.beans.Permission>
    <id>11718</id>
    <inode>SYSTEM_HOST</inode>
    <roleId>654b0931-1027-41f7-ad4d-173115ed8ec1</roleId>
    <permission>1</permission>
    <isBitPermission>false</isBitPermission>
    <type>com.dotmarketing.portlets.files.model.File</type>
  </com.dotmarketing.beans.Permission>
  <com.dotmarketing.beans.Permission>
    <id>11719</id>
    <inode>SYSTEM_HOST</inode>
    <roleId>654b0931-1027-41f7-ad4d-173115ed8ec1</roleId>
    <permission>1</permission>
    <isBitPermission>false</isBitPermission>
    <type>com.dotmarketing.portlets.links.model.Link</type>
  </com.dotmarketing.beans.Permission>
  <com.dotmarketing.beans.Permission>
    <id>11720</id>
    <inode>SYSTEM_HOST</inode>
    <roleId>654b0931-1027-41f7-ad4d-173115ed8ec1</roleId>
    <permission>1</permission>
    <isBitPermission>false</isBitPermission>
    <type>com.dotmarketing.portlets.contentlet.model.Contentlet</type>
  </com.dotmarketing.beans.Permission>
  <com.dotmarketing.beans.Permission>
    <id>11721</id>
    <inode>SYSTEM_HOST</inode>
    <roleId>654b0931-1027-41f7-ad4d-173115ed8ec1</roleId>
    <permission>1</permission>
    <isBitPermission>false</isBitPermission>
    <type>com.dotmarketing.portlets.htmlpageasset.model.IHTMLPage</type>
  </com.dotmarketing.beans.Permission>
  <com.dotmarketing.beans.Permission>
    <id>11722</id>
    <inode>SYSTEM_HOST</inode>
    <roleId>654b0931-1027-41f7-ad4d-173115ed8ec1</roleId>
    <permission>1</permission>
    <isBitPermission>false</isBitPermission>
    <type>com.dotmarketing.portlets.structure.model.Structure</type>
  </com.dotmarketing.beans.Permission>
  <com.dotmarketing.beans.Permission>
    <id>11727</id>
    <inode>SYSTEM_HOST</inode>
    <roleId>654b0931-1027-41f7-ad4d-173115ed8ec1</roleId>
    <permission>1</permission>
    <isBitPermission>false</isBitPermission>
    <type>com.dotmarketing.portlets.categories.model.Category</type>
  </com.dotmarketing.beans.Permission>
  <com.dotmarketing.beans.Permission>
    <id>11750</id>
    <inode>4d21b6d8-1711-4ae6-9419-89e2b1ae5a06</inode>
    <roleId>892ab105-f212-407f-8fb4-58ec59310a5e</roleId>
    <permission>63</permission>
    <isBitPermission>false</isBitPermission>
    <type>individual</type>
  </com.dotmarketing.beans.Permission>
  <com.dotmarketing.beans.Permission>
    <id>11751</id>
    <inode>4d21b6d8-1711-4ae6-9419-89e2b1ae5a06</inode>
    <roleId>654b0931-1027-41f7-ad4d-173115ed8ec1</roleId>
    <permission>7</permission>
    <isBitPermission>false</isBitPermission>
    <type>individual</type>
  </com.dotmarketing.beans.Permission>
  <com.dotmarketing.beans.Permission>
    <id>11752</id>
    <inode>4d21b6d8-1711-4ae6-9419-89e2b1ae5a06</inode>
    <roleId>29e0af9e-0e60-48ee-b9f7-1453d94d9cb6</roleId>
    <permission>7</permission>
    <isBitPermission>false</isBitPermission>
    <type>individual</type>
  </com.dotmarketing.beans.Permission>
  <com.dotmarketing.beans.Permission>
    <id>11758</id>
    <inode>a007def2-896d-4fd1-843b-d3abb5305f3f</inode>
    <roleId>654b0931-1027-41f7-ad4d-173115ed8ec1</roleId>
    <permission>23</permission>
    <isBitPermission>false</isBitPermission>
    <type>individual</type>
  </com.dotmarketing.beans.Permission>
  <com.dotmarketing.beans.Permission>
    <id>11759</id>
    <inode>a007def2-896d-4fd1-843b-d3abb5305f3f</inode>
    <roleId>654b0931-1027-41f7-ad4d-173115ed8ec1</roleId>
    <permission>23</permission>
    <isBitPermission>false</isBitPermission>
    <type>com.dotmarketing.portlets.contentlet.model.Contentlet</type>
  </com.dotmarketing.beans.Permission>
  <com.dotmarketing.beans.Permission>
    <id>11778</id>
    <inode>SYSTEM_HOST</inode>
    <roleId>d3e78673-044a-4e1e-a38a-56f48cc6d5a5</roleId>
    <permission>31</permission>
    <isBitPermission>false</isBitPermission>
    <type>com.dotmarketing.portlets.htmlpageasset.model.IHTMLPage</type>
  </com.dotmarketing.beans.Permission>
  <com.dotmarketing.beans.Permission>
    <id>12031</id>
    <inode>2a3e91e4-fbbf-4876-8c5b-2233c1739b05</inode>
    <roleId>654b0931-1027-41f7-ad4d-173115ed8ec1</roleId>
    <permission>1</permission>
    <isBitPermission>false</isBitPermission>
    <type>individual</type>
  </com.dotmarketing.beans.Permission>
  <com.dotmarketing.beans.Permission>
    <id>12032</id>
    <inode>2a3e91e4-fbbf-4876-8c5b-2233c1739b05</inode>
    <roleId>654b0931-1027-41f7-ad4d-173115ed8ec1</roleId>
    <permission>1</permission>
    <isBitPermission>false</isBitPermission>
    <type>com.dotmarketing.portlets.contentlet.model.Contentlet</type>
  </com.dotmarketing.beans.Permission>
  <com.dotmarketing.beans.Permission>
    <id>12084</id>
    <inode>c8a03c24-277a-49a5-b5e0-7f99490a004d</inode>
    <roleId>654b0931-1027-41f7-ad4d-173115ed8ec1</roleId>
    <permission>1</permission>
    <isBitPermission>false</isBitPermission>
    <type>individual</type>
  </com.dotmarketing.beans.Permission>
  <com.dotmarketing.beans.Permission>
    <id>12104</id>
    <inode>0720cd4f-4095-4e8a-8f73-2e34d7e099e4</inode>
    <roleId>edecd377-2321-4803-aa8b-89797dd0d61f</roleId>
    <permission>1</permission>
    <isBitPermission>false</isBitPermission>
    <type>individual</type>
  </com.dotmarketing.beans.Permission>
  <com.dotmarketing.beans.Permission>
    <id>12126</id>
    <inode>365d9758-8312-414d-8c1e-b7b0b3df7964</inode>
    <roleId>02ae46fa-cb67-4ed8-82d5-f1f9a5e1d744</roleId>
    <permission>1</permission>
    <isBitPermission>false</isBitPermission>
    <type>individual</type>
  </com.dotmarketing.beans.Permission>
  <com.dotmarketing.beans.Permission>
    <id>12129</id>
    <inode>62078964-3ed4-4729-91d3-75e841736905</inode>
    <roleId>02ae46fa-cb67-4ed8-82d5-f1f9a5e1d744</roleId>
    <permission>1</permission>
    <isBitPermission>false</isBitPermission>
    <type>individual</type>
  </com.dotmarketing.beans.Permission>
  <com.dotmarketing.beans.Permission>
    <id>12134</id>
    <inode>d6cfc127-31e8-47aa-bd5e-77434d06c24f</inode>
    <roleId>02ae46fa-cb67-4ed8-82d5-f1f9a5e1d744</roleId>
    <permission>1</permission>
    <isBitPermission>false</isBitPermission>
    <type>individual</type>
  </com.dotmarketing.beans.Permission>
  <com.dotmarketing.beans.Permission>
    <id>12137</id>
    <inode>5c1579c4-33d1-47c8-9b68-776fa586655e</inode>
    <roleId>e7d4e34e-5127-45fc-8123-d48b62d510e3</roleId>
    <permission>1</permission>
    <isBitPermission>false</isBitPermission>
    <type>individual</type>
  </com.dotmarketing.beans.Permission>
  <com.dotmarketing.beans.Permission>
    <id>12139</id>
    <inode>f0f370ae-51c6-4be0-b48d-37ee098ca45b</inode>
    <roleId>654b0931-1027-41f7-ad4d-173115ed8ec1</roleId>
    <permission>1</permission>
    <isBitPermission>false</isBitPermission>
    <type>individual</type>
  </com.dotmarketing.beans.Permission>
  <com.dotmarketing.beans.Permission>
    <id>12195</id>
    <inode>c9ff3ca8-1d46-4397-8c62-e6d2134ec23d</inode>
    <roleId>02ae46fa-cb67-4ed8-82d5-f1f9a5e1d744</roleId>
    <permission>1</permission>
    <isBitPermission>false</isBitPermission>
    <type>individual</type>
  </com.dotmarketing.beans.Permission>
  <com.dotmarketing.beans.Permission>
    <id>12199</id>
    <inode>a15fc339-dbad-4f60-b0ec-3cef2ac080cd</inode>
    <roleId>02ae46fa-cb67-4ed8-82d5-f1f9a5e1d744</roleId>
    <permission>1</permission>
    <isBitPermission>false</isBitPermission>
    <type>individual</type>
  </com.dotmarketing.beans.Permission>
  <com.dotmarketing.beans.Permission>
    <id>12227</id>
    <inode>d91fcab5-e645-4f64-bd80-c8a9d1999434</inode>
    <roleId>654b0931-1027-41f7-ad4d-173115ed8ec1</roleId>
    <permission>3</permission>
    <isBitPermission>false</isBitPermission>
    <type>individual</type>
  </com.dotmarketing.beans.Permission>
  <com.dotmarketing.beans.Permission>
    <id>12228</id>
    <inode>d91fcab5-e645-4f64-bd80-c8a9d1999434</inode>
    <roleId>db0d2bca-5da5-4c18-b5d7-87f02ba58eb6</roleId>
    <permission>23</permission>
    <isBitPermission>false</isBitPermission>
    <type>individual</type>
  </com.dotmarketing.beans.Permission>
  <com.dotmarketing.beans.Permission>
    <id>12229</id>
    <inode>a4345272-d573-477e-b6d1-fc19d92bdc11</inode>
    <roleId>02ae46fa-cb67-4ed8-82d5-f1f9a5e1d744</roleId>
    <permission>1</permission>
    <isBitPermission>false</isBitPermission>
    <type>individual</type>
  </com.dotmarketing.beans.Permission>
  <com.dotmarketing.beans.Permission>
    <id>12234</id>
    <inode>006b7ad6-8d9c-4e5b-97b3-eab1b5524de9</inode>
    <roleId>654b0931-1027-41f7-ad4d-173115ed8ec1</roleId>
    <permission>23</permission>
    <isBitPermission>false</isBitPermission>
    <type>individual</type>
  </com.dotmarketing.beans.Permission>
  <com.dotmarketing.beans.Permission>
    <id>12236</id>
    <inode>f2bb86bc-f5e8-470c-8771-0eea77ac46a7</inode>
    <roleId>02ae46fa-cb67-4ed8-82d5-f1f9a5e1d744</roleId>
    <permission>1</permission>
    <isBitPermission>false</isBitPermission>
    <type>individual</type>
  </com.dotmarketing.beans.Permission>
  <com.dotmarketing.beans.Permission>
    <id>12347</id>
    <inode>7309ed0d-cbf9-4b02-aa3c-8b599fd2a718</inode>
    <roleId>db0d2bca-5da5-4c18-b5d7-87f02ba58eb6</roleId>
    <permission>1</permission>
    <isBitPermission>false</isBitPermission>
    <type>individual</type>
  </com.dotmarketing.beans.Permission>
  <com.dotmarketing.beans.Permission>
    <id>12348</id>
    <inode>5ce9a411-725b-43ef-8403-ae90909a5579</inode>
    <roleId>e36988eb-f206-4fd3-a06c-6a746d30a772</roleId>
    <permission>1</permission>
    <isBitPermission>false</isBitPermission>
    <type>individual</type>
  </com.dotmarketing.beans.Permission>
  <com.dotmarketing.beans.Permission>
    <id>12349</id>
    <inode>2a795970-6660-4ae5-b9fc-1442607b9efa</inode>
    <roleId>02ae46fa-cb67-4ed8-82d5-f1f9a5e1d744</roleId>
    <permission>1</permission>
    <isBitPermission>false</isBitPermission>
    <type>individual</type>
  </com.dotmarketing.beans.Permission>
  <com.dotmarketing.beans.Permission>
    <id>12376</id>
    <inode>44d4d4cd-c812-49db-adb1-1030be73e69a</inode>
    <roleId>654b0931-1027-41f7-ad4d-173115ed8ec1</roleId>
    <permission>1</permission>
    <isBitPermission>false</isBitPermission>
    <type>individual</type>
  </com.dotmarketing.beans.Permission>
  <com.dotmarketing.beans.Permission>
    <id>12377</id>
    <inode>808a2c19-84f1-4f49-a91d-c610714c370d</inode>
    <roleId>db0d2bca-5da5-4c18-b5d7-87f02ba58eb6</roleId>
    <permission>1</permission>
    <isBitPermission>false</isBitPermission>
    <type>individual</type>
  </com.dotmarketing.beans.Permission>
  <com.dotmarketing.beans.Permission>
    <id>12378</id>
    <inode>7d6aba45-a53d-4b81-a598-e2fd4207efb4</inode>
    <roleId>e36988eb-f206-4fd3-a06c-6a746d30a772</roleId>
    <permission>1</permission>
    <isBitPermission>false</isBitPermission>
    <type>individual</type>
  </com.dotmarketing.beans.Permission>
  <com.dotmarketing.beans.Permission>
    <id>12383</id>
    <inode>41ab99b4-2779-46a8-a717-b099b57e3299</inode>
    <roleId>02ae46fa-cb67-4ed8-82d5-f1f9a5e1d744</roleId>
    <permission>1</permission>
    <isBitPermission>false</isBitPermission>
    <type>individual</type>
  </com.dotmarketing.beans.Permission>
  <com.dotmarketing.beans.Permission>
    <id>12384</id>
    <inode>ba74c14e-8019-482d-85cb-e6f9d39bdfdd</inode>
    <roleId>e36988eb-f206-4fd3-a06c-6a746d30a772</roleId>
    <permission>1</permission>
    <isBitPermission>false</isBitPermission>
    <type>individual</type>
  </com.dotmarketing.beans.Permission>
  <com.dotmarketing.beans.Permission>
    <id>12385</id>
    <inode>ced34d22-b1ed-4a6e-a89b-e5f93192cc3f</inode>
    <roleId>654b0931-1027-41f7-ad4d-173115ed8ec1</roleId>
    <permission>1</permission>
    <isBitPermission>false</isBitPermission>
    <type>individual</type>
  </com.dotmarketing.beans.Permission>
  <com.dotmarketing.beans.Permission>
    <id>12386</id>
    <inode>edff488f-b973-4ae1-bcae-82d27af64b05</inode>
    <roleId>e36988eb-f206-4fd3-a06c-6a746d30a772</roleId>
    <permission>1</permission>
    <isBitPermission>false</isBitPermission>
    <type>individual</type>
  </com.dotmarketing.beans.Permission>
  <com.dotmarketing.beans.Permission>
    <id>12388</id>
    <inode>64fa7b51-bfc4-4686-8775-70a8cd44aee7</inode>
    <roleId>e36988eb-f206-4fd3-a06c-6a746d30a772</roleId>
    <permission>1</permission>
    <isBitPermission>false</isBitPermission>
    <type>individual</type>
  </com.dotmarketing.beans.Permission>
  <com.dotmarketing.beans.Permission>
    <id>12390</id>
    <inode>4e1efa41-789e-4f63-8e7f-30f5697e53e3</inode>
    <roleId>02ae46fa-cb67-4ed8-82d5-f1f9a5e1d744</roleId>
    <permission>1</permission>
    <isBitPermission>false</isBitPermission>
    <type>individual</type>
  </com.dotmarketing.beans.Permission>
  <com.dotmarketing.beans.Permission>
    <id>12394</id>
    <inode>659751a5-a5e3-40ed-a799-e3aa7a83dfd8</inode>
    <roleId>02ae46fa-cb67-4ed8-82d5-f1f9a5e1d744</roleId>
    <permission>1</permission>
    <isBitPermission>false</isBitPermission>
    <type>individual</type>
  </com.dotmarketing.beans.Permission>
  <com.dotmarketing.beans.Permission>
    <id>12410</id>
    <inode>e2021cf0-1811-4e08-aacc-420be3441c36</inode>
    <roleId>654b0931-1027-41f7-ad4d-173115ed8ec1</roleId>
    <permission>1</permission>
    <isBitPermission>false</isBitPermission>
    <type>individual</type>
  </com.dotmarketing.beans.Permission>
</list>