<list>
  <com.dotmarketing.business.PortletsLayouts>
    <id>0402e48f-fd18-4339-b3af-8abb276446f2</id>
    <portletId>EXT_CMS_MAINTENANCE</portletId>
    <layoutId>a8e430e3-8010-40cf-ade1-5978e61241a8</layoutId>
    <portletOrder>4</portletOrder>
  </com.dotmarketing.business.PortletsLayouts>
  <com.dotmarketing.business.PortletsLayouts>
    <id>18611e0e-e12f-42c5-9162-7d6f3a8f3124</id>
    <portletId>EXT_STRUCTURE</portletId>
    <layoutId>56fedb43-dbbf-4ce2-8b77-41fb73bad015</layoutId>
    <portletOrder>1</portletOrder>
  </com.dotmarketing.business.PortletsLayouts>
  <com.dotmarketing.business.PortletsLayouts>
    <id>1f1e6dea-b2ca-41d1-9799-76edced16ea8</id>
    <portletId>EXT_DASHBOARD</portletId>
    <layoutId>34885ddb-3537-4a79-a02c-0550c5087d5c</layoutId>
    <portletOrder>2</portletOrder>
  </com.dotmarketing.business.PortletsLayouts>
  <com.dotmarketing.business.PortletsLayouts>
    <id>20a3b068-f700-4514-934e-1a2b7400a8d9</id>
    <portletId>EXT_18</portletId>
    <layoutId>b7ab5d3c-5ee0-4195-a17e-8f5579d718dd</layoutId>
    <portletOrder>2</portletOrder>
  </com.dotmarketing.business.PortletsLayouts>
  <com.dotmarketing.business.PortletsLayouts>
    <id>2e64adbf-0df2-4496-9e47-b0d7c7dc58b4</id>
    <portletId>EXT_BROKEN_LINKS</portletId>
    <layoutId>71b8a1ca-37b6-4b6e-a43b-c7482f28db6c</layoutId>
    <portletOrder>3</portletOrder>
  </com.dotmarketing.business.PortletsLayouts>
  <com.dotmarketing.business.PortletsLayouts>
    <id>37929c98-1ed0-4042-b41d-64290f637c45</id>
    <portletId>WORKFLOW_SCHEMES</portletId>
    <layoutId>56fedb43-dbbf-4ce2-8b77-41fb73bad015</layoutId>
    <portletOrder>4</portletOrder>
  </com.dotmarketing.business.PortletsLayouts>
  <com.dotmarketing.business.PortletsLayouts>
    <id>3fce568c-4c88-4bc6-bcf3-202c7a541f5b</id>
    <portletId>EXT_CALENDAR</portletId>
    <layoutId>71b8a1ca-37b6-4b6e-a43b-c7482f28db6c</layoutId>
    <portletOrder>2</portletOrder>
  </com.dotmarketing.business.PortletsLayouts>
  <com.dotmarketing.business.PortletsLayouts>
    <id>53179e60-ab0c-42e7-acc6-08f6487f3e3c</id>
    <portletId>EXT_FORM_HANDLER</portletId>
    <layoutId>89594b95-1354-4a63-8867-c922880107df</layoutId>
    <portletOrder>3</portletOrder>
  </com.dotmarketing.business.PortletsLayouts>
  <com.dotmarketing.business.PortletsLayouts>
    <id>5a8d9f9e-581b-4383-890d-0016f512f54d</id>
    <portletId>EXT_CONTENT_PUBLISHING_TOOL</portletId>
    <layoutId>b7ab5d3c-5ee0-4195-a17e-8f5579d718dd</layoutId>
    <portletOrder>6</portletOrder>
  </com.dotmarketing.business.PortletsLayouts>
  <com.dotmarketing.business.PortletsLayouts>
    <id>5c54ac22-6bf7-4dbe-b0b6-2d724a92b4d2</id>
    <portletId>EXT_LUCENE_TOOL</portletId>
    <layoutId>a8e430e3-8010-40cf-ade1-5978e61241a8</layoutId>
    <portletOrder>7</portletOrder>
  </com.dotmarketing.business.PortletsLayouts>
  <com.dotmarketing.business.PortletsLayouts>
    <id>5c5b3a81-4bec-4057-a70f-6997538f1ef0</id>
    <portletId>EXT_HOSTADMIN</portletId>
    <layoutId>a8e430e3-8010-40cf-ade1-5978e61241a8</layoutId>
    <portletOrder>3</portletOrder>
  </com.dotmarketing.business.PortletsLayouts>
  <com.dotmarketing.business.PortletsLayouts>
    <id>684c99dc-db06-4b0e-a75c-bb57bd352f74</id>
    <portletId>RULES_ENGINE_PORTLET</portletId>
    <layoutId>89594b95-1354-4a63-8867-c922880107df</layoutId>
    <portletOrder>1</portletOrder>
  </com.dotmarketing.business.PortletsLayouts>
  <com.dotmarketing.business.PortletsLayouts>
    <id>742c2475-f4a4-409a-bf74-dc7703596d0e</id>
    <portletId>EXT_LANG</portletId>
    <layoutId>a8e430e3-8010-40cf-ade1-5978e61241a8</layoutId>
    <portletOrder>6</portletOrder>
  </com.dotmarketing.business.PortletsLayouts>
  <com.dotmarketing.business.PortletsLayouts>
    <id>75812320-b98e-4af2-872b-a3a6e095d16c</id>
    <portletId>25</portletId>
    <layoutId>81c3bb50-9f64-4a39-9027-46ee92192799</layoutId>
    <portletOrder>2</portletOrder>
  </com.dotmarketing.business.PortletsLayouts>
  <com.dotmarketing.business.PortletsLayouts>
    <id>776b9fa7-b676-4645-8442-a98e373087fe</id>
    <portletId>EXT_11</portletId>
    <layoutId>71b8a1ca-37b6-4b6e-a43b-c7482f28db6c</layoutId>
    <portletOrder>1</portletOrder>
  </com.dotmarketing.business.PortletsLayouts>
  <com.dotmarketing.business.PortletsLayouts>
    <id>776c900a-9fbb-4d22-adef-24d15fb2f892</id>
    <portletId>TIMEMACHINE</portletId>
    <layoutId>b7ab5d3c-5ee0-4195-a17e-8f5579d718dd</layoutId>
    <portletOrder>5</portletOrder>
  </com.dotmarketing.business.PortletsLayouts>
  <com.dotmarketing.business.PortletsLayouts>
    <id>78604b9f-6ce0-446c-9f53-2d740910cc43</id>
    <portletId>EXT_BROWSER</portletId>
    <layoutId>931f0b26-92c1-420b-8fbf-e48089040921</layoutId>
    <portletOrder>1</portletOrder>
  </com.dotmarketing.business.PortletsLayouts>
  <com.dotmarketing.business.PortletsLayouts>
    <id>7dae1ecc-3c3e-40c7-8a1d-04438ce64155</id>
    <portletId>EXT_12</portletId>
    <layoutId>b7ab5d3c-5ee0-4195-a17e-8f5579d718dd</layoutId>
    <portletOrder>4</portletOrder>
  </com.dotmarketing.business.PortletsLayouts>
  <com.dotmarketing.business.PortletsLayouts>
    <id>9bec2f0e-e196-45d0-84ed-4ce9ea66b9ca</id>
    <portletId>EXT_13</portletId>
    <layoutId>b7ab5d3c-5ee0-4195-a17e-8f5579d718dd</layoutId>
    <portletOrder>3</portletOrder>
  </com.dotmarketing.business.PortletsLayouts>
  <com.dotmarketing.business.PortletsLayouts>
    <id>a07c987b-30da-48da-be6a-8932bed2337b</id>
    <portletId>EXT_TAG_MANAGER</portletId>
    <layoutId>56fedb43-dbbf-4ce2-8b77-41fb73bad015</layoutId>
    <portletOrder>3</portletOrder>
  </com.dotmarketing.business.PortletsLayouts>
  <com.dotmarketing.business.PortletsLayouts>
    <id>a4d6bfa5-b8db-47a0-8052-a535df095626</id>
    <portletId>EXT_21</portletId>
    <layoutId>34885ddb-3537-4a79-a02c-0550c5087d5c</layoutId>
    <portletOrder>1</portletOrder>
  </com.dotmarketing.business.PortletsLayouts>
  <com.dotmarketing.business.PortletsLayouts>
    <id>a990effa-06f1-4dcb-aaf5-fe72eeb12ec5</id>
    <portletId>EXT_ROLE_ADMIN</portletId>
    <layoutId>a8e430e3-8010-40cf-ade1-5978e61241a8</layoutId>
    <portletOrder>2</portletOrder>
  </com.dotmarketing.business.PortletsLayouts>
  <com.dotmarketing.business.PortletsLayouts>
    <id>ac207a8a-da84-4e64-a1cc-34a0c476380f</id>
    <portletId>EXT_SITESEARCH</portletId>
    <layoutId>a8e430e3-8010-40cf-ade1-5978e61241a8</layoutId>
    <portletOrder>9</portletOrder>
  </com.dotmarketing.business.PortletsLayouts>
  <com.dotmarketing.business.PortletsLayouts>
    <id>b5917503-686a-4654-acb6-c557281c3fa5</id>
    <portletId>ES_SEARCH_PORTLET</portletId>
    <layoutId>a8e430e3-8010-40cf-ade1-5978e61241a8</layoutId>
    <portletOrder>8</portletOrder>
  </com.dotmarketing.business.PortletsLayouts>
  <com.dotmarketing.business.PortletsLayouts>
    <id>ca4a8f49-3000-42dd-b3d5-a81b39ad6bde</id>
    <portletId>OSGI_MANAGER</portletId>
    <layoutId>a8e430e3-8010-40cf-ade1-5978e61241a8</layoutId>
    <portletOrder>10</portletOrder>
  </com.dotmarketing.business.PortletsLayouts>
  <com.dotmarketing.business.PortletsLayouts>
    <id>cd869b04-0261-4d7a-87f5-f8d6d38f37e5</id>
    <portletId>EXT_REPORTMANAGER</portletId>
    <layoutId>81c3bb50-9f64-4a39-9027-46ee92192799</layoutId>
    <portletOrder>3</portletOrder>
  </com.dotmarketing.business.PortletsLayouts>
  <com.dotmarketing.business.PortletsLayouts>
    <id>cff07973-057e-4f0f-8e23-2258173e0a38</id>
    <portletId>9</portletId>
    <layoutId>a8e430e3-8010-40cf-ade1-5978e61241a8</layoutId>
    <portletOrder>5</portletOrder>
  </com.dotmarketing.business.PortletsLayouts>
  <com.dotmarketing.business.PortletsLayouts>
    <id>dc690620-ab60-4d8c-9d28-bb17b11dfc21</id>
    <portletId>EXT_FORM_HANDLER</portletId>
    <layoutId>81c3bb50-9f64-4a39-9027-46ee92192799</layoutId>
    <portletOrder>1</portletOrder>
  </com.dotmarketing.business.PortletsLayouts>
  <com.dotmarketing.business.PortletsLayouts>
    <id>e761bfe7-efd3-4d01-8d19-53b38d829044</id>
    <portletId>EXT_VIRTUAL_LINKS</portletId>
    <layoutId>89594b95-1354-4a63-8867-c922880107df</layoutId>
    <portletOrder>2</portletOrder>
  </com.dotmarketing.business.PortletsLayouts>
  <com.dotmarketing.business.PortletsLayouts>
    <id>eeaf0b22-197d-4b0f-83da-139fafed510e</id>
    <portletId>EXT_BROWSER</portletId>
    <layoutId>b7ab5d3c-5ee0-4195-a17e-8f5579d718dd</layoutId>
    <portletOrder>1</portletOrder>
  </com.dotmarketing.business.PortletsLayouts>
  <com.dotmarketing.business.PortletsLayouts>
    <id>fa0c4905-7c72-4d35-8cf2-ffc5fbf86fa1</id>
    <portletId>EXT_USER_ADMIN</portletId>
    <layoutId>a8e430e3-8010-40cf-ade1-5978e61241a8</layoutId>
    <portletOrder>1</portletOrder>
  </com.dotmarketing.business.PortletsLayouts>
  <com.dotmarketing.business.PortletsLayouts>
    <id>ff3d0ae0-314c-49de-bc2a-fc95be8f5acb</id>
    <portletId>EXT_4</portletId>
    <layoutId>56fedb43-dbbf-4ce2-8b77-41fb73bad015</layoutId>
    <portletOrder>2</portletOrder>
  </com.dotmarketing.business.PortletsLayouts>
</list>