<list>
  <com.dotmarketing.portlets.contentlet.model.ContentletVersionInfo>
    <identifier>0692061d-399c-4887-9ec6-17b386b89c2d</identifier>
    <deleted>false</deleted>
    <lockedBy>dotcms.org.1</lockedBy>
    <lockedOn class="sql-timestamp">2018-09-13 20:35:01.96</lockedOn>
    <lang>1</lang>
    <workingInode>b169bde0-2629-44bd-95a1-ad82515d7192</workingInode>
    <liveInode>b169bde0-2629-44bd-95a1-ad82515d7192</liveInode>
    <versionTs class="sql-timestamp">2018-09-13 20:35:01.973</versionTs>
  </com.dotmarketing.portlets.contentlet.model.ContentletVersionInfo>
  <com.dotmarketing.portlets.contentlet.model.ContentletVersionInfo>
    <identifier>08086b51-0fe9-47e5-b673-7ee7d1482473</identifier>
    <deleted>false</deleted>
    <lockedOn class="sql-timestamp">2018-09-13 20:59:45.924</lockedOn>
    <lang>1</lang>
    <workingInode>6f1329ea-a005-4f68-a4e9-1dc754b63cb7</workingInode>
    <liveInode>6f1329ea-a005-4f68-a4e9-1dc754b63cb7</liveInode>
    <versionTs class="sql-timestamp">2018-09-13 20:59:45.93</versionTs>
  </com.dotmarketing.portlets.contentlet.model.ContentletVersionInfo>
  <com.dotmarketing.portlets.contentlet.model.ContentletVersionInfo>
    <identifier>0aae3e80-bb12-4ad9-a356-91535408edb8</identifier>
    <deleted>false</deleted>
    <lockedOn class="sql-timestamp">2018-09-13 20:40:12.2</lockedOn>
    <lang>1</lang>
    <workingInode>a79d8ca3-58c0-4014-9f65-c0bfc2253254</workingInode>
    <liveInode>a79d8ca3-58c0-4014-9f65-c0bfc2253254</liveInode>
    <versionTs class="sql-timestamp">2018-09-13 20:40:12.225</versionTs>
  </com.dotmarketing.portlets.contentlet.model.ContentletVersionInfo>
  <com.dotmarketing.portlets.contentlet.model.ContentletVersionInfo>
    <identifier>1429cc1e-4a93-4e00-9228-e2be3bd3c4ec</identifier>
    <deleted>false</deleted>
    <lockedOn class="sql-timestamp">2018-09-13 20:40:12.496</lockedOn>
    <lang>1</lang>
    <workingInode>d0fda700-aed3-4844-92f5-01310e76ab69</workingInode>
    <liveInode>d0fda700-aed3-4844-92f5-01310e76ab69</liveInode>
    <versionTs class="sql-timestamp">2018-09-13 20:40:12.524</versionTs>
  </com.dotmarketing.portlets.contentlet.model.ContentletVersionInfo>
  <com.dotmarketing.portlets.contentlet.model.ContentletVersionInfo>
    <identifier>15f5bdee-e917-447d-a638-fdb650a7a227</identifier>
    <deleted>false</deleted>
    <lockedOn class="sql-timestamp">2018-09-13 20:40:11.848</lockedOn>
    <lang>1</lang>
    <workingInode>613d9041-6173-4b36-b23c-9b3a8dcb2224</workingInode>
    <liveInode>613d9041-6173-4b36-b23c-9b3a8dcb2224</liveInode>
    <versionTs class="sql-timestamp">2018-09-13 20:40:11.868</versionTs>
  </com.dotmarketing.portlets.contentlet.model.ContentletVersionInfo>
  <com.dotmarketing.portlets.contentlet.model.ContentletVersionInfo>
    <identifier>16bab3a3-53c0-4c40-bcf8-21590ca57cd7</identifier>
    <deleted>false</deleted>
    <lockedOn class="sql-timestamp">2018-09-13 20:40:12.033</lockedOn>
    <lang>1</lang>
    <workingInode>a12af264-af43-4262-b078-c3f55026aa5e</workingInode>
    <liveInode>a12af264-af43-4262-b078-c3f55026aa5e</liveInode>
    <versionTs class="sql-timestamp">2018-09-13 20:40:12.056</versionTs>
  </com.dotmarketing.portlets.contentlet.model.ContentletVersionInfo>
  <com.dotmarketing.portlets.contentlet.model.ContentletVersionInfo>
    <identifier>175f688b-fdd8-4236-9e8e-d236bd39c26b</identifier>
    <deleted>false</deleted>
    <lockedOn class="sql-timestamp">2018-09-13 20:40:12.248</lockedOn>
    <lang>1</lang>
    <workingInode>b0dab74c-df48-45e9-8c87-d41d04b41bbd</workingInode>
    <liveInode>b0dab74c-df48-45e9-8c87-d41d04b41bbd</liveInode>
    <versionTs class="sql-timestamp">2018-09-13 20:40:12.275</versionTs>
  </com.dotmarketing.portlets.contentlet.model.ContentletVersionInfo>
  <com.dotmarketing.portlets.contentlet.model.ContentletVersionInfo>
    <identifier>22f217db-27f1-41e5-b8ac-d3467868ef6e</identifier>
    <deleted>false</deleted>
    <lockedOn class="sql-timestamp">2018-09-13 20:40:11.936</lockedOn>
    <lang>1</lang>
    <workingInode>ced1c937-4439-460e-b4c2-701a070a8481</workingInode>
    <liveInode>ced1c937-4439-460e-b4c2-701a070a8481</liveInode>
    <versionTs class="sql-timestamp">2018-09-13 20:40:11.959</versionTs>
  </com.dotmarketing.portlets.contentlet.model.ContentletVersionInfo>
  <com.dotmarketing.portlets.contentlet.model.ContentletVersionInfo>
    <identifier>23d6f995-0b73-42b1-b24a-d1605c30ce46</identifier>
    <deleted>false</deleted>
    <lockedOn class="sql-timestamp">2018-09-13 20:40:11.355</lockedOn>
    <lang>1</lang>
    <workingInode>cc372424-b00a-414e-99ce-810920d87e4c</workingInode>
    <liveInode>cc372424-b00a-414e-99ce-810920d87e4c</liveInode>
    <versionTs class="sql-timestamp">2018-09-13 20:40:11.393</versionTs>
  </com.dotmarketing.portlets.contentlet.model.ContentletVersionInfo>
  <com.dotmarketing.portlets.contentlet.model.ContentletVersionInfo>
    <identifier>2d12f5e1-888c-4390-a04a-80f995b81241</identifier>
    <deleted>false</deleted>
    <lockedOn class="sql-timestamp">2018-09-13 20:40:11.858</lockedOn>
    <lang>1</lang>
    <workingInode>9e1498ac-e1d0-4d78-a5d4-ab2aefd43b56</workingInode>
    <liveInode>9e1498ac-e1d0-4d78-a5d4-ab2aefd43b56</liveInode>
    <versionTs class="sql-timestamp">2018-09-13 20:40:11.878</versionTs>
  </com.dotmarketing.portlets.contentlet.model.ContentletVersionInfo>
  <com.dotmarketing.portlets.contentlet.model.ContentletVersionInfo>
    <identifier>328e9be8-2dd8-4014-97e2-037c59becabc</identifier>
    <deleted>false</deleted>
    <lockedOn class="sql-timestamp">2018-09-13 20:40:11.269</lockedOn>
    <lang>1</lang>
    <workingInode>b7837991-0ae7-4b2b-a368-f94ba9dc75cb</workingInode>
    <liveInode>b7837991-0ae7-4b2b-a368-f94ba9dc75cb</liveInode>
    <versionTs class="sql-timestamp">2018-09-13 20:40:11.285</versionTs>
  </com.dotmarketing.portlets.contentlet.model.ContentletVersionInfo>
  <com.dotmarketing.portlets.contentlet.model.ContentletVersionInfo>
    <identifier>53f99e3d-be0d-41af-813c-d335267593ca</identifier>
    <deleted>false</deleted>
    <lockedOn class="sql-timestamp">2018-09-13 20:40:12.118</lockedOn>
    <lang>1</lang>
    <workingInode>8c53ac3a-745c-4465-a2e3-b33268991b92</workingInode>
    <liveInode>8c53ac3a-745c-4465-a2e3-b33268991b92</liveInode>
    <versionTs class="sql-timestamp">2018-09-13 20:40:12.141</versionTs>
  </com.dotmarketing.portlets.contentlet.model.ContentletVersionInfo>
  <com.dotmarketing.portlets.contentlet.model.ContentletVersionInfo>
    <identifier>632fdaf1-ba57-4fa5-a29d-a6904bdfa7f8</identifier>
    <deleted>false</deleted>
    <lockedOn class="sql-timestamp">2018-09-13 20:40:12.119</lockedOn>
    <lang>1</lang>
    <workingInode>10871f99-4cd7-4aac-87ab-489e0bf00356</workingInode>
    <liveInode>10871f99-4cd7-4aac-87ab-489e0bf00356</liveInode>
    <versionTs class="sql-timestamp">2018-09-13 20:40:12.141</versionTs>
  </com.dotmarketing.portlets.contentlet.model.ContentletVersionInfo>
  <com.dotmarketing.portlets.contentlet.model.ContentletVersionInfo>
    <identifier>6da41d8e-4e55-43e3-bd5a-2c3fb3ab744c</identifier>
    <deleted>false</deleted>
    <lockedOn class="sql-timestamp">2018-09-13 21:11:24.027</lockedOn>
    <lang>1</lang>
    <workingInode>3fba646a-6d25-4680-9c4f-84d17fae0ac8</workingInode>
    <liveInode>3fba646a-6d25-4680-9c4f-84d17fae0ac8</liveInode>
    <versionTs class="sql-timestamp">2018-09-13 21:11:24.006</versionTs>
  </com.dotmarketing.portlets.contentlet.model.ContentletVersionInfo>
  <com.dotmarketing.portlets.contentlet.model.ContentletVersionInfo>
    <identifier>72d2d29d-fa70-4c99-93fd-fe29d81bb636</identifier>
    <deleted>false</deleted>
    <lockedOn class="sql-timestamp">2018-09-13 20:40:11.749</lockedOn>
    <lang>1</lang>
    <workingInode>23ca8b49-23c3-4401-b5fe-42a81b0d4a3f</workingInode>
    <liveInode>23ca8b49-23c3-4401-b5fe-42a81b0d4a3f</liveInode>
    <versionTs class="sql-timestamp">2018-09-13 20:40:11.771</versionTs>
  </com.dotmarketing.portlets.contentlet.model.ContentletVersionInfo>
  <com.dotmarketing.portlets.contentlet.model.ContentletVersionInfo>
    <identifier>7bef8a08-0de1-4a4c-a99e-f5acee228e9b</identifier>
    <deleted>false</deleted>
    <lockedOn class="sql-timestamp">2018-09-13 20:40:12.018</lockedOn>
    <lang>1</lang>
    <workingInode>ffa1d92d-24ac-4a02-843b-e11d2f1fb217</workingInode>
    <liveInode>ffa1d92d-24ac-4a02-843b-e11d2f1fb217</liveInode>
    <versionTs class="sql-timestamp">2018-09-13 20:40:12.046</versionTs>
  </com.dotmarketing.portlets.contentlet.model.ContentletVersionInfo>
  <com.dotmarketing.portlets.contentlet.model.ContentletVersionInfo>
    <identifier>83339e79-54d5-4cc5-b857-5141939bcee3</identifier>
    <deleted>false</deleted>
    <lockedOn class="sql-timestamp">2018-09-13 20:40:12.409</lockedOn>
    <lang>1</lang>
    <workingInode>5f371f37-45dd-45a8-a0a7-cf62e853ad6e</workingInode>
    <liveInode>5f371f37-45dd-45a8-a0a7-cf62e853ad6e</liveInode>
    <versionTs class="sql-timestamp">2018-09-13 20:40:12.434</versionTs>
  </com.dotmarketing.portlets.contentlet.model.ContentletVersionInfo>
  <com.dotmarketing.portlets.contentlet.model.ContentletVersionInfo>
    <identifier>91fcd288-efe4-4bc8-bde1-dbf8437ca091</identifier>
    <deleted>false</deleted>
    <lockedOn class="sql-timestamp">2018-09-13 20:40:12.582</lockedOn>
    <lang>1</lang>
    <workingInode>eb128682-63de-4a9c-8d97-9a8b79f79d18</workingInode>
    <liveInode>eb128682-63de-4a9c-8d97-9a8b79f79d18</liveInode>
    <versionTs class="sql-timestamp">2018-09-13 20:40:12.605</versionTs>
  </com.dotmarketing.portlets.contentlet.model.ContentletVersionInfo>
  <com.dotmarketing.portlets.contentlet.model.ContentletVersionInfo>
    <identifier>97466c10-db14-4692-9e3b-1ad9b63a1fa3</identifier>
    <deleted>false</deleted>
    <lockedOn class="sql-timestamp">2018-09-13 20:40:11.927</lockedOn>
    <lang>1</lang>
    <workingInode>8e2c037a-902c-4ae7-a150-42965fa01190</workingInode>
    <liveInode>8e2c037a-902c-4ae7-a150-42965fa01190</liveInode>
    <versionTs class="sql-timestamp">2018-09-13 20:40:11.954</versionTs>
  </com.dotmarketing.portlets.contentlet.model.ContentletVersionInfo>
  <com.dotmarketing.portlets.contentlet.model.ContentletVersionInfo>
    <identifier>975e75d2-97fe-4c2e-b39f-192121d16799</identifier>
    <deleted>false</deleted>
    <lockedOn class="sql-timestamp">2018-09-13 20:40:12.292</lockedOn>
    <lang>1</lang>
    <workingInode>b7f4b722-88be-427d-83a7-4050909d00df</workingInode>
    <liveInode>b7f4b722-88be-427d-83a7-4050909d00df</liveInode>
    <versionTs class="sql-timestamp">2018-09-13 20:40:12.314</versionTs>
  </com.dotmarketing.portlets.contentlet.model.ContentletVersionInfo>
  <com.dotmarketing.portlets.contentlet.model.ContentletVersionInfo>
    <identifier>9b3d2169-3b9c-4373-ac22-01b50bcf0260</identifier>
    <deleted>false</deleted>
    <lockedOn class="sql-timestamp">2018-09-13 20:40:11.59</lockedOn>
    <lang>1</lang>
    <workingInode>9572d723-e54b-485f-8e44-a69a4c8187d5</workingInode>
    <liveInode>9572d723-e54b-485f-8e44-a69a4c8187d5</liveInode>
    <versionTs class="sql-timestamp">2018-09-13 20:40:11.617</versionTs>
  </com.dotmarketing.portlets.contentlet.model.ContentletVersionInfo>
  <com.dotmarketing.portlets.contentlet.model.ContentletVersionInfo>
    <identifier>cc57e685-4adf-40a1-8a36-2fbc72ba12ee</identifier>
    <deleted>false</deleted>
    <lockedOn class="sql-timestamp">2018-09-13 20:40:11.775</lockedOn>
    <lang>1</lang>
    <workingInode>656e1c3d-62ac-4f25-959b-e718a8aba67f</workingInode>
    <liveInode>656e1c3d-62ac-4f25-959b-e718a8aba67f</liveInode>
    <versionTs class="sql-timestamp">2018-09-13 20:40:11.797</versionTs>
  </com.dotmarketing.portlets.contentlet.model.ContentletVersionInfo>
  <com.dotmarketing.portlets.contentlet.model.ContentletVersionInfo>
    <identifier>d06b4a6a-ff97-49d2-9687-a0150a54391f</identifier>
    <deleted>false</deleted>
    <lockedOn class="sql-timestamp">2018-09-13 20:40:11.676</lockedOn>
    <lang>1</lang>
    <workingInode>770fd931-8347-4831-b082-3f8d60cd9db0</workingInode>
    <liveInode>770fd931-8347-4831-b082-3f8d60cd9db0</liveInode>
    <versionTs class="sql-timestamp">2018-09-13 20:40:11.705</versionTs>
  </com.dotmarketing.portlets.contentlet.model.ContentletVersionInfo>
  <com.dotmarketing.portlets.contentlet.model.ContentletVersionInfo>
    <identifier>d9ad750c-8fbc-4791-b0b1-489928f08878</identifier>
    <deleted>false</deleted>
    <lockedOn class="sql-timestamp">2018-09-13 20:40:11.354</lockedOn>
    <lang>1</lang>
    <workingInode>ac3a670e-f0ed-469b-bfec-697a95c3fa6a</workingInode>
    <liveInode>ac3a670e-f0ed-469b-bfec-697a95c3fa6a</liveInode>
    <versionTs class="sql-timestamp">2018-09-13 20:40:11.384</versionTs>
  </com.dotmarketing.portlets.contentlet.model.ContentletVersionInfo>
  <com.dotmarketing.portlets.contentlet.model.ContentletVersionInfo>
    <identifier>db445921-c4e2-4e17-bdff-e45d6e15ad43</identifier>
    <deleted>false</deleted>
    <lockedOn class="sql-timestamp">2018-09-13 20:40:11.499</lockedOn>
    <lang>1</lang>
    <workingInode>9cc45e76-f9d5-4394-af1b-5d387e2b7c4d</workingInode>
    <liveInode>9cc45e76-f9d5-4394-af1b-5d387e2b7c4d</liveInode>
    <versionTs class="sql-timestamp">2018-09-13 20:40:11.58</versionTs>
  </com.dotmarketing.portlets.contentlet.model.ContentletVersionInfo>
  <com.dotmarketing.portlets.contentlet.model.ContentletVersionInfo>
    <identifier>e09863e5-493c-4fd8-a187-56c53e0b7ae8</identifier>
    <deleted>false</deleted>
    <lockedOn class="sql-timestamp">2018-09-13 20:40:12.335</lockedOn>
    <lang>1</lang>
    <workingInode>ba6b9cb7-711f-4cbe-9eaa-485d30f0f4b0</workingInode>
    <liveInode>ba6b9cb7-711f-4cbe-9eaa-485d30f0f4b0</liveInode>
    <versionTs class="sql-timestamp">2018-09-13 20:40:12.355</versionTs>
  </com.dotmarketing.portlets.contentlet.model.ContentletVersionInfo>
  <com.dotmarketing.portlets.contentlet.model.ContentletVersionInfo>
    <identifier>eb116dfe-2fcf-4341-9b20-a84cd5f6c807</identifier>
    <deleted>false</deleted>
    <lockedOn class="sql-timestamp">2018-09-13 20:40:12.516</lockedOn>
    <lang>1</lang>
    <workingInode>cdb33151-4070-43e8-be0a-388b1027a073</workingInode>
    <liveInode>cdb33151-4070-43e8-be0a-388b1027a073</liveInode>
    <versionTs class="sql-timestamp">2018-09-13 20:40:12.537</versionTs>
  </com.dotmarketing.portlets.contentlet.model.ContentletVersionInfo>
  <com.dotmarketing.portlets.contentlet.model.ContentletVersionInfo>
    <identifier>ec756bbe-3b8d-4322-b228-86537accd80a</identifier>
    <deleted>false</deleted>
    <lockedOn class="sql-timestamp">2018-09-13 20:59:08.812</lockedOn>
    <lang>1</lang>
    <workingInode>fbbb82ef-3def-4582-88b5-aa9cdb857d4a</workingInode>
    <liveInode>fbbb82ef-3def-4582-88b5-aa9cdb857d4a</liveInode>
    <versionTs class="sql-timestamp">2018-09-13 20:59:08.816</versionTs>
  </com.dotmarketing.portlets.contentlet.model.ContentletVersionInfo>
  <com.dotmarketing.portlets.contentlet.model.ContentletVersionInfo>
    <identifier>f297796d-ca6d-4961-a03f-a42efaf83496</identifier>
    <deleted>false</deleted>
    <lockedOn class="sql-timestamp">2018-09-13 20:40:12.437</lockedOn>
    <lang>1</lang>
    <workingInode>e151da31-9eec-4387-b03e-a09b92aae58d</workingInode>
    <liveInode>e151da31-9eec-4387-b03e-a09b92aae58d</liveInode>
    <versionTs class="sql-timestamp">2018-09-13 20:40:12.457</versionTs>
  </com.dotmarketing.portlets.contentlet.model.ContentletVersionInfo>
  <com.dotmarketing.portlets.contentlet.model.ContentletVersionInfo>
    <identifier>f998314f-81dd-4593-8f74-892d9b9fa4f6</identifier>
    <deleted>false</deleted>
    <lockedOn class="sql-timestamp">2018-09-13 20:40:11.27</lockedOn>
    <lang>1</lang>
    <workingInode>6c0b9a60-6e0b-42ba-8c3d-88949db0a44d</workingInode>
    <liveInode>6c0b9a60-6e0b-42ba-8c3d-88949db0a44d</liveInode>
    <versionTs class="sql-timestamp">2018-09-13 20:40:11.301</versionTs>
  </com.dotmarketing.portlets.contentlet.model.ContentletVersionInfo>
  <com.dotmarketing.portlets.contentlet.model.ContentletVersionInfo>
    <identifier>SYSTEM_HOST</identifier>
    <deleted>false</deleted>
    <lockedOn class="sql-timestamp">2012-06-07 09:46:26.951</lockedOn>
    <lang>1</lang>
    <workingInode>dbdec5e2-c02b-4cfb-83a9-4a4c4f3b2eb0</workingInode>
    <liveInode>dbdec5e2-c02b-4cfb-83a9-4a4c4f3b2eb0</liveInode>
    <versionTs class="sql-timestamp">2012-06-07 09:46:26.951</versionTs>
  </com.dotmarketing.portlets.contentlet.model.ContentletVersionInfo>
</list>