<list>
  <com.dotmarketing.portlets.categories.model.Category>
    <iDate class="sql-timestamp">2011-11-22 15:38:55.908</iDate>
    <type>category</type>
    <owner></owner>
    <inode>3297fcca-d88a-45a7-aef4-7960bc6964aa</inode>
    <categoryName>A-Z Index</categoryName>
    <key>azindex</key>
    <sortOrder>0</sortOrder>
    <active>true</active>
    <categoryVelocityVarName>azIndex</categoryVelocityVarName>
    <modDate class="sql-timestamp">2014-03-21 14:11:18.976264</modDate>
  </com.dotmarketing.portlets.categories.model.Category>
  <com.dotmarketing.portlets.categories.model.Category>
    <iDate class="sql-timestamp">2011-11-17 18:58:02.587</iDate>
    <type>category</type>
    <owner></owner>
    <inode>3b8c53ec-f6ba-4b81-adef-6b7ed38a8490</inode>
    <categoryName>Webinars</categoryName>
    <key>webinars</key>
    <sortOrder>0</sortOrder>
    <active>true</active>
    <categoryVelocityVarName>webinars</categoryVelocityVarName>
    <modDate class="sql-timestamp">2014-03-21 14:11:18.976264</modDate>
  </com.dotmarketing.portlets.categories.model.Category>
  <com.dotmarketing.portlets.categories.model.Category>
    <iDate class="sql-timestamp">2011-11-17 18:57:55.985</iDate>
    <type>category</type>
    <owner></owner>
    <inode>5193736b-b98c-425d-a12c-0391d2bef6a9</inode>
    <categoryName>Seminars</categoryName>
    <key>seminars</key>
    <sortOrder>0</sortOrder>
    <active>true</active>
    <categoryVelocityVarName>seminars</categoryVelocityVarName>
    <modDate class="sql-timestamp">2014-03-21 14:11:18.976264</modDate>
  </com.dotmarketing.portlets.categories.model.Category>
  <com.dotmarketing.portlets.categories.model.Category>
    <iDate class="sql-timestamp">2011-11-17 18:57:47.369</iDate>
    <type>category</type>
    <owner></owner>
    <inode>5ad2fb00-74b8-4b44-9954-99787d7457f4</inode>
    <categoryName>Release Dates</categoryName>
    <key>releasedates</key>
    <sortOrder>0</sortOrder>
    <active>true</active>
    <categoryVelocityVarName>releaseDates</categoryVelocityVarName>
    <modDate class="sql-timestamp">2014-03-21 14:11:18.976264</modDate>
  </com.dotmarketing.portlets.categories.model.Category>
  <com.dotmarketing.portlets.categories.model.Category>
    <iDate class="sql-timestamp">2011-11-17 18:57:33.51</iDate>
    <type>category</type>
    <owner></owner>
    <inode>ac117b80-66f5-4981-9c41-2b47040b8581</inode>
    <categoryName>Conferences</categoryName>
    <key>conferences</key>
    <sortOrder>0</sortOrder>
    <active>true</active>
    <categoryVelocityVarName>conferences</categoryVelocityVarName>
    <modDate class="sql-timestamp">2014-03-21 14:11:18.976264</modDate>
  </com.dotmarketing.portlets.categories.model.Category>
  <com.dotmarketing.portlets.categories.model.Category>
    <iDate class="sql-timestamp">2011-11-17 18:57:07.329</iDate>
    <type>category</type>
    <owner></owner>
    <inode>375341a2-0912-422f-b903-2602b6105c70</inode>
    <categoryName>Event Types</categoryName>
    <key>event</key>
    <sortOrder>0</sortOrder>
    <active>true</active>
    <categoryVelocityVarName>eventTypes</categoryVelocityVarName>
    <modDate class="sql-timestamp">2014-03-21 14:11:18.976264</modDate>
  </com.dotmarketing.portlets.categories.model.Category>
  <com.dotmarketing.portlets.categories.model.Category>
    <iDate class="sql-timestamp">2011-06-30 21:39:27.764</iDate>
    <type>category</type>
    <owner></owner>
    <inode>ede13663-ff06-4d01-ab99-a8976e995010</inode>
    <categoryName>Research</categoryName>
    <sortOrder>0</sortOrder>
    <active>true</active>
    <categoryVelocityVarName>research</categoryVelocityVarName>
    <modDate class="sql-timestamp">2014-03-21 14:11:18.976264</modDate>
  </com.dotmarketing.portlets.categories.model.Category>
  <com.dotmarketing.portlets.categories.model.Category>
    <iDate class="sql-timestamp">2011-06-30 21:39:08.714</iDate>
    <type>category</type>
    <owner></owner>
    <inode>20cdf9f1-bf66-4303-92e0-8822f8081cfc</inode>
    <categoryName>Wealth Management</categoryName>
    <sortOrder>0</sortOrder>
    <active>true</active>
    <categoryVelocityVarName>wealthManagement</categoryVelocityVarName>
    <modDate class="sql-timestamp">2014-03-21 14:11:18.976264</modDate>
  </com.dotmarketing.portlets.categories.model.Category>
  <com.dotmarketing.portlets.categories.model.Category>
    <iDate class="sql-timestamp">2011-06-30 21:38:52.08</iDate>
    <type>category</type>
    <owner></owner>
    <inode>d1e963ee-b6ba-4ca6-b060-5f696437a328</inode>
    <categoryName>Investment Banking</categoryName>
    <sortOrder>0</sortOrder>
    <active>true</active>
    <categoryVelocityVarName>investing</categoryVelocityVarName>
    <modDate class="sql-timestamp">2014-03-21 14:11:18.976264</modDate>
  </com.dotmarketing.portlets.categories.model.Category>
  <com.dotmarketing.portlets.categories.model.Category>
    <iDate class="sql-timestamp">2011-06-30 21:37:30.444</iDate>
    <type>category</type>
    <owner></owner>
    <inode>cf140e2a-d01d-4d48-8ab0-e87aceb22b33</inode>
    <categoryName>Private Banking</categoryName>
    <sortOrder>0</sortOrder>
    <active>true</active>
    <categoryVelocityVarName>banking</categoryVelocityVarName>
    <modDate class="sql-timestamp">2014-03-21 14:11:18.976264</modDate>
  </com.dotmarketing.portlets.categories.model.Category>
  <com.dotmarketing.portlets.categories.model.Category>
    <iDate class="sql-timestamp">2011-06-30 21:37:01.625</iDate>
    <type>category</type>
    <owner></owner>
    <inode>3d5d641b-e5fd-409e-a283-b6fe7ab780d1</inode>
    <categoryName>Topic</categoryName>
    <key>topic</key>
    <sortOrder>0</sortOrder>
    <active>true</active>
    <categoryVelocityVarName>topic</categoryVelocityVarName>
    <modDate class="sql-timestamp">2014-03-21 14:11:18.976264</modDate>
  </com.dotmarketing.portlets.categories.model.Category>
</list>