<list>
  <com.dotmarketing.portlets.folders.model.Folder>
    <iDate class="sql-timestamp">2018-09-13 20:40:12.194</iDate>
    <type>folder</type>
    <owner></owner>
    <inode>f4cb0b08-6985-4462-8c8a-6fda42b9a54a</inode>
    <identifier>99e5a4a7-94ba-46f6-a385-7fd50f6ff6f6</identifier>
    <name>default</name>
    <sortOrder>0</sortOrder>
    <showOnMenu>false</showOnMenu>
    <hostId>0692061d-399c-4887-9ec6-17b386b89c2d</hostId>
    <title>default</title>
    <filesMasks></filesMasks>
    <defaultFileType>33888b6f-7a8e-4069-b1b6-5c1aa9d0a48d</defaultFileType>
    <modDate class="sql-timestamp">2018-09-13 20:40:12.195</modDate>
  </com.dotmarketing.portlets.folders.model.Folder>
  <com.dotmarketing.portlets.folders.model.Folder>
    <iDate class="sql-timestamp">2018-09-13 20:40:11.216</iDate>
    <type>folder</type>
    <owner></owner>
    <inode>32627f02-d15b-4d89-8888-08c675eabec1</inode>
    <identifier>4cf8c8f2-83ea-4a31-a6fc-9d56ecfa4084</identifier>
    <name>themes</name>
    <sortOrder>0</sortOrder>
    <showOnMenu>false</showOnMenu>
    <hostId>0692061d-399c-4887-9ec6-17b386b89c2d</hostId>
    <title>themes</title>
    <filesMasks></filesMasks>
    <defaultFileType>33888b6f-7a8e-4069-b1b6-5c1aa9d0a48d</defaultFileType>
    <modDate class="sql-timestamp">2018-09-13 20:40:11.216</modDate>
  </com.dotmarketing.portlets.folders.model.Folder>
  <com.dotmarketing.portlets.folders.model.Folder>
    <iDate class="sql-timestamp">2018-09-13 20:40:11.216</iDate>
    <type>folder</type>
    <owner></owner>
    <inode>a2a42c05-30f6-458b-a6cf-b0b1b51b2dd1</inode>
    <identifier>bf98ae37-980f-432e-b55e-72c882ba50b1</identifier>
    <name>util</name>
    <sortOrder>0</sortOrder>
    <showOnMenu>false</showOnMenu>
    <hostId>0692061d-399c-4887-9ec6-17b386b89c2d</hostId>
    <title>util</title>
    <filesMasks></filesMasks>
    <defaultFileType>33888b6f-7a8e-4069-b1b6-5c1aa9d0a48d</defaultFileType>
    <modDate class="sql-timestamp">2018-09-13 20:40:11.216</modDate>
  </com.dotmarketing.portlets.folders.model.Folder>
  <com.dotmarketing.portlets.folders.model.Folder>
    <iDate class="sql-timestamp">2018-09-13 20:40:11.174</iDate>
    <type>folder</type>
    <owner></owner>
    <inode>0ea2b280-7655-4978-8294-330f2641ebbc</inode>
    <identifier>b8ca3d05-65f8-4b96-8cea-9d25155f4571</identifier>
    <name>includes</name>
    <sortOrder>0</sortOrder>
    <showOnMenu>false</showOnMenu>
    <hostId>0692061d-399c-4887-9ec6-17b386b89c2d</hostId>
    <title>includes</title>
    <filesMasks></filesMasks>
    <defaultFileType>33888b6f-7a8e-4069-b1b6-5c1aa9d0a48d</defaultFileType>
    <modDate class="sql-timestamp">2018-09-13 20:40:11.175</modDate>
  </com.dotmarketing.portlets.folders.model.Folder>
  <com.dotmarketing.portlets.folders.model.Folder>
    <iDate class="sql-timestamp">2018-09-13 20:40:11.174</iDate>
    <type>folder</type>
    <owner></owner>
    <inode>7772aca4-f80e-4433-b45c-50cd4e95ce1e</inode>
    <identifier>ac086194-67ae-46d9-87d3-483709886531</identifier>
    <name>macros</name>
    <sortOrder>0</sortOrder>
    <showOnMenu>false</showOnMenu>
    <hostId>0692061d-399c-4887-9ec6-17b386b89c2d</hostId>
    <title>macros</title>
    <filesMasks></filesMasks>
    <defaultFileType>33888b6f-7a8e-4069-b1b6-5c1aa9d0a48d</defaultFileType>
    <modDate class="sql-timestamp">2018-09-13 20:40:11.175</modDate>
  </com.dotmarketing.portlets.folders.model.Folder>
  <com.dotmarketing.portlets.folders.model.Folder>
    <iDate class="sql-timestamp">2018-09-13 20:40:11.134</iDate>
    <type>folder</type>
    <owner></owner>
    <inode>f210a675-3cc5-49fd-b9ec-9fe5375ad502</inode>
    <identifier>42b07e01-7359-465d-971b-968b2372c1d8</identifier>
    <name>custom-fields</name>
    <sortOrder>0</sortOrder>
    <showOnMenu>false</showOnMenu>
    <hostId>0692061d-399c-4887-9ec6-17b386b89c2d</hostId>
    <title>custom-fields</title>
    <filesMasks></filesMasks>
    <defaultFileType>33888b6f-7a8e-4069-b1b6-5c1aa9d0a48d</defaultFileType>
    <modDate class="sql-timestamp">2018-09-13 20:40:11.135</modDate>
  </com.dotmarketing.portlets.folders.model.Folder>
  <com.dotmarketing.portlets.folders.model.Folder>
    <iDate class="sql-timestamp">2018-09-13 20:40:11.13</iDate>
    <type>folder</type>
    <owner></owner>
    <inode>a68b5429-b543-469d-ac3c-ad43726997a1</inode>
    <identifier>3a90f323-0ffa-497b-981d-a70293ce93ed</identifier>
    <name>containers</name>
    <sortOrder>0</sortOrder>
    <showOnMenu>false</showOnMenu>
    <hostId>0692061d-399c-4887-9ec6-17b386b89c2d</hostId>
    <title>containers</title>
    <filesMasks></filesMasks>
    <defaultFileType>33888b6f-7a8e-4069-b1b6-5c1aa9d0a48d</defaultFileType>
    <modDate class="sql-timestamp">2018-09-13 20:40:11.131</modDate>
  </com.dotmarketing.portlets.folders.model.Folder>
  <com.dotmarketing.portlets.folders.model.Folder>
    <iDate class="sql-timestamp">2018-09-13 20:40:11.093</iDate>
    <type>folder</type>
    <owner></owner>
    <inode>53e683f8-182a-4dee-bb8e-c9a2681404d3</inode>
    <identifier>f7391962-c4bf-469a-896b-d1beb3067af5</identifier>
    <name>async</name>
    <sortOrder>0</sortOrder>
    <showOnMenu>false</showOnMenu>
    <hostId>0692061d-399c-4887-9ec6-17b386b89c2d</hostId>
    <title>async</title>
    <filesMasks></filesMasks>
    <defaultFileType>33888b6f-7a8e-4069-b1b6-5c1aa9d0a48d</defaultFileType>
    <modDate class="sql-timestamp">2018-09-13 20:40:11.094</modDate>
  </com.dotmarketing.portlets.folders.model.Folder>
  <com.dotmarketing.portlets.folders.model.Folder>
    <iDate class="sql-timestamp">2018-09-13 20:40:11.092</iDate>
    <type>folder</type>
    <owner></owner>
    <inode>5d2e3431-406d-44b9-9bc1-d462d9080b03</inode>
    <identifier>f2e42cec-5b12-49ea-b234-a9b7c6c9a753</identifier>
    <name>vtl</name>
    <sortOrder>0</sortOrder>
    <showOnMenu>false</showOnMenu>
    <hostId>0692061d-399c-4887-9ec6-17b386b89c2d</hostId>
    <title>vtl</title>
    <filesMasks></filesMasks>
    <defaultFileType>33888b6f-7a8e-4069-b1b6-5c1aa9d0a48d</defaultFileType>
    <modDate class="sql-timestamp">2018-09-13 20:40:11.092</modDate>
  </com.dotmarketing.portlets.folders.model.Folder>
  <com.dotmarketing.portlets.folders.model.Folder>
    <iDate class="sql-timestamp">2018-09-13 20:40:11.055</iDate>
    <type>folder</type>
    <owner></owner>
    <inode>b8a113cd-ef3a-499f-9984-45c6db12092e</inode>
    <identifier>a3b5fc3a-a56b-4c51-8454-0e519d247a57</identifier>
    <name>json</name>
    <sortOrder>0</sortOrder>
    <showOnMenu>false</showOnMenu>
    <hostId>0692061d-399c-4887-9ec6-17b386b89c2d</hostId>
    <title>json</title>
    <filesMasks></filesMasks>
    <defaultFileType>33888b6f-7a8e-4069-b1b6-5c1aa9d0a48d</defaultFileType>
    <modDate class="sql-timestamp">2018-09-13 20:40:11.055</modDate>
  </com.dotmarketing.portlets.folders.model.Folder>
  <com.dotmarketing.portlets.folders.model.Folder>
    <iDate class="sql-timestamp">2018-09-13 20:40:11.055</iDate>
    <type>folder</type>
    <owner></owner>
    <inode>bd10b69e-2a4f-4e19-a6dc-f4cdf5b6a28f</inode>
    <identifier>828f2b2b-7479-4556-b801-c0dfda466e81</identifier>
    <name>static</name>
    <sortOrder>0</sortOrder>
    <showOnMenu>false</showOnMenu>
    <hostId>0692061d-399c-4887-9ec6-17b386b89c2d</hostId>
    <title>static</title>
    <filesMasks></filesMasks>
    <defaultFileType>33888b6f-7a8e-4069-b1b6-5c1aa9d0a48d</defaultFileType>
    <modDate class="sql-timestamp">2018-09-13 20:40:11.055</modDate>
  </com.dotmarketing.portlets.folders.model.Folder>
  <com.dotmarketing.portlets.folders.model.Folder>
    <iDate class="sql-timestamp">2018-09-13 20:40:11.01</iDate>
    <type>folder</type>
    <owner></owner>
    <inode>6f204904-ee5a-41cc-b397-fc4e718f663a</inode>
    <identifier>66169cd5-7484-450b-b5b3-8e7de7d76ff1</identifier>
    <name>js</name>
    <sortOrder>0</sortOrder>
    <showOnMenu>false</showOnMenu>
    <hostId>0692061d-399c-4887-9ec6-17b386b89c2d</hostId>
    <title>js</title>
    <filesMasks></filesMasks>
    <defaultFileType>33888b6f-7a8e-4069-b1b6-5c1aa9d0a48d</defaultFileType>
    <modDate class="sql-timestamp">2018-09-13 20:40:11.015</modDate>
  </com.dotmarketing.portlets.folders.model.Folder>
  <com.dotmarketing.portlets.folders.model.Folder>
    <iDate class="sql-timestamp">2018-09-13 20:40:11.01</iDate>
    <type>folder</type>
    <owner></owner>
    <inode>860e7d9d-acb8-4646-99bf-43de893b38b3</inode>
    <identifier>15385d17-6c3c-40d4-a3e7-9d4fffe22064</identifier>
    <name>img</name>
    <sortOrder>0</sortOrder>
    <showOnMenu>false</showOnMenu>
    <hostId>0692061d-399c-4887-9ec6-17b386b89c2d</hostId>
    <title>img</title>
    <filesMasks></filesMasks>
    <defaultFileType>33888b6f-7a8e-4069-b1b6-5c1aa9d0a48d</defaultFileType>
    <modDate class="sql-timestamp">2018-09-13 20:40:11.012</modDate>
  </com.dotmarketing.portlets.folders.model.Folder>
  <com.dotmarketing.portlets.folders.model.Folder>
    <iDate class="sql-timestamp">2018-09-13 20:40:10.973</iDate>
    <type>folder</type>
    <owner></owner>
    <inode>67247a8d-c9ef-40cd-a381-bd833844e30b</inode>
    <identifier>06967d60-7a14-4b58-ae39-e64c4caf5df4</identifier>
    <name>docs</name>
    <sortOrder>0</sortOrder>
    <showOnMenu>false</showOnMenu>
    <hostId>0692061d-399c-4887-9ec6-17b386b89c2d</hostId>
    <title>docs</title>
    <filesMasks></filesMasks>
    <defaultFileType>33888b6f-7a8e-4069-b1b6-5c1aa9d0a48d</defaultFileType>
    <modDate class="sql-timestamp">2018-09-13 20:40:10.974</modDate>
  </com.dotmarketing.portlets.folders.model.Folder>
  <com.dotmarketing.portlets.folders.model.Folder>
    <iDate class="sql-timestamp">2018-09-13 20:40:10.973</iDate>
    <type>folder</type>
    <owner></owner>
    <inode>e5521dba-1543-44eb-8347-1a5d9826ad9c</inode>
    <identifier>8c5786b2-fcf4-4045-8101-6e02a560375b</identifier>
    <name>fonts</name>
    <sortOrder>0</sortOrder>
    <showOnMenu>false</showOnMenu>
    <hostId>0692061d-399c-4887-9ec6-17b386b89c2d</hostId>
    <title>fonts</title>
    <filesMasks></filesMasks>
    <defaultFileType>33888b6f-7a8e-4069-b1b6-5c1aa9d0a48d</defaultFileType>
    <modDate class="sql-timestamp">2018-09-13 20:40:10.974</modDate>
  </com.dotmarketing.portlets.folders.model.Folder>
  <com.dotmarketing.portlets.folders.model.Folder>
    <iDate class="sql-timestamp">2018-09-13 20:40:10.936</iDate>
    <type>folder</type>
    <owner></owner>
    <inode>e20f37f5-ce5c-4b17-a525-be06459495ee</inode>
    <identifier>8a705792-2278-493a-bd04-708f578141c6</identifier>
    <name>css</name>
    <sortOrder>0</sortOrder>
    <showOnMenu>false</showOnMenu>
    <hostId>0692061d-399c-4887-9ec6-17b386b89c2d</hostId>
    <title>css</title>
    <filesMasks></filesMasks>
    <defaultFileType>33888b6f-7a8e-4069-b1b6-5c1aa9d0a48d</defaultFileType>
    <modDate class="sql-timestamp">2018-09-13 20:40:10.937</modDate>
  </com.dotmarketing.portlets.folders.model.Folder>
  <com.dotmarketing.portlets.folders.model.Folder>
    <iDate class="sql-timestamp">2018-09-13 20:40:10.932</iDate>
    <type>folder</type>
    <owner></owner>
    <inode>b11dd581-2c2a-4a1e-9547-495126ba6c28</inode>
    <identifier>cd0a8442-5394-426e-8802-9fdc937e8ec0</identifier>
    <name>application</name>
    <sortOrder>0</sortOrder>
    <showOnMenu>false</showOnMenu>
    <hostId>0692061d-399c-4887-9ec6-17b386b89c2d</hostId>
    <title>application</title>
    <filesMasks></filesMasks>
    <defaultFileType>33888b6f-7a8e-4069-b1b6-5c1aa9d0a48d</defaultFileType>
    <modDate class="sql-timestamp">2018-09-13 20:40:10.933</modDate>
  </com.dotmarketing.portlets.folders.model.Folder>
  <com.dotmarketing.portlets.folders.model.Folder>
    <iDate class="sql-timestamp">2009-10-08 20:27:18.0</iDate>
    <type>folder</type>
    <inode>SYSTEM_FOLDER</inode>
    <identifier>bc9a1d37-dd2d-4d49-a29d-0c9be740bfaf</identifier>
    <name>system folder</name>
    <sortOrder>0</sortOrder>
    <showOnMenu>false</showOnMenu>
    <hostId>SYSTEM_HOST</hostId>
    <title>System folder</title>
    <filesMasks></filesMasks>
    <defaultFileType>33888b6f-7a8e-4069-b1b6-5c1aa9d0a48d</defaultFileType>
    <modDate class="sql-timestamp">2014-03-21 14:11:18.793413</modDate>
  </com.dotmarketing.portlets.folders.model.Folder>
</list>