<list>
  <com.dotmarketing.tag.model.Tag>
    <userId></userId>
    <tagName>small-cap</tagName>
    <tagId>00e13d26-ebcd-41c6-a84a-c156081f2f09</tagId>
    <persona>false</persona>
    <hostId>SYSTEM_HOST</hostId>
  </com.dotmarketing.tag.model.Tag>
  <com.dotmarketing.tag.model.Tag>
    <userId></userId>
    <tagName>jewelry stores</tagName>
    <tagId>04567f02-f1d7-447e-b501-b8fb6570cf4b</tagId>
    <persona>false</persona>
    <hostId>SYSTEM_HOST</hostId>
  </com.dotmarketing.tag.model.Tag>
  <com.dotmarketing.tag.model.Tag>
    <userId></userId>
    <tagName>ecommerce</tagName>
    <tagId>0561d5c7-0308-45ce-afe5-18748522e118</tagId>
    <persona>false</persona>
    <hostId>SYSTEM_HOST</hostId>
  </com.dotmarketing.tag.model.Tag>
  <com.dotmarketing.tag.model.Tag>
    <userId></userId>
    <tagName>consumer goods</tagName>
    <tagId>060f7f95-ea94-4422-bbbd-f5d1317b9169</tagId>
    <persona>false</persona>
    <hostId>SYSTEM_HOST</hostId>
  </com.dotmarketing.tag.model.Tag>
  <com.dotmarketing.tag.model.Tag>
    <userId></userId>
    <tagName>inflation</tagName>
    <tagId>0675e4ea-872d-4587-82bf-d73b2ce94f55</tagId>
    <persona>false</persona>
    <hostId>48190c8c-42c4-46af-8d1a-0cd5db894797</hostId>
  </com.dotmarketing.tag.model.Tag>
  <com.dotmarketing.tag.model.Tag>
    <userId></userId>
    <tagName>short-term</tagName>
    <tagId>07cea875-17df-4e29-afaa-e5c4bf344a97</tagId>
    <persona>false</persona>
    <hostId>SYSTEM_HOST</hostId>
  </com.dotmarketing.tag.model.Tag>
  <com.dotmarketing.tag.model.Tag>
    <userId></userId>
    <tagName>long ideas</tagName>
    <tagId>091bf775-a962-4bc1-b1ab-2b994f0ee590</tagId>
    <persona>false</persona>
    <hostId>SYSTEM_HOST</hostId>
  </com.dotmarketing.tag.model.Tag>
  <com.dotmarketing.tag.model.Tag>
    <userId></userId>
    <tagName>google</tagName>
    <tagId>0b8ef3e5-e5a8-4804-a09e-3124e6ab4251</tagId>
    <persona>false</persona>
    <hostId>SYSTEM_HOST</hostId>
  </com.dotmarketing.tag.model.Tag>
  <com.dotmarketing.tag.model.Tag>
    <userId></userId>
    <tagName>supercar</tagName>
    <tagId>0c6f3728-cc6d-482e-8895-7760bf4c71f7</tagId>
    <persona>false</persona>
    <hostId>SYSTEM_HOST</hostId>
  </com.dotmarketing.tag.model.Tag>
  <com.dotmarketing.tag.model.Tag>
    <userId></userId>
    <tagName>customer service</tagName>
    <tagId>107ca82e-79b2-477b-81a7-690c980e21b7</tagId>
    <persona>false</persona>
    <hostId>SYSTEM_HOST</hostId>
  </com.dotmarketing.tag.model.Tag>
  <com.dotmarketing.tag.model.Tag>
    <userId></userId>
    <tagName>globalinvestor</tagName>
    <tagId>11b1e463-7d1f-4ac1-bece-92e03b725778</tagId>
    <persona>false</persona>
    <modDate class="sql-timestamp">2018-09-13 20:21:37.488</modDate>
    <hostId>SYSTEM_HOST</hostId>
  </com.dotmarketing.tag.model.Tag>
  <com.dotmarketing.tag.model.Tag>
    <userId></userId>
    <tagName>fund</tagName>
    <tagId>135aec12-468c-406b-9071-4af58f2ff8fd</tagId>
    <persona>false</persona>
    <hostId>SYSTEM_HOST</hostId>
  </com.dotmarketing.tag.model.Tag>
  <com.dotmarketing.tag.model.Tag>
    <userId></userId>
    <tagName>medical</tagName>
    <tagId>18e056c2-e690-43b8-959c-ddd38e64b8b1</tagId>
    <persona>false</persona>
    <modDate class="sql-timestamp">2018-09-13 20:21:37.492</modDate>
    <hostId>SYSTEM_HOST</hostId>
  </com.dotmarketing.tag.model.Tag>
  <com.dotmarketing.tag.model.Tag>
    <userId></userId>
    <tagName>athletics</tagName>
    <tagId>197b02f8-4224-4ab7-af74-aeb3df2e019f</tagId>
    <persona>false</persona>
    <hostId>SYSTEM_HOST</hostId>
  </com.dotmarketing.tag.model.Tag>
  <com.dotmarketing.tag.model.Tag>
    <userId></userId>
    <tagName>apache</tagName>
    <tagId>1e511b75-eb30-4f83-b632-e7f25a6aef5f</tagId>
    <persona>false</persona>
    <hostId>SYSTEM_HOST</hostId>
  </com.dotmarketing.tag.model.Tag>
  <com.dotmarketing.tag.model.Tag>
    <userId></userId>
    <tagName>aarp</tagName>
    <tagId>2172fab2-908b-4e21-8e1b-2a68249e4ae7</tagId>
    <persona>false</persona>
    <hostId>48190c8c-42c4-46af-8d1a-0cd5db894797</hostId>
  </com.dotmarketing.tag.model.Tag>
  <com.dotmarketing.tag.model.Tag>
    <userId></userId>
    <tagName>earnings</tagName>
    <tagId>249304aa-89e5-4bb8-996b-55f1ad62a569</tagId>
    <persona>false</persona>
    <hostId>SYSTEM_HOST</hostId>
  </com.dotmarketing.tag.model.Tag>
  <com.dotmarketing.tag.model.Tag>
    <userId></userId>
    <tagName>safety</tagName>
    <tagId>258f2876-9af5-4f69-8ba7-98556945f41b</tagId>
    <persona>false</persona>
    <hostId>SYSTEM_HOST</hostId>
  </com.dotmarketing.tag.model.Tag>
  <com.dotmarketing.tag.model.Tag>
    <userId></userId>
    <tagName>bond</tagName>
    <tagId>26352b8a-e080-4c83-bfb9-30ffcf106977</tagId>
    <persona>false</persona>
    <hostId>SYSTEM_HOST</hostId>
  </com.dotmarketing.tag.model.Tag>
  <com.dotmarketing.tag.model.Tag>
    <userId></userId>
    <tagName>retiree</tagName>
    <tagId>2660c8e4-4c29-416a-9413-6e08c0478c0e</tagId>
    <persona>false</persona>
    <modDate class="sql-timestamp">2016-02-19 17:21:27.592</modDate>
    <hostId>48190c8c-42c4-46af-8d1a-0cd5db894797</hostId>
  </com.dotmarketing.tag.model.Tag>
  <com.dotmarketing.tag.model.Tag>
    <userId></userId>
    <tagName>training</tagName>
    <tagId>2764078f-2ef8-49b2-8a72-24d735967edc</tagId>
    <persona>false</persona>
    <hostId>SYSTEM_HOST</hostId>
  </com.dotmarketing.tag.model.Tag>
  <com.dotmarketing.tag.model.Tag>
    <userId></userId>
    <tagName>long-term</tagName>
    <tagId>2846409f-1cc8-48ac-8e5d-7e9f0c5f03b9</tagId>
    <persona>false</persona>
    <hostId>SYSTEM_HOST</hostId>
  </com.dotmarketing.tag.model.Tag>
  <com.dotmarketing.tag.model.Tag>
    <userId></userId>
    <tagName>asia</tagName>
    <tagId>28fe7a25-9b2c-474c-8197-59f010833b6f</tagId>
    <persona>false</persona>
    <hostId>48190c8c-42c4-46af-8d1a-0cd5db894797</hostId>
  </com.dotmarketing.tag.model.Tag>
  <com.dotmarketing.tag.model.Tag>
    <userId></userId>
    <tagName>conference</tagName>
    <tagId>291f5f0e-e30f-4f8a-a94c-0aea5f19f5b2</tagId>
    <persona>false</persona>
    <hostId>SYSTEM_HOST</hostId>
  </com.dotmarketing.tag.model.Tag>
  <com.dotmarketing.tag.model.Tag>
    <userId></userId>
    <tagName>africa</tagName>
    <tagId>2b37599b-a1b8-4fd9-b3ab-40e25d5c5f77</tagId>
    <persona>false</persona>
    <modDate class="sql-timestamp">2018-09-13 20:21:37.476</modDate>
    <hostId>SYSTEM_HOST</hostId>
  </com.dotmarketing.tag.model.Tag>
  <com.dotmarketing.tag.model.Tag>
    <userId></userId>
    <tagName>annuities</tagName>
    <tagId>2b72fe19-28aa-45a2-b7af-bafc8284866f</tagId>
    <persona>false</persona>
    <hostId>48190c8c-42c4-46af-8d1a-0cd5db894797</hostId>
  </com.dotmarketing.tag.model.Tag>
  <com.dotmarketing.tag.model.Tag>
    <userId></userId>
    <tagName>services</tagName>
    <tagId>2bf48fd1-2272-420e-a04c-1ec6fbbc8743</tagId>
    <persona>false</persona>
    <hostId>SYSTEM_HOST</hostId>
  </com.dotmarketing.tag.model.Tag>
  <com.dotmarketing.tag.model.Tag>
    <userId></userId>
    <tagName>housing</tagName>
    <tagId>2c820c56-ccd4-4dfe-9c08-1745554ef421</tagId>
    <persona>false</persona>
    <modDate class="sql-timestamp">2018-09-13 20:21:37.489</modDate>
    <hostId>SYSTEM_HOST</hostId>
  </com.dotmarketing.tag.model.Tag>
  <com.dotmarketing.tag.model.Tag>
    <userId></userId>
    <tagName>balanced</tagName>
    <tagId>2e7c545b-a9c1-444d-923f-097a2566f51a</tagId>
    <persona>false</persona>
    <hostId>SYSTEM_HOST</hostId>
  </com.dotmarketing.tag.model.Tag>
  <com.dotmarketing.tag.model.Tag>
    <userId></userId>
    <tagName>bric</tagName>
    <tagId>2f4dce45-b5db-4773-9719-ca5ad4edaf25</tagId>
    <persona>false</persona>
    <modDate class="sql-timestamp">2018-09-13 20:21:37.479</modDate>
    <hostId>SYSTEM_HOST</hostId>
  </com.dotmarketing.tag.model.Tag>
  <com.dotmarketing.tag.model.Tag>
    <userId></userId>
    <tagName>tax-exempt</tagName>
    <tagId>2f55ddf9-199e-41b6-ba48-82580aeb3359</tagId>
    <persona>false</persona>
    <hostId>SYSTEM_HOST</hostId>
  </com.dotmarketing.tag.model.Tag>
  <com.dotmarketing.tag.model.Tag>
    <userId></userId>
    <tagName>retirement</tagName>
    <tagId>304d6a01-68c8-4628-901a-dd6047929ce3</tagId>
    <persona>false</persona>
    <hostId>SYSTEM_HOST</hostId>
  </com.dotmarketing.tag.model.Tag>
  <com.dotmarketing.tag.model.Tag>
    <userId></userId>
    <tagName>test</tagName>
    <tagId>30f960be-da72-4ab1-b60e-ed9725d7a32a</tagId>
    <persona>false</persona>
    <hostId>SYSTEM_HOST</hostId>
  </com.dotmarketing.tag.model.Tag>
  <com.dotmarketing.tag.model.Tag>
    <userId></userId>
    <tagName>architecture</tagName>
    <tagId>311cc9b0-87c0-4332-a28a-6f3ab5cde1aa</tagId>
    <persona>false</persona>
    <hostId>SYSTEM_HOST</hostId>
  </com.dotmarketing.tag.model.Tag>
  <com.dotmarketing.tag.model.Tag>
    <userId></userId>
    <tagName>globalinvestor</tagName>
    <tagId>3227f0b9-ab87-4a89-aff3-e90440d2fb18</tagId>
    <persona>false</persona>
    <modDate class="sql-timestamp">2016-02-19 17:21:03.874</modDate>
    <hostId>48190c8c-42c4-46af-8d1a-0cd5db894797</hostId>
  </com.dotmarketing.tag.model.Tag>
  <com.dotmarketing.tag.model.Tag>
    <userId></userId>
    <tagName>prices</tagName>
    <tagId>369a9c1a-ce05-4126-9185-01fdf401494f</tagId>
    <persona>false</persona>
    <hostId>SYSTEM_HOST</hostId>
  </com.dotmarketing.tag.model.Tag>
  <com.dotmarketing.tag.model.Tag>
    <userId></userId>
    <tagName>credit cards</tagName>
    <tagId>3738728b-f334-4c60-b6c5-286d6afa6def</tagId>
    <persona>false</persona>
    <hostId>48190c8c-42c4-46af-8d1a-0cd5db894797</hostId>
  </com.dotmarketing.tag.model.Tag>
  <com.dotmarketing.tag.model.Tag>
    <userId></userId>
    <tagName>website</tagName>
    <tagId>385978f2-f52b-42e2-ab82-0277ac136dde</tagId>
    <persona>false</persona>
    <hostId>SYSTEM_HOST</hostId>
  </com.dotmarketing.tag.model.Tag>
  <com.dotmarketing.tag.model.Tag>
    <userId></userId>
    <tagName>art</tagName>
    <tagId>38d89c7d-27a3-4dee-ab3c-0dac198c4e71</tagId>
    <persona>false</persona>
    <modDate class="sql-timestamp">2018-09-13 20:21:37.477</modDate>
    <hostId>SYSTEM_HOST</hostId>
  </com.dotmarketing.tag.model.Tag>
  <com.dotmarketing.tag.model.Tag>
    <userId></userId>
    <tagName>politics</tagName>
    <tagId>3c087bbb-b739-41b4-a9fd-7e683c3169eb</tagId>
    <persona>false</persona>
    <modDate class="sql-timestamp">2018-09-13 20:21:37.494</modDate>
    <hostId>SYSTEM_HOST</hostId>
  </com.dotmarketing.tag.model.Tag>
  <com.dotmarketing.tag.model.Tag>
    <userId></userId>
    <tagName>interaction development</tagName>
    <tagId>3c7f560c-88c0-4d62-9b06-4cd5c5285865</tagId>
    <persona>false</persona>
    <hostId>SYSTEM_HOST</hostId>
  </com.dotmarketing.tag.model.Tag>
  <com.dotmarketing.tag.model.Tag>
    <userId></userId>
    <tagName>asset allocation</tagName>
    <tagId>3c8cf6b5-2dac-40e0-9fe1-6430f9c4d1fc</tagId>
    <persona>false</persona>
    <hostId>SYSTEM_HOST</hostId>
  </com.dotmarketing.tag.model.Tag>
  <com.dotmarketing.tag.model.Tag>
    <userId></userId>
    <tagName>ipad</tagName>
    <tagId>3d6a1df2-4f90-46e9-af9e-972030024505</tagId>
    <persona>false</persona>
    <hostId>SYSTEM_HOST</hostId>
  </com.dotmarketing.tag.model.Tag>
  <com.dotmarketing.tag.model.Tag>
    <userId></userId>
    <tagName>gas</tagName>
    <tagId>3e1b5d1e-bede-466d-bfbc-dd4538393189</tagId>
    <persona>false</persona>
    <hostId>SYSTEM_HOST</hostId>
  </com.dotmarketing.tag.model.Tag>
  <com.dotmarketing.tag.model.Tag>
    <userId></userId>
    <tagName>web site</tagName>
    <tagId>43c0ea52-bc1e-4931-b65c-7ce666e92db2</tagId>
    <persona>false</persona>
    <hostId>SYSTEM_HOST</hostId>
  </com.dotmarketing.tag.model.Tag>
  <com.dotmarketing.tag.model.Tag>
    <userId></userId>
    <tagName>estate planning</tagName>
    <tagId>44ed186d-24e5-46e2-bb19-acb3daad76c9</tagId>
    <persona>false</persona>
    <hostId>48190c8c-42c4-46af-8d1a-0cd5db894797</hostId>
  </com.dotmarketing.tag.model.Tag>
  <com.dotmarketing.tag.model.Tag>
    <userId></userId>
    <tagName>yield</tagName>
    <tagId>458ba734-3397-46e0-8082-65d546be2eea</tagId>
    <persona>false</persona>
    <hostId>48190c8c-42c4-46af-8d1a-0cd5db894797</hostId>
  </com.dotmarketing.tag.model.Tag>
  <com.dotmarketing.tag.model.Tag>
    <userId></userId>
    <tagName>firsttimeinvestor</tagName>
    <tagId>4803886a-585e-4100-9727-afceee43d1cf</tagId>
    <persona>false</persona>
    <modDate class="sql-timestamp">2018-09-13 20:21:37.484</modDate>
    <hostId>SYSTEM_HOST</hostId>
  </com.dotmarketing.tag.model.Tag>
  <com.dotmarketing.tag.model.Tag>
    <userId></userId>
    <tagName>internet</tagName>
    <tagId>482f69b3-849f-4843-8f20-14684e95ad6e</tagId>
    <persona>false</persona>
    <hostId>SYSTEM_HOST</hostId>
  </com.dotmarketing.tag.model.Tag>
  <com.dotmarketing.tag.model.Tag>
    <userId></userId>
    <tagName>french</tagName>
    <tagId>49d899bb-a05f-405f-862e-abdf4ebdfaf3</tagId>
    <persona>false</persona>
    <hostId>48190c8c-42c4-46af-8d1a-0cd5db894797</hostId>
  </com.dotmarketing.tag.model.Tag>
  <com.dotmarketing.tag.model.Tag>
    <userId></userId>
    <tagName>french</tagName>
    <tagId>4a02835f-da41-4e3f-a090-3f43e5d321d3</tagId>
    <persona>false</persona>
    <modDate class="sql-timestamp">2018-09-13 20:21:37.487</modDate>
    <hostId>SYSTEM_HOST</hostId>
  </com.dotmarketing.tag.model.Tag>
  <com.dotmarketing.tag.model.Tag>
    <userId></userId>
    <tagName>credit cards</tagName>
    <tagId>4c0083ca-ba42-41f1-9ce5-4c31c0a4d91c</tagId>
    <persona>false</persona>
    <modDate class="sql-timestamp">2018-09-13 20:21:37.481</modDate>
    <hostId>SYSTEM_HOST</hostId>
  </com.dotmarketing.tag.model.Tag>
  <com.dotmarketing.tag.model.Tag>
    <userId></userId>
    <tagName>airlines</tagName>
    <tagId>4d1e1449-b89f-4200-902c-6bb02ffd9112</tagId>
    <persona>false</persona>
    <hostId>SYSTEM_HOST</hostId>
  </com.dotmarketing.tag.model.Tag>
  <com.dotmarketing.tag.model.Tag>
    <userId></userId>
    <tagName>wealthlyprospect</tagName>
    <tagId>4dfa7e15-c397-41f0-b36c-10cbc367f591</tagId>
    <persona>false</persona>
    <modDate class="sql-timestamp">2016-02-19 17:21:11.842</modDate>
    <hostId>48190c8c-42c4-46af-8d1a-0cd5db894797</hostId>
  </com.dotmarketing.tag.model.Tag>
  <com.dotmarketing.tag.model.Tag>
    <userId></userId>
    <tagName>index</tagName>
    <tagId>4efc7e29-0614-4d3a-b624-f2cc32e64173</tagId>
    <persona>false</persona>
    <hostId>SYSTEM_HOST</hostId>
  </com.dotmarketing.tag.model.Tag>
  <com.dotmarketing.tag.model.Tag>
    <userId></userId>
    <tagName>miami</tagName>
    <tagId>50428508-6cf1-4055-b9d1-7633005295ce</tagId>
    <persona>false</persona>
    <hostId>SYSTEM_HOST</hostId>
  </com.dotmarketing.tag.model.Tag>
  <com.dotmarketing.tag.model.Tag>
    <userId></userId>
    <tagName>dollar</tagName>
    <tagId>50b0e108-2faf-4d5e-81ad-c4887abcee47</tagId>
    <persona>false</persona>
    <modDate class="sql-timestamp">2018-09-13 20:21:37.482</modDate>
    <hostId>SYSTEM_HOST</hostId>
  </com.dotmarketing.tag.model.Tag>
  <com.dotmarketing.tag.model.Tag>
    <userId></userId>
    <tagName>refere</tagName>
    <tagId>5370dfb0-7a90-4cba-aa76-ecc0da11c04c</tagId>
    <persona>false</persona>
    <hostId>SYSTEM_HOST</hostId>
  </com.dotmarketing.tag.model.Tag>
  <com.dotmarketing.tag.model.Tag>
    <userId></userId>
    <tagName>farming</tagName>
    <tagId>53e68fc9-f8e3-4b78-9ce7-b7db0c4889c9</tagId>
    <persona>false</persona>
    <hostId>SYSTEM_HOST</hostId>
  </com.dotmarketing.tag.model.Tag>
  <com.dotmarketing.tag.model.Tag>
    <userId></userId>
    <tagName>support engineer</tagName>
    <tagId>5a152782-a2f5-4052-a35e-088acc6090b9</tagId>
    <persona>false</persona>
    <hostId>SYSTEM_HOST</hostId>
  </com.dotmarketing.tag.model.Tag>
  <com.dotmarketing.tag.model.Tag>
    <userId></userId>
    <tagName>art</tagName>
    <tagId>5b84b0f3-0013-45dd-a7ed-0e792c519a9d</tagId>
    <persona>false</persona>
    <hostId>48190c8c-42c4-46af-8d1a-0cd5db894797</hostId>
  </com.dotmarketing.tag.model.Tag>
  <com.dotmarketing.tag.model.Tag>
    <userId></userId>
    <tagName>dollar</tagName>
    <tagId>5df6727d-11f7-4b08-ae8c-f446fe11e5e6</tagId>
    <persona>false</persona>
    <hostId>48190c8c-42c4-46af-8d1a-0cd5db894797</hostId>
  </com.dotmarketing.tag.model.Tag>
  <com.dotmarketing.tag.model.Tag>
    <userId></userId>
    <tagName>enterprise</tagName>
    <tagId>5f8bdb36-b20f-4de7-bca3-ef05134b586d</tagId>
    <persona>false</persona>
    <hostId>SYSTEM_HOST</hostId>
  </com.dotmarketing.tag.model.Tag>
  <com.dotmarketing.tag.model.Tag>
    <userId></userId>
    <tagName>housing</tagName>
    <tagId>61a37733-dcc1-4661-8085-236c414bab8f</tagId>
    <persona>false</persona>
    <hostId>48190c8c-42c4-46af-8d1a-0cd5db894797</hostId>
  </com.dotmarketing.tag.model.Tag>
  <com.dotmarketing.tag.model.Tag>
    <userId></userId>
    <tagName>jobs</tagName>
    <tagId>62deac42-ae61-4a8b-a260-914cdc589615</tagId>
    <persona>false</persona>
    <modDate class="sql-timestamp">2018-09-13 20:21:37.491</modDate>
    <hostId>SYSTEM_HOST</hostId>
  </com.dotmarketing.tag.model.Tag>
  <com.dotmarketing.tag.model.Tag>
    <userId></userId>
    <tagName>asia</tagName>
    <tagId>635e598a-be99-4a1d-9fe0-153328bf92c4</tagId>
    <persona>false</persona>
    <modDate class="sql-timestamp">2018-09-13 20:21:37.477</modDate>
    <hostId>SYSTEM_HOST</hostId>
  </com.dotmarketing.tag.model.Tag>
  <com.dotmarketing.tag.model.Tag>
    <userId></userId>
    <tagName>spam</tagName>
    <tagId>6502a23a-1f18-4831-9583-f8f5084f18bc</tagId>
    <persona>false</persona>
    <hostId>SYSTEM_HOST</hostId>
  </com.dotmarketing.tag.model.Tag>
  <com.dotmarketing.tag.model.Tag>
    <userId></userId>
    <tagName>medical</tagName>
    <tagId>65156a10-970b-4bb2-855c-1ff7ceeb5f11</tagId>
    <persona>false</persona>
    <hostId>48190c8c-42c4-46af-8d1a-0cd5db894797</hostId>
  </com.dotmarketing.tag.model.Tag>
  <com.dotmarketing.tag.model.Tag>
    <userId></userId>
    <tagName>validation</tagName>
    <tagId>66f60411-0b76-4181-b437-2a49bcd8ab49</tagId>
    <persona>false</persona>
    <hostId>SYSTEM_HOST</hostId>
  </com.dotmarketing.tag.model.Tag>
  <com.dotmarketing.tag.model.Tag>
    <userId></userId>
    <tagName>corporate event</tagName>
    <tagId>684acf38-a541-4de3-9b63-51b5ebe30b32</tagId>
    <persona>false</persona>
    <hostId>SYSTEM_HOST</hostId>
  </com.dotmarketing.tag.model.Tag>
  <com.dotmarketing.tag.model.Tag>
    <userId></userId>
    <tagName>android</tagName>
    <tagId>6965cf79-e0c7-4461-8364-05c556f88e2b</tagId>
    <persona>false</persona>
    <hostId>SYSTEM_HOST</hostId>
  </com.dotmarketing.tag.model.Tag>
  <com.dotmarketing.tag.model.Tag>
    <userId></userId>
    <tagName>long &amp; short ideas</tagName>
    <tagId>6999f0c4-04f5-4c98-b354-125c1a29c8b9</tagId>
    <persona>false</persona>
    <hostId>SYSTEM_HOST</hostId>
  </com.dotmarketing.tag.model.Tag>
  <com.dotmarketing.tag.model.Tag>
    <userId></userId>
    <tagName>investing</tagName>
    <tagId>6b81153f-4871-4fb5-a1a8-33dc7813fbc1</tagId>
    <persona>false</persona>
    <hostId>48190c8c-42c4-46af-8d1a-0cd5db894797</hostId>
  </com.dotmarketing.tag.model.Tag>
  <com.dotmarketing.tag.model.Tag>
    <userId></userId>
    <tagName>firsttimeinvestor</tagName>
    <tagId>7070e002-b689-46bb-9be8-dba5cad8883d</tagId>
    <persona>false</persona>
    <hostId>48190c8c-42c4-46af-8d1a-0cd5db894797</hostId>
  </com.dotmarketing.tag.model.Tag>
  <com.dotmarketing.tag.model.Tag>
    <userId></userId>
    <tagName>extended</tagName>
    <tagId>76c659b5-3826-4a5f-b07f-a3ca809ebd50</tagId>
    <persona>false</persona>
    <hostId>SYSTEM_HOST</hostId>
  </com.dotmarketing.tag.model.Tag>
  <com.dotmarketing.tag.model.Tag>
    <userId></userId>
    <tagName>database</tagName>
    <tagId>7951ee0d-a603-46ac-8b57-b6bd2fc84762</tagId>
    <persona>false</persona>
    <hostId>SYSTEM_HOST</hostId>
  </com.dotmarketing.tag.model.Tag>
  <com.dotmarketing.tag.model.Tag>
    <userId></userId>
    <tagName>equity</tagName>
    <tagId>7a316697-d009-4086-b8ce-2b452e4cefab</tagId>
    <persona>false</persona>
    <hostId>SYSTEM_HOST</hostId>
  </com.dotmarketing.tag.model.Tag>
  <com.dotmarketing.tag.model.Tag>
    <userId></userId>
    <tagName>java</tagName>
    <tagId>7aadbf39-053f-4a35-90af-85a76b07aefd</tagId>
    <persona>false</persona>
    <hostId>SYSTEM_HOST</hostId>
  </com.dotmarketing.tag.model.Tag>
  <com.dotmarketing.tag.model.Tag>
    <userId></userId>
    <tagName>annuities</tagName>
    <tagId>7bf4b8f6-d497-45a8-98e1-1ddc57b00ba1</tagId>
    <persona>false</persona>
    <modDate class="sql-timestamp">2018-09-13 20:21:37.476</modDate>
    <hostId>SYSTEM_HOST</hostId>
  </com.dotmarketing.tag.model.Tag>
  <com.dotmarketing.tag.model.Tag>
    <userId></userId>
    <tagName>germany</tagName>
    <tagId>7d3d1eb7-fa8d-4951-abfc-13360e21a97e</tagId>
    <persona>false</persona>
    <modDate class="sql-timestamp">2018-09-13 20:21:37.488</modDate>
    <hostId>SYSTEM_HOST</hostId>
  </com.dotmarketing.tag.model.Tag>
  <com.dotmarketing.tag.model.Tag>
    <userId></userId>
    <tagName>billionaire</tagName>
    <tagId>7e53fca4-d8cd-4d7b-994c-12f2d57d2370</tagId>
    <persona>false</persona>
    <modDate class="sql-timestamp">2018-09-13 20:21:37.478</modDate>
    <hostId>SYSTEM_HOST</hostId>
  </com.dotmarketing.tag.model.Tag>
  <com.dotmarketing.tag.model.Tag>
    <userId></userId>
    <tagName>508</tagName>
    <tagId>7ffc7a6d-ec11-46a2-96c8-7a6c31d66b27</tagId>
    <persona>false</persona>
    <hostId>SYSTEM_HOST</hostId>
  </com.dotmarketing.tag.model.Tag>
  <com.dotmarketing.tag.model.Tag>
    <userId></userId>
    <tagName>germany</tagName>
    <tagId>805f93dc-ab71-4924-a6b9-366cb226269f</tagId>
    <persona>false</persona>
    <hostId>48190c8c-42c4-46af-8d1a-0cd5db894797</hostId>
  </com.dotmarketing.tag.model.Tag>
  <com.dotmarketing.tag.model.Tag>
    <userId></userId>
    <tagName>billionaire</tagName>
    <tagId>806fba38-d30e-4491-bb30-bc744ebd337e</tagId>
    <persona>false</persona>
    <hostId>48190c8c-42c4-46af-8d1a-0cd5db894797</hostId>
  </com.dotmarketing.tag.model.Tag>
  <com.dotmarketing.tag.model.Tag>
    <userId></userId>
    <tagName>us markets</tagName>
    <tagId>81bedbc4-64e5-4c4a-9f69-11f8400e3ed3</tagId>
    <persona>false</persona>
    <hostId>48190c8c-42c4-46af-8d1a-0cd5db894797</hostId>
  </com.dotmarketing.tag.model.Tag>
  <com.dotmarketing.tag.model.Tag>
    <userId></userId>
    <tagName>large-cap</tagName>
    <tagId>826ed538-4f24-46eb-90f7-537b292d142b</tagId>
    <persona>false</persona>
    <hostId>SYSTEM_HOST</hostId>
  </com.dotmarketing.tag.model.Tag>
  <com.dotmarketing.tag.model.Tag>
    <userId></userId>
    <tagName>iphone</tagName>
    <tagId>86d4cb7f-c639-461c-9d4a-75cd4108a9af</tagId>
    <persona>false</persona>
    <hostId>SYSTEM_HOST</hostId>
  </com.dotmarketing.tag.model.Tag>
  <com.dotmarketing.tag.model.Tag>
    <userId></userId>
    <tagName>bric</tagName>
    <tagId>87aadc64-01d8-41a1-8499-0ca72b8106dd</tagId>
    <persona>false</persona>
    <hostId>48190c8c-42c4-46af-8d1a-0cd5db894797</hostId>
  </com.dotmarketing.tag.model.Tag>
  <com.dotmarketing.tag.model.Tag>
    <userId></userId>
    <tagName>rome</tagName>
    <tagId>89034043-f5f3-4837-98e7-71385e8a6ab3</tagId>
    <persona>false</persona>
    <hostId>SYSTEM_HOST</hostId>
  </com.dotmarketing.tag.model.Tag>
  <com.dotmarketing.tag.model.Tag>
    <userId></userId>
    <tagName>charleston</tagName>
    <tagId>8c7e1a4b-94a4-45dd-92ec-95d8fc74c203</tagId>
    <persona>false</persona>
    <hostId>SYSTEM_HOST</hostId>
  </com.dotmarketing.tag.model.Tag>
  <com.dotmarketing.tag.model.Tag>
    <userId></userId>
    <tagName>phones</tagName>
    <tagId>8d8fca78-be7b-44d7-a6fa-6a4c95c16041</tagId>
    <persona>false</persona>
    <hostId>SYSTEM_HOST</hostId>
  </com.dotmarketing.tag.model.Tag>
  <com.dotmarketing.tag.model.Tag>
    <userId></userId>
    <tagName>paris</tagName>
    <tagId>934fdd8f-c8d1-4343-8218-822b97669dfe</tagId>
    <persona>false</persona>
    <hostId>SYSTEM_HOST</hostId>
  </com.dotmarketing.tag.model.Tag>
  <com.dotmarketing.tag.model.Tag>
    <userId></userId>
    <tagName>china</tagName>
    <tagId>946e86c2-f11e-44f0-b590-ef3c373bfeba</tagId>
    <persona>false</persona>
    <hostId>48190c8c-42c4-46af-8d1a-0cd5db894797</hostId>
  </com.dotmarketing.tag.model.Tag>
  <com.dotmarketing.tag.model.Tag>
    <userId></userId>
    <tagName>linux</tagName>
    <tagId>94dd2319-1e3b-4a8e-b5d1-5ed662071da9</tagId>
    <persona>false</persona>
    <hostId>SYSTEM_HOST</hostId>
  </com.dotmarketing.tag.model.Tag>
  <com.dotmarketing.tag.model.Tag>
    <userId></userId>
    <tagName>estate planning</tagName>
    <tagId>95c2bc3d-bc16-4668-9a55-fea17a572a80</tagId>
    <persona>false</persona>
    <modDate class="sql-timestamp">2018-09-13 20:21:37.483</modDate>
    <hostId>SYSTEM_HOST</hostId>
  </com.dotmarketing.tag.model.Tag>
  <com.dotmarketing.tag.model.Tag>
    <userId></userId>
    <tagName>retiree</tagName>
    <tagId>960f178f-f5f2-4b5f-a194-219e8df98e42</tagId>
    <persona>false</persona>
    <modDate class="sql-timestamp">2018-09-13 20:21:37.495</modDate>
    <hostId>SYSTEM_HOST</hostId>
  </com.dotmarketing.tag.model.Tag>
  <com.dotmarketing.tag.model.Tag>
    <userId></userId>
    <tagName>investment</tagName>
    <tagId>9962fdd8-3991-4378-9405-2217525a8f83</tagId>
    <persona>false</persona>
    <hostId>SYSTEM_HOST</hostId>
  </com.dotmarketing.tag.model.Tag>
  <com.dotmarketing.tag.model.Tag>
    <userId></userId>
    <tagName>united states</tagName>
    <tagId>99632676-0802-45b6-a443-01551f985a33</tagId>
    <persona>false</persona>
    <hostId>SYSTEM_HOST</hostId>
  </com.dotmarketing.tag.model.Tag>
  <com.dotmarketing.tag.model.Tag>
    <userId></userId>
    <tagName>medicare</tagName>
    <tagId>9963f4e6-8d5e-4e9b-9dec-1bf94cab8d19</tagId>
    <persona>false</persona>
    <modDate class="sql-timestamp">2018-09-13 20:21:37.492</modDate>
    <hostId>SYSTEM_HOST</hostId>
  </com.dotmarketing.tag.model.Tag>
  <com.dotmarketing.tag.model.Tag>
    <userId></userId>
    <tagName>mobile</tagName>
    <tagId>9ac04bd5-429d-4958-a93d-2f366dca7f83</tagId>
    <persona>false</persona>
    <hostId>SYSTEM_HOST</hostId>
  </com.dotmarketing.tag.model.Tag>
  <com.dotmarketing.tag.model.Tag>
    <userId></userId>
    <tagName>developer</tagName>
    <tagId>9bcc0a86-e90d-4e6e-b822-ee113c76ade7</tagId>
    <persona>false</persona>
    <hostId>SYSTEM_HOST</hostId>
  </com.dotmarketing.tag.model.Tag>
  <com.dotmarketing.tag.model.Tag>
    <userId></userId>
    <tagName>healthcare</tagName>
    <tagId>9d347539-18e1-4cb1-86dd-dcb5624bfd96</tagId>
    <persona>false</persona>
    <hostId>SYSTEM_HOST</hostId>
  </com.dotmarketing.tag.model.Tag>
  <com.dotmarketing.tag.model.Tag>
    <userId></userId>
    <tagName>trains</tagName>
    <tagId>9da251e4-2c91-4125-8466-e17b2219d782</tagId>
    <persona>false</persona>
    <hostId>48190c8c-42c4-46af-8d1a-0cd5db894797</hostId>
  </com.dotmarketing.tag.model.Tag>
  <com.dotmarketing.tag.model.Tag>
    <userId></userId>
    <tagName>dotcms</tagName>
    <tagId>a01f9db4-ee46-41fb-b087-361055285875</tagId>
    <persona>false</persona>
    <hostId>SYSTEM_HOST</hostId>
  </com.dotmarketing.tag.model.Tag>
  <com.dotmarketing.tag.model.Tag>
    <userId></userId>
    <tagName>private banking</tagName>
    <tagId>a04aa858-3b25-4934-b929-f2ef8c1313ab</tagId>
    <persona>false</persona>
    <hostId>SYSTEM_HOST</hostId>
  </com.dotmarketing.tag.model.Tag>
  <com.dotmarketing.tag.model.Tag>
    <userId></userId>
    <tagName>intranet</tagName>
    <tagId>a3158bb1-9039-4d71-81ab-cdd2fb66ae54</tagId>
    <persona>false</persona>
    <modDate class="sql-timestamp">2018-09-13 20:21:37.49</modDate>
    <hostId>SYSTEM_HOST</hostId>
  </com.dotmarketing.tag.model.Tag>
  <com.dotmarketing.tag.model.Tag>
    <userId></userId>
    <tagName>wealthlyprospect</tagName>
    <tagId>a52fdaf8-b1a8-42fb-b145-2a5936f66778</tagId>
    <persona>false</persona>
    <modDate class="sql-timestamp">2018-09-13 20:21:37.497</modDate>
    <hostId>SYSTEM_HOST</hostId>
  </com.dotmarketing.tag.model.Tag>
  <com.dotmarketing.tag.model.Tag>
    <userId></userId>
    <tagName>users conference</tagName>
    <tagId>a644f622-dbc0-45f5-b5ab-87732a6563c9</tagId>
    <persona>false</persona>
    <hostId>SYSTEM_HOST</hostId>
  </com.dotmarketing.tag.model.Tag>
  <com.dotmarketing.tag.model.Tag>
    <userId></userId>
    <tagName>home prices</tagName>
    <tagId>a684eeb7-43d1-4921-b4ff-c01b8175022c</tagId>
    <persona>false</persona>
    <hostId>48190c8c-42c4-46af-8d1a-0cd5db894797</hostId>
  </com.dotmarketing.tag.model.Tag>
  <com.dotmarketing.tag.model.Tag>
    <userId></userId>
    <tagName>etfs</tagName>
    <tagId>a7004546-b9cb-4bb1-bafe-e531b212e928</tagId>
    <persona>false</persona>
    <hostId>48190c8c-42c4-46af-8d1a-0cd5db894797</hostId>
  </com.dotmarketing.tag.model.Tag>
  <com.dotmarketing.tag.model.Tag>
    <userId></userId>
    <tagName>aarp</tagName>
    <tagId>a88ff757-9402-4c26-bacd-edf335ca1385</tagId>
    <persona>false</persona>
    <modDate class="sql-timestamp">2018-09-13 20:21:37.475</modDate>
    <hostId>SYSTEM_HOST</hostId>
  </com.dotmarketing.tag.model.Tag>
  <com.dotmarketing.tag.model.Tag>
    <userId></userId>
    <tagName>social security</tagName>
    <tagId>ae5e3b30-7abe-4479-b8f8-0bb640eee828</tagId>
    <persona>false</persona>
    <modDate class="sql-timestamp">2018-09-13 20:21:37.495</modDate>
    <hostId>SYSTEM_HOST</hostId>
  </com.dotmarketing.tag.model.Tag>
  <com.dotmarketing.tag.model.Tag>
    <userId></userId>
    <tagName>smartphone</tagName>
    <tagId>ae833b43-4e53-4a72-b73a-b876a82690ec</tagId>
    <persona>false</persona>
    <hostId>SYSTEM_HOST</hostId>
  </com.dotmarketing.tag.model.Tag>
  <com.dotmarketing.tag.model.Tag>
    <userId></userId>
    <tagName>googleio</tagName>
    <tagId>b25be4aa-29f0-4a93-936b-22b41a8cb757</tagId>
    <persona>false</persona>
    <hostId>SYSTEM_HOST</hostId>
  </com.dotmarketing.tag.model.Tag>
  <com.dotmarketing.tag.model.Tag>
    <userId></userId>
    <tagName>brazil</tagName>
    <tagId>b29052c9-ac92-4d97-9697-d28e12c16e7d</tagId>
    <persona>false</persona>
    <modDate class="sql-timestamp">2018-09-13 20:21:37.479</modDate>
    <hostId>SYSTEM_HOST</hostId>
  </com.dotmarketing.tag.model.Tag>
  <com.dotmarketing.tag.model.Tag>
    <userId></userId>
    <tagName>wealth</tagName>
    <tagId>b5f78679-4837-4af1-9e7a-7dafe332c726</tagId>
    <persona>false</persona>
    <hostId>SYSTEM_HOST</hostId>
  </com.dotmarketing.tag.model.Tag>
  <com.dotmarketing.tag.model.Tag>
    <userId></userId>
    <tagName>vanguard</tagName>
    <tagId>b63497b4-d336-4898-8157-e51aba31e672</tagId>
    <persona>false</persona>
    <hostId>SYSTEM_HOST</hostId>
  </com.dotmarketing.tag.model.Tag>
  <com.dotmarketing.tag.model.Tag>
    <userId></userId>
    <tagName>young</tagName>
    <tagId>b697f61d-68ea-4fc7-bec8-935c9297d9e3</tagId>
    <persona>false</persona>
    <modDate class="sql-timestamp">2018-09-13 20:21:37.498</modDate>
    <hostId>SYSTEM_HOST</hostId>
  </com.dotmarketing.tag.model.Tag>
  <com.dotmarketing.tag.model.Tag>
    <userId></userId>
    <tagName>china</tagName>
    <tagId>b8aaa75e-89c9-4693-9950-2264bec0b569</tagId>
    <persona>false</persona>
    <modDate class="sql-timestamp">2018-09-13 20:21:37.48</modDate>
    <hostId>SYSTEM_HOST</hostId>
  </com.dotmarketing.tag.model.Tag>
  <com.dotmarketing.tag.model.Tag>
    <userId></userId>
    <tagName>mid-cap</tagName>
    <tagId>bcfdad03-38cc-4287-ba07-a549e7ec0c1f</tagId>
    <persona>false</persona>
    <hostId>SYSTEM_HOST</hostId>
  </com.dotmarketing.tag.model.Tag>
  <com.dotmarketing.tag.model.Tag>
    <userId></userId>
    <tagName>north america</tagName>
    <tagId>bd499eed-94d8-4269-b634-17df2b8b853c</tagId>
    <persona>false</persona>
    <hostId>48190c8c-42c4-46af-8d1a-0cd5db894797</hostId>
  </com.dotmarketing.tag.model.Tag>
  <com.dotmarketing.tag.model.Tag>
    <userId></userId>
    <tagName>europe</tagName>
    <tagId>bdb48772-71f9-4d71-a42f-620c637ab51f</tagId>
    <persona>false</persona>
    <hostId>SYSTEM_HOST</hostId>
  </com.dotmarketing.tag.model.Tag>
  <com.dotmarketing.tag.model.Tag>
    <userId></userId>
    <tagName>testing</tagName>
    <tagId>bf8e4b34-2151-4494-be98-b2c40ed18099</tagId>
    <persona>false</persona>
    <hostId>SYSTEM_HOST</hostId>
  </com.dotmarketing.tag.model.Tag>
  <com.dotmarketing.tag.model.Tag>
    <userId></userId>
    <tagName>tractor</tagName>
    <tagId>bff9a07f-c5e5-47d9-b1b9-ad4ad97528f1</tagId>
    <persona>false</persona>
    <hostId>SYSTEM_HOST</hostId>
  </com.dotmarketing.tag.model.Tag>
  <com.dotmarketing.tag.model.Tag>
    <userId></userId>
    <tagName>trains</tagName>
    <tagId>c049ecd1-08a0-4ead-a489-2e0fa8d14820</tagId>
    <persona>false</persona>
    <modDate class="sql-timestamp">2018-09-13 20:21:37.496</modDate>
    <hostId>SYSTEM_HOST</hostId>
  </com.dotmarketing.tag.model.Tag>
  <com.dotmarketing.tag.model.Tag>
    <userId></userId>
    <tagName>australia</tagName>
    <tagId>c339f9f4-d5ac-4974-b30a-0ce537dd8a99</tagId>
    <persona>false</persona>
    <modDate class="sql-timestamp">2018-09-13 20:21:37.478</modDate>
    <hostId>SYSTEM_HOST</hostId>
  </com.dotmarketing.tag.model.Tag>
  <com.dotmarketing.tag.model.Tag>
    <userId></userId>
    <tagName>australia</tagName>
    <tagId>c35b9d71-85f1-4fe2-8314-e6fd4c7c19b1</tagId>
    <persona>false</persona>
    <hostId>48190c8c-42c4-46af-8d1a-0cd5db894797</hostId>
  </com.dotmarketing.tag.model.Tag>
  <com.dotmarketing.tag.model.Tag>
    <userId></userId>
    <tagName>etfs</tagName>
    <tagId>c671a531-b827-4926-a5c8-94d7f72dfbf9</tagId>
    <persona>false</persona>
    <modDate class="sql-timestamp">2018-09-13 20:21:37.484</modDate>
    <hostId>SYSTEM_HOST</hostId>
  </com.dotmarketing.tag.model.Tag>
  <com.dotmarketing.tag.model.Tag>
    <userId></userId>
    <tagName>brazil</tagName>
    <tagId>c795a9f1-3828-450b-beb8-3174ccb40539</tagId>
    <persona>false</persona>
    <hostId>48190c8c-42c4-46af-8d1a-0cd5db894797</hostId>
  </com.dotmarketing.tag.model.Tag>
  <com.dotmarketing.tag.model.Tag>
    <userId></userId>
    <tagName>debt</tagName>
    <tagId>c7e3ccea-c76c-428f-a229-e8c70f0d1216</tagId>
    <persona>false</persona>
    <hostId>SYSTEM_HOST</hostId>
  </com.dotmarketing.tag.model.Tag>
  <com.dotmarketing.tag.model.Tag>
    <userId></userId>
    <tagName>wealth management</tagName>
    <tagId>caa01cad-1b07-41b6-a3c5-6e91bbe47b97</tagId>
    <persona>false</persona>
    <hostId>SYSTEM_HOST</hostId>
  </com.dotmarketing.tag.model.Tag>
  <com.dotmarketing.tag.model.Tag>
    <userId></userId>
    <tagName>nigeria</tagName>
    <tagId>cc8fa02c-5c7b-4111-9fe4-ac73f667d966</tagId>
    <persona>false</persona>
    <modDate class="sql-timestamp">2018-09-13 20:21:37.493</modDate>
    <hostId>SYSTEM_HOST</hostId>
  </com.dotmarketing.tag.model.Tag>
  <com.dotmarketing.tag.model.Tag>
    <userId></userId>
    <tagName>money market</tagName>
    <tagId>cd1c7314-038d-4d88-9000-65d5b53be375</tagId>
    <persona>false</persona>
    <hostId>SYSTEM_HOST</hostId>
  </com.dotmarketing.tag.model.Tag>
  <com.dotmarketing.tag.model.Tag>
    <userId></userId>
    <tagName>certification</tagName>
    <tagId>cd8a7bd3-7a8d-4244-b690-48b25c4fabbd</tagId>
    <persona>false</persona>
    <hostId>SYSTEM_HOST</hostId>
  </com.dotmarketing.tag.model.Tag>
  <com.dotmarketing.tag.model.Tag>
    <userId></userId>
    <tagName>crm dotcms macro</tagName>
    <tagId>ce13b332-2b73-44ef-9d1d-152101963832</tagId>
    <persona>false</persona>
    <hostId>SYSTEM_HOST</hostId>
  </com.dotmarketing.tag.model.Tag>
  <com.dotmarketing.tag.model.Tag>
    <userId></userId>
    <tagName>investment banking</tagName>
    <tagId>d10d1a84-6158-4ae9-aaf6-a574123d3193</tagId>
    <persona>false</persona>
    <hostId>SYSTEM_HOST</hostId>
  </com.dotmarketing.tag.model.Tag>
  <com.dotmarketing.tag.model.Tag>
    <userId></userId>
    <tagName>community</tagName>
    <tagId>d112951f-adb6-48b9-8498-bb6a0dbf868f</tagId>
    <persona>false</persona>
    <hostId>SYSTEM_HOST</hostId>
  </com.dotmarketing.tag.model.Tag>
  <com.dotmarketing.tag.model.Tag>
    <userId></userId>
    <tagName>us markets</tagName>
    <tagId>d18a5e73-def0-47cb-9b05-38a5c5bfc478</tagId>
    <persona>false</persona>
    <modDate class="sql-timestamp">2018-09-13 20:21:37.496</modDate>
    <hostId>SYSTEM_HOST</hostId>
  </com.dotmarketing.tag.model.Tag>
  <com.dotmarketing.tag.model.Tag>
    <userId></userId>
    <tagName>inflation</tagName>
    <tagId>d6d71827-ed8f-47db-85b0-f8dcb60b432f</tagId>
    <persona>false</persona>
    <modDate class="sql-timestamp">2018-09-13 20:21:37.49</modDate>
    <hostId>SYSTEM_HOST</hostId>
  </com.dotmarketing.tag.model.Tag>
  <com.dotmarketing.tag.model.Tag>
    <userId></userId>
    <tagName>north america</tagName>
    <tagId>d7e3054e-a6f0-41b9-8114-2aa2a0fd1203</tagId>
    <persona>false</persona>
    <modDate class="sql-timestamp">2018-09-13 20:21:37.493</modDate>
    <hostId>SYSTEM_HOST</hostId>
  </com.dotmarketing.tag.model.Tag>
  <com.dotmarketing.tag.model.Tag>
    <userId></userId>
    <tagName>dividends</tagName>
    <tagId>d7fcf077-57fd-40fb-841f-01e4bd322cf6</tagId>
    <persona>false</persona>
    <hostId>SYSTEM_HOST</hostId>
  </com.dotmarketing.tag.model.Tag>
  <com.dotmarketing.tag.model.Tag>
    <userId></userId>
    <tagName>boston</tagName>
    <tagId>db4d4f2f-cca9-4daa-b8cd-9316e7a9f223</tagId>
    <persona>false</persona>
    <hostId>SYSTEM_HOST</hostId>
  </com.dotmarketing.tag.model.Tag>
  <com.dotmarketing.tag.model.Tag>
    <userId></userId>
    <tagName>social security</tagName>
    <tagId>de3f6270-a9cd-4cc0-9f7c-4b69a50497a9</tagId>
    <persona>false</persona>
    <hostId>48190c8c-42c4-46af-8d1a-0cd5db894797</hostId>
  </com.dotmarketing.tag.model.Tag>
  <com.dotmarketing.tag.model.Tag>
    <userId></userId>
    <tagName>young</tagName>
    <tagId>de78b447-4ea5-4ef6-bee1-ab61af602d71</tagId>
    <persona>false</persona>
    <hostId>48190c8c-42c4-46af-8d1a-0cd5db894797</hostId>
  </com.dotmarketing.tag.model.Tag>
  <com.dotmarketing.tag.model.Tag>
    <userId></userId>
    <tagName>css</tagName>
    <tagId>e235808a-106b-4f6d-8ae5-24cac3b3128d</tagId>
    <persona>false</persona>
    <hostId>SYSTEM_HOST</hostId>
  </com.dotmarketing.tag.model.Tag>
  <com.dotmarketing.tag.model.Tag>
    <userId></userId>
    <tagName>denmark</tagName>
    <tagId>e27dedf7-0b86-4a86-aa8a-a1f84007ef80</tagId>
    <persona>false</persona>
    <hostId>SYSTEM_HOST</hostId>
  </com.dotmarketing.tag.model.Tag>
  <com.dotmarketing.tag.model.Tag>
    <userId></userId>
    <tagName>investing</tagName>
    <tagId>e299f67d-09ea-471e-9a35-1cbda3bcfa6f</tagId>
    <persona>false</persona>
    <modDate class="sql-timestamp">2018-09-13 20:21:37.491</modDate>
    <hostId>SYSTEM_HOST</hostId>
  </com.dotmarketing.tag.model.Tag>
  <com.dotmarketing.tag.model.Tag>
    <userId></userId>
    <tagName>news</tagName>
    <tagId>e390b4af-d4b6-492d-bab8-f65fbf85b054</tagId>
    <persona>false</persona>
    <hostId>SYSTEM_HOST</hostId>
  </com.dotmarketing.tag.model.Tag>
  <com.dotmarketing.tag.model.Tag>
    <userId></userId>
    <tagName>medicare</tagName>
    <tagId>e4c00d8c-e494-4282-ba09-4e5452743b9a</tagId>
    <persona>false</persona>
    <hostId>48190c8c-42c4-46af-8d1a-0cd5db894797</hostId>
  </com.dotmarketing.tag.model.Tag>
  <com.dotmarketing.tag.model.Tag>
    <userId></userId>
    <tagName>politics</tagName>
    <tagId>e518cb6d-6857-4f1b-b8e1-d3a3341c8a0c</tagId>
    <persona>false</persona>
    <hostId>48190c8c-42c4-46af-8d1a-0cd5db894797</hostId>
  </com.dotmarketing.tag.model.Tag>
  <com.dotmarketing.tag.model.Tag>
    <userId></userId>
    <tagName>oil</tagName>
    <tagId>e55a1c8e-5dcd-4d8d-9728-e97f64f58280</tagId>
    <persona>false</persona>
    <hostId>SYSTEM_HOST</hostId>
  </com.dotmarketing.tag.model.Tag>
  <com.dotmarketing.tag.model.Tag>
    <userId></userId>
    <tagName>yield</tagName>
    <tagId>e6d73470-a69f-45dd-9ccd-ea1f6be45b9c</tagId>
    <persona>false</persona>
    <modDate class="sql-timestamp">2018-09-13 20:21:37.497</modDate>
    <hostId>SYSTEM_HOST</hostId>
  </com.dotmarketing.tag.model.Tag>
  <com.dotmarketing.tag.model.Tag>
    <userId></userId>
    <tagName>jobs</tagName>
    <tagId>ea5ce78d-a07d-41e9-9d23-bc0d7cf98c98</tagId>
    <persona>false</persona>
    <hostId>48190c8c-42c4-46af-8d1a-0cd5db894797</hostId>
  </com.dotmarketing.tag.model.Tag>
  <com.dotmarketing.tag.model.Tag>
    <userId></userId>
    <tagName>gdp</tagName>
    <tagId>ee7d5701-8fa2-4991-a453-9b5cb25dfda1</tagId>
    <persona>false</persona>
    <hostId>SYSTEM_HOST</hostId>
  </com.dotmarketing.tag.model.Tag>
  <com.dotmarketing.tag.model.Tag>
    <userId></userId>
    <tagName>home prices</tagName>
    <tagId>ef5a89a6-82ad-49e5-9107-e5d38c13cc4f</tagId>
    <persona>false</persona>
    <modDate class="sql-timestamp">2018-09-13 20:21:37.489</modDate>
    <hostId>SYSTEM_HOST</hostId>
  </com.dotmarketing.tag.model.Tag>
  <com.dotmarketing.tag.model.Tag>
    <userId></userId>
    <tagName>cheat sheet</tagName>
    <tagId>f13b0ce5-44c1-485e-af54-508dd9b623af</tagId>
    <persona>false</persona>
    <hostId>SYSTEM_HOST</hostId>
  </com.dotmarketing.tag.model.Tag>
  <com.dotmarketing.tag.model.Tag>
    <userId></userId>
    <tagName>fund holdings</tagName>
    <tagId>f410ddb8-2cad-4746-8da3-2042d956cf5c</tagId>
    <persona>false</persona>
    <hostId>SYSTEM_HOST</hostId>
  </com.dotmarketing.tag.model.Tag>
  <com.dotmarketing.tag.model.Tag>
    <userId></userId>
    <tagName>nigeria</tagName>
    <tagId>f4c7f2d9-ab40-411b-b138-ecf9f41b8df9</tagId>
    <persona>false</persona>
    <hostId>48190c8c-42c4-46af-8d1a-0cd5db894797</hostId>
  </com.dotmarketing.tag.model.Tag>
  <com.dotmarketing.tag.model.Tag>
    <userId></userId>
    <tagName>operations</tagName>
    <tagId>f6d7b482-3bad-4a65-802b-a5182bd426ca</tagId>
    <persona>false</persona>
    <hostId>SYSTEM_HOST</hostId>
  </com.dotmarketing.tag.model.Tag>
  <com.dotmarketing.tag.model.Tag>
    <userId></userId>
    <tagName>meeting</tagName>
    <tagId>f7bdc773-2ef3-4f3d-b1ad-4ff1218a970a</tagId>
    <persona>false</persona>
    <hostId>SYSTEM_HOST</hostId>
  </com.dotmarketing.tag.model.Tag>
  <com.dotmarketing.tag.model.Tag>
    <userId></userId>
    <tagName>intranet</tagName>
    <tagId>f812f0a8-0b81-4684-8ac1-0e84a56733b0</tagId>
    <persona>false</persona>
    <hostId>48190c8c-42c4-46af-8d1a-0cd5db894797</hostId>
  </com.dotmarketing.tag.model.Tag>
  <com.dotmarketing.tag.model.Tag>
    <userId></userId>
    <tagName>pension</tagName>
    <tagId>f93fba33-f73f-4d53-a6d9-bbabaa2da54a</tagId>
    <persona>false</persona>
    <hostId>SYSTEM_HOST</hostId>
  </com.dotmarketing.tag.model.Tag>
  <com.dotmarketing.tag.model.Tag>
    <userId></userId>
    <tagName>alumni</tagName>
    <tagId>fa6fdcc8-f0bf-4681-965d-c0facf505c0f</tagId>
    <persona>false</persona>
    <hostId>SYSTEM_HOST</hostId>
  </com.dotmarketing.tag.model.Tag>
  <com.dotmarketing.tag.model.Tag>
    <userId></userId>
    <tagName>africa</tagName>
    <tagId>fcc415a6-cce0-4652-a4d6-391d8dce494c</tagId>
    <persona>false</persona>
    <hostId>48190c8c-42c4-46af-8d1a-0cd5db894797</hostId>
  </com.dotmarketing.tag.model.Tag>
  <com.dotmarketing.tag.model.Tag>
    <userId></userId>
    <tagName>research</tagName>
    <tagId>fdad1064-59b2-4dbe-8981-870afdbf0366</tagId>
    <persona>false</persona>
    <hostId>SYSTEM_HOST</hostId>
  </com.dotmarketing.tag.model.Tag>
</list>