<list>
  <com.dotmarketing.portlets.workflows.model.WorkflowHistory>
    <id>0042a063-e386-4ad3-a32e-b69b0a1668a2</id>
    <creationDate class="sql-timestamp">2018-08-24 19:20:08.54</creationDate>
    <madeBy>dotcms.org.1</madeBy>
    <changeDescription>Admin User completed action Publish</changeDescription>
    <workflowtaskId>a2a56bd7-d67c-4b53-afb4-f1c118cf1d75</workflowtaskId>
    <actionId>000ec468-0a63-4283-beb7-fcb36c107b2f</actionId>
    <stepId>dc3c9cd0-8467-404b-bf95-cb7df3fbc293</stepId>
  </com.dotmarketing.portlets.workflows.model.WorkflowHistory>
  <com.dotmarketing.portlets.workflows.model.WorkflowHistory>
    <id>02c24867-28f0-4e2e-90c8-fe84e1fbe4ab</id>
    <creationDate class="sql-timestamp">2018-08-21 00:01:28.168</creationDate>
    <madeBy>dotcms.org.1</madeBy>
    <changeDescription>Admin User completed action Archive</changeDescription>
    <workflowtaskId>01885bcf-218e-448d-b095-dbd927eed897</workflowtaskId>
    <actionId>4da13a42-5d59-480c-ad8f-94a3adf809fe</actionId>
    <stepId>d6b095b6-b65f-4bdb-bbfd-701d663dfee2</stepId>
  </com.dotmarketing.portlets.workflows.model.WorkflowHistory>
  <com.dotmarketing.portlets.workflows.model.WorkflowHistory>
    <id>057a88d2-e97d-461d-b054-c9506fe987c3</id>
    <creationDate class="sql-timestamp">2018-08-21 02:10:19.964</creationDate>
    <madeBy>dotcms.org.1</madeBy>
    <changeDescription>Admin User completed action Save / Publish</changeDescription>
    <workflowtaskId>05c157fe-063f-4ac1-b49b-74b426539483</workflowtaskId>
    <actionId>b9d89c80-3d88-4311-8365-187323c96436</actionId>
    <stepId>dc3c9cd0-8467-404b-bf95-cb7df3fbc293</stepId>
  </com.dotmarketing.portlets.workflows.model.WorkflowHistory>
  <com.dotmarketing.portlets.workflows.model.WorkflowHistory>
    <id>0692cf20-5833-47b0-ae0a-9ce1b03a95f6</id>
    <creationDate class="sql-timestamp">2018-08-21 18:53:04.556</creationDate>
    <madeBy>dotcms.org.1</madeBy>
    <changeDescription>Admin User completed action Save / Publish</changeDescription>
    <workflowtaskId>ec0000f6-efdf-4637-86cf-bcaadfb09710</workflowtaskId>
    <actionId>b9d89c80-3d88-4311-8365-187323c96436</actionId>
    <stepId>dc3c9cd0-8467-404b-bf95-cb7df3fbc293</stepId>
  </com.dotmarketing.portlets.workflows.model.WorkflowHistory>
  <com.dotmarketing.portlets.workflows.model.WorkflowHistory>
    <id>08affab8-1431-4e18-8f8c-ee1d13f256ff</id>
    <creationDate class="sql-timestamp">2018-08-24 19:20:10.427</creationDate>
    <madeBy>dotcms.org.1</madeBy>
    <changeDescription>Admin User completed action Publish</changeDescription>
    <workflowtaskId>13ac544a-2084-4ac7-9539-95f908f9627f</workflowtaskId>
    <actionId>000ec468-0a63-4283-beb7-fcb36c107b2f</actionId>
    <stepId>dc3c9cd0-8467-404b-bf95-cb7df3fbc293</stepId>
  </com.dotmarketing.portlets.workflows.model.WorkflowHistory>
  <com.dotmarketing.portlets.workflows.model.WorkflowHistory>
    <id>09d8e248-6175-4e90-9da8-2292373539ef</id>
    <creationDate class="sql-timestamp">2018-08-24 19:20:09.423</creationDate>
    <madeBy>dotcms.org.1</madeBy>
    <changeDescription>Admin User completed action Publish</changeDescription>
    <workflowtaskId>980c3c00-c28e-4fd9-9f7a-15297983757b</workflowtaskId>
    <actionId>000ec468-0a63-4283-beb7-fcb36c107b2f</actionId>
    <stepId>dc3c9cd0-8467-404b-bf95-cb7df3fbc293</stepId>
  </com.dotmarketing.portlets.workflows.model.WorkflowHistory>
  <com.dotmarketing.portlets.workflows.model.WorkflowHistory>
    <id>0b2f7765-804e-40e9-9741-4bf49cd0a22c</id>
    <creationDate class="sql-timestamp">2018-08-24 19:45:48.171</creationDate>
    <madeBy>dotcms.org.1</madeBy>
    <changeDescription>Admin User completed action Unpublish</changeDescription>
    <workflowtaskId>23bc207c-6811-4927-b9c0-064ccbb5baa4</workflowtaskId>
    <actionId>38efc763-d78f-4e4b-b092-59cd8c579b93</actionId>
    <stepId>ee24a4cb-2d15-4c98-b1bd-6327126451f3</stepId>
  </com.dotmarketing.portlets.workflows.model.WorkflowHistory>
  <com.dotmarketing.portlets.workflows.model.WorkflowHistory>
    <id>105018b4-1149-4b1e-8218-5791b521ef70</id>
    <creationDate class="sql-timestamp">2018-08-21 18:58:38.208</creationDate>
    <madeBy>dotcms.org.1</madeBy>
    <changeDescription>Admin User completed action Save / Publish</changeDescription>
    <workflowtaskId>ec0000f6-efdf-4637-86cf-bcaadfb09710</workflowtaskId>
    <actionId>b9d89c80-3d88-4311-8365-187323c96436</actionId>
    <stepId>dc3c9cd0-8467-404b-bf95-cb7df3fbc293</stepId>
  </com.dotmarketing.portlets.workflows.model.WorkflowHistory>
  <com.dotmarketing.portlets.workflows.model.WorkflowHistory>
    <id>10fb9989-0a26-4027-8f4d-bb594cc2ae55</id>
    <creationDate class="sql-timestamp">2018-08-24 19:20:09.682</creationDate>
    <madeBy>dotcms.org.1</madeBy>
    <changeDescription>Admin User completed action Publish</changeDescription>
    <workflowtaskId>80ded64c-43e6-4fdf-a35c-6ff82418ca98</workflowtaskId>
    <actionId>000ec468-0a63-4283-beb7-fcb36c107b2f</actionId>
    <stepId>dc3c9cd0-8467-404b-bf95-cb7df3fbc293</stepId>
  </com.dotmarketing.portlets.workflows.model.WorkflowHistory>
  <com.dotmarketing.portlets.workflows.model.WorkflowHistory>
    <id>123e7d41-6f65-4747-bc10-c37b8625018a</id>
    <creationDate class="sql-timestamp">2018-08-13 20:47:41.962</creationDate>
    <madeBy>dotcms.org.1</madeBy>
    <changeDescription>Admin User completed action Save / Publish</changeDescription>
    <workflowtaskId>a8275b89-ca7e-4c3b-ba39-4813e705a977</workflowtaskId>
    <actionId>b9d89c80-3d88-4311-8365-187323c96436</actionId>
    <stepId>dc3c9cd0-8467-404b-bf95-cb7df3fbc293</stepId>
  </com.dotmarketing.portlets.workflows.model.WorkflowHistory>
  <com.dotmarketing.portlets.workflows.model.WorkflowHistory>
    <id>168f619f-c15f-42ba-a03b-62c56fc74439</id>
    <creationDate class="sql-timestamp">2018-08-24 19:20:08.03</creationDate>
    <madeBy>dotcms.org.1</madeBy>
    <changeDescription>Admin User completed action Publish</changeDescription>
    <workflowtaskId>032379f2-cf31-412c-9749-afca2b0cb6b7</workflowtaskId>
    <actionId>000ec468-0a63-4283-beb7-fcb36c107b2f</actionId>
    <stepId>dc3c9cd0-8467-404b-bf95-cb7df3fbc293</stepId>
  </com.dotmarketing.portlets.workflows.model.WorkflowHistory>
  <com.dotmarketing.portlets.workflows.model.WorkflowHistory>
    <id>17f34dc4-5ec4-4500-985c-9157c720711f</id>
    <creationDate class="sql-timestamp">2018-08-21 02:40:07.557</creationDate>
    <madeBy>dotcms.org.1</madeBy>
    <changeDescription>Admin User completed action Save / Publish</changeDescription>
    <workflowtaskId>deef1084-b50e-4269-9a23-90085a19f820</workflowtaskId>
    <actionId>b9d89c80-3d88-4311-8365-187323c96436</actionId>
    <stepId>dc3c9cd0-8467-404b-bf95-cb7df3fbc293</stepId>
  </com.dotmarketing.portlets.workflows.model.WorkflowHistory>
  <com.dotmarketing.portlets.workflows.model.WorkflowHistory>
    <id>182a77fd-6ec4-4926-91c5-9539142452e6</id>
    <creationDate class="sql-timestamp">2018-08-24 19:20:09.238</creationDate>
    <madeBy>dotcms.org.1</madeBy>
    <changeDescription>Admin User completed action Publish</changeDescription>
    <workflowtaskId>6410bc7b-a358-4af6-9827-d1fdb5556603</workflowtaskId>
    <actionId>000ec468-0a63-4283-beb7-fcb36c107b2f</actionId>
    <stepId>dc3c9cd0-8467-404b-bf95-cb7df3fbc293</stepId>
  </com.dotmarketing.portlets.workflows.model.WorkflowHistory>
  <com.dotmarketing.portlets.workflows.model.WorkflowHistory>
    <id>188d82b0-e86b-44f9-b5ba-60c0724f8278</id>
    <creationDate class="sql-timestamp">2018-08-10 18:38:05.301</creationDate>
    <madeBy>dotcms.org.1</madeBy>
    <changeDescription>Admin User completed action Save / Publish</changeDescription>
    <workflowtaskId>22738802-7ffc-44aa-9461-9a216036760d</workflowtaskId>
    <actionId>b9d89c80-3d88-4311-8365-187323c96436</actionId>
    <stepId>dc3c9cd0-8467-404b-bf95-cb7df3fbc293</stepId>
  </com.dotmarketing.portlets.workflows.model.WorkflowHistory>
  <com.dotmarketing.portlets.workflows.model.WorkflowHistory>
    <id>18aee630-3cd8-461d-ba61-89f3157aa7eb</id>
    <creationDate class="sql-timestamp">2018-08-21 19:52:06.866</creationDate>
    <madeBy>dotcms.org.1</madeBy>
    <changeDescription>Admin User completed action Save / Publish</changeDescription>
    <workflowtaskId>ec0000f6-efdf-4637-86cf-bcaadfb09710</workflowtaskId>
    <actionId>b9d89c80-3d88-4311-8365-187323c96436</actionId>
    <stepId>dc3c9cd0-8467-404b-bf95-cb7df3fbc293</stepId>
  </com.dotmarketing.portlets.workflows.model.WorkflowHistory>
  <com.dotmarketing.portlets.workflows.model.WorkflowHistory>
    <id>1aa6f467-606b-4288-a70c-38a0e06d5f9d</id>
    <creationDate class="sql-timestamp">2018-08-21 18:37:27.746</creationDate>
    <madeBy>dotcms.org.1</madeBy>
    <changeDescription>Admin User completed action Save / Publish</changeDescription>
    <workflowtaskId>4a3528b2-6475-46d3-bd4d-226a6becd22f</workflowtaskId>
    <actionId>b9d89c80-3d88-4311-8365-187323c96436</actionId>
    <stepId>dc3c9cd0-8467-404b-bf95-cb7df3fbc293</stepId>
  </com.dotmarketing.portlets.workflows.model.WorkflowHistory>
  <com.dotmarketing.portlets.workflows.model.WorkflowHistory>
    <id>1d7c06ac-7cb0-4d89-818a-1301d9593e0d</id>
    <creationDate class="sql-timestamp">2018-08-24 19:20:08.176</creationDate>
    <madeBy>dotcms.org.1</madeBy>
    <changeDescription>Admin User completed action Publish</changeDescription>
    <workflowtaskId>748182d9-b75f-4ad7-a25d-57a95213c4c5</workflowtaskId>
    <actionId>000ec468-0a63-4283-beb7-fcb36c107b2f</actionId>
    <stepId>dc3c9cd0-8467-404b-bf95-cb7df3fbc293</stepId>
  </com.dotmarketing.portlets.workflows.model.WorkflowHistory>
  <com.dotmarketing.portlets.workflows.model.WorkflowHistory>
    <id>1d92400b-b935-44ce-8d0f-bd75e5874fcf</id>
    <creationDate class="sql-timestamp">2018-08-24 22:18:32.806</creationDate>
    <madeBy>dotcms.org.1</madeBy>
    <changeDescription>Admin User completed action Publish</changeDescription>
    <workflowtaskId>23bc207c-6811-4927-b9c0-064ccbb5baa4</workflowtaskId>
    <actionId>000ec468-0a63-4283-beb7-fcb36c107b2f</actionId>
    <stepId>dc3c9cd0-8467-404b-bf95-cb7df3fbc293</stepId>
  </com.dotmarketing.portlets.workflows.model.WorkflowHistory>
  <com.dotmarketing.portlets.workflows.model.WorkflowHistory>
    <id>213e66a7-677e-46e6-99ec-0c420519a2fc</id>
    <creationDate class="sql-timestamp">2018-08-21 00:23:54.88</creationDate>
    <madeBy>dotcms.org.1</madeBy>
    <changeDescription>Admin User completed action Publish</changeDescription>
    <workflowtaskId>01885bcf-218e-448d-b095-dbd927eed897</workflowtaskId>
    <actionId>000ec468-0a63-4283-beb7-fcb36c107b2f</actionId>
    <stepId>dc3c9cd0-8467-404b-bf95-cb7df3fbc293</stepId>
  </com.dotmarketing.portlets.workflows.model.WorkflowHistory>
  <com.dotmarketing.portlets.workflows.model.WorkflowHistory>
    <id>22234abc-ffbb-4778-8657-6aba7e3e6e20</id>
    <creationDate class="sql-timestamp">2018-08-21 02:43:42.503</creationDate>
    <madeBy>dotcms.org.1</madeBy>
    <changeDescription>Admin User completed action Save / Publish</changeDescription>
    <workflowtaskId>032379f2-cf31-412c-9749-afca2b0cb6b7</workflowtaskId>
    <actionId>b9d89c80-3d88-4311-8365-187323c96436</actionId>
    <stepId>dc3c9cd0-8467-404b-bf95-cb7df3fbc293</stepId>
  </com.dotmarketing.portlets.workflows.model.WorkflowHistory>
  <com.dotmarketing.portlets.workflows.model.WorkflowHistory>
    <id>223b3484-e4fe-4e58-9e28-d80562606f22</id>
    <creationDate class="sql-timestamp">2018-08-21 00:24:12.229</creationDate>
    <madeBy>dotcms.org.1</madeBy>
    <changeDescription>Admin User completed action Publish</changeDescription>
    <workflowtaskId>244b4874-9b92-40bb-87d4-ec706e986779</workflowtaskId>
    <actionId>000ec468-0a63-4283-beb7-fcb36c107b2f</actionId>
    <stepId>dc3c9cd0-8467-404b-bf95-cb7df3fbc293</stepId>
  </com.dotmarketing.portlets.workflows.model.WorkflowHistory>
  <com.dotmarketing.portlets.workflows.model.WorkflowHistory>
    <id>22a4ea21-c99f-4918-8e7e-819ac51a3065</id>
    <creationDate class="sql-timestamp">2018-08-21 20:44:27.508</creationDate>
    <madeBy>dotcms.org.1</madeBy>
    <changeDescription>Admin User completed action Save / Publish</changeDescription>
    <workflowtaskId>cddd0c2c-2c01-445f-8485-34fd7b451e93</workflowtaskId>
    <actionId>b9d89c80-3d88-4311-8365-187323c96436</actionId>
    <stepId>dc3c9cd0-8467-404b-bf95-cb7df3fbc293</stepId>
  </com.dotmarketing.portlets.workflows.model.WorkflowHistory>
  <com.dotmarketing.portlets.workflows.model.WorkflowHistory>
    <id>22c8ca8f-e63c-4993-b9c9-bfd87593592a</id>
    <creationDate class="sql-timestamp">2018-08-24 19:20:08.289</creationDate>
    <madeBy>dotcms.org.1</madeBy>
    <changeDescription>Admin User completed action Publish</changeDescription>
    <workflowtaskId>3088f952-4bd0-4a74-9174-9fd57febd0db</workflowtaskId>
    <actionId>000ec468-0a63-4283-beb7-fcb36c107b2f</actionId>
    <stepId>dc3c9cd0-8467-404b-bf95-cb7df3fbc293</stepId>
  </com.dotmarketing.portlets.workflows.model.WorkflowHistory>
  <com.dotmarketing.portlets.workflows.model.WorkflowHistory>
    <id>23051044-b056-4f7e-a9a6-25b556e85c7b</id>
    <creationDate class="sql-timestamp">2018-08-24 19:20:09.661</creationDate>
    <madeBy>dotcms.org.1</madeBy>
    <changeDescription>Admin User completed action Publish</changeDescription>
    <workflowtaskId>ca12407a-c068-4b10-854d-98ca99f743d9</workflowtaskId>
    <actionId>000ec468-0a63-4283-beb7-fcb36c107b2f</actionId>
    <stepId>dc3c9cd0-8467-404b-bf95-cb7df3fbc293</stepId>
  </com.dotmarketing.portlets.workflows.model.WorkflowHistory>
  <com.dotmarketing.portlets.workflows.model.WorkflowHistory>
    <id>24e23116-c6f9-465c-bb61-5ae9dcf1a2e1</id>
    <creationDate class="sql-timestamp">2018-08-21 00:24:03.92</creationDate>
    <madeBy>dotcms.org.1</madeBy>
    <changeDescription>Admin User completed action Unpublish</changeDescription>
    <workflowtaskId>244b4874-9b92-40bb-87d4-ec706e986779</workflowtaskId>
    <actionId>38efc763-d78f-4e4b-b092-59cd8c579b93</actionId>
    <stepId>ee24a4cb-2d15-4c98-b1bd-6327126451f3</stepId>
  </com.dotmarketing.portlets.workflows.model.WorkflowHistory>
  <com.dotmarketing.portlets.workflows.model.WorkflowHistory>
    <id>25c40af3-45bc-4927-ad73-e38bbe42490b</id>
    <creationDate class="sql-timestamp">2018-08-21 00:06:34.663</creationDate>
    <madeBy>dotcms.org.1</madeBy>
    <changeDescription>Admin User completed action Unpublish</changeDescription>
    <workflowtaskId>8fe8f86d-30ba-43fb-bb74-e58c2c4211bd</workflowtaskId>
    <actionId>38efc763-d78f-4e4b-b092-59cd8c579b93</actionId>
    <stepId>ee24a4cb-2d15-4c98-b1bd-6327126451f3</stepId>
  </com.dotmarketing.portlets.workflows.model.WorkflowHistory>
  <com.dotmarketing.portlets.workflows.model.WorkflowHistory>
    <id>27ce4205-90e8-424f-b857-07d0f9195ab8</id>
    <creationDate class="sql-timestamp">2018-08-21 00:01:27.517</creationDate>
    <madeBy>dotcms.org.1</madeBy>
    <changeDescription>Admin User completed action Archive</changeDescription>
    <workflowtaskId>a8275b89-ca7e-4c3b-ba39-4813e705a977</workflowtaskId>
    <actionId>4da13a42-5d59-480c-ad8f-94a3adf809fe</actionId>
    <stepId>d6b095b6-b65f-4bdb-bbfd-701d663dfee2</stepId>
  </com.dotmarketing.portlets.workflows.model.WorkflowHistory>
  <com.dotmarketing.portlets.workflows.model.WorkflowHistory>
    <id>29cd0429-e836-4b04-95e4-1e001cc991e9</id>
    <creationDate class="sql-timestamp">2018-08-21 00:06:32.296</creationDate>
    <madeBy>dotcms.org.1</madeBy>
    <changeDescription>Admin User completed action Unpublish</changeDescription>
    <workflowtaskId>5349debf-8fbc-450d-bbb9-dfffdd3c5c73</workflowtaskId>
    <actionId>38efc763-d78f-4e4b-b092-59cd8c579b93</actionId>
    <stepId>ee24a4cb-2d15-4c98-b1bd-6327126451f3</stepId>
  </com.dotmarketing.portlets.workflows.model.WorkflowHistory>
  <com.dotmarketing.portlets.workflows.model.WorkflowHistory>
    <id>2cb8ba65-6362-45fc-b0f1-2e8bcafc3c65</id>
    <creationDate class="sql-timestamp">2018-08-21 19:06:34.567</creationDate>
    <madeBy>dotcms.org.1</madeBy>
    <changeDescription>Admin User completed action Save</changeDescription>
    <workflowtaskId>032379f2-cf31-412c-9749-afca2b0cb6b7</workflowtaskId>
    <actionId>ceca71a0-deee-4999-bd47-b01baa1bcfc8</actionId>
    <stepId>ee24a4cb-2d15-4c98-b1bd-6327126451f3</stepId>
  </com.dotmarketing.portlets.workflows.model.WorkflowHistory>
  <com.dotmarketing.portlets.workflows.model.WorkflowHistory>
    <id>2dcd0c82-55bd-4845-abdf-d5988234d985</id>
    <creationDate class="sql-timestamp">2018-08-24 19:20:07.614</creationDate>
    <madeBy>dotcms.org.1</madeBy>
    <changeDescription>Admin User completed action Publish</changeDescription>
    <workflowtaskId>8091b390-1120-46fc-8a4b-2f7669961f0a</workflowtaskId>
    <actionId>000ec468-0a63-4283-beb7-fcb36c107b2f</actionId>
    <stepId>dc3c9cd0-8467-404b-bf95-cb7df3fbc293</stepId>
  </com.dotmarketing.portlets.workflows.model.WorkflowHistory>
  <com.dotmarketing.portlets.workflows.model.WorkflowHistory>
    <id>2ebb6a40-32a2-41ca-97b6-e41fb4af75c6</id>
    <creationDate class="sql-timestamp">2018-08-21 19:53:02.284</creationDate>
    <madeBy>dotcms.org.1</madeBy>
    <changeDescription>Admin User completed action Save / Publish</changeDescription>
    <workflowtaskId>4a3528b2-6475-46d3-bd4d-226a6becd22f</workflowtaskId>
    <actionId>b9d89c80-3d88-4311-8365-187323c96436</actionId>
    <stepId>dc3c9cd0-8467-404b-bf95-cb7df3fbc293</stepId>
  </com.dotmarketing.portlets.workflows.model.WorkflowHistory>
  <com.dotmarketing.portlets.workflows.model.WorkflowHistory>
    <id>2fb5b32d-f11c-4afc-99d1-cb256588907a</id>
    <creationDate class="sql-timestamp">2018-08-21 00:02:43.924</creationDate>
    <madeBy>dotcms.org.1</madeBy>
    <changeDescription>Admin User completed action Unarchive</changeDescription>
    <workflowtaskId>01885bcf-218e-448d-b095-dbd927eed897</workflowtaskId>
    <actionId>c92f9aa1-9503-4567-ac30-d3242b54d02d</actionId>
    <stepId>ee24a4cb-2d15-4c98-b1bd-6327126451f3</stepId>
  </com.dotmarketing.portlets.workflows.model.WorkflowHistory>
  <com.dotmarketing.portlets.workflows.model.WorkflowHistory>
    <id>2fbdf74b-7651-4381-9978-034361bd5fb3</id>
    <creationDate class="sql-timestamp">2018-08-24 19:20:10.406</creationDate>
    <madeBy>dotcms.org.1</madeBy>
    <changeDescription>Admin User completed action Publish</changeDescription>
    <workflowtaskId>378cc9c1-d6df-4133-888f-0ac0b46c6f88</workflowtaskId>
    <actionId>000ec468-0a63-4283-beb7-fcb36c107b2f</actionId>
    <stepId>dc3c9cd0-8467-404b-bf95-cb7df3fbc293</stepId>
  </com.dotmarketing.portlets.workflows.model.WorkflowHistory>
  <com.dotmarketing.portlets.workflows.model.WorkflowHistory>
    <id>31030ad1-9af7-4b4d-b575-b739d79c61da</id>
    <creationDate class="sql-timestamp">2018-08-21 00:24:06.641</creationDate>
    <madeBy>dotcms.org.1</madeBy>
    <changeDescription>Admin User completed action Unpublish</changeDescription>
    <workflowtaskId>c17ddd69-448d-43bb-9bac-3cf5b6a5472d</workflowtaskId>
    <actionId>38efc763-d78f-4e4b-b092-59cd8c579b93</actionId>
    <stepId>ee24a4cb-2d15-4c98-b1bd-6327126451f3</stepId>
  </com.dotmarketing.portlets.workflows.model.WorkflowHistory>
  <com.dotmarketing.portlets.workflows.model.WorkflowHistory>
    <id>343d903f-5c0e-4425-84ad-347dc7e97731</id>
    <creationDate class="sql-timestamp">2018-08-24 19:20:10.181</creationDate>
    <madeBy>dotcms.org.1</madeBy>
    <changeDescription>Admin User completed action Publish</changeDescription>
    <workflowtaskId>633ed80a-46f6-4227-ba8a-10581ad7ccb7</workflowtaskId>
    <actionId>000ec468-0a63-4283-beb7-fcb36c107b2f</actionId>
    <stepId>dc3c9cd0-8467-404b-bf95-cb7df3fbc293</stepId>
  </com.dotmarketing.portlets.workflows.model.WorkflowHistory>
  <com.dotmarketing.portlets.workflows.model.WorkflowHistory>
    <id>36470dff-1415-4d51-9cf6-97ff26a6e8f2</id>
    <creationDate class="sql-timestamp">2018-08-21 19:13:33.11</creationDate>
    <madeBy>dotcms.org.1</madeBy>
    <changeDescription>Admin User completed action Save / Publish</changeDescription>
    <workflowtaskId>ec0000f6-efdf-4637-86cf-bcaadfb09710</workflowtaskId>
    <actionId>b9d89c80-3d88-4311-8365-187323c96436</actionId>
    <stepId>dc3c9cd0-8467-404b-bf95-cb7df3fbc293</stepId>
  </com.dotmarketing.portlets.workflows.model.WorkflowHistory>
  <com.dotmarketing.portlets.workflows.model.WorkflowHistory>
    <id>399c57a1-bad0-4d9e-8b0b-74c220b08319</id>
    <creationDate class="sql-timestamp">2018-08-21 00:23:58.264</creationDate>
    <madeBy>dotcms.org.1</madeBy>
    <changeDescription>Admin User completed action Publish</changeDescription>
    <workflowtaskId>a8275b89-ca7e-4c3b-ba39-4813e705a977</workflowtaskId>
    <actionId>000ec468-0a63-4283-beb7-fcb36c107b2f</actionId>
    <stepId>dc3c9cd0-8467-404b-bf95-cb7df3fbc293</stepId>
  </com.dotmarketing.portlets.workflows.model.WorkflowHistory>
  <com.dotmarketing.portlets.workflows.model.WorkflowHistory>
    <id>3bbba835-8924-43bc-8163-37ccf03e26c9</id>
    <creationDate class="sql-timestamp">2018-08-24 19:20:10.27</creationDate>
    <madeBy>dotcms.org.1</madeBy>
    <changeDescription>Admin User completed action Publish</changeDescription>
    <workflowtaskId>51217fad-67d7-4c90-ba6a-d0c63ddad47c</workflowtaskId>
    <actionId>000ec468-0a63-4283-beb7-fcb36c107b2f</actionId>
    <stepId>dc3c9cd0-8467-404b-bf95-cb7df3fbc293</stepId>
  </com.dotmarketing.portlets.workflows.model.WorkflowHistory>
  <com.dotmarketing.portlets.workflows.model.WorkflowHistory>
    <id>4197866d-ad83-4e18-ba6b-fac003ce9646</id>
    <creationDate class="sql-timestamp">2018-08-24 22:18:12.385</creationDate>
    <madeBy>dotcms.org.1</madeBy>
    <changeDescription>Admin User completed action Unpublish</changeDescription>
    <workflowtaskId>23bc207c-6811-4927-b9c0-064ccbb5baa4</workflowtaskId>
    <actionId>38efc763-d78f-4e4b-b092-59cd8c579b93</actionId>
    <stepId>ee24a4cb-2d15-4c98-b1bd-6327126451f3</stepId>
  </com.dotmarketing.portlets.workflows.model.WorkflowHistory>
  <com.dotmarketing.portlets.workflows.model.WorkflowHistory>
    <id>41c3d591-1eec-4157-8392-bc85d50bc149</id>
    <creationDate class="sql-timestamp">2018-08-21 00:06:41.284</creationDate>
    <madeBy>dotcms.org.1</madeBy>
    <changeDescription>Admin User completed action Publish</changeDescription>
    <workflowtaskId>5349debf-8fbc-450d-bbb9-dfffdd3c5c73</workflowtaskId>
    <actionId>000ec468-0a63-4283-beb7-fcb36c107b2f</actionId>
    <stepId>dc3c9cd0-8467-404b-bf95-cb7df3fbc293</stepId>
  </com.dotmarketing.portlets.workflows.model.WorkflowHistory>
  <com.dotmarketing.portlets.workflows.model.WorkflowHistory>
    <id>41c85dd9-bda6-49ad-97f3-818378fe8a53</id>
    <creationDate class="sql-timestamp">2018-08-21 00:24:01.296</creationDate>
    <madeBy>dotcms.org.1</madeBy>
    <changeDescription>Admin User completed action Unpublish</changeDescription>
    <workflowtaskId>23995c36-c52e-4ee3-9734-f4e5d7c5f9eb</workflowtaskId>
    <actionId>38efc763-d78f-4e4b-b092-59cd8c579b93</actionId>
    <stepId>ee24a4cb-2d15-4c98-b1bd-6327126451f3</stepId>
  </com.dotmarketing.portlets.workflows.model.WorkflowHistory>
  <com.dotmarketing.portlets.workflows.model.WorkflowHistory>
    <id>4370a9de-8b1a-4584-ae8e-f179d5e8318d</id>
    <creationDate class="sql-timestamp">2018-08-20 23:55:51.457</creationDate>
    <madeBy>dotcms.org.1</madeBy>
    <changeDescription>Admin User completed action Unarchive</changeDescription>
    <workflowtaskId>a8275b89-ca7e-4c3b-ba39-4813e705a977</workflowtaskId>
    <actionId>c92f9aa1-9503-4567-ac30-d3242b54d02d</actionId>
    <stepId>ee24a4cb-2d15-4c98-b1bd-6327126451f3</stepId>
  </com.dotmarketing.portlets.workflows.model.WorkflowHistory>
  <com.dotmarketing.portlets.workflows.model.WorkflowHistory>
    <id>4710eb7a-3d38-4651-bd54-c5ad253eca98</id>
    <creationDate class="sql-timestamp">2018-08-21 02:58:51.02</creationDate>
    <madeBy>dotcms.org.1</madeBy>
    <changeDescription>Admin User completed action Save / Publish</changeDescription>
    <workflowtaskId>2a39a53a-3812-49bc-8a77-e7d85060ae5e</workflowtaskId>
    <actionId>b9d89c80-3d88-4311-8365-187323c96436</actionId>
    <stepId>dc3c9cd0-8467-404b-bf95-cb7df3fbc293</stepId>
  </com.dotmarketing.portlets.workflows.model.WorkflowHistory>
  <com.dotmarketing.portlets.workflows.model.WorkflowHistory>
    <id>4bc30a11-3842-4100-b2d3-6ff52adbff25</id>
    <creationDate class="sql-timestamp">2018-08-24 19:20:08.2</creationDate>
    <madeBy>dotcms.org.1</madeBy>
    <changeDescription>Admin User completed action Publish</changeDescription>
    <workflowtaskId>244b4874-9b92-40bb-87d4-ec706e986779</workflowtaskId>
    <actionId>000ec468-0a63-4283-beb7-fcb36c107b2f</actionId>
    <stepId>dc3c9cd0-8467-404b-bf95-cb7df3fbc293</stepId>
  </com.dotmarketing.portlets.workflows.model.WorkflowHistory>
  <com.dotmarketing.portlets.workflows.model.WorkflowHistory>
    <id>4bc708f8-dc76-499f-8905-c0cfc7c111f4</id>
    <creationDate class="sql-timestamp">2018-08-24 19:20:08.939</creationDate>
    <madeBy>dotcms.org.1</madeBy>
    <changeDescription>Admin User completed action Publish</changeDescription>
    <workflowtaskId>deef1084-b50e-4269-9a23-90085a19f820</workflowtaskId>
    <actionId>000ec468-0a63-4283-beb7-fcb36c107b2f</actionId>
    <stepId>dc3c9cd0-8467-404b-bf95-cb7df3fbc293</stepId>
  </com.dotmarketing.portlets.workflows.model.WorkflowHistory>
  <com.dotmarketing.portlets.workflows.model.WorkflowHistory>
    <id>4bd6c287-21d9-4a57-aa54-945603e9b456</id>
    <creationDate class="sql-timestamp">2018-08-21 19:45:23.519</creationDate>
    <madeBy>dotcms.org.1</madeBy>
    <changeDescription>Admin User completed action Save / Publish</changeDescription>
    <workflowtaskId>032379f2-cf31-412c-9749-afca2b0cb6b7</workflowtaskId>
    <actionId>b9d89c80-3d88-4311-8365-187323c96436</actionId>
    <stepId>dc3c9cd0-8467-404b-bf95-cb7df3fbc293</stepId>
  </com.dotmarketing.portlets.workflows.model.WorkflowHistory>
  <com.dotmarketing.portlets.workflows.model.WorkflowHistory>
    <id>53d79411-754b-439c-81b1-6f865084b014</id>
    <creationDate class="sql-timestamp">2018-08-10 18:38:05.275</creationDate>
    <madeBy>dotcms.org.1</madeBy>
    <changeDescription>Admin User completed action Save / Publish</changeDescription>
    <workflowtaskId>9d342fa4-651f-4fc7-9a9a-018ef36a247f</workflowtaskId>
    <actionId>b9d89c80-3d88-4311-8365-187323c96436</actionId>
    <stepId>dc3c9cd0-8467-404b-bf95-cb7df3fbc293</stepId>
  </com.dotmarketing.portlets.workflows.model.WorkflowHistory>
  <com.dotmarketing.portlets.workflows.model.WorkflowHistory>
    <id>58095548-6cc6-4d03-9441-842179f86c5b</id>
    <creationDate class="sql-timestamp">2018-08-24 19:20:08.936</creationDate>
    <madeBy>dotcms.org.1</madeBy>
    <changeDescription>Admin User completed action Publish</changeDescription>
    <workflowtaskId>05c157fe-063f-4ac1-b49b-74b426539483</workflowtaskId>
    <actionId>000ec468-0a63-4283-beb7-fcb36c107b2f</actionId>
    <stepId>dc3c9cd0-8467-404b-bf95-cb7df3fbc293</stepId>
  </com.dotmarketing.portlets.workflows.model.WorkflowHistory>
  <com.dotmarketing.portlets.workflows.model.WorkflowHistory>
    <id>5a764642-f846-4551-8077-13584be03357</id>
    <creationDate class="sql-timestamp">2018-08-21 19:49:23.841</creationDate>
    <madeBy>dotcms.org.1</madeBy>
    <changeDescription>Admin User completed action Save / Publish</changeDescription>
    <workflowtaskId>4a3528b2-6475-46d3-bd4d-226a6becd22f</workflowtaskId>
    <actionId>b9d89c80-3d88-4311-8365-187323c96436</actionId>
    <stepId>dc3c9cd0-8467-404b-bf95-cb7df3fbc293</stepId>
  </com.dotmarketing.portlets.workflows.model.WorkflowHistory>
  <com.dotmarketing.portlets.workflows.model.WorkflowHistory>
    <id>5ad7926e-4acf-4a31-b124-7e03f5d41b82</id>
    <creationDate class="sql-timestamp">2018-08-21 20:49:08.94</creationDate>
    <madeBy>dotcms.org.1</madeBy>
    <changeDescription>Admin User completed action Save / Publish</changeDescription>
    <workflowtaskId>c8d02e62-ecc2-461f-924d-d63b807a44f7</workflowtaskId>
    <actionId>b9d89c80-3d88-4311-8365-187323c96436</actionId>
    <stepId>dc3c9cd0-8467-404b-bf95-cb7df3fbc293</stepId>
  </com.dotmarketing.portlets.workflows.model.WorkflowHistory>
  <com.dotmarketing.portlets.workflows.model.WorkflowHistory>
    <id>5baee59e-da18-4e42-a67c-75c1e3c00d1e</id>
    <creationDate class="sql-timestamp">2018-08-21 00:02:43.566</creationDate>
    <madeBy>dotcms.org.1</madeBy>
    <changeDescription>Admin User completed action Unarchive</changeDescription>
    <workflowtaskId>a8275b89-ca7e-4c3b-ba39-4813e705a977</workflowtaskId>
    <actionId>c92f9aa1-9503-4567-ac30-d3242b54d02d</actionId>
    <stepId>ee24a4cb-2d15-4c98-b1bd-6327126451f3</stepId>
  </com.dotmarketing.portlets.workflows.model.WorkflowHistory>
  <com.dotmarketing.portlets.workflows.model.WorkflowHistory>
    <id>5cf30136-9bb7-4604-881c-0c03282ebbeb</id>
    <creationDate class="sql-timestamp">2018-08-24 19:20:10.323</creationDate>
    <madeBy>dotcms.org.1</madeBy>
    <changeDescription>Admin User completed action Publish</changeDescription>
    <workflowtaskId>69e3dc86-419f-4e43-885d-e05e7332cdcb</workflowtaskId>
    <actionId>000ec468-0a63-4283-beb7-fcb36c107b2f</actionId>
    <stepId>dc3c9cd0-8467-404b-bf95-cb7df3fbc293</stepId>
  </com.dotmarketing.portlets.workflows.model.WorkflowHistory>
  <com.dotmarketing.portlets.workflows.model.WorkflowHistory>
    <id>5d194b09-86f4-4ae7-b550-7fc8e45284e8</id>
    <creationDate class="sql-timestamp">2018-08-21 20:51:35.012</creationDate>
    <madeBy>dotcms.org.1</madeBy>
    <changeDescription>Admin User completed action Save / Publish</changeDescription>
    <workflowtaskId>c8d02e62-ecc2-461f-924d-d63b807a44f7</workflowtaskId>
    <actionId>b9d89c80-3d88-4311-8365-187323c96436</actionId>
    <stepId>dc3c9cd0-8467-404b-bf95-cb7df3fbc293</stepId>
  </com.dotmarketing.portlets.workflows.model.WorkflowHistory>
  <com.dotmarketing.portlets.workflows.model.WorkflowHistory>
    <id>60ec8994-08b8-4352-9e75-9410d162f32a</id>
    <creationDate class="sql-timestamp">2018-08-24 19:20:09.201</creationDate>
    <madeBy>dotcms.org.1</madeBy>
    <changeDescription>Admin User completed action Publish</changeDescription>
    <workflowtaskId>01885bcf-218e-448d-b095-dbd927eed897</workflowtaskId>
    <actionId>000ec468-0a63-4283-beb7-fcb36c107b2f</actionId>
    <stepId>dc3c9cd0-8467-404b-bf95-cb7df3fbc293</stepId>
  </com.dotmarketing.portlets.workflows.model.WorkflowHistory>
  <com.dotmarketing.portlets.workflows.model.WorkflowHistory>
    <id>62347852-f0c8-4ba6-9062-adcf930b9d43</id>
    <creationDate class="sql-timestamp">2018-08-24 19:20:09.616</creationDate>
    <madeBy>dotcms.org.1</madeBy>
    <changeDescription>Admin User completed action Publish</changeDescription>
    <workflowtaskId>34cc50d4-99d3-4f9e-86ff-23deef51a7d9</workflowtaskId>
    <actionId>000ec468-0a63-4283-beb7-fcb36c107b2f</actionId>
    <stepId>dc3c9cd0-8467-404b-bf95-cb7df3fbc293</stepId>
  </com.dotmarketing.portlets.workflows.model.WorkflowHistory>
  <com.dotmarketing.portlets.workflows.model.WorkflowHistory>
    <id>62c7e6be-3b46-487c-ba95-57c6f9205c6a</id>
    <creationDate class="sql-timestamp">2018-08-21 00:06:48.883</creationDate>
    <madeBy>dotcms.org.1</madeBy>
    <changeDescription>Admin User completed action Publish</changeDescription>
    <workflowtaskId>6410bc7b-a358-4af6-9827-d1fdb5556603</workflowtaskId>
    <actionId>000ec468-0a63-4283-beb7-fcb36c107b2f</actionId>
    <stepId>dc3c9cd0-8467-404b-bf95-cb7df3fbc293</stepId>
  </com.dotmarketing.portlets.workflows.model.WorkflowHistory>
  <com.dotmarketing.portlets.workflows.model.WorkflowHistory>
    <id>634489b1-269c-4354-8da4-081d338277dc</id>
    <creationDate class="sql-timestamp">2018-08-10 18:38:05.393</creationDate>
    <madeBy>dotcms.org.1</madeBy>
    <changeDescription>Admin User completed action Save / Publish</changeDescription>
    <workflowtaskId>4ee35318-50f6-4db9-8f4a-47b8a8a2098e</workflowtaskId>
    <actionId>b9d89c80-3d88-4311-8365-187323c96436</actionId>
    <stepId>dc3c9cd0-8467-404b-bf95-cb7df3fbc293</stepId>
  </com.dotmarketing.portlets.workflows.model.WorkflowHistory>
  <com.dotmarketing.portlets.workflows.model.WorkflowHistory>
    <id>6533c74e-3a81-418b-aff0-592dbc35b5f6</id>
    <creationDate class="sql-timestamp">2018-08-20 23:55:31.691</creationDate>
    <madeBy>dotcms.org.1</madeBy>
    <changeDescription>Admin User completed action Archive</changeDescription>
    <workflowtaskId>a8275b89-ca7e-4c3b-ba39-4813e705a977</workflowtaskId>
    <actionId>4da13a42-5d59-480c-ad8f-94a3adf809fe</actionId>
    <stepId>d6b095b6-b65f-4bdb-bbfd-701d663dfee2</stepId>
  </com.dotmarketing.portlets.workflows.model.WorkflowHistory>
  <com.dotmarketing.portlets.workflows.model.WorkflowHistory>
    <id>691c7fb7-32e6-441b-a3a9-1db7935de55d</id>
    <creationDate class="sql-timestamp">2018-08-21 02:35:16.982</creationDate>
    <madeBy>dotcms.org.1</madeBy>
    <changeDescription>Admin User completed action Save / Publish</changeDescription>
    <workflowtaskId>a2a56bd7-d67c-4b53-afb4-f1c118cf1d75</workflowtaskId>
    <actionId>b9d89c80-3d88-4311-8365-187323c96436</actionId>
    <stepId>dc3c9cd0-8467-404b-bf95-cb7df3fbc293</stepId>
  </com.dotmarketing.portlets.workflows.model.WorkflowHistory>
  <com.dotmarketing.portlets.workflows.model.WorkflowHistory>
    <id>6943422a-527d-4de2-a4d3-6b126f6d9e9b</id>
    <creationDate class="sql-timestamp">2018-08-21 20:55:51.105</creationDate>
    <madeBy>dotcms.org.1</madeBy>
    <changeDescription>Admin User completed action Save / Publish</changeDescription>
    <workflowtaskId>244b4874-9b92-40bb-87d4-ec706e986779</workflowtaskId>
    <actionId>b9d89c80-3d88-4311-8365-187323c96436</actionId>
    <stepId>dc3c9cd0-8467-404b-bf95-cb7df3fbc293</stepId>
  </com.dotmarketing.portlets.workflows.model.WorkflowHistory>
  <com.dotmarketing.portlets.workflows.model.WorkflowHistory>
    <id>69f6f187-2e3a-4f5d-9018-7377e4e2f7ff</id>
    <creationDate class="sql-timestamp">2018-08-21 19:53:11.594</creationDate>
    <madeBy>dotcms.org.1</madeBy>
    <changeDescription>Admin User completed action Save / Publish</changeDescription>
    <workflowtaskId>4a3528b2-6475-46d3-bd4d-226a6becd22f</workflowtaskId>
    <actionId>b9d89c80-3d88-4311-8365-187323c96436</actionId>
    <stepId>dc3c9cd0-8467-404b-bf95-cb7df3fbc293</stepId>
  </com.dotmarketing.portlets.workflows.model.WorkflowHistory>
  <com.dotmarketing.portlets.workflows.model.WorkflowHistory>
    <id>6afd3f35-0f4f-4c08-9860-98e8e302fc0d</id>
    <creationDate class="sql-timestamp">2018-08-21 19:41:58.414</creationDate>
    <madeBy>dotcms.org.1</madeBy>
    <changeDescription>Admin User completed action Save / Publish</changeDescription>
    <workflowtaskId>032379f2-cf31-412c-9749-afca2b0cb6b7</workflowtaskId>
    <actionId>b9d89c80-3d88-4311-8365-187323c96436</actionId>
    <stepId>dc3c9cd0-8467-404b-bf95-cb7df3fbc293</stepId>
  </com.dotmarketing.portlets.workflows.model.WorkflowHistory>
  <com.dotmarketing.portlets.workflows.model.WorkflowHistory>
    <id>6bd30409-0917-486b-82cb-9fa48b2482ca</id>
    <creationDate class="sql-timestamp">2018-08-21 18:49:17.435</creationDate>
    <madeBy>dotcms.org.1</madeBy>
    <changeDescription>Admin User completed action Save / Publish</changeDescription>
    <workflowtaskId>ec0000f6-efdf-4637-86cf-bcaadfb09710</workflowtaskId>
    <actionId>b9d89c80-3d88-4311-8365-187323c96436</actionId>
    <stepId>dc3c9cd0-8467-404b-bf95-cb7df3fbc293</stepId>
  </com.dotmarketing.portlets.workflows.model.WorkflowHistory>
  <com.dotmarketing.portlets.workflows.model.WorkflowHistory>
    <id>6cbd8f48-5185-471c-805b-b10339c7772f</id>
    <creationDate class="sql-timestamp">2018-08-24 19:20:09.428</creationDate>
    <madeBy>dotcms.org.1</madeBy>
    <changeDescription>Admin User completed action Publish</changeDescription>
    <workflowtaskId>af8f6107-f271-4ca6-8f12-a4344b056d63</workflowtaskId>
    <actionId>000ec468-0a63-4283-beb7-fcb36c107b2f</actionId>
    <stepId>dc3c9cd0-8467-404b-bf95-cb7df3fbc293</stepId>
  </com.dotmarketing.portlets.workflows.model.WorkflowHistory>
  <com.dotmarketing.portlets.workflows.model.WorkflowHistory>
    <id>6f682e35-7639-43ee-a4a8-d9bce177148d</id>
    <creationDate class="sql-timestamp">2018-08-21 20:35:02.744</creationDate>
    <madeBy>dotcms.org.1</madeBy>
    <changeDescription>Admin User completed action Save / Publish</changeDescription>
    <workflowtaskId>cddd0c2c-2c01-445f-8485-34fd7b451e93</workflowtaskId>
    <actionId>b9d89c80-3d88-4311-8365-187323c96436</actionId>
    <stepId>dc3c9cd0-8467-404b-bf95-cb7df3fbc293</stepId>
  </com.dotmarketing.portlets.workflows.model.WorkflowHistory>
  <com.dotmarketing.portlets.workflows.model.WorkflowHistory>
    <id>715836b1-459c-4cf9-8c71-b95f56c30747</id>
    <creationDate class="sql-timestamp">2018-08-21 02:32:55.485</creationDate>
    <madeBy>dotcms.org.1</madeBy>
    <changeDescription>Admin User completed action Save / Publish</changeDescription>
    <workflowtaskId>23bc207c-6811-4927-b9c0-064ccbb5baa4</workflowtaskId>
    <actionId>b9d89c80-3d88-4311-8365-187323c96436</actionId>
    <stepId>dc3c9cd0-8467-404b-bf95-cb7df3fbc293</stepId>
  </com.dotmarketing.portlets.workflows.model.WorkflowHistory>
  <com.dotmarketing.portlets.workflows.model.WorkflowHistory>
    <id>71cd1db7-dd4d-4668-b30f-489b77152037</id>
    <creationDate class="sql-timestamp">2018-08-24 19:44:09.073</creationDate>
    <madeBy>dotcms.org.1</madeBy>
    <changeDescription>Admin User completed action Publish</changeDescription>
    <workflowtaskId>23bc207c-6811-4927-b9c0-064ccbb5baa4</workflowtaskId>
    <actionId>000ec468-0a63-4283-beb7-fcb36c107b2f</actionId>
    <stepId>dc3c9cd0-8467-404b-bf95-cb7df3fbc293</stepId>
  </com.dotmarketing.portlets.workflows.model.WorkflowHistory>
  <com.dotmarketing.portlets.workflows.model.WorkflowHistory>
    <id>7296bd6d-a1ae-4b9b-868a-098d4cd86777</id>
    <creationDate class="sql-timestamp">2018-08-24 19:46:30.352</creationDate>
    <madeBy>dotcms.org.1</madeBy>
    <changeDescription>Admin User completed action Publish</changeDescription>
    <workflowtaskId>23bc207c-6811-4927-b9c0-064ccbb5baa4</workflowtaskId>
    <actionId>000ec468-0a63-4283-beb7-fcb36c107b2f</actionId>
    <stepId>dc3c9cd0-8467-404b-bf95-cb7df3fbc293</stepId>
  </com.dotmarketing.portlets.workflows.model.WorkflowHistory>
  <com.dotmarketing.portlets.workflows.model.WorkflowHistory>
    <id>741e14e4-decf-49aa-b4be-addbe82fd95f</id>
    <creationDate class="sql-timestamp">2018-08-21 19:02:55.66</creationDate>
    <madeBy>dotcms.org.1</madeBy>
    <changeDescription>Admin User completed action Save / Publish</changeDescription>
    <workflowtaskId>ec0000f6-efdf-4637-86cf-bcaadfb09710</workflowtaskId>
    <actionId>b9d89c80-3d88-4311-8365-187323c96436</actionId>
    <stepId>dc3c9cd0-8467-404b-bf95-cb7df3fbc293</stepId>
  </com.dotmarketing.portlets.workflows.model.WorkflowHistory>
  <com.dotmarketing.portlets.workflows.model.WorkflowHistory>
    <id>751ebc77-14f6-4072-a2f4-daf1a30cf563</id>
    <creationDate class="sql-timestamp">2018-08-24 19:38:14.603</creationDate>
    <madeBy>dotcms.org.1</madeBy>
    <changeDescription>Admin User completed action Publish</changeDescription>
    <workflowtaskId>23bc207c-6811-4927-b9c0-064ccbb5baa4</workflowtaskId>
    <actionId>000ec468-0a63-4283-beb7-fcb36c107b2f</actionId>
    <stepId>dc3c9cd0-8467-404b-bf95-cb7df3fbc293</stepId>
  </com.dotmarketing.portlets.workflows.model.WorkflowHistory>
  <com.dotmarketing.portlets.workflows.model.WorkflowHistory>
    <id>75a87e57-17e1-4d6e-b604-7fa76f7a5cd7</id>
    <creationDate class="sql-timestamp">2018-08-21 00:24:09.265</creationDate>
    <madeBy>dotcms.org.1</madeBy>
    <changeDescription>Admin User completed action Publish</changeDescription>
    <workflowtaskId>23995c36-c52e-4ee3-9734-f4e5d7c5f9eb</workflowtaskId>
    <actionId>000ec468-0a63-4283-beb7-fcb36c107b2f</actionId>
    <stepId>dc3c9cd0-8467-404b-bf95-cb7df3fbc293</stepId>
  </com.dotmarketing.portlets.workflows.model.WorkflowHistory>
  <com.dotmarketing.portlets.workflows.model.WorkflowHistory>
    <id>763957f5-e3f1-4daf-9d6d-c15859966bd7</id>
    <creationDate class="sql-timestamp">2018-08-24 19:20:09.443</creationDate>
    <madeBy>dotcms.org.1</madeBy>
    <changeDescription>Admin User completed action Publish</changeDescription>
    <workflowtaskId>5349debf-8fbc-450d-bbb9-dfffdd3c5c73</workflowtaskId>
    <actionId>000ec468-0a63-4283-beb7-fcb36c107b2f</actionId>
    <stepId>dc3c9cd0-8467-404b-bf95-cb7df3fbc293</stepId>
  </com.dotmarketing.portlets.workflows.model.WorkflowHistory>
  <com.dotmarketing.portlets.workflows.model.WorkflowHistory>
    <id>7d2aa235-64cc-407e-911f-4ef105ad4644</id>
    <creationDate class="sql-timestamp">2018-08-21 20:41:19.192</creationDate>
    <madeBy>dotcms.org.1</madeBy>
    <changeDescription>Admin User completed action Save / Publish</changeDescription>
    <workflowtaskId>032379f2-cf31-412c-9749-afca2b0cb6b7</workflowtaskId>
    <actionId>b9d89c80-3d88-4311-8365-187323c96436</actionId>
    <stepId>dc3c9cd0-8467-404b-bf95-cb7df3fbc293</stepId>
  </com.dotmarketing.portlets.workflows.model.WorkflowHistory>
  <com.dotmarketing.portlets.workflows.model.WorkflowHistory>
    <id>7e98e51c-b885-40a1-8046-5e3bc66daa2f</id>
    <creationDate class="sql-timestamp">2018-08-21 20:53:16.182</creationDate>
    <madeBy>dotcms.org.1</madeBy>
    <changeDescription>Admin User completed action Save / Publish</changeDescription>
    <workflowtaskId>8091b390-1120-46fc-8a4b-2f7669961f0a</workflowtaskId>
    <actionId>b9d89c80-3d88-4311-8365-187323c96436</actionId>
    <stepId>dc3c9cd0-8467-404b-bf95-cb7df3fbc293</stepId>
  </com.dotmarketing.portlets.workflows.model.WorkflowHistory>
  <com.dotmarketing.portlets.workflows.model.WorkflowHistory>
    <id>81cdd222-1570-4a56-8a2d-33b0b5862442</id>
    <creationDate class="sql-timestamp">2018-08-21 19:06:36.494</creationDate>
    <madeBy>dotcms.org.1</madeBy>
    <changeDescription>Admin User completed action Save / Publish</changeDescription>
    <workflowtaskId>032379f2-cf31-412c-9749-afca2b0cb6b7</workflowtaskId>
    <actionId>b9d89c80-3d88-4311-8365-187323c96436</actionId>
    <stepId>dc3c9cd0-8467-404b-bf95-cb7df3fbc293</stepId>
  </com.dotmarketing.portlets.workflows.model.WorkflowHistory>
  <com.dotmarketing.portlets.workflows.model.WorkflowHistory>
    <id>838b6764-887e-44a3-8a7b-43d6d3b89cc1</id>
    <creationDate class="sql-timestamp">2018-08-21 20:40:41.518</creationDate>
    <madeBy>dotcms.org.1</madeBy>
    <changeDescription>Admin User completed action Save / Publish</changeDescription>
    <workflowtaskId>032379f2-cf31-412c-9749-afca2b0cb6b7</workflowtaskId>
    <actionId>b9d89c80-3d88-4311-8365-187323c96436</actionId>
    <stepId>dc3c9cd0-8467-404b-bf95-cb7df3fbc293</stepId>
  </com.dotmarketing.portlets.workflows.model.WorkflowHistory>
  <com.dotmarketing.portlets.workflows.model.WorkflowHistory>
    <id>8576deda-1f70-4a37-8124-abbd1b99f904</id>
    <creationDate class="sql-timestamp">2018-08-24 19:20:08.669</creationDate>
    <madeBy>dotcms.org.1</madeBy>
    <changeDescription>Admin User completed action Publish</changeDescription>
    <workflowtaskId>8fe8f86d-30ba-43fb-bb74-e58c2c4211bd</workflowtaskId>
    <actionId>000ec468-0a63-4283-beb7-fcb36c107b2f</actionId>
    <stepId>dc3c9cd0-8467-404b-bf95-cb7df3fbc293</stepId>
  </com.dotmarketing.portlets.workflows.model.WorkflowHistory>
  <com.dotmarketing.portlets.workflows.model.WorkflowHistory>
    <id>8698a3d4-23fb-481a-8e6d-4e8e42040745</id>
    <creationDate class="sql-timestamp">2018-08-21 20:47:00.031</creationDate>
    <madeBy>dotcms.org.1</madeBy>
    <changeDescription>Admin User completed action Save / Publish</changeDescription>
    <workflowtaskId>c8d02e62-ecc2-461f-924d-d63b807a44f7</workflowtaskId>
    <actionId>b9d89c80-3d88-4311-8365-187323c96436</actionId>
    <stepId>dc3c9cd0-8467-404b-bf95-cb7df3fbc293</stepId>
  </com.dotmarketing.portlets.workflows.model.WorkflowHistory>
  <com.dotmarketing.portlets.workflows.model.WorkflowHistory>
    <id>875c72fc-d4da-45d0-8001-87b346427521</id>
    <creationDate class="sql-timestamp">2018-08-24 19:20:09.967</creationDate>
    <madeBy>dotcms.org.1</madeBy>
    <changeDescription>Admin User completed action Publish</changeDescription>
    <workflowtaskId>83f976d5-af09-4161-90c1-cf434138ae2d</workflowtaskId>
    <actionId>000ec468-0a63-4283-beb7-fcb36c107b2f</actionId>
    <stepId>dc3c9cd0-8467-404b-bf95-cb7df3fbc293</stepId>
  </com.dotmarketing.portlets.workflows.model.WorkflowHistory>
  <com.dotmarketing.portlets.workflows.model.WorkflowHistory>
    <id>88efaa4a-fa41-42ef-96a8-437f1ea6e2a1</id>
    <creationDate class="sql-timestamp">2018-08-10 18:38:05.439</creationDate>
    <madeBy>dotcms.org.1</madeBy>
    <changeDescription>Admin User completed action Save / Publish</changeDescription>
    <workflowtaskId>97f00897-105b-48c8-9a5d-6f2f6f8518ea</workflowtaskId>
    <actionId>b9d89c80-3d88-4311-8365-187323c96436</actionId>
    <stepId>dc3c9cd0-8467-404b-bf95-cb7df3fbc293</stepId>
  </com.dotmarketing.portlets.workflows.model.WorkflowHistory>
  <com.dotmarketing.portlets.workflows.model.WorkflowHistory>
    <id>89a38088-1410-42d0-b265-2f2a23d35aac</id>
    <creationDate class="sql-timestamp">2018-08-21 19:11:02.146</creationDate>
    <madeBy>dotcms.org.1</madeBy>
    <changeDescription>Admin User completed action Save / Publish</changeDescription>
    <workflowtaskId>244b4874-9b92-40bb-87d4-ec706e986779</workflowtaskId>
    <actionId>b9d89c80-3d88-4311-8365-187323c96436</actionId>
    <stepId>dc3c9cd0-8467-404b-bf95-cb7df3fbc293</stepId>
  </com.dotmarketing.portlets.workflows.model.WorkflowHistory>
  <com.dotmarketing.portlets.workflows.model.WorkflowHistory>
    <id>8b493a87-4689-4ba8-91da-27041c484510</id>
    <creationDate class="sql-timestamp">2018-08-21 16:03:56.89</creationDate>
    <madeBy>dotcms.org.1</madeBy>
    <changeDescription>Admin User completed action Save / Publish</changeDescription>
    <workflowtaskId>ec0000f6-efdf-4637-86cf-bcaadfb09710</workflowtaskId>
    <actionId>b9d89c80-3d88-4311-8365-187323c96436</actionId>
    <stepId>dc3c9cd0-8467-404b-bf95-cb7df3fbc293</stepId>
  </com.dotmarketing.portlets.workflows.model.WorkflowHistory>
  <com.dotmarketing.portlets.workflows.model.WorkflowHistory>
    <id>95090382-51d9-4bce-9107-dc156ba41536</id>
    <creationDate class="sql-timestamp">2018-08-21 18:48:58.984</creationDate>
    <madeBy>dotcms.org.1</madeBy>
    <changeDescription>Admin User completed action Save / Publish</changeDescription>
    <workflowtaskId>ec0000f6-efdf-4637-86cf-bcaadfb09710</workflowtaskId>
    <actionId>b9d89c80-3d88-4311-8365-187323c96436</actionId>
    <stepId>dc3c9cd0-8467-404b-bf95-cb7df3fbc293</stepId>
  </com.dotmarketing.portlets.workflows.model.WorkflowHistory>
  <com.dotmarketing.portlets.workflows.model.WorkflowHistory>
    <id>975367ba-0692-4be2-955a-c996cf4c438c</id>
    <creationDate class="sql-timestamp">2018-08-10 18:38:05.347</creationDate>
    <madeBy>dotcms.org.1</madeBy>
    <changeDescription>Admin User completed action Save / Publish</changeDescription>
    <workflowtaskId>a4651eeb-79ce-4751-bd25-d56c87076d01</workflowtaskId>
    <actionId>b9d89c80-3d88-4311-8365-187323c96436</actionId>
    <stepId>dc3c9cd0-8467-404b-bf95-cb7df3fbc293</stepId>
  </com.dotmarketing.portlets.workflows.model.WorkflowHistory>
  <com.dotmarketing.portlets.workflows.model.WorkflowHistory>
    <id>9b13c6c6-1a1d-4c21-b8ed-f096f069474c</id>
    <creationDate class="sql-timestamp">2018-08-24 19:20:08.187</creationDate>
    <madeBy>dotcms.org.1</madeBy>
    <changeDescription>Admin User completed action Publish</changeDescription>
    <workflowtaskId>23995c36-c52e-4ee3-9734-f4e5d7c5f9eb</workflowtaskId>
    <actionId>000ec468-0a63-4283-beb7-fcb36c107b2f</actionId>
    <stepId>dc3c9cd0-8467-404b-bf95-cb7df3fbc293</stepId>
  </com.dotmarketing.portlets.workflows.model.WorkflowHistory>
  <com.dotmarketing.portlets.workflows.model.WorkflowHistory>
    <id>9b70d098-e561-47c5-912a-1c4043a86028</id>
    <creationDate class="sql-timestamp">2018-08-24 19:20:08.919</creationDate>
    <madeBy>dotcms.org.1</madeBy>
    <changeDescription>Admin User completed action Publish</changeDescription>
    <workflowtaskId>23bc207c-6811-4927-b9c0-064ccbb5baa4</workflowtaskId>
    <actionId>000ec468-0a63-4283-beb7-fcb36c107b2f</actionId>
    <stepId>dc3c9cd0-8467-404b-bf95-cb7df3fbc293</stepId>
  </com.dotmarketing.portlets.workflows.model.WorkflowHistory>
  <com.dotmarketing.portlets.workflows.model.WorkflowHistory>
    <id>9c0f4fd6-0db4-4df5-8f61-d5c4d81d1106</id>
    <creationDate class="sql-timestamp">2018-08-21 00:24:15.507</creationDate>
    <madeBy>dotcms.org.1</madeBy>
    <changeDescription>Admin User completed action Publish</changeDescription>
    <workflowtaskId>c17ddd69-448d-43bb-9bac-3cf5b6a5472d</workflowtaskId>
    <actionId>000ec468-0a63-4283-beb7-fcb36c107b2f</actionId>
    <stepId>dc3c9cd0-8467-404b-bf95-cb7df3fbc293</stepId>
  </com.dotmarketing.portlets.workflows.model.WorkflowHistory>
  <com.dotmarketing.portlets.workflows.model.WorkflowHistory>
    <id>9d152bc6-3b4c-4175-9856-313a32bf3141</id>
    <creationDate class="sql-timestamp">2018-08-24 19:20:08.426</creationDate>
    <madeBy>dotcms.org.1</madeBy>
    <changeDescription>Admin User completed action Publish</changeDescription>
    <workflowtaskId>4a3528b2-6475-46d3-bd4d-226a6becd22f</workflowtaskId>
    <actionId>000ec468-0a63-4283-beb7-fcb36c107b2f</actionId>
    <stepId>dc3c9cd0-8467-404b-bf95-cb7df3fbc293</stepId>
  </com.dotmarketing.portlets.workflows.model.WorkflowHistory>
  <com.dotmarketing.portlets.workflows.model.WorkflowHistory>
    <id>9e127267-2931-4364-81c4-4fdf1eb425e5</id>
    <creationDate class="sql-timestamp">2018-08-21 18:38:24.697</creationDate>
    <madeBy>dotcms.org.1</madeBy>
    <changeDescription>Admin User completed action Save / Publish</changeDescription>
    <workflowtaskId>8091b390-1120-46fc-8a4b-2f7669961f0a</workflowtaskId>
    <actionId>b9d89c80-3d88-4311-8365-187323c96436</actionId>
    <stepId>dc3c9cd0-8467-404b-bf95-cb7df3fbc293</stepId>
  </com.dotmarketing.portlets.workflows.model.WorkflowHistory>
  <com.dotmarketing.portlets.workflows.model.WorkflowHistory>
    <id>9f792946-bdd2-4fa4-b31c-dd6c95d41e6e</id>
    <creationDate class="sql-timestamp">2018-08-24 19:36:50.699</creationDate>
    <madeBy>dotcms.org.1</madeBy>
    <changeDescription>Admin User completed action Unpublish</changeDescription>
    <workflowtaskId>032379f2-cf31-412c-9749-afca2b0cb6b7</workflowtaskId>
    <actionId>38efc763-d78f-4e4b-b092-59cd8c579b93</actionId>
    <stepId>ee24a4cb-2d15-4c98-b1bd-6327126451f3</stepId>
  </com.dotmarketing.portlets.workflows.model.WorkflowHistory>
  <com.dotmarketing.portlets.workflows.model.WorkflowHistory>
    <id>a0a83104-71ea-48f5-ad32-70d46d8d440d</id>
    <creationDate class="sql-timestamp">2018-08-24 19:31:26.964</creationDate>
    <madeBy>dotcms.org.1</madeBy>
    <changeDescription>Admin User completed action Save / Publish</changeDescription>
    <workflowtaskId>032379f2-cf31-412c-9749-afca2b0cb6b7</workflowtaskId>
    <actionId>b9d89c80-3d88-4311-8365-187323c96436</actionId>
    <stepId>dc3c9cd0-8467-404b-bf95-cb7df3fbc293</stepId>
  </com.dotmarketing.portlets.workflows.model.WorkflowHistory>
  <com.dotmarketing.portlets.workflows.model.WorkflowHistory>
    <id>a1b2dfbf-de7b-4044-b526-79eeec3b8bfb</id>
    <creationDate class="sql-timestamp">2018-08-21 20:47:51.183</creationDate>
    <madeBy>dotcms.org.1</madeBy>
    <changeDescription>Admin User completed action Save / Publish</changeDescription>
    <workflowtaskId>c8d02e62-ecc2-461f-924d-d63b807a44f7</workflowtaskId>
    <actionId>b9d89c80-3d88-4311-8365-187323c96436</actionId>
    <stepId>dc3c9cd0-8467-404b-bf95-cb7df3fbc293</stepId>
  </com.dotmarketing.portlets.workflows.model.WorkflowHistory>
  <com.dotmarketing.portlets.workflows.model.WorkflowHistory>
    <id>a1b5cc22-a7d5-415c-8898-d67137fe312c</id>
    <creationDate class="sql-timestamp">2018-08-24 19:37:22.668</creationDate>
    <madeBy>dotcms.org.1</madeBy>
    <changeDescription>Admin User completed action Unpublish</changeDescription>
    <workflowtaskId>23bc207c-6811-4927-b9c0-064ccbb5baa4</workflowtaskId>
    <actionId>38efc763-d78f-4e4b-b092-59cd8c579b93</actionId>
    <stepId>ee24a4cb-2d15-4c98-b1bd-6327126451f3</stepId>
  </com.dotmarketing.portlets.workflows.model.WorkflowHistory>
  <com.dotmarketing.portlets.workflows.model.WorkflowHistory>
    <id>a4a871ae-4043-4e6e-85f5-cbc0294456f3</id>
    <creationDate class="sql-timestamp">2018-08-24 19:20:07.644</creationDate>
    <madeBy>dotcms.org.1</madeBy>
    <changeDescription>Admin User completed action Publish</changeDescription>
    <workflowtaskId>c8d02e62-ecc2-461f-924d-d63b807a44f7</workflowtaskId>
    <actionId>000ec468-0a63-4283-beb7-fcb36c107b2f</actionId>
    <stepId>dc3c9cd0-8467-404b-bf95-cb7df3fbc293</stepId>
  </com.dotmarketing.portlets.workflows.model.WorkflowHistory>
  <com.dotmarketing.portlets.workflows.model.WorkflowHistory>
    <id>a4bc9461-19bf-45cd-b62a-b90b86c178bb</id>
    <creationDate class="sql-timestamp">2018-08-24 19:20:09.72</creationDate>
    <madeBy>dotcms.org.1</madeBy>
    <changeDescription>Admin User completed action Publish</changeDescription>
    <workflowtaskId>ec0000f6-efdf-4637-86cf-bcaadfb09710</workflowtaskId>
    <actionId>000ec468-0a63-4283-beb7-fcb36c107b2f</actionId>
    <stepId>dc3c9cd0-8467-404b-bf95-cb7df3fbc293</stepId>
  </com.dotmarketing.portlets.workflows.model.WorkflowHistory>
  <com.dotmarketing.portlets.workflows.model.WorkflowHistory>
    <id>a60a0177-ae42-442d-a297-d40298936fa9</id>
    <creationDate class="sql-timestamp">2018-08-21 20:48:57.191</creationDate>
    <madeBy>dotcms.org.1</madeBy>
    <changeDescription>Admin User completed action Save / Publish</changeDescription>
    <workflowtaskId>c8d02e62-ecc2-461f-924d-d63b807a44f7</workflowtaskId>
    <actionId>b9d89c80-3d88-4311-8365-187323c96436</actionId>
    <stepId>dc3c9cd0-8467-404b-bf95-cb7df3fbc293</stepId>
  </com.dotmarketing.portlets.workflows.model.WorkflowHistory>
  <com.dotmarketing.portlets.workflows.model.WorkflowHistory>
    <id>a93eb823-d160-448b-a620-1df1b4c24ac9</id>
    <creationDate class="sql-timestamp">2018-08-24 19:20:07.612</creationDate>
    <madeBy>dotcms.org.1</madeBy>
    <changeDescription>Admin User completed action Publish</changeDescription>
    <workflowtaskId>cddd0c2c-2c01-445f-8485-34fd7b451e93</workflowtaskId>
    <actionId>000ec468-0a63-4283-beb7-fcb36c107b2f</actionId>
    <stepId>dc3c9cd0-8467-404b-bf95-cb7df3fbc293</stepId>
  </com.dotmarketing.portlets.workflows.model.WorkflowHistory>
  <com.dotmarketing.portlets.workflows.model.WorkflowHistory>
    <id>a9a9e6a5-bb20-4526-9399-7cc240e3477c</id>
    <creationDate class="sql-timestamp">2018-08-21 19:49:55.221</creationDate>
    <madeBy>dotcms.org.1</madeBy>
    <changeDescription>Admin User completed action Save / Publish</changeDescription>
    <workflowtaskId>4a3528b2-6475-46d3-bd4d-226a6becd22f</workflowtaskId>
    <actionId>b9d89c80-3d88-4311-8365-187323c96436</actionId>
    <stepId>dc3c9cd0-8467-404b-bf95-cb7df3fbc293</stepId>
  </com.dotmarketing.portlets.workflows.model.WorkflowHistory>
  <com.dotmarketing.portlets.workflows.model.WorkflowHistory>
    <id>ab729db5-7154-413f-8ff5-23e8e61ae345</id>
    <creationDate class="sql-timestamp">2018-08-21 00:06:37.333</creationDate>
    <madeBy>dotcms.org.1</madeBy>
    <changeDescription>Admin User completed action Unpublish</changeDescription>
    <workflowtaskId>6410bc7b-a358-4af6-9827-d1fdb5556603</workflowtaskId>
    <actionId>38efc763-d78f-4e4b-b092-59cd8c579b93</actionId>
    <stepId>ee24a4cb-2d15-4c98-b1bd-6327126451f3</stepId>
  </com.dotmarketing.portlets.workflows.model.WorkflowHistory>
  <com.dotmarketing.portlets.workflows.model.WorkflowHistory>
    <id>adf673ec-1f30-44cc-ba85-9f6ec36466f4</id>
    <creationDate class="sql-timestamp">2018-08-10 18:38:05.417</creationDate>
    <madeBy>dotcms.org.1</madeBy>
    <changeDescription>Admin User completed action Save / Publish</changeDescription>
    <workflowtaskId>51217fad-67d7-4c90-ba6a-d0c63ddad47c</workflowtaskId>
    <actionId>b9d89c80-3d88-4311-8365-187323c96436</actionId>
    <stepId>dc3c9cd0-8467-404b-bf95-cb7df3fbc293</stepId>
  </com.dotmarketing.portlets.workflows.model.WorkflowHistory>
  <com.dotmarketing.portlets.workflows.model.WorkflowHistory>
    <id>af2521cc-bed8-4d26-8f4d-fa79180fc97b</id>
    <creationDate class="sql-timestamp">2018-08-24 19:20:09.953</creationDate>
    <madeBy>dotcms.org.1</madeBy>
    <changeDescription>Admin User completed action Publish</changeDescription>
    <workflowtaskId>3717e735-33a9-410f-99bd-986e10cb657c</workflowtaskId>
    <actionId>000ec468-0a63-4283-beb7-fcb36c107b2f</actionId>
    <stepId>dc3c9cd0-8467-404b-bf95-cb7df3fbc293</stepId>
  </com.dotmarketing.portlets.workflows.model.WorkflowHistory>
  <com.dotmarketing.portlets.workflows.model.WorkflowHistory>
    <id>af2ab7d0-382f-43eb-8abe-4b9cb350ec2e</id>
    <creationDate class="sql-timestamp">2018-08-21 18:48:42.487</creationDate>
    <madeBy>dotcms.org.1</madeBy>
    <changeDescription>Admin User completed action Save / Publish</changeDescription>
    <workflowtaskId>ec0000f6-efdf-4637-86cf-bcaadfb09710</workflowtaskId>
    <actionId>b9d89c80-3d88-4311-8365-187323c96436</actionId>
    <stepId>dc3c9cd0-8467-404b-bf95-cb7df3fbc293</stepId>
  </com.dotmarketing.portlets.workflows.model.WorkflowHistory>
  <com.dotmarketing.portlets.workflows.model.WorkflowHistory>
    <id>af951647-cb07-4eea-ad15-fda2c9f3d579</id>
    <creationDate class="sql-timestamp">2018-08-21 19:41:19.236</creationDate>
    <madeBy>dotcms.org.1</madeBy>
    <changeDescription>Admin User completed action Save / Publish</changeDescription>
    <workflowtaskId>4a3528b2-6475-46d3-bd4d-226a6becd22f</workflowtaskId>
    <actionId>b9d89c80-3d88-4311-8365-187323c96436</actionId>
    <stepId>dc3c9cd0-8467-404b-bf95-cb7df3fbc293</stepId>
  </com.dotmarketing.portlets.workflows.model.WorkflowHistory>
  <com.dotmarketing.portlets.workflows.model.WorkflowHistory>
    <id>b4dd7300-a068-4001-a5b4-d48c9353ed47</id>
    <creationDate class="sql-timestamp">2018-08-21 20:24:34.461</creationDate>
    <madeBy>dotcms.org.1</madeBy>
    <changeDescription>Admin User completed action Save / Publish</changeDescription>
    <workflowtaskId>cddd0c2c-2c01-445f-8485-34fd7b451e93</workflowtaskId>
    <actionId>b9d89c80-3d88-4311-8365-187323c96436</actionId>
    <stepId>dc3c9cd0-8467-404b-bf95-cb7df3fbc293</stepId>
  </com.dotmarketing.portlets.workflows.model.WorkflowHistory>
  <com.dotmarketing.portlets.workflows.model.WorkflowHistory>
    <id>b54568af-89ec-4fcf-a419-eab0e48cec1e</id>
    <creationDate class="sql-timestamp">2018-08-24 19:20:10.36</creationDate>
    <madeBy>dotcms.org.1</madeBy>
    <changeDescription>Admin User completed action Publish</changeDescription>
    <workflowtaskId>4ee35318-50f6-4db9-8f4a-47b8a8a2098e</workflowtaskId>
    <actionId>000ec468-0a63-4283-beb7-fcb36c107b2f</actionId>
    <stepId>dc3c9cd0-8467-404b-bf95-cb7df3fbc293</stepId>
  </com.dotmarketing.portlets.workflows.model.WorkflowHistory>
  <com.dotmarketing.portlets.workflows.model.WorkflowHistory>
    <id>b67703d0-609d-497c-a483-5b55e016141b</id>
    <creationDate class="sql-timestamp">2018-08-21 20:55:40.779</creationDate>
    <madeBy>dotcms.org.1</madeBy>
    <changeDescription>Admin User completed action Save / Publish</changeDescription>
    <workflowtaskId>244b4874-9b92-40bb-87d4-ec706e986779</workflowtaskId>
    <actionId>b9d89c80-3d88-4311-8365-187323c96436</actionId>
    <stepId>dc3c9cd0-8467-404b-bf95-cb7df3fbc293</stepId>
  </com.dotmarketing.portlets.workflows.model.WorkflowHistory>
  <com.dotmarketing.portlets.workflows.model.WorkflowHistory>
    <id>b8105d63-9c35-444f-8f8d-05c188fc6777</id>
    <creationDate class="sql-timestamp">2018-08-24 19:44:01.606</creationDate>
    <madeBy>dotcms.org.1</madeBy>
    <changeDescription>Admin User completed action Unpublish</changeDescription>
    <workflowtaskId>23bc207c-6811-4927-b9c0-064ccbb5baa4</workflowtaskId>
    <actionId>38efc763-d78f-4e4b-b092-59cd8c579b93</actionId>
    <stepId>ee24a4cb-2d15-4c98-b1bd-6327126451f3</stepId>
  </com.dotmarketing.portlets.workflows.model.WorkflowHistory>
  <com.dotmarketing.portlets.workflows.model.WorkflowHistory>
    <id>b98b921d-28c1-40cc-90b5-a0f04f7a525f</id>
    <creationDate class="sql-timestamp">2018-08-10 18:38:05.324</creationDate>
    <madeBy>dotcms.org.1</madeBy>
    <changeDescription>Admin User completed action Save / Publish</changeDescription>
    <workflowtaskId>378cc9c1-d6df-4133-888f-0ac0b46c6f88</workflowtaskId>
    <actionId>b9d89c80-3d88-4311-8365-187323c96436</actionId>
    <stepId>dc3c9cd0-8467-404b-bf95-cb7df3fbc293</stepId>
  </com.dotmarketing.portlets.workflows.model.WorkflowHistory>
  <com.dotmarketing.portlets.workflows.model.WorkflowHistory>
    <id>bbb2802a-409a-4f60-9d9e-e066ffd3beb9</id>
    <creationDate class="sql-timestamp">2018-08-24 19:20:10.347</creationDate>
    <madeBy>dotcms.org.1</madeBy>
    <changeDescription>Admin User completed action Publish</changeDescription>
    <workflowtaskId>a8275b89-ca7e-4c3b-ba39-4813e705a977</workflowtaskId>
    <actionId>000ec468-0a63-4283-beb7-fcb36c107b2f</actionId>
    <stepId>dc3c9cd0-8467-404b-bf95-cb7df3fbc293</stepId>
  </com.dotmarketing.portlets.workflows.model.WorkflowHistory>
  <com.dotmarketing.portlets.workflows.model.WorkflowHistory>
    <id>bd9cee07-f1e9-48a7-b542-ae74e0b0078f</id>
    <creationDate class="sql-timestamp">2018-08-24 19:20:08.654</creationDate>
    <madeBy>dotcms.org.1</madeBy>
    <changeDescription>Admin User completed action Publish</changeDescription>
    <workflowtaskId>56d255d3-4ec7-4ad9-b36a-cd11992f6c83</workflowtaskId>
    <actionId>000ec468-0a63-4283-beb7-fcb36c107b2f</actionId>
    <stepId>dc3c9cd0-8467-404b-bf95-cb7df3fbc293</stepId>
  </com.dotmarketing.portlets.workflows.model.WorkflowHistory>
  <com.dotmarketing.portlets.workflows.model.WorkflowHistory>
    <id>bf198871-704b-42ae-bc72-b71ead64c1c3</id>
    <creationDate class="sql-timestamp">2018-08-21 18:38:11.393</creationDate>
    <madeBy>dotcms.org.1</madeBy>
    <changeDescription>Admin User completed action Save / Publish</changeDescription>
    <workflowtaskId>c8d02e62-ecc2-461f-924d-d63b807a44f7</workflowtaskId>
    <actionId>b9d89c80-3d88-4311-8365-187323c96436</actionId>
    <stepId>dc3c9cd0-8467-404b-bf95-cb7df3fbc293</stepId>
  </com.dotmarketing.portlets.workflows.model.WorkflowHistory>
  <com.dotmarketing.portlets.workflows.model.WorkflowHistory>
    <id>c02e52ec-9f8f-4642-9460-f5c300a2f0c7</id>
    <creationDate class="sql-timestamp">2018-08-24 19:36:55.794</creationDate>
    <madeBy>dotcms.org.1</madeBy>
    <changeDescription>Admin User completed action Publish</changeDescription>
    <workflowtaskId>032379f2-cf31-412c-9749-afca2b0cb6b7</workflowtaskId>
    <actionId>000ec468-0a63-4283-beb7-fcb36c107b2f</actionId>
    <stepId>dc3c9cd0-8467-404b-bf95-cb7df3fbc293</stepId>
  </com.dotmarketing.portlets.workflows.model.WorkflowHistory>
  <com.dotmarketing.portlets.workflows.model.WorkflowHistory>
    <id>c0650ed9-ed39-4793-af68-a3b23267ec35</id>
    <creationDate class="sql-timestamp">2018-08-21 19:08:44.229</creationDate>
    <madeBy>dotcms.org.1</madeBy>
    <changeDescription>Admin User completed action Save / Publish</changeDescription>
    <workflowtaskId>8091b390-1120-46fc-8a4b-2f7669961f0a</workflowtaskId>
    <actionId>b9d89c80-3d88-4311-8365-187323c96436</actionId>
    <stepId>dc3c9cd0-8467-404b-bf95-cb7df3fbc293</stepId>
  </com.dotmarketing.portlets.workflows.model.WorkflowHistory>
  <com.dotmarketing.portlets.workflows.model.WorkflowHistory>
    <id>c588aaef-1a8c-4ee0-945a-bb665bed6a76</id>
    <creationDate class="sql-timestamp">2018-08-24 19:45:55.621</creationDate>
    <madeBy>dotcms.org.1</madeBy>
    <changeDescription>Admin User completed action Archive</changeDescription>
    <workflowtaskId>23bc207c-6811-4927-b9c0-064ccbb5baa4</workflowtaskId>
    <actionId>4da13a42-5d59-480c-ad8f-94a3adf809fe</actionId>
    <stepId>d6b095b6-b65f-4bdb-bbfd-701d663dfee2</stepId>
  </com.dotmarketing.portlets.workflows.model.WorkflowHistory>
  <com.dotmarketing.portlets.workflows.model.WorkflowHistory>
    <id>c9ba14a2-217b-41a2-af30-4ece5f69509d</id>
    <creationDate class="sql-timestamp">2018-08-21 00:06:45.296</creationDate>
    <madeBy>dotcms.org.1</madeBy>
    <changeDescription>Admin User completed action Publish</changeDescription>
    <workflowtaskId>8fe8f86d-30ba-43fb-bb74-e58c2c4211bd</workflowtaskId>
    <actionId>000ec468-0a63-4283-beb7-fcb36c107b2f</actionId>
    <stepId>dc3c9cd0-8467-404b-bf95-cb7df3fbc293</stepId>
  </com.dotmarketing.portlets.workflows.model.WorkflowHistory>
  <com.dotmarketing.portlets.workflows.model.WorkflowHistory>
    <id>cc14c4e1-c31f-472b-822f-ea47563dd021</id>
    <creationDate class="sql-timestamp">2018-08-17 21:01:49.55</creationDate>
    <madeBy>dotcms.org.1</madeBy>
    <changeDescription>Admin User completed action Unpublish</changeDescription>
    <workflowtaskId>a8275b89-ca7e-4c3b-ba39-4813e705a977</workflowtaskId>
    <actionId>38efc763-d78f-4e4b-b092-59cd8c579b93</actionId>
    <stepId>ee24a4cb-2d15-4c98-b1bd-6327126451f3</stepId>
  </com.dotmarketing.portlets.workflows.model.WorkflowHistory>
  <com.dotmarketing.portlets.workflows.model.WorkflowHistory>
    <id>cd4ae5f8-0e06-4cf9-b265-cc3b9e9d5053</id>
    <creationDate class="sql-timestamp">2018-08-21 20:41:00.837</creationDate>
    <madeBy>dotcms.org.1</madeBy>
    <changeDescription>Admin User completed action Save / Publish</changeDescription>
    <workflowtaskId>032379f2-cf31-412c-9749-afca2b0cb6b7</workflowtaskId>
    <actionId>b9d89c80-3d88-4311-8365-187323c96436</actionId>
    <stepId>dc3c9cd0-8467-404b-bf95-cb7df3fbc293</stepId>
  </com.dotmarketing.portlets.workflows.model.WorkflowHistory>
  <com.dotmarketing.portlets.workflows.model.WorkflowHistory>
    <id>cefd5f37-7e47-4354-b2c7-c37844df6451</id>
    <creationDate class="sql-timestamp">2018-08-24 19:20:10.285</creationDate>
    <madeBy>dotcms.org.1</madeBy>
    <changeDescription>Admin User completed action Publish</changeDescription>
    <workflowtaskId>85f6f194-c9e0-4350-aa1d-20ea221e97b9</workflowtaskId>
    <actionId>000ec468-0a63-4283-beb7-fcb36c107b2f</actionId>
    <stepId>dc3c9cd0-8467-404b-bf95-cb7df3fbc293</stepId>
  </com.dotmarketing.portlets.workflows.model.WorkflowHistory>
  <com.dotmarketing.portlets.workflows.model.WorkflowHistory>
    <id>cf1f7e9c-e2e9-4c14-bd76-e511164110a5</id>
    <creationDate class="sql-timestamp">2018-08-10 18:38:05.37</creationDate>
    <madeBy>dotcms.org.1</madeBy>
    <changeDescription>Admin User completed action Save / Publish</changeDescription>
    <workflowtaskId>f9b8a698-bc64-4c20-8deb-7002ee7da15b</workflowtaskId>
    <actionId>b9d89c80-3d88-4311-8365-187323c96436</actionId>
    <stepId>dc3c9cd0-8467-404b-bf95-cb7df3fbc293</stepId>
  </com.dotmarketing.portlets.workflows.model.WorkflowHistory>
  <com.dotmarketing.portlets.workflows.model.WorkflowHistory>
    <id>d10afcff-287e-4198-870f-2a00335c1048</id>
    <creationDate class="sql-timestamp">2018-08-24 19:20:10.134</creationDate>
    <madeBy>dotcms.org.1</madeBy>
    <changeDescription>Admin User completed action Publish</changeDescription>
    <workflowtaskId>8fcefd87-1662-4a23-85d4-50ab7027eeb2</workflowtaskId>
    <actionId>000ec468-0a63-4283-beb7-fcb36c107b2f</actionId>
    <stepId>dc3c9cd0-8467-404b-bf95-cb7df3fbc293</stepId>
  </com.dotmarketing.portlets.workflows.model.WorkflowHistory>
  <com.dotmarketing.portlets.workflows.model.WorkflowHistory>
    <id>d1e4943b-4fe5-4ca5-a7d9-8b7c69d0fc3c</id>
    <creationDate class="sql-timestamp">2018-08-21 18:37:48.931</creationDate>
    <madeBy>dotcms.org.1</madeBy>
    <changeDescription>Admin User completed action Save / Publish</changeDescription>
    <workflowtaskId>cddd0c2c-2c01-445f-8485-34fd7b451e93</workflowtaskId>
    <actionId>b9d89c80-3d88-4311-8365-187323c96436</actionId>
    <stepId>dc3c9cd0-8467-404b-bf95-cb7df3fbc293</stepId>
  </com.dotmarketing.portlets.workflows.model.WorkflowHistory>
  <com.dotmarketing.portlets.workflows.model.WorkflowHistory>
    <id>d74ebda1-91e4-4883-8bf1-6e409fabb08a</id>
    <creationDate class="sql-timestamp">2018-08-10 18:38:05.249</creationDate>
    <madeBy>dotcms.org.1</madeBy>
    <changeDescription>Admin User completed action Save / Publish</changeDescription>
    <workflowtaskId>13ac544a-2084-4ac7-9539-95f908f9627f</workflowtaskId>
    <actionId>b9d89c80-3d88-4311-8365-187323c96436</actionId>
    <stepId>dc3c9cd0-8467-404b-bf95-cb7df3fbc293</stepId>
  </com.dotmarketing.portlets.workflows.model.WorkflowHistory>
  <com.dotmarketing.portlets.workflows.model.WorkflowHistory>
    <id>d8998606-38a5-4de9-982e-79e62ccc29a8</id>
    <creationDate class="sql-timestamp">2018-08-24 19:20:10.099</creationDate>
    <madeBy>dotcms.org.1</madeBy>
    <changeDescription>Admin User completed action Publish</changeDescription>
    <workflowtaskId>dc44a0cc-81d7-4698-8b47-3cacbe81f86f</workflowtaskId>
    <actionId>000ec468-0a63-4283-beb7-fcb36c107b2f</actionId>
    <stepId>dc3c9cd0-8467-404b-bf95-cb7df3fbc293</stepId>
  </com.dotmarketing.portlets.workflows.model.WorkflowHistory>
  <com.dotmarketing.portlets.workflows.model.WorkflowHistory>
    <id>d965d37a-5573-4464-951b-4e2cb3824c19</id>
    <creationDate class="sql-timestamp">2018-08-24 19:20:08.428</creationDate>
    <madeBy>dotcms.org.1</madeBy>
    <changeDescription>Admin User completed action Publish</changeDescription>
    <workflowtaskId>b0430435-b21d-43fc-8447-1b858795ad8c</workflowtaskId>
    <actionId>000ec468-0a63-4283-beb7-fcb36c107b2f</actionId>
    <stepId>dc3c9cd0-8467-404b-bf95-cb7df3fbc293</stepId>
  </com.dotmarketing.portlets.workflows.model.WorkflowHistory>
  <com.dotmarketing.portlets.workflows.model.WorkflowHistory>
    <id>d9b8035a-813d-4aa0-835f-2f38e913c6fe</id>
    <creationDate class="sql-timestamp">2018-08-21 18:35:18.588</creationDate>
    <madeBy>dotcms.org.1</madeBy>
    <changeDescription>Admin User completed action Save / Publish</changeDescription>
    <workflowtaskId>ec0000f6-efdf-4637-86cf-bcaadfb09710</workflowtaskId>
    <actionId>b9d89c80-3d88-4311-8365-187323c96436</actionId>
    <stepId>dc3c9cd0-8467-404b-bf95-cb7df3fbc293</stepId>
  </com.dotmarketing.portlets.workflows.model.WorkflowHistory>
  <com.dotmarketing.portlets.workflows.model.WorkflowHistory>
    <id>dd6629a3-b891-48a0-94a6-2363bbb3f82d</id>
    <creationDate class="sql-timestamp">2018-08-21 20:53:14.648</creationDate>
    <madeBy>dotcms.org.1</madeBy>
    <changeDescription>Admin User completed action Save</changeDescription>
    <workflowtaskId>8091b390-1120-46fc-8a4b-2f7669961f0a</workflowtaskId>
    <actionId>ceca71a0-deee-4999-bd47-b01baa1bcfc8</actionId>
    <stepId>ee24a4cb-2d15-4c98-b1bd-6327126451f3</stepId>
  </com.dotmarketing.portlets.workflows.model.WorkflowHistory>
  <com.dotmarketing.portlets.workflows.model.WorkflowHistory>
    <id>e0b73d85-5410-4e38-ae41-003a031ea426</id>
    <creationDate class="sql-timestamp">2018-08-24 19:20:08.725</creationDate>
    <madeBy>dotcms.org.1</madeBy>
    <changeDescription>Admin User completed action Publish</changeDescription>
    <workflowtaskId>2a39a53a-3812-49bc-8a77-e7d85060ae5e</workflowtaskId>
    <actionId>000ec468-0a63-4283-beb7-fcb36c107b2f</actionId>
    <stepId>dc3c9cd0-8467-404b-bf95-cb7df3fbc293</stepId>
  </com.dotmarketing.portlets.workflows.model.WorkflowHistory>
  <com.dotmarketing.portlets.workflows.model.WorkflowHistory>
    <id>e361738a-0b75-4a40-be1a-539a39643689</id>
    <creationDate class="sql-timestamp">2018-08-21 18:40:48.66</creationDate>
    <madeBy>dotcms.org.1</madeBy>
    <changeDescription>Admin User completed action Save / Publish</changeDescription>
    <workflowtaskId>ec0000f6-efdf-4637-86cf-bcaadfb09710</workflowtaskId>
    <actionId>b9d89c80-3d88-4311-8365-187323c96436</actionId>
    <stepId>dc3c9cd0-8467-404b-bf95-cb7df3fbc293</stepId>
  </com.dotmarketing.portlets.workflows.model.WorkflowHistory>
  <com.dotmarketing.portlets.workflows.model.WorkflowHistory>
    <id>e382083c-95d6-4251-81a5-bc5aefd886b2</id>
    <creationDate class="sql-timestamp">2018-08-21 19:03:24.77</creationDate>
    <madeBy>dotcms.org.1</madeBy>
    <changeDescription>Admin User completed action Save / Publish</changeDescription>
    <workflowtaskId>ec0000f6-efdf-4637-86cf-bcaadfb09710</workflowtaskId>
    <actionId>b9d89c80-3d88-4311-8365-187323c96436</actionId>
    <stepId>dc3c9cd0-8467-404b-bf95-cb7df3fbc293</stepId>
  </com.dotmarketing.portlets.workflows.model.WorkflowHistory>
  <com.dotmarketing.portlets.workflows.model.WorkflowHistory>
    <id>e525f1ee-1df8-4d2a-863c-a0e7a3dc6583</id>
    <creationDate class="sql-timestamp">2018-08-21 19:10:05.002</creationDate>
    <madeBy>dotcms.org.1</madeBy>
    <changeDescription>Admin User completed action Save / Publish</changeDescription>
    <workflowtaskId>032379f2-cf31-412c-9749-afca2b0cb6b7</workflowtaskId>
    <actionId>b9d89c80-3d88-4311-8365-187323c96436</actionId>
    <stepId>dc3c9cd0-8467-404b-bf95-cb7df3fbc293</stepId>
  </com.dotmarketing.portlets.workflows.model.WorkflowHistory>
  <com.dotmarketing.portlets.workflows.model.WorkflowHistory>
    <id>e7d00b0f-d37e-452c-b44d-27b08dbf4d39</id>
    <creationDate class="sql-timestamp">2018-08-21 19:10:32.194</creationDate>
    <madeBy>dotcms.org.1</madeBy>
    <changeDescription>Admin User completed action Save / Publish</changeDescription>
    <workflowtaskId>23995c36-c52e-4ee3-9734-f4e5d7c5f9eb</workflowtaskId>
    <actionId>b9d89c80-3d88-4311-8365-187323c96436</actionId>
    <stepId>dc3c9cd0-8467-404b-bf95-cb7df3fbc293</stepId>
  </com.dotmarketing.portlets.workflows.model.WorkflowHistory>
  <com.dotmarketing.portlets.workflows.model.WorkflowHistory>
    <id>e8b7b3b3-b2c5-4d7f-ae16-9156d297ff01</id>
    <creationDate class="sql-timestamp">2018-08-21 19:49:32.829</creationDate>
    <madeBy>dotcms.org.1</madeBy>
    <changeDescription>Admin User completed action Save / Publish</changeDescription>
    <workflowtaskId>4a3528b2-6475-46d3-bd4d-226a6becd22f</workflowtaskId>
    <actionId>b9d89c80-3d88-4311-8365-187323c96436</actionId>
    <stepId>dc3c9cd0-8467-404b-bf95-cb7df3fbc293</stepId>
  </com.dotmarketing.portlets.workflows.model.WorkflowHistory>
  <com.dotmarketing.portlets.workflows.model.WorkflowHistory>
    <id>edd9429b-fc50-4248-b7c3-8da50498cb6e</id>
    <creationDate class="sql-timestamp">2018-08-24 19:20:09.954</creationDate>
    <madeBy>dotcms.org.1</madeBy>
    <changeDescription>Admin User completed action Publish</changeDescription>
    <workflowtaskId>b080e045-38af-4357-8f95-e9a89fd8221d</workflowtaskId>
    <actionId>000ec468-0a63-4283-beb7-fcb36c107b2f</actionId>
    <stepId>dc3c9cd0-8467-404b-bf95-cb7df3fbc293</stepId>
  </com.dotmarketing.portlets.workflows.model.WorkflowHistory>
  <com.dotmarketing.portlets.workflows.model.WorkflowHistory>
    <id>efbebb39-1a53-4e33-a916-f54c1595d98b</id>
    <creationDate class="sql-timestamp">2018-08-24 19:20:09.203</creationDate>
    <madeBy>dotcms.org.1</madeBy>
    <changeDescription>Admin User completed action Publish</changeDescription>
    <workflowtaskId>c17ddd69-448d-43bb-9bac-3cf5b6a5472d</workflowtaskId>
    <actionId>000ec468-0a63-4283-beb7-fcb36c107b2f</actionId>
    <stepId>dc3c9cd0-8467-404b-bf95-cb7df3fbc293</stepId>
  </com.dotmarketing.portlets.workflows.model.WorkflowHistory>
  <com.dotmarketing.portlets.workflows.model.WorkflowHistory>
    <id>f08afa42-2123-4405-b5a8-523f972110da</id>
    <creationDate class="sql-timestamp">2018-08-24 19:46:23.094</creationDate>
    <madeBy>dotcms.org.1</madeBy>
    <changeDescription>Admin User completed action Unarchive</changeDescription>
    <workflowtaskId>23bc207c-6811-4927-b9c0-064ccbb5baa4</workflowtaskId>
    <actionId>c92f9aa1-9503-4567-ac30-d3242b54d02d</actionId>
    <stepId>ee24a4cb-2d15-4c98-b1bd-6327126451f3</stepId>
  </com.dotmarketing.portlets.workflows.model.WorkflowHistory>
  <com.dotmarketing.portlets.workflows.model.WorkflowHistory>
    <id>f1e2869a-7a0d-41f4-abe8-b6c900913f6b</id>
    <creationDate class="sql-timestamp">2018-08-21 19:48:37.972</creationDate>
    <madeBy>dotcms.org.1</madeBy>
    <changeDescription>Admin User completed action Save / Publish</changeDescription>
    <workflowtaskId>4a3528b2-6475-46d3-bd4d-226a6becd22f</workflowtaskId>
    <actionId>b9d89c80-3d88-4311-8365-187323c96436</actionId>
    <stepId>dc3c9cd0-8467-404b-bf95-cb7df3fbc293</stepId>
  </com.dotmarketing.portlets.workflows.model.WorkflowHistory>
  <com.dotmarketing.portlets.workflows.model.WorkflowHistory>
    <id>f294849d-f94d-4315-930e-f97a6867444d</id>
    <creationDate class="sql-timestamp">2018-08-21 20:54:32.794</creationDate>
    <madeBy>dotcms.org.1</madeBy>
    <changeDescription>Admin User completed action Save / Publish</changeDescription>
    <workflowtaskId>8091b390-1120-46fc-8a4b-2f7669961f0a</workflowtaskId>
    <actionId>b9d89c80-3d88-4311-8365-187323c96436</actionId>
    <stepId>dc3c9cd0-8467-404b-bf95-cb7df3fbc293</stepId>
  </com.dotmarketing.portlets.workflows.model.WorkflowHistory>
  <com.dotmarketing.portlets.workflows.model.WorkflowHistory>
    <id>f5dbf89a-e40c-41ee-84d8-21c2b6f3dea8</id>
    <creationDate class="sql-timestamp">2018-08-21 19:36:19.392</creationDate>
    <madeBy>dotcms.org.1</madeBy>
    <changeDescription>Admin User completed action Save / Publish</changeDescription>
    <workflowtaskId>ec0000f6-efdf-4637-86cf-bcaadfb09710</workflowtaskId>
    <actionId>b9d89c80-3d88-4311-8365-187323c96436</actionId>
    <stepId>dc3c9cd0-8467-404b-bf95-cb7df3fbc293</stepId>
  </com.dotmarketing.portlets.workflows.model.WorkflowHistory>
  <com.dotmarketing.portlets.workflows.model.WorkflowHistory>
    <id>f784cc1c-b0ac-4eb8-bc30-ea19f04cb48e</id>
    <creationDate class="sql-timestamp">2018-08-21 19:08:30.423</creationDate>
    <madeBy>dotcms.org.1</madeBy>
    <changeDescription>Admin User completed action Save / Publish</changeDescription>
    <workflowtaskId>4a3528b2-6475-46d3-bd4d-226a6becd22f</workflowtaskId>
    <actionId>b9d89c80-3d88-4311-8365-187323c96436</actionId>
    <stepId>dc3c9cd0-8467-404b-bf95-cb7df3fbc293</stepId>
  </com.dotmarketing.portlets.workflows.model.WorkflowHistory>
  <com.dotmarketing.portlets.workflows.model.WorkflowHistory>
    <id>ffd2b40c-e0c1-4fa1-bc22-3375e48e741c</id>
    <creationDate class="sql-timestamp">2018-08-21 20:55:29.316</creationDate>
    <madeBy>dotcms.org.1</madeBy>
    <changeDescription>Admin User completed action Save / Publish</changeDescription>
    <workflowtaskId>244b4874-9b92-40bb-87d4-ec706e986779</workflowtaskId>
    <actionId>b9d89c80-3d88-4311-8365-187323c96436</actionId>
    <stepId>dc3c9cd0-8467-404b-bf95-cb7df3fbc293</stepId>
  </com.dotmarketing.portlets.workflows.model.WorkflowHistory>
</list>