<list>
  <com.dotmarketing.beans.Identifier>
    <id>0157b81a-d6fc-49e8-ab88-e7a6164b398e</id>
    <assetName>content.fbdfb270-79e2-495e-8496-67aa0f624d26</assetName>
    <assetType>contentlet</assetType>
    <parentPath>/</parentPath>
    <hostId>SYSTEM_HOST</hostId>
  </com.dotmarketing.beans.Identifier>
  <com.dotmarketing.beans.Identifier>
    <id>0664b9d8-ba60-440f-860a-129d5ed7d483</id>
    <assetName>fonts</assetName>
    <assetType>folder</assetType>
    <parentPath>/</parentPath>
    <hostId>48190c8c-42c4-46af-8d1a-0cd5db894797</hostId>
  </com.dotmarketing.beans.Identifier>
  <com.dotmarketing.beans.Identifier>
    <id>0a9d33c9-f86f-48c8-b0ad-9930eb9633b6</id>
    <assetName>content.b8039420-03ff-46aa-a9ef-dcced3556e6c</assetName>
    <assetType>contentlet</assetType>
    <parentPath>/</parentPath>
    <hostId>SYSTEM_HOST</hostId>
  </com.dotmarketing.beans.Identifier>
  <com.dotmarketing.beans.Identifier>
    <id>0af52a46-484d-47cf-8137-e1bfffb69c66</id>
    <assetName>0af52a46-484d-47cf-8137-e1bfffb69c66.template</assetName>
    <assetType>template</assetType>
    <parentPath>/</parentPath>
    <hostId>48190c8c-42c4-46af-8d1a-0cd5db894797</hostId>
  </com.dotmarketing.beans.Identifier>
  <com.dotmarketing.beans.Identifier>
    <id>238a07cc-e5b1-45d8-95e9-73808d466ef1</id>
    <assetName>content.36a85150-ab29-47ae-bba4-f9d8bba4ed60</assetName>
    <assetType>contentlet</assetType>
    <parentPath>/</parentPath>
    <hostId>SYSTEM_HOST</hostId>
  </com.dotmarketing.beans.Identifier>
  <com.dotmarketing.beans.Identifier>
    <id>2564bc87-9db5-4987-b2f9-64049cecde41</id>
    <assetName>application</assetName>
    <assetType>folder</assetType>
    <parentPath>/</parentPath>
    <hostId>48190c8c-42c4-46af-8d1a-0cd5db894797</hostId>
  </com.dotmarketing.beans.Identifier>
  <com.dotmarketing.beans.Identifier>
    <id>2e5ef0a0-7d0b-4ece-aaa1-645efdc1c19d</id>
    <assetName>content.617a1a52-d051-433a-a684-1262247e52f5</assetName>
    <assetType>contentlet</assetType>
    <parentPath>/</parentPath>
    <hostId>SYSTEM_HOST</hostId>
  </com.dotmarketing.beans.Identifier>
  <com.dotmarketing.beans.Identifier>
    <id>42f38fb2-299b-486a-b1cf-91e7bd0ed7b5</id>
    <assetName>42f38fb2-299b-486a-b1cf-91e7bd0ed7b5.containers</assetName>
    <assetType>containers</assetType>
    <parentPath>/</parentPath>
    <hostId>48190c8c-42c4-46af-8d1a-0cd5db894797</hostId>
  </com.dotmarketing.beans.Identifier>
  <com.dotmarketing.beans.Identifier>
    <id>4341f0fd-a456-4d77-83da-a5cd7248624d</id>
    <assetName>4341f0fd-a456-4d77-83da-a5cd7248624d.template</assetName>
    <assetType>template</assetType>
    <parentPath>/</parentPath>
    <hostId>48190c8c-42c4-46af-8d1a-0cd5db894797</hostId>
  </com.dotmarketing.beans.Identifier>
  <com.dotmarketing.beans.Identifier>
    <id>48190c8c-42c4-46af-8d1a-0cd5db894797</id>
    <assetName>48190c8c-42c4-46af-8d1a-0cd5db894797.content</assetName>
    <assetType>contentlet</assetType>
    <parentPath>/</parentPath>
    <hostId>SYSTEM_HOST</hostId>
  </com.dotmarketing.beans.Identifier>
  <com.dotmarketing.beans.Identifier>
    <id>4bb72d3b-e572-4910-8fc2-d725279adeb5</id>
    <assetName>4bb72d3b-e572-4910-8fc2-d725279adeb5.template</assetName>
    <assetType>template</assetType>
    <parentPath>/</parentPath>
    <hostId>48190c8c-42c4-46af-8d1a-0cd5db894797</hostId>
  </com.dotmarketing.beans.Identifier>
  <com.dotmarketing.beans.Identifier>
    <id>4cb3f4a4-9062-456e-b3f3-bf00ebe8cb48</id>
    <assetName>4cb3f4a4-9062-456e-b3f3-bf00ebe8cb48.template</assetName>
    <assetType>template</assetType>
    <parentPath>/</parentPath>
    <hostId>48190c8c-42c4-46af-8d1a-0cd5db894797</hostId>
  </com.dotmarketing.beans.Identifier>
  <com.dotmarketing.beans.Identifier>
    <id>5389e6a5-ee91-4164-b6ad-cc4f695f1d84</id>
    <assetName>5389e6a5-ee91-4164-b6ad-cc4f695f1d84.template</assetName>
    <assetType>template</assetType>
    <parentPath>/</parentPath>
    <hostId>48190c8c-42c4-46af-8d1a-0cd5db894797</hostId>
  </com.dotmarketing.beans.Identifier>
  <com.dotmarketing.beans.Identifier>
    <id>543f3e39-4eee-4763-9c89-1b366bd4e226</id>
    <assetName>content.a04a2b14-1dc5-46a3-9318-5cead5c2a517</assetName>
    <assetType>contentlet</assetType>
    <parentPath>/</parentPath>
    <hostId>SYSTEM_HOST</hostId>
  </com.dotmarketing.beans.Identifier>
  <com.dotmarketing.beans.Identifier>
    <id>6efe7d29-91e6-4ae4-b55b-cb98c2bd9a0c</id>
    <assetName>docs</assetName>
    <assetType>folder</assetType>
    <parentPath>/</parentPath>
    <hostId>48190c8c-42c4-46af-8d1a-0cd5db894797</hostId>
  </com.dotmarketing.beans.Identifier>
  <com.dotmarketing.beans.Identifier>
    <id>77c8d0f1-950d-4f2a-a41c-820981aa40c9</id>
    <assetName>77c8d0f1-950d-4f2a-a41c-820981aa40c9.template</assetName>
    <assetType>template</assetType>
    <parentPath>/</parentPath>
    <hostId>48190c8c-42c4-46af-8d1a-0cd5db894797</hostId>
  </com.dotmarketing.beans.Identifier>
  <com.dotmarketing.beans.Identifier>
    <id>7bd6e57e-3720-416b-b8e4-27bb7531d55d</id>
    <assetName>json</assetName>
    <assetType>folder</assetType>
    <parentPath>/</parentPath>
    <hostId>48190c8c-42c4-46af-8d1a-0cd5db894797</hostId>
  </com.dotmarketing.beans.Identifier>
  <com.dotmarketing.beans.Identifier>
    <id>86a1e1fe-c026-49f7-91c9-3fb5a77e0172</id>
    <assetName>86a1e1fe-c026-49f7-91c9-3fb5a77e0172.template</assetName>
    <assetType>template</assetType>
    <parentPath>/</parentPath>
    <hostId>48190c8c-42c4-46af-8d1a-0cd5db894797</hostId>
  </com.dotmarketing.beans.Identifier>
  <com.dotmarketing.beans.Identifier>
    <id>89580a20-c9b5-4e4c-91a0-b1f511953f7f</id>
    <assetName>content.893722f4-40af-433d-ad87-1c1fcf4258c5</assetName>
    <assetType>contentlet</assetType>
    <parentPath>/</parentPath>
    <hostId>SYSTEM_HOST</hostId>
  </com.dotmarketing.beans.Identifier>
  <com.dotmarketing.beans.Identifier>
    <id>8a89c87f-0947-4c25-ad96-2e639249e66b</id>
    <assetName>content.71c31f28-23a7-4a0e-a1f9-6dad6e90301e</assetName>
    <assetType>contentlet</assetType>
    <parentPath>/</parentPath>
    <hostId>SYSTEM_HOST</hostId>
  </com.dotmarketing.beans.Identifier>
  <com.dotmarketing.beans.Identifier>
    <id>8dcc1469-a80c-4cb9-bba2-fc276fba6a01</id>
    <assetName>8dcc1469-a80c-4cb9-bba2-fc276fba6a01.template</assetName>
    <assetType>template</assetType>
    <parentPath>/</parentPath>
    <hostId>48190c8c-42c4-46af-8d1a-0cd5db894797</hostId>
  </com.dotmarketing.beans.Identifier>
  <com.dotmarketing.beans.Identifier>
    <id>92f7025f-e5bf-4204-8446-81f9fe2086a0</id>
    <assetName>92f7025f-e5bf-4204-8446-81f9fe2086a0.template</assetName>
    <assetType>template</assetType>
    <parentPath>/</parentPath>
    <hostId>48190c8c-42c4-46af-8d1a-0cd5db894797</hostId>
  </com.dotmarketing.beans.Identifier>
  <com.dotmarketing.beans.Identifier>
    <id>96e19b30-4f82-4a40-82ed-e8640962be93</id>
    <assetName>96e19b30-4f82-4a40-82ed-e8640962be93.template</assetName>
    <assetType>template</assetType>
    <parentPath>/</parentPath>
    <hostId>48190c8c-42c4-46af-8d1a-0cd5db894797</hostId>
  </com.dotmarketing.beans.Identifier>
  <com.dotmarketing.beans.Identifier>
    <id>a55a982f-2b8f-4672-8a5a-f4560a42ec1d</id>
    <assetName>a55a982f-2b8f-4672-8a5a-f4560a42ec1d.template</assetName>
    <assetType>template</assetType>
    <parentPath>/</parentPath>
    <hostId>48190c8c-42c4-46af-8d1a-0cd5db894797</hostId>
  </com.dotmarketing.beans.Identifier>
  <com.dotmarketing.beans.Identifier>
    <id>b2c00ea2-7cec-437a-a8ab-570a7ff12da5</id>
    <assetName>css</assetName>
    <assetType>folder</assetType>
    <parentPath>/</parentPath>
    <hostId>48190c8c-42c4-46af-8d1a-0cd5db894797</hostId>
  </com.dotmarketing.beans.Identifier>
  <com.dotmarketing.beans.Identifier>
    <id>b514f39b-fad2-4ae6-9bbd-940dc3d2a14e</id>
    <assetName>img</assetName>
    <assetType>folder</assetType>
    <parentPath>/</parentPath>
    <hostId>48190c8c-42c4-46af-8d1a-0cd5db894797</hostId>
  </com.dotmarketing.beans.Identifier>
  <com.dotmarketing.beans.Identifier>
    <id>ba49a150-9188-4cf5-9295-6a6e2a51a42b</id>
    <assetName>content.32248f69-ccb2-46b5-8438-8dd0d49ab0ae</assetName>
    <assetType>contentlet</assetType>
    <parentPath>/</parentPath>
    <hostId>SYSTEM_HOST</hostId>
  </com.dotmarketing.beans.Identifier>
  <com.dotmarketing.beans.Identifier>
    <id>c2805852-57cb-4d6e-bc91-9b97d6ef50ca</id>
    <assetName>content.495afd69-dbfb-48c2-80e3-c17c97777639</assetName>
    <assetType>contentlet</assetType>
    <parentPath>/</parentPath>
    <hostId>SYSTEM_HOST</hostId>
  </com.dotmarketing.beans.Identifier>
  <com.dotmarketing.beans.Identifier>
    <id>c75f0478-e6ff-40f2-91af-316ca2f1fb22</id>
    <assetName>static</assetName>
    <assetType>folder</assetType>
    <parentPath>/</parentPath>
    <hostId>48190c8c-42c4-46af-8d1a-0cd5db894797</hostId>
  </com.dotmarketing.beans.Identifier>
  <com.dotmarketing.beans.Identifier>
    <id>d1ec7b30-8e9e-4b3e-b075-9cd9557fee8b</id>
    <assetName>d1ec7b30-8e9e-4b3e-b075-9cd9557fee8b.template</assetName>
    <assetType>template</assetType>
    <parentPath>/</parentPath>
    <hostId>48190c8c-42c4-46af-8d1a-0cd5db894797</hostId>
  </com.dotmarketing.beans.Identifier>
  <com.dotmarketing.beans.Identifier>
    <id>d2e018da-10a1-4fb9-b4a1-f3fc51402a60</id>
    <assetName>d2e018da-10a1-4fb9-b4a1-f3fc51402a60.template</assetName>
    <assetType>template</assetType>
    <parentPath>/</parentPath>
    <hostId>48190c8c-42c4-46af-8d1a-0cd5db894797</hostId>
  </com.dotmarketing.beans.Identifier>
  <com.dotmarketing.beans.Identifier>
    <id>e0aca367-1e1c-46d1-955f-86d0b1cc4778</id>
    <assetName>e0aca367-1e1c-46d1-955f-86d0b1cc4778.containers</assetName>
    <assetType>containers</assetType>
    <parentPath>/</parentPath>
    <hostId>48190c8c-42c4-46af-8d1a-0cd5db894797</hostId>
  </com.dotmarketing.beans.Identifier>
  <com.dotmarketing.beans.Identifier>
    <id>ee30ff85-b84f-401b-a0a8-c1c282cd91a4</id>
    <assetName>js</assetName>
    <assetType>folder</assetType>
    <parentPath>/</parentPath>
    <hostId>48190c8c-42c4-46af-8d1a-0cd5db894797</hostId>
  </com.dotmarketing.beans.Identifier>
  <com.dotmarketing.beans.Identifier>
    <id>SYSTEM_HOST</id>
    <assetName>system host</assetName>
    <assetType>contentlet</assetType>
    <parentPath>/</parentPath>
    <hostId>SYSTEM_HOST</hostId>
  </com.dotmarketing.beans.Identifier>
  <com.dotmarketing.beans.Identifier>
    <id>16f25ae5-e314-46e8-88bd-4e58ed7baf82</id>
    <assetName>includes</assetName>
    <assetType>folder</assetType>
    <parentPath>/application/</parentPath>
    <hostId>48190c8c-42c4-46af-8d1a-0cd5db894797</hostId>
  </com.dotmarketing.beans.Identifier>
  <com.dotmarketing.beans.Identifier>
    <id>63ed6f82-c019-4354-9a8a-0045e60956de</id>
    <assetName>async</assetName>
    <assetType>folder</assetType>
    <parentPath>/application/</parentPath>
    <hostId>48190c8c-42c4-46af-8d1a-0cd5db894797</hostId>
  </com.dotmarketing.beans.Identifier>
  <com.dotmarketing.beans.Identifier>
    <id>640eddcc-2d61-4f51-b1fa-995e1dd4cf87</id>
    <assetName>util</assetName>
    <assetType>folder</assetType>
    <parentPath>/application/</parentPath>
    <hostId>48190c8c-42c4-46af-8d1a-0cd5db894797</hostId>
  </com.dotmarketing.beans.Identifier>
  <com.dotmarketing.beans.Identifier>
    <id>70d7d453-2b39-41ad-88cb-30c6ba53bca4</id>
    <assetName>containers</assetName>
    <assetType>folder</assetType>
    <parentPath>/application/</parentPath>
    <hostId>48190c8c-42c4-46af-8d1a-0cd5db894797</hostId>
  </com.dotmarketing.beans.Identifier>
  <com.dotmarketing.beans.Identifier>
    <id>7b5f1f29-e0e3-4b3c-b032-57f7cd82bd35</id>
    <assetName>themes</assetName>
    <assetType>folder</assetType>
    <parentPath>/application/</parentPath>
    <hostId>48190c8c-42c4-46af-8d1a-0cd5db894797</hostId>
  </com.dotmarketing.beans.Identifier>
  <com.dotmarketing.beans.Identifier>
    <id>aa568a31-003c-4397-ba7a-0ff0c10e6605</id>
    <assetName>custom-fields</assetName>
    <assetType>folder</assetType>
    <parentPath>/application/</parentPath>
    <hostId>48190c8c-42c4-46af-8d1a-0cd5db894797</hostId>
  </com.dotmarketing.beans.Identifier>
  <com.dotmarketing.beans.Identifier>
    <id>cdc58b6e-f3a5-47b3-bf45-d036b7f92102</id>
    <assetName>macros</assetName>
    <assetType>folder</assetType>
    <parentPath>/application/</parentPath>
    <hostId>48190c8c-42c4-46af-8d1a-0cd5db894797</hostId>
  </com.dotmarketing.beans.Identifier>
  <com.dotmarketing.beans.Identifier>
    <id>43548c31-9452-4eed-b8a0-2827a9a9e0b7</id>
    <assetName>file-asset.vtl</assetName>
    <assetType>contentlet</assetType>
    <parentPath>/application/containers/</parentPath>
    <hostId>48190c8c-42c4-46af-8d1a-0cd5db894797</hostId>
  </com.dotmarketing.beans.Identifier>
  <com.dotmarketing.beans.Identifier>
    <id>80d79e73-fd8d-42dc-922e-c5fa757e31d6</id>
    <assetName>velocity-include.vtl</assetName>
    <assetType>contentlet</assetType>
    <parentPath>/application/containers/</parentPath>
    <hostId>48190c8c-42c4-46af-8d1a-0cd5db894797</hostId>
  </com.dotmarketing.beans.Identifier>
  <com.dotmarketing.beans.Identifier>
    <id>8721fcc3-f5dc-4ee6-a614-9773fed75576</id>
    <assetName>content-generic.vtl</assetName>
    <assetType>contentlet</assetType>
    <parentPath>/application/containers/</parentPath>
    <hostId>48190c8c-42c4-46af-8d1a-0cd5db894797</hostId>
  </com.dotmarketing.beans.Identifier>
  <com.dotmarketing.beans.Identifier>
    <id>3732ba65-0687-4990-a91c-46641eff905c</id>
    <assetName>markdown-editor.vtl</assetName>
    <assetType>contentlet</assetType>
    <parentPath>/application/custom-fields/</parentPath>
    <hostId>48190c8c-42c4-46af-8d1a-0cd5db894797</hostId>
  </com.dotmarketing.beans.Identifier>
  <com.dotmarketing.beans.Identifier>
    <id>9d184249-941a-42a3-8fc5-0dc868489711</id>
    <assetName>template-layout.vtl</assetName>
    <assetType>contentlet</assetType>
    <parentPath>/application/custom-fields/</parentPath>
    <hostId>48190c8c-42c4-46af-8d1a-0cd5db894797</hostId>
  </com.dotmarketing.beans.Identifier>
  <com.dotmarketing.beans.Identifier>
    <id>ab6485a1-0f69-4436-8b91-e5e6ac08bc6b</id>
    <assetName>field-button.vtl</assetName>
    <assetType>contentlet</assetType>
    <parentPath>/application/custom-fields/</parentPath>
    <hostId>48190c8c-42c4-46af-8d1a-0cd5db894797</hostId>
  </com.dotmarketing.beans.Identifier>
  <com.dotmarketing.beans.Identifier>
    <id>1fddf9d6-b56a-427b-a2bc-a9bd3c6e86bb</id>
    <assetName>asset-imports.vtl</assetName>
    <assetType>contentlet</assetType>
    <parentPath>/application/includes/</parentPath>
    <hostId>48190c8c-42c4-46af-8d1a-0cd5db894797</hostId>
  </com.dotmarketing.beans.Identifier>
  <com.dotmarketing.beans.Identifier>
    <id>325027fc-afa8-45de-a616-e4a82080cbfe</id>
    <assetName>globals.vtl</assetName>
    <assetType>contentlet</assetType>
    <parentPath>/application/includes/</parentPath>
    <hostId>48190c8c-42c4-46af-8d1a-0cd5db894797</hostId>
  </com.dotmarketing.beans.Identifier>
  <com.dotmarketing.beans.Identifier>
    <id>4a5356ea-46c7-4b43-a80a-6b1cfd04dd51</id>
    <assetName>options.vtl</assetName>
    <assetType>contentlet</assetType>
    <parentPath>/application/includes/</parentPath>
    <hostId>48190c8c-42c4-46af-8d1a-0cd5db894797</hostId>
  </com.dotmarketing.beans.Identifier>
  <com.dotmarketing.beans.Identifier>
    <id>9964f3f9-66a1-492c-ab71-52db6a5c997f</id>
    <assetName>social-meta.vtl</assetName>
    <assetType>contentlet</assetType>
    <parentPath>/application/includes/</parentPath>
    <hostId>48190c8c-42c4-46af-8d1a-0cd5db894797</hostId>
  </com.dotmarketing.beans.Identifier>
  <com.dotmarketing.beans.Identifier>
    <id>b86c31fa-342e-4796-ac3b-cca383f5d8ef</id>
    <assetName>template-parameters.vtl</assetName>
    <assetType>contentlet</assetType>
    <parentPath>/application/includes/</parentPath>
    <hostId>48190c8c-42c4-46af-8d1a-0cd5db894797</hostId>
  </com.dotmarketing.beans.Identifier>
  <com.dotmarketing.beans.Identifier>
    <id>17d9a86d-6895-4606-bc1d-716c995e2af1</id>
    <assetName>json-get.vm</assetName>
    <assetType>contentlet</assetType>
    <parentPath>/application/macros/</parentPath>
    <hostId>48190c8c-42c4-46af-8d1a-0cd5db894797</hostId>
  </com.dotmarketing.beans.Identifier>
  <com.dotmarketing.beans.Identifier>
    <id>5bea3858-f003-4b0c-9de0-ef3662e8df00</id>
    <assetName>button.vm</assetName>
    <assetType>contentlet</assetType>
    <parentPath>/application/macros/</parentPath>
    <hostId>48190c8c-42c4-46af-8d1a-0cd5db894797</hostId>
  </com.dotmarketing.beans.Identifier>
  <com.dotmarketing.beans.Identifier>
    <id>8fa556a3-f506-44b2-a1a3-a39c65c0cf72</id>
    <assetName>slugify.vm</assetName>
    <assetType>contentlet</assetType>
    <parentPath>/application/macros/</parentPath>
    <hostId>48190c8c-42c4-46af-8d1a-0cd5db894797</hostId>
  </com.dotmarketing.beans.Identifier>
  <com.dotmarketing.beans.Identifier>
    <id>9af70154-ac5f-48b6-bf09-191367b3b470</id>
    <assetName>truncate-string.vm</assetName>
    <assetType>contentlet</assetType>
    <parentPath>/application/macros/</parentPath>
    <hostId>48190c8c-42c4-46af-8d1a-0cd5db894797</hostId>
  </com.dotmarketing.beans.Identifier>
  <com.dotmarketing.beans.Identifier>
    <id>ee40a8e9-24b5-493f-bacf-11027a3e14db</id>
    <assetName>template-column.vm</assetName>
    <assetType>contentlet</assetType>
    <parentPath>/application/macros/</parentPath>
    <hostId>48190c8c-42c4-46af-8d1a-0cd5db894797</hostId>
  </com.dotmarketing.beans.Identifier>
  <com.dotmarketing.beans.Identifier>
    <id>e2e4c7ca-b725-4823-8ad0-efe0e8867d0a</id>
    <assetName>default</assetName>
    <assetType>folder</assetType>
    <parentPath>/application/themes/</parentPath>
    <hostId>48190c8c-42c4-46af-8d1a-0cd5db894797</hostId>
  </com.dotmarketing.beans.Identifier>
  <com.dotmarketing.beans.Identifier>
    <id>058856c9-08fc-41f8-8a62-e977960ca4ce</id>
    <assetName>html_head.vtl</assetName>
    <assetType>contentlet</assetType>
    <parentPath>/application/themes/default/</parentPath>
    <hostId>48190c8c-42c4-46af-8d1a-0cd5db894797</hostId>
  </com.dotmarketing.beans.Identifier>
  <com.dotmarketing.beans.Identifier>
    <id>9313ce37-b9ce-446a-aa0f-d5dc4ed316a7</id>
    <assetName>bottom.vtl</assetName>
    <assetType>contentlet</assetType>
    <parentPath>/application/themes/default/</parentPath>
    <hostId>48190c8c-42c4-46af-8d1a-0cd5db894797</hostId>
  </com.dotmarketing.beans.Identifier>
  <com.dotmarketing.beans.Identifier>
    <id>9d713eba-035b-43de-830a-7a8f25df0c40</id>
    <assetName>header.vtl</assetName>
    <assetType>contentlet</assetType>
    <parentPath>/application/themes/default/</parentPath>
    <hostId>48190c8c-42c4-46af-8d1a-0cd5db894797</hostId>
  </com.dotmarketing.beans.Identifier>
  <com.dotmarketing.beans.Identifier>
    <id>cb8daa2a-66f6-48f9-9c2d-3b031fb80b16</id>
    <assetName>template.vtl</assetName>
    <assetType>contentlet</assetType>
    <parentPath>/application/themes/default/</parentPath>
    <hostId>48190c8c-42c4-46af-8d1a-0cd5db894797</hostId>
  </com.dotmarketing.beans.Identifier>
  <com.dotmarketing.beans.Identifier>
    <id>f6e76ea1-7424-4b61-a30c-40e66baffbec</id>
    <assetName>footer.vtl</assetName>
    <assetType>contentlet</assetType>
    <parentPath>/application/themes/default/</parentPath>
    <hostId>48190c8c-42c4-46af-8d1a-0cd5db894797</hostId>
  </com.dotmarketing.beans.Identifier>
  <com.dotmarketing.beans.Identifier>
    <id>2735e578-686e-4980-8cc4-8a5195e4e971</id>
    <assetName>console.vtl</assetName>
    <assetType>contentlet</assetType>
    <parentPath>/application/util/</parentPath>
    <hostId>48190c8c-42c4-46af-8d1a-0cd5db894797</hostId>
  </com.dotmarketing.beans.Identifier>
  <com.dotmarketing.beans.Identifier>
    <id>37cad5c2-df2c-45a1-a85a-ad858bcf5709</id>
    <assetName>md-preview</assetName>
    <assetType>contentlet</assetType>
    <parentPath>/application/util/</parentPath>
    <hostId>48190c8c-42c4-46af-8d1a-0cd5db894797</hostId>
  </com.dotmarketing.beans.Identifier>
  <com.dotmarketing.beans.Identifier>
    <id>583169a1-3ae9-45fa-8080-b18d23f58721</id>
    <assetName>contentlet-info.vtl</assetName>
    <assetType>contentlet</assetType>
    <parentPath>/application/util/</parentPath>
    <hostId>48190c8c-42c4-46af-8d1a-0cd5db894797</hostId>
  </com.dotmarketing.beans.Identifier>
  <com.dotmarketing.beans.Identifier>
    <id>6e246edb-4e56-4810-8b6b-ad39a31ca777</id>
    <assetName>assets</assetName>
    <assetType>folder</assetType>
    <parentPath>/application/util/</parentPath>
    <hostId>48190c8c-42c4-46af-8d1a-0cd5db894797</hostId>
  </com.dotmarketing.beans.Identifier>
  <com.dotmarketing.beans.Identifier>
    <id>7620ccb1-bd17-409f-bbc4-0322e1137e04</id>
    <assetName>drop-console.vtl</assetName>
    <assetType>contentlet</assetType>
    <parentPath>/application/util/</parentPath>
    <hostId>48190c8c-42c4-46af-8d1a-0cd5db894797</hostId>
  </com.dotmarketing.beans.Identifier>
  <com.dotmarketing.beans.Identifier>
    <id>787af3cb-bc93-4e1a-b6e9-638c71b4345e</id>
    <assetName>tools</assetName>
    <assetType>contentlet</assetType>
    <parentPath>/application/util/</parentPath>
    <hostId>48190c8c-42c4-46af-8d1a-0cd5db894797</hostId>
  </com.dotmarketing.beans.Identifier>
  <com.dotmarketing.beans.Identifier>
    <id>7c746301-eb54-4f0d-93ea-add247bb1f67</id>
    <assetName>dot-tools.vtl</assetName>
    <assetType>contentlet</assetType>
    <parentPath>/application/util/</parentPath>
    <hostId>48190c8c-42c4-46af-8d1a-0cd5db894797</hostId>
  </com.dotmarketing.beans.Identifier>
  <com.dotmarketing.beans.Identifier>
    <id>9d2ca8c0-2818-4c27-92aa-d2a155f05d0b</id>
    <assetName>console-fe-script.vtl</assetName>
    <assetType>contentlet</assetType>
    <parentPath>/application/util/</parentPath>
    <hostId>48190c8c-42c4-46af-8d1a-0cd5db894797</hostId>
  </com.dotmarketing.beans.Identifier>
  <com.dotmarketing.beans.Identifier>
    <id>a84c2e3f-5eb4-4d4d-86e8-91c4c149daf7</id>
    <assetName>docs.vtl</assetName>
    <assetType>contentlet</assetType>
    <parentPath>/application/util/</parentPath>
    <hostId>48190c8c-42c4-46af-8d1a-0cd5db894797</hostId>
  </com.dotmarketing.beans.Identifier>
  <com.dotmarketing.beans.Identifier>
    <id>d1cead20-9b8b-46c5-a813-a3268fbbc575</id>
    <assetName>container-info.vtl</assetName>
    <assetType>contentlet</assetType>
    <parentPath>/application/util/</parentPath>
    <hostId>48190c8c-42c4-46af-8d1a-0cd5db894797</hostId>
  </com.dotmarketing.beans.Identifier>
  <com.dotmarketing.beans.Identifier>
    <id>dcd4f0c6-7ff5-4a45-bfb9-a0462a89a0d4</id>
    <assetName>dispatch</assetName>
    <assetType>contentlet</assetType>
    <parentPath>/application/util/</parentPath>
    <hostId>48190c8c-42c4-46af-8d1a-0cd5db894797</hostId>
  </com.dotmarketing.beans.Identifier>
  <com.dotmarketing.beans.Identifier>
    <id>fab29e0c-b164-4734-b278-050738512767</id>
    <assetName>test.vtl</assetName>
    <assetType>contentlet</assetType>
    <parentPath>/application/util/</parentPath>
    <hostId>48190c8c-42c4-46af-8d1a-0cd5db894797</hostId>
  </com.dotmarketing.beans.Identifier>
  <com.dotmarketing.beans.Identifier>
    <id>0fa3bbfc-f3cc-4808-b3ba-31449e32aa92</id>
    <assetName>scss</assetName>
    <assetType>folder</assetType>
    <parentPath>/application/util/assets/</parentPath>
    <hostId>48190c8c-42c4-46af-8d1a-0cd5db894797</hostId>
  </com.dotmarketing.beans.Identifier>
  <com.dotmarketing.beans.Identifier>
    <id>603e3f42-abfd-4804-94eb-910e53e711fe</id>
    <assetName>docs</assetName>
    <assetType>folder</assetType>
    <parentPath>/application/util/assets/</parentPath>
    <hostId>48190c8c-42c4-46af-8d1a-0cd5db894797</hostId>
  </com.dotmarketing.beans.Identifier>
  <com.dotmarketing.beans.Identifier>
    <id>727f520a-095a-4ee8-91d2-64a273fcc180</id>
    <assetName>css</assetName>
    <assetType>folder</assetType>
    <parentPath>/application/util/assets/</parentPath>
    <hostId>48190c8c-42c4-46af-8d1a-0cd5db894797</hostId>
  </com.dotmarketing.beans.Identifier>
  <com.dotmarketing.beans.Identifier>
    <id>9ad95b96-f93c-46bf-a08f-2036dd9a64ea</id>
    <assetName>js</assetName>
    <assetType>folder</assetType>
    <parentPath>/application/util/assets/</parentPath>
    <hostId>48190c8c-42c4-46af-8d1a-0cd5db894797</hostId>
  </com.dotmarketing.beans.Identifier>
  <com.dotmarketing.beans.Identifier>
    <id>abfacc9e-c38b-4113-a0a9-abf6a63fa37b</id>
    <assetName>img</assetName>
    <assetType>folder</assetType>
    <parentPath>/application/util/assets/</parentPath>
    <hostId>48190c8c-42c4-46af-8d1a-0cd5db894797</hostId>
  </com.dotmarketing.beans.Identifier>
  <com.dotmarketing.beans.Identifier>
    <id>fb944dfe-3d5e-43aa-b3dd-94ce84df652c</id>
    <assetName>fonts</assetName>
    <assetType>folder</assetType>
    <parentPath>/application/util/assets/</parentPath>
    <hostId>48190c8c-42c4-46af-8d1a-0cd5db894797</hostId>
  </com.dotmarketing.beans.Identifier>
  <com.dotmarketing.beans.Identifier>
    <id>0a97b49b-c468-45bc-9455-068252016cb3</id>
    <assetName>fa-regular.css</assetName>
    <assetType>contentlet</assetType>
    <parentPath>/application/util/assets/css/</parentPath>
    <hostId>48190c8c-42c4-46af-8d1a-0cd5db894797</hostId>
  </com.dotmarketing.beans.Identifier>
  <com.dotmarketing.beans.Identifier>
    <id>11769618-be72-47f0-aaa3-44ddf992af73</id>
    <assetName>foundation-float.css</assetName>
    <assetType>contentlet</assetType>
    <parentPath>/application/util/assets/css/</parentPath>
    <hostId>48190c8c-42c4-46af-8d1a-0cd5db894797</hostId>
  </com.dotmarketing.beans.Identifier>
  <com.dotmarketing.beans.Identifier>
    <id>117a6e92-2853-43b0-8858-464b5a6b69fa</id>
    <assetName>bootstrap.min.css.map</assetName>
    <assetType>contentlet</assetType>
    <parentPath>/application/util/assets/css/</parentPath>
    <hostId>48190c8c-42c4-46af-8d1a-0cd5db894797</hostId>
  </com.dotmarketing.beans.Identifier>
  <com.dotmarketing.beans.Identifier>
    <id>11832d8c-fbec-47f9-be6e-b2deaefd8f0e</id>
    <assetName>bootstrap-reboot.css.map</assetName>
    <assetType>contentlet</assetType>
    <parentPath>/application/util/assets/css/</parentPath>
    <hostId>48190c8c-42c4-46af-8d1a-0cd5db894797</hostId>
  </com.dotmarketing.beans.Identifier>
  <com.dotmarketing.beans.Identifier>
    <id>225c0adb-9a7a-4ac9-974c-5d186bf682f2</id>
    <assetName>dot-tools.css</assetName>
    <assetType>contentlet</assetType>
    <parentPath>/application/util/assets/css/</parentPath>
    <hostId>48190c8c-42c4-46af-8d1a-0cd5db894797</hostId>
  </com.dotmarketing.beans.Identifier>
  <com.dotmarketing.beans.Identifier>
    <id>3a4dc523-d407-4086-979e-88624bee96b4</id>
    <assetName>fontawesome-all.css</assetName>
    <assetType>contentlet</assetType>
    <parentPath>/application/util/assets/css/</parentPath>
    <hostId>48190c8c-42c4-46af-8d1a-0cd5db894797</hostId>
  </com.dotmarketing.beans.Identifier>
  <com.dotmarketing.beans.Identifier>
    <id>4c2b2120-2773-4f56-8576-27c76f0fed9c</id>
    <assetName>bootstrap-grid.css.map</assetName>
    <assetType>contentlet</assetType>
    <parentPath>/application/util/assets/css/</parentPath>
    <hostId>48190c8c-42c4-46af-8d1a-0cd5db894797</hostId>
  </com.dotmarketing.beans.Identifier>
  <com.dotmarketing.beans.Identifier>
    <id>4e9c3a01-6ba6-41e1-a5f6-e966e61e6501</id>
    <assetName>bootstrap-grid.css</assetName>
    <assetType>contentlet</assetType>
    <parentPath>/application/util/assets/css/</parentPath>
    <hostId>48190c8c-42c4-46af-8d1a-0cd5db894797</hostId>
  </com.dotmarketing.beans.Identifier>
  <com.dotmarketing.beans.Identifier>
    <id>526ff7ed-e7bb-43a1-8ff8-ccbd882e5533</id>
    <assetName>bootstrap-grid.min.css.map</assetName>
    <assetType>contentlet</assetType>
    <parentPath>/application/util/assets/css/</parentPath>
    <hostId>48190c8c-42c4-46af-8d1a-0cd5db894797</hostId>
  </com.dotmarketing.beans.Identifier>
  <com.dotmarketing.beans.Identifier>
    <id>56508f4f-aa14-4437-aba1-ed895b7187f3</id>
    <assetName>bootstrap.min.css</assetName>
    <assetType>contentlet</assetType>
    <parentPath>/application/util/assets/css/</parentPath>
    <hostId>48190c8c-42c4-46af-8d1a-0cd5db894797</hostId>
  </com.dotmarketing.beans.Identifier>
  <com.dotmarketing.beans.Identifier>
    <id>651ea2aa-9c6f-4a80-98ef-90d176a7afe9</id>
    <assetName>bootstrap-reboot.min.css.map</assetName>
    <assetType>contentlet</assetType>
    <parentPath>/application/util/assets/css/</parentPath>
    <hostId>48190c8c-42c4-46af-8d1a-0cd5db894797</hostId>
  </com.dotmarketing.beans.Identifier>
  <com.dotmarketing.beans.Identifier>
    <id>662c705b-8282-49ed-93ed-487d13fc7393</id>
    <assetName>foundation.min.css</assetName>
    <assetType>contentlet</assetType>
    <parentPath>/application/util/assets/css/</parentPath>
    <hostId>48190c8c-42c4-46af-8d1a-0cd5db894797</hostId>
  </com.dotmarketing.beans.Identifier>
  <com.dotmarketing.beans.Identifier>
    <id>73ec50e2-8f12-40e5-8920-eab4fd7c1420</id>
    <assetName>fa-solid.css</assetName>
    <assetType>contentlet</assetType>
    <parentPath>/application/util/assets/css/</parentPath>
    <hostId>48190c8c-42c4-46af-8d1a-0cd5db894797</hostId>
  </com.dotmarketing.beans.Identifier>
  <com.dotmarketing.beans.Identifier>
    <id>7bcbd9e3-9d62-4c38-b31c-d4bbb5100e63</id>
    <assetName>foundation-rtl.css</assetName>
    <assetType>contentlet</assetType>
    <parentPath>/application/util/assets/css/</parentPath>
    <hostId>48190c8c-42c4-46af-8d1a-0cd5db894797</hostId>
  </com.dotmarketing.beans.Identifier>
  <com.dotmarketing.beans.Identifier>
    <id>7cd62801-03e3-4934-b8e4-507aa9f3e2f1</id>
    <assetName>foundation.css</assetName>
    <assetType>contentlet</assetType>
    <parentPath>/application/util/assets/css/</parentPath>
    <hostId>48190c8c-42c4-46af-8d1a-0cd5db894797</hostId>
  </com.dotmarketing.beans.Identifier>
  <com.dotmarketing.beans.Identifier>
    <id>7d14523d-b116-482f-829e-1a3d8d52fa3e</id>
    <assetName>fontawesome.css</assetName>
    <assetType>contentlet</assetType>
    <parentPath>/application/util/assets/css/</parentPath>
    <hostId>48190c8c-42c4-46af-8d1a-0cd5db894797</hostId>
  </com.dotmarketing.beans.Identifier>
  <com.dotmarketing.beans.Identifier>
    <id>8754236d-b244-41ac-b081-5a338dd4a773</id>
    <assetName>bootstrap.css</assetName>
    <assetType>contentlet</assetType>
    <parentPath>/application/util/assets/css/</parentPath>
    <hostId>48190c8c-42c4-46af-8d1a-0cd5db894797</hostId>
  </com.dotmarketing.beans.Identifier>
  <com.dotmarketing.beans.Identifier>
    <id>8bb5a650-bb2e-4d48-9b13-6a5d6ed9c0d6</id>
    <assetName>fa-svg-with-js.css</assetName>
    <assetType>contentlet</assetType>
    <parentPath>/application/util/assets/css/</parentPath>
    <hostId>48190c8c-42c4-46af-8d1a-0cd5db894797</hostId>
  </com.dotmarketing.beans.Identifier>
  <com.dotmarketing.beans.Identifier>
    <id>8e84fbd5-3a05-4ce4-bed6-5072e508f56d</id>
    <assetName>bootstrap-grid.min.css</assetName>
    <assetType>contentlet</assetType>
    <parentPath>/application/util/assets/css/</parentPath>
    <hostId>48190c8c-42c4-46af-8d1a-0cd5db894797</hostId>
  </com.dotmarketing.beans.Identifier>
  <com.dotmarketing.beans.Identifier>
    <id>bea7037f-4320-4edd-b352-b3e80460e252</id>
    <assetName>foundation-prototype.css</assetName>
    <assetType>contentlet</assetType>
    <parentPath>/application/util/assets/css/</parentPath>
    <hostId>48190c8c-42c4-46af-8d1a-0cd5db894797</hostId>
  </com.dotmarketing.beans.Identifier>
  <com.dotmarketing.beans.Identifier>
    <id>c2dd530c-1692-4fda-8e78-3e62e4752567</id>
    <assetName>bootstrap.css.map</assetName>
    <assetType>contentlet</assetType>
    <parentPath>/application/util/assets/css/</parentPath>
    <hostId>48190c8c-42c4-46af-8d1a-0cd5db894797</hostId>
  </com.dotmarketing.beans.Identifier>
  <com.dotmarketing.beans.Identifier>
    <id>de0289ce-48e1-488f-97eb-a476341d3dc2</id>
    <assetName>bootstrap-reboot.css</assetName>
    <assetType>contentlet</assetType>
    <parentPath>/application/util/assets/css/</parentPath>
    <hostId>48190c8c-42c4-46af-8d1a-0cd5db894797</hostId>
  </com.dotmarketing.beans.Identifier>
  <com.dotmarketing.beans.Identifier>
    <id>f877625e-79af-4152-9c5d-0b7ba4313049</id>
    <assetName>bootstrap-reboot.min.css</assetName>
    <assetType>contentlet</assetType>
    <parentPath>/application/util/assets/css/</parentPath>
    <hostId>48190c8c-42c4-46af-8d1a-0cd5db894797</hostId>
  </com.dotmarketing.beans.Identifier>
  <com.dotmarketing.beans.Identifier>
    <id>fdb0f080-b8f2-4748-8fae-95b85db8b046</id>
    <assetName>fa-brands.css</assetName>
    <assetType>contentlet</assetType>
    <parentPath>/application/util/assets/css/</parentPath>
    <hostId>48190c8c-42c4-46af-8d1a-0cd5db894797</hostId>
  </com.dotmarketing.beans.Identifier>
  <com.dotmarketing.beans.Identifier>
    <id>05721b19-e936-4c4b-b64f-9c943323fdc9</id>
    <assetName>bootstrap.bundle.min.js.map</assetName>
    <assetType>contentlet</assetType>
    <parentPath>/application/util/assets/js/</parentPath>
    <hostId>48190c8c-42c4-46af-8d1a-0cd5db894797</hostId>
  </com.dotmarketing.beans.Identifier>
  <com.dotmarketing.beans.Identifier>
    <id>0772f789-9ed8-4bec-a4ff-378e17802bfb</id>
    <assetName>jquery-3.3.1.js</assetName>
    <assetType>contentlet</assetType>
    <parentPath>/application/util/assets/js/</parentPath>
    <hostId>48190c8c-42c4-46af-8d1a-0cd5db894797</hostId>
  </com.dotmarketing.beans.Identifier>
  <com.dotmarketing.beans.Identifier>
    <id>1b467ba0-cce5-4545-8b9c-e44b60726d70</id>
    <assetName>jquery-3.3.1.min.js</assetName>
    <assetType>contentlet</assetType>
    <parentPath>/application/util/assets/js/</parentPath>
    <hostId>48190c8c-42c4-46af-8d1a-0cd5db894797</hostId>
  </com.dotmarketing.beans.Identifier>
  <com.dotmarketing.beans.Identifier>
    <id>2eaca8fd-c4b0-40fb-967d-9ffe8abf7d59</id>
    <assetName>bootstrap.js.map</assetName>
    <assetType>contentlet</assetType>
    <parentPath>/application/util/assets/js/</parentPath>
    <hostId>48190c8c-42c4-46af-8d1a-0cd5db894797</hostId>
  </com.dotmarketing.beans.Identifier>
  <com.dotmarketing.beans.Identifier>
    <id>4c58701c-cb62-482a-8c6f-8292e6df42b0</id>
    <assetName>bootstrap.js</assetName>
    <assetType>contentlet</assetType>
    <parentPath>/application/util/assets/js/</parentPath>
    <hostId>48190c8c-42c4-46af-8d1a-0cd5db894797</hostId>
  </com.dotmarketing.beans.Identifier>
  <com.dotmarketing.beans.Identifier>
    <id>69287e03-3c75-4717-9cef-352b379e2521</id>
    <assetName>bootstrap.bundle.js.map</assetName>
    <assetType>contentlet</assetType>
    <parentPath>/application/util/assets/js/</parentPath>
    <hostId>48190c8c-42c4-46af-8d1a-0cd5db894797</hostId>
  </com.dotmarketing.beans.Identifier>
  <com.dotmarketing.beans.Identifier>
    <id>754293fb-dd77-4e16-b377-a8fd880b5fc9</id>
    <assetName>foundation.min.js</assetName>
    <assetType>contentlet</assetType>
    <parentPath>/application/util/assets/js/</parentPath>
    <hostId>48190c8c-42c4-46af-8d1a-0cd5db894797</hostId>
  </com.dotmarketing.beans.Identifier>
  <com.dotmarketing.beans.Identifier>
    <id>7ac398a6-a3cb-4470-8c9f-aa89cf21bd55</id>
    <assetName>dot-tools.js</assetName>
    <assetType>contentlet</assetType>
    <parentPath>/application/util/assets/js/</parentPath>
    <hostId>48190c8c-42c4-46af-8d1a-0cd5db894797</hostId>
  </com.dotmarketing.beans.Identifier>
  <com.dotmarketing.beans.Identifier>
    <id>851e2854-7020-4f69-844b-00351866ce61</id>
    <assetName>bootstrap.min.js</assetName>
    <assetType>contentlet</assetType>
    <parentPath>/application/util/assets/js/</parentPath>
    <hostId>48190c8c-42c4-46af-8d1a-0cd5db894797</hostId>
  </com.dotmarketing.beans.Identifier>
  <com.dotmarketing.beans.Identifier>
    <id>a886801d-2907-422d-9d60-3fe9ddcdbb47</id>
    <assetName>bootstrap.bundle.min.js</assetName>
    <assetType>contentlet</assetType>
    <parentPath>/application/util/assets/js/</parentPath>
    <hostId>48190c8c-42c4-46af-8d1a-0cd5db894797</hostId>
  </com.dotmarketing.beans.Identifier>
  <com.dotmarketing.beans.Identifier>
    <id>b24c0404-db3b-4a98-a5bd-0f16ac7e45fd</id>
    <assetName>foundation.js</assetName>
    <assetType>contentlet</assetType>
    <parentPath>/application/util/assets/js/</parentPath>
    <hostId>48190c8c-42c4-46af-8d1a-0cd5db894797</hostId>
  </com.dotmarketing.beans.Identifier>
  <com.dotmarketing.beans.Identifier>
    <id>b3ce44e8-abce-49e4-bb58-31bca1560310</id>
    <assetName>what-input.js</assetName>
    <assetType>contentlet</assetType>
    <parentPath>/application/util/assets/js/</parentPath>
    <hostId>48190c8c-42c4-46af-8d1a-0cd5db894797</hostId>
  </com.dotmarketing.beans.Identifier>
  <com.dotmarketing.beans.Identifier>
    <id>c262d5c1-b2e5-40c1-aefa-df0fb379b8fe</id>
    <assetName>bootstrap.bundle.js</assetName>
    <assetType>contentlet</assetType>
    <parentPath>/application/util/assets/js/</parentPath>
    <hostId>48190c8c-42c4-46af-8d1a-0cd5db894797</hostId>
  </com.dotmarketing.beans.Identifier>
  <com.dotmarketing.beans.Identifier>
    <id>dfb7cf08-636b-47fe-93af-242f7f91a0fe</id>
    <assetName>bootstrap.min.js.map</assetName>
    <assetType>contentlet</assetType>
    <parentPath>/application/util/assets/js/</parentPath>
    <hostId>48190c8c-42c4-46af-8d1a-0cd5db894797</hostId>
  </com.dotmarketing.beans.Identifier>
  <com.dotmarketing.beans.Identifier>
    <id>e4b5ed3e-7dcc-4693-8688-12e0bc7c3d44</id>
    <assetName>vue-2.5.16.js</assetName>
    <assetType>contentlet</assetType>
    <parentPath>/application/util/assets/js/</parentPath>
    <hostId>48190c8c-42c4-46af-8d1a-0cd5db894797</hostId>
  </com.dotmarketing.beans.Identifier>
  <com.dotmarketing.beans.Identifier>
    <id>ea2eaf6e-1853-409e-842e-355e8bfe00ab</id>
    <assetName>vue-2.5.16.min.js</assetName>
    <assetType>contentlet</assetType>
    <parentPath>/application/util/assets/js/</parentPath>
    <hostId>48190c8c-42c4-46af-8d1a-0cd5db894797</hostId>
  </com.dotmarketing.beans.Identifier>
  <com.dotmarketing.beans.Identifier>
    <id>a70620ae-b18f-42d4-9fae-a1f20a1889fd</id>
    <assetName>ethode-dotcms-share.png</assetName>
    <assetType>contentlet</assetType>
    <parentPath>/img/</parentPath>
    <hostId>48190c8c-42c4-46af-8d1a-0cd5db894797</hostId>
  </com.dotmarketing.beans.Identifier>
  <com.dotmarketing.beans.Identifier>
    <id>fde14780-d777-4d80-989d-e17f3b0d8885</id>
    <assetName>ethode-dotcms.png</assetName>
    <assetType>contentlet</assetType>
    <parentPath>/img/</parentPath>
    <hostId>48190c8c-42c4-46af-8d1a-0cd5db894797</hostId>
  </com.dotmarketing.beans.Identifier>
  <com.dotmarketing.beans.Identifier>
    <id>bc9a1d37-dd2d-4d49-a29d-0c9be740bfaf</id>
    <assetName>system folder</assetName>
    <assetType>folder</assetType>
    <parentPath>/System folder</parentPath>
    <hostId>SYSTEM_HOST</hostId>
  </com.dotmarketing.beans.Identifier>
</list>