<list>
  <com.dotmarketing.beans.Identifier>
    <id>0157b81a-d6fc-49e8-ab88-e7a6164b398e</id>
    <assetName>content.fbdfb270-79e2-495e-8496-67aa0f624d26</assetName>
    <assetType>contentlet</assetType>
    <parentPath>/</parentPath>
    <hostId>SYSTEM_HOST</hostId>
  </com.dotmarketing.beans.Identifier>
  <com.dotmarketing.beans.Identifier>
    <id>0a9d33c9-f86f-48c8-b0ad-9930eb9633b6</id>
    <assetName>content.b8039420-03ff-46aa-a9ef-dcced3556e6c</assetName>
    <assetType>contentlet</assetType>
    <parentPath>/</parentPath>
    <hostId>SYSTEM_HOST</hostId>
  </com.dotmarketing.beans.Identifier>
  <com.dotmarketing.beans.Identifier>
    <id>0af52a46-484d-47cf-8137-e1bfffb69c66</id>
    <assetName>0af52a46-484d-47cf-8137-e1bfffb69c66.template</assetName>
    <assetType>template</assetType>
    <parentPath>/</parentPath>
    <hostId>48190c8c-42c4-46af-8d1a-0cd5db894797</hostId>
  </com.dotmarketing.beans.Identifier>
  <com.dotmarketing.beans.Identifier>
    <id>238a07cc-e5b1-45d8-95e9-73808d466ef1</id>
    <assetName>content.36a85150-ab29-47ae-bba4-f9d8bba4ed60</assetName>
    <assetType>contentlet</assetType>
    <parentPath>/</parentPath>
    <hostId>SYSTEM_HOST</hostId>
  </com.dotmarketing.beans.Identifier>
  <com.dotmarketing.beans.Identifier>
    <id>2e5ef0a0-7d0b-4ece-aaa1-645efdc1c19d</id>
    <assetName>content.617a1a52-d051-433a-a684-1262247e52f5</assetName>
    <assetType>contentlet</assetType>
    <parentPath>/</parentPath>
    <hostId>SYSTEM_HOST</hostId>
  </com.dotmarketing.beans.Identifier>
  <com.dotmarketing.beans.Identifier>
    <id>4341f0fd-a456-4d77-83da-a5cd7248624d</id>
    <assetName>4341f0fd-a456-4d77-83da-a5cd7248624d.template</assetName>
    <assetType>template</assetType>
    <parentPath>/</parentPath>
    <hostId>48190c8c-42c4-46af-8d1a-0cd5db894797</hostId>
  </com.dotmarketing.beans.Identifier>
  <com.dotmarketing.beans.Identifier>
    <id>48190c8c-42c4-46af-8d1a-0cd5db894797</id>
    <assetName>48190c8c-42c4-46af-8d1a-0cd5db894797.content</assetName>
    <assetType>contentlet</assetType>
    <parentPath>/</parentPath>
    <hostId>SYSTEM_HOST</hostId>
  </com.dotmarketing.beans.Identifier>
  <com.dotmarketing.beans.Identifier>
    <id>4bb72d3b-e572-4910-8fc2-d725279adeb5</id>
    <assetName>4bb72d3b-e572-4910-8fc2-d725279adeb5.template</assetName>
    <assetType>template</assetType>
    <parentPath>/</parentPath>
    <hostId>48190c8c-42c4-46af-8d1a-0cd5db894797</hostId>
  </com.dotmarketing.beans.Identifier>
  <com.dotmarketing.beans.Identifier>
    <id>5389e6a5-ee91-4164-b6ad-cc4f695f1d84</id>
    <assetName>5389e6a5-ee91-4164-b6ad-cc4f695f1d84.template</assetName>
    <assetType>template</assetType>
    <parentPath>/</parentPath>
    <hostId>48190c8c-42c4-46af-8d1a-0cd5db894797</hostId>
  </com.dotmarketing.beans.Identifier>
  <com.dotmarketing.beans.Identifier>
    <id>543f3e39-4eee-4763-9c89-1b366bd4e226</id>
    <assetName>content.a04a2b14-1dc5-46a3-9318-5cead5c2a517</assetName>
    <assetType>contentlet</assetType>
    <parentPath>/</parentPath>
    <hostId>SYSTEM_HOST</hostId>
  </com.dotmarketing.beans.Identifier>
  <com.dotmarketing.beans.Identifier>
    <id>86a1e1fe-c026-49f7-91c9-3fb5a77e0172</id>
    <assetName>86a1e1fe-c026-49f7-91c9-3fb5a77e0172.template</assetName>
    <assetType>template</assetType>
    <parentPath>/</parentPath>
    <hostId>48190c8c-42c4-46af-8d1a-0cd5db894797</hostId>
  </com.dotmarketing.beans.Identifier>
  <com.dotmarketing.beans.Identifier>
    <id>89580a20-c9b5-4e4c-91a0-b1f511953f7f</id>
    <assetName>content.893722f4-40af-433d-ad87-1c1fcf4258c5</assetName>
    <assetType>contentlet</assetType>
    <parentPath>/</parentPath>
    <hostId>SYSTEM_HOST</hostId>
  </com.dotmarketing.beans.Identifier>
  <com.dotmarketing.beans.Identifier>
    <id>8a89c87f-0947-4c25-ad96-2e639249e66b</id>
    <assetName>content.71c31f28-23a7-4a0e-a1f9-6dad6e90301e</assetName>
    <assetType>contentlet</assetType>
    <parentPath>/</parentPath>
    <hostId>SYSTEM_HOST</hostId>
  </com.dotmarketing.beans.Identifier>
  <com.dotmarketing.beans.Identifier>
    <id>92f7025f-e5bf-4204-8446-81f9fe2086a0</id>
    <assetName>92f7025f-e5bf-4204-8446-81f9fe2086a0.template</assetName>
    <assetType>template</assetType>
    <parentPath>/</parentPath>
    <hostId>48190c8c-42c4-46af-8d1a-0cd5db894797</hostId>
  </com.dotmarketing.beans.Identifier>
  <com.dotmarketing.beans.Identifier>
    <id>96e19b30-4f82-4a40-82ed-e8640962be93</id>
    <assetName>96e19b30-4f82-4a40-82ed-e8640962be93.template</assetName>
    <assetType>template</assetType>
    <parentPath>/</parentPath>
    <hostId>48190c8c-42c4-46af-8d1a-0cd5db894797</hostId>
  </com.dotmarketing.beans.Identifier>
  <com.dotmarketing.beans.Identifier>
    <id>a55a982f-2b8f-4672-8a5a-f4560a42ec1d</id>
    <assetName>a55a982f-2b8f-4672-8a5a-f4560a42ec1d.template</assetName>
    <assetType>template</assetType>
    <parentPath>/</parentPath>
    <hostId>48190c8c-42c4-46af-8d1a-0cd5db894797</hostId>
  </com.dotmarketing.beans.Identifier>
  <com.dotmarketing.beans.Identifier>
    <id>ba49a150-9188-4cf5-9295-6a6e2a51a42b</id>
    <assetName>content.32248f69-ccb2-46b5-8438-8dd0d49ab0ae</assetName>
    <assetType>contentlet</assetType>
    <parentPath>/</parentPath>
    <hostId>SYSTEM_HOST</hostId>
  </com.dotmarketing.beans.Identifier>
  <com.dotmarketing.beans.Identifier>
    <id>c2805852-57cb-4d6e-bc91-9b97d6ef50ca</id>
    <assetName>content.495afd69-dbfb-48c2-80e3-c17c97777639</assetName>
    <assetType>contentlet</assetType>
    <parentPath>/</parentPath>
    <hostId>SYSTEM_HOST</hostId>
  </com.dotmarketing.beans.Identifier>
  <com.dotmarketing.beans.Identifier>
    <id>d1ec7b30-8e9e-4b3e-b075-9cd9557fee8b</id>
    <assetName>d1ec7b30-8e9e-4b3e-b075-9cd9557fee8b.template</assetName>
    <assetType>template</assetType>
    <parentPath>/</parentPath>
    <hostId>48190c8c-42c4-46af-8d1a-0cd5db894797</hostId>
  </com.dotmarketing.beans.Identifier>
  <com.dotmarketing.beans.Identifier>
    <id>SYSTEM_HOST</id>
    <assetName>system host</assetName>
    <assetType>contentlet</assetType>
    <parentPath>/</parentPath>
    <hostId>SYSTEM_HOST</hostId>
  </com.dotmarketing.beans.Identifier>
  <com.dotmarketing.beans.Identifier>
    <id>bc9a1d37-dd2d-4d49-a29d-0c9be740bfaf</id>
    <assetName>system folder</assetName>
    <assetType>folder</assetType>
    <parentPath>/System folder</parentPath>
    <hostId>SYSTEM_HOST</hostId>
  </com.dotmarketing.beans.Identifier>
</list>