<list>
  <com.dotmarketing.portlets.templates.model.TemplateVersionInfo>
    <identifier>0af52a46-484d-47cf-8137-e1bfffb69c66</identifier>
    <liveInode>c4d0325b-b56b-4c0d-8366-2614f91f4cfd</liveInode>
    <workingInode>a6e15c75-2624-4699-873b-d23af2d9c383</workingInode>
    <lockedOn class="sql-timestamp">2018-04-17 16:23:05.533</lockedOn>
    <deleted>false</deleted>
    <versionTs class="sql-timestamp">2018-04-17 16:31:12.341</versionTs>
  </com.dotmarketing.portlets.templates.model.TemplateVersionInfo>
  <com.dotmarketing.portlets.templates.model.TemplateVersionInfo>
    <identifier>4341f0fd-a456-4d77-83da-a5cd7248624d</identifier>
    <workingInode>367a8fa6-327d-4858-b26c-e095036dee88</workingInode>
    <lockedOn class="sql-timestamp">2018-06-13 20:26:35.71</lockedOn>
    <deleted>false</deleted>
    <versionTs class="sql-timestamp">2018-06-13 20:39:50.023</versionTs>
  </com.dotmarketing.portlets.templates.model.TemplateVersionInfo>
  <com.dotmarketing.portlets.templates.model.TemplateVersionInfo>
    <identifier>4bb72d3b-e572-4910-8fc2-d725279adeb5</identifier>
    <liveInode>a9b894fc-48dc-485b-b2d9-587956515e4c</liveInode>
    <workingInode>a9b894fc-48dc-485b-b2d9-587956515e4c</workingInode>
    <lockedOn class="sql-timestamp">2018-04-06 17:11:20.214</lockedOn>
    <deleted>false</deleted>
    <versionTs class="sql-timestamp">2018-04-09 20:23:12.714</versionTs>
  </com.dotmarketing.portlets.templates.model.TemplateVersionInfo>
  <com.dotmarketing.portlets.templates.model.TemplateVersionInfo>
    <identifier>4cb3f4a4-9062-456e-b3f3-bf00ebe8cb48</identifier>
    <liveInode>5de8790a-6bd5-4ddc-a37d-ade7ac486e11</liveInode>
    <workingInode>5de8790a-6bd5-4ddc-a37d-ade7ac486e11</workingInode>
    <lockedOn class="sql-timestamp">2018-08-14 19:59:12.072</lockedOn>
    <deleted>false</deleted>
    <versionTs class="sql-timestamp">2018-08-13 21:09:13.764</versionTs>
  </com.dotmarketing.portlets.templates.model.TemplateVersionInfo>
  <com.dotmarketing.portlets.templates.model.TemplateVersionInfo>
    <identifier>5389e6a5-ee91-4164-b6ad-cc4f695f1d84</identifier>
    <liveInode>adba605c-4370-4db3-962e-b91ec4604e99</liveInode>
    <workingInode>adba605c-4370-4db3-962e-b91ec4604e99</workingInode>
    <lockedOn class="sql-timestamp">2018-07-18 13:35:56.699</lockedOn>
    <deleted>false</deleted>
    <versionTs class="sql-timestamp">2018-07-18 17:06:43.643</versionTs>
  </com.dotmarketing.portlets.templates.model.TemplateVersionInfo>
  <com.dotmarketing.portlets.templates.model.TemplateVersionInfo>
    <identifier>77c8d0f1-950d-4f2a-a41c-820981aa40c9</identifier>
    <liveInode>d58990a9-f60e-4f0d-8830-3f23c2c86d19</liveInode>
    <workingInode>d58990a9-f60e-4f0d-8830-3f23c2c86d19</workingInode>
    <lockedOn class="sql-timestamp">2018-08-13 20:52:12.38</lockedOn>
    <deleted>false</deleted>
    <versionTs class="sql-timestamp">2018-08-13 20:52:02.948</versionTs>
  </com.dotmarketing.portlets.templates.model.TemplateVersionInfo>
  <com.dotmarketing.portlets.templates.model.TemplateVersionInfo>
    <identifier>86a1e1fe-c026-49f7-91c9-3fb5a77e0172</identifier>
    <liveInode>4c7ce396-0685-4b66-bcfc-6561dd7dad33</liveInode>
    <workingInode>4c7ce396-0685-4b66-bcfc-6561dd7dad33</workingInode>
    <lockedOn class="sql-timestamp">2018-03-05 14:50:08.33</lockedOn>
    <deleted>false</deleted>
    <versionTs class="sql-timestamp">2018-03-22 20:22:54.206</versionTs>
  </com.dotmarketing.portlets.templates.model.TemplateVersionInfo>
  <com.dotmarketing.portlets.templates.model.TemplateVersionInfo>
    <identifier>8dcc1469-a80c-4cb9-bba2-fc276fba6a01</identifier>
    <liveInode>043a0098-fab0-4aac-bfe3-a0f0b3f56981</liveInode>
    <workingInode>043a0098-fab0-4aac-bfe3-a0f0b3f56981</workingInode>
    <lockedBy>dotcms.org.1</lockedBy>
    <lockedOn class="sql-timestamp">2018-08-14 19:59:14.782</lockedOn>
    <deleted>false</deleted>
    <versionTs class="sql-timestamp">2018-08-13 20:49:37.269</versionTs>
  </com.dotmarketing.portlets.templates.model.TemplateVersionInfo>
  <com.dotmarketing.portlets.templates.model.TemplateVersionInfo>
    <identifier>92f7025f-e5bf-4204-8446-81f9fe2086a0</identifier>
    <liveInode>86df7a65-5e49-477e-8c8b-5da49f362319</liveInode>
    <workingInode>86df7a65-5e49-477e-8c8b-5da49f362319</workingInode>
    <lockedOn class="sql-timestamp">2018-04-17 16:32:57.513</lockedOn>
    <deleted>false</deleted>
    <versionTs class="sql-timestamp">2018-04-17 16:33:33.98</versionTs>
  </com.dotmarketing.portlets.templates.model.TemplateVersionInfo>
  <com.dotmarketing.portlets.templates.model.TemplateVersionInfo>
    <identifier>96e19b30-4f82-4a40-82ed-e8640962be93</identifier>
    <liveInode>f5879d20-abff-479d-aaa4-b417a3725998</liveInode>
    <workingInode>a090b2b0-0753-4771-934e-660b0368113c</workingInode>
    <lockedOn class="sql-timestamp">2018-07-24 19:09:05.362</lockedOn>
    <deleted>false</deleted>
    <versionTs class="sql-timestamp">2018-07-24 19:17:48.278</versionTs>
  </com.dotmarketing.portlets.templates.model.TemplateVersionInfo>
  <com.dotmarketing.portlets.templates.model.TemplateVersionInfo>
    <identifier>a55a982f-2b8f-4672-8a5a-f4560a42ec1d</identifier>
    <workingInode>84d3cfd1-b476-4bd9-a775-7c0c421c3937</workingInode>
    <lockedOn class="sql-timestamp">2018-06-13 19:52:13.658</lockedOn>
    <deleted>false</deleted>
    <versionTs class="sql-timestamp">2018-06-13 19:52:53.195</versionTs>
  </com.dotmarketing.portlets.templates.model.TemplateVersionInfo>
  <com.dotmarketing.portlets.templates.model.TemplateVersionInfo>
    <identifier>d1ec7b30-8e9e-4b3e-b075-9cd9557fee8b</identifier>
    <liveInode>ab656a52-cd55-450b-818f-a33ac3996297</liveInode>
    <workingInode>ab656a52-cd55-450b-818f-a33ac3996297</workingInode>
    <lockedOn class="sql-timestamp">2018-06-13 15:47:01.189</lockedOn>
    <deleted>false</deleted>
    <versionTs class="sql-timestamp">2018-06-13 19:31:12.706</versionTs>
  </com.dotmarketing.portlets.templates.model.TemplateVersionInfo>
  <com.dotmarketing.portlets.templates.model.TemplateVersionInfo>
    <identifier>d2e018da-10a1-4fb9-b4a1-f3fc51402a60</identifier>
    <liveInode>b2fc4d00-831d-4f8a-845d-dc704dd293b9</liveInode>
    <workingInode>b2fc4d00-831d-4f8a-845d-dc704dd293b9</workingInode>
    <lockedOn class="sql-timestamp">2018-08-13 20:51:06.779</lockedOn>
    <deleted>false</deleted>
    <versionTs class="sql-timestamp">2018-08-13 20:51:06.783</versionTs>
  </com.dotmarketing.portlets.templates.model.TemplateVersionInfo>
</list>