<list>
  <com.dotmarketing.portlets.containers.model.ContainerVersionInfo>
    <identifier>42f38fb2-299b-486a-b1cf-91e7bd0ed7b5</identifier>
    <liveInode>a6acca31-5ef3-4033-8d23-c502eddbd645</liveInode>
    <workingInode>a6acca31-5ef3-4033-8d23-c502eddbd645</workingInode>
    <lockedOn class="sql-timestamp">2018-08-13 20:46:29.799</lockedOn>
    <deleted>false</deleted>
    <versionTs class="sql-timestamp">2018-08-13 20:46:29.816</versionTs>
  </com.dotmarketing.portlets.containers.model.ContainerVersionInfo>
  <com.dotmarketing.portlets.containers.model.ContainerVersionInfo>
    <identifier>e0aca367-1e1c-46d1-955f-86d0b1cc4778</identifier>
    <liveInode>9b1daaa0-f204-4287-906c-a727e2e4180d</liveInode>
    <workingInode>9b1daaa0-f204-4287-906c-a727e2e4180d</workingInode>
    <lockedOn class="sql-timestamp">2018-08-13 20:47:10.753</lockedOn>
    <deleted>false</deleted>
    <versionTs class="sql-timestamp">2018-08-13 20:47:02.57</versionTs>
  </com.dotmarketing.portlets.containers.model.ContainerVersionInfo>
</list>