<list>
  <com.dotmarketing.portlets.containers.model.Container>
    <iDate class="sql-timestamp">2018-08-13 20:47:02.56</iDate>
    <type>containers</type>
    <inode>9b1daaa0-f204-4287-906c-a727e2e4180d</inode>
    <identifier>e0aca367-1e1c-46d1-955f-86d0b1cc4778</identifier>
    <title>_Script Init</title>
    <friendlyName>Initialize Globals, Configuration Options, and Macros</friendlyName>
    <modDate class="sql-timestamp">2018-08-13 20:47:02.57</modDate>
    <modUser>dotcms.org.1</modUser>
    <sortOrder>0</sortOrder>
    <showOnMenu>false</showOnMenu>
    <code>## Globals, config, options&#xd;
#dotParse(&apos;/application/includes/globals.vtl&apos;)##&#xd;
#dotParse(&apos;/application/includes/options.vtl&apos;)##&#xd;
##&#xd;
## Macros&#xd;
#dotParse(&apos;/application/macros/json-get.vm&apos;)##&#xd;
#dotParse(&apos;/application/macros/template-column.vm&apos;)##&#xd;
#dotParse(&apos;/application/macros/slugify.vm&apos;)##&#xd;
#dotParse(&apos;/application/macros/truncate-string.vm&apos;)##&#xd;
#dotParse(&apos;/application/macros/button.vm&apos;)##</code>
    <maxContentlets>0</maxContentlets>
    <useDiv>false</useDiv>
    <sortContentletsBy></sortContentletsBy>
    <preLoop></preLoop>
    <postLoop></postLoop>
    <staticify>false</staticify>
    <luceneQuery></luceneQuery>
    <notes></notes>
  </com.dotmarketing.portlets.containers.model.Container>
  <com.dotmarketing.portlets.containers.model.Container>
    <iDate class="sql-timestamp">2018-08-13 20:46:29.79</iDate>
    <type>containers</type>
    <inode>a6acca31-5ef3-4033-8d23-c502eddbd645</inode>
    <identifier>42f38fb2-299b-486a-b1cf-91e7bd0ed7b5</identifier>
    <title>_Generic</title>
    <friendlyName>Generic Use Container</friendlyName>
    <modDate class="sql-timestamp">2018-08-13 20:46:29.817</modDate>
    <modUser>dotcms.org.1</modUser>
    <sortOrder>0</sortOrder>
    <showOnMenu>false</showOnMenu>
    <code></code>
    <maxContentlets>99</maxContentlets>
    <useDiv>false</useDiv>
    <sortContentletsBy></sortContentletsBy>
    <preLoop></preLoop>
    <postLoop>#dotParse(&quot;${CNT}content-generic.vtl&quot;)</postLoop>
    <staticify>false</staticify>
    <luceneQuery></luceneQuery>
    <notes></notes>
  </com.dotmarketing.portlets.containers.model.Container>
</list>