<list>
  <com.dotmarketing.portlets.structure.model.Relationship>
    <iDate class="sql-timestamp">2011-07-05 14:27:51.16</iDate>
    <type>relationship</type>
    <owner></owner>
    <inode>26ff1822-ac3a-4083-ba86-878d2fdf8af2</inode>
    <parentStructureInode>a007def2-896d-4fd1-843b-d3abb5305f3f</parentStructureInode>
    <childStructureInode>a007def2-896d-4fd1-843b-d3abb5305f3f</childStructureInode>
    <parentRelationName>Replies</parentRelationName>
    <childRelationName>Parent Comment</childRelationName>
    <relationTypeValue>Comments-Comments</relationTypeValue>
    <cardinality>0</cardinality>
    <parentRequired>false</parentRequired>
    <childRequired>false</childRequired>
    <fixed>false</fixed>
  </com.dotmarketing.portlets.structure.model.Relationship>
</list>