<list>
  <com.dotmarketing.business.UsersRoles>
    <id>04d8608d-f434-484e-82fc-051b4b9fd91b</id>
    <userId>dotcms.org.2787</userId>
    <roleId>e36988eb-f206-4fd3-a06c-6a746d30a772</roleId>
  </com.dotmarketing.business.UsersRoles>
  <com.dotmarketing.business.UsersRoles>
    <id>086715e9-26f9-4443-953f-a9f6bdc1ca50</id>
    <userId>dotcms.org.1</userId>
    <roleId>e7d4e34e-5127-45fc-8123-d48b62d510e3</roleId>
  </com.dotmarketing.business.UsersRoles>
  <com.dotmarketing.business.UsersRoles>
    <id>0fc1a43f-2281-47db-9b89-452e454c6ec0</id>
    <userId>dotcms.org.2791</userId>
    <roleId>db0d2bca-5da5-4c18-b5d7-87f02ba58eb6</roleId>
  </com.dotmarketing.business.UsersRoles>
  <com.dotmarketing.business.UsersRoles>
    <id>0fe923fe-187a-4fcf-a85f-4036cf0d9e8e</id>
    <userId>dotcms.org.2808</userId>
    <roleId>6f9d5449-8f48-4179-a2ad-1983d6217fef</roleId>
  </com.dotmarketing.business.UsersRoles>
  <com.dotmarketing.business.UsersRoles>
    <id>14722a32-e98c-4417-ac4d-e119a4762e11</id>
    <userId>dotcms.org.2808</userId>
    <roleId>e828467a-f128-4d3c-8873-d967631bf130</roleId>
  </com.dotmarketing.business.UsersRoles>
  <com.dotmarketing.business.UsersRoles>
    <id>19f17332-f880-43fa-98d9-8b599d6aaa95</id>
    <userId>dotcms.org.2795</userId>
    <roleId>1cad5929-b42d-4049-b76e-3ce39e042574</roleId>
  </com.dotmarketing.business.UsersRoles>
  <com.dotmarketing.business.UsersRoles>
    <id>21081bef-064e-43a5-8ccd-85ab84765972</id>
    <userId>dotcms.org.2793</userId>
    <roleId>e3bca93b-5179-439b-9fd4-565345c7dc8c</roleId>
  </com.dotmarketing.business.UsersRoles>
  <com.dotmarketing.business.UsersRoles>
    <id>2585ade7-288e-4a87-ab04-c637e523b0d6</id>
    <userId>dotcms.org.default</userId>
    <roleId>15aad986-6d7d-49e3-b643-344158a6e2a1</roleId>
  </com.dotmarketing.business.UsersRoles>
  <com.dotmarketing.business.UsersRoles>
    <id>2a64be98-0c06-4088-aaac-2258da41d3b5</id>
    <userId>dotcms.org.2798</userId>
    <roleId>e36988eb-f206-4fd3-a06c-6a746d30a772</roleId>
  </com.dotmarketing.business.UsersRoles>
  <com.dotmarketing.business.UsersRoles>
    <id>2fbe611b-3464-4c09-bcad-b5894e3efeab</id>
    <userId>dotcms.org.2791</userId>
    <roleId>add6b779-0da8-47e2-89da-e002a3a16837</roleId>
  </com.dotmarketing.business.UsersRoles>
  <com.dotmarketing.business.UsersRoles>
    <id>3139a51d-e7f6-4761-98a5-dd2cbeb710c2</id>
    <userId>dotcms.org.2802</userId>
    <roleId>6f9d5449-8f48-4179-a2ad-1983d6217fef</roleId>
  </com.dotmarketing.business.UsersRoles>
  <com.dotmarketing.business.UsersRoles>
    <id>3d96ec34-ee03-46ff-a9ef-f6e33ae1a339</id>
    <userId>system</userId>
    <roleId>892ab105-f212-407f-8fb4-58ec59310a5e</roleId>
  </com.dotmarketing.business.UsersRoles>
  <com.dotmarketing.business.UsersRoles>
    <id>3e3fbac5-5c43-4ce4-b929-d46702ce96e7</id>
    <userId>dotcms.org.2802</userId>
    <roleId>fc7229a0-df95-41f6-b045-6b230667f823</roleId>
  </com.dotmarketing.business.UsersRoles>
  <com.dotmarketing.business.UsersRoles>
    <id>437d5dab-e26d-44c4-8543-4126d47d23c3</id>
    <userId>dotcms.org.2789</userId>
    <roleId>db0d2bca-5da5-4c18-b5d7-87f02ba58eb6</roleId>
  </com.dotmarketing.business.UsersRoles>
  <com.dotmarketing.business.UsersRoles>
    <id>442addbb-fbc9-4285-af32-ea7729556787</id>
    <userId>dotcms.org.1</userId>
    <roleId>e828467a-f128-4d3c-8873-d967631bf130</roleId>
  </com.dotmarketing.business.UsersRoles>
  <com.dotmarketing.business.UsersRoles>
    <id>46bb8abd-1fbc-4369-a728-13d6d1a2880c</id>
    <userId>dotcms.org.1</userId>
    <roleId>f10eab25-ab4b-444f-b1b5-15a1a5948024</roleId>
  </com.dotmarketing.business.UsersRoles>
  <com.dotmarketing.business.UsersRoles>
    <id>4c871715-ab1f-4c22-bf81-e5c8ab31071e</id>
    <userId>dotcms.org.2811</userId>
    <roleId>1ba5e58e-4ee4-4566-9e74-84a1adf23503</roleId>
  </com.dotmarketing.business.UsersRoles>
  <com.dotmarketing.business.UsersRoles>
    <id>4d69c7a0-cbf5-4815-8902-7f1fe7a470fc</id>
    <userId>dotcms.org.2802</userId>
    <roleId>f10eab25-ab4b-444f-b1b5-15a1a5948024</roleId>
  </com.dotmarketing.business.UsersRoles>
  <com.dotmarketing.business.UsersRoles>
    <id>4f7488b5-7601-4c7b-a5ac-8cc6d7011162</id>
    <userId>dotcms.org.1</userId>
    <roleId>dbd027dc-9587-422f-a8be-c7c1ddd08691</roleId>
  </com.dotmarketing.business.UsersRoles>
  <com.dotmarketing.business.UsersRoles>
    <id>533c94b5-a7ba-40ec-b5f3-68a1fc429236</id>
    <userId>dotcms.org.2795</userId>
    <roleId>02ae46fa-cb67-4ed8-82d5-f1f9a5e1d744</roleId>
  </com.dotmarketing.business.UsersRoles>
  <com.dotmarketing.business.UsersRoles>
    <id>59ca9239-09ea-4d9b-8c1f-bd7804a774b4</id>
    <userId>dotcms.org.1</userId>
    <roleId>a2d88e69-d575-45ec-9b52-0dc3a51468ed</roleId>
  </com.dotmarketing.business.UsersRoles>
  <com.dotmarketing.business.UsersRoles>
    <id>63d6997e-369b-46eb-89b0-a25ab779d088</id>
    <userId>dotcms.org.2806</userId>
    <roleId>0d1efa06-a392-44ad-8ace-28c1906043df</roleId>
  </com.dotmarketing.business.UsersRoles>
  <com.dotmarketing.business.UsersRoles>
    <id>6915f3ab-55a2-4867-a838-c665a2ad19a7</id>
    <userId>anonymous</userId>
    <roleId>edecd377-2321-4803-aa8b-89797dd0d61f</roleId>
  </com.dotmarketing.business.UsersRoles>
  <com.dotmarketing.business.UsersRoles>
    <id>6ef84cae-3f74-475e-902d-baaf39d7be2a</id>
    <userId>dotcms.org.2808</userId>
    <roleId>dbd027dc-9587-422f-a8be-c7c1ddd08691</roleId>
  </com.dotmarketing.business.UsersRoles>
  <com.dotmarketing.business.UsersRoles>
    <id>6f60fbf7-77e6-45f4-b14c-5acbc969984b</id>
    <userId>dotcms.org.2787</userId>
    <roleId>2549f855-269d-45b9-9d92-0551d81a6155</roleId>
  </com.dotmarketing.business.UsersRoles>
  <com.dotmarketing.business.UsersRoles>
    <id>7c2e68ee-5927-4b3a-8d48-b33fb93f9810</id>
    <userId>dotcms.org.2806</userId>
    <roleId>4ddc54dc-b02e-4a35-a9b9-0ae11a073256</roleId>
  </com.dotmarketing.business.UsersRoles>
  <com.dotmarketing.business.UsersRoles>
    <id>84ad1cd4-ea14-4f95-9f56-7c8d1721567a</id>
    <userId>dotcms.org.2808</userId>
    <roleId>892ab105-f212-407f-8fb4-58ec59310a5e</roleId>
  </com.dotmarketing.business.UsersRoles>
  <com.dotmarketing.business.UsersRoles>
    <id>87b92b3f-755a-4f1d-9b25-dab3e380f972</id>
    <userId>dotcms.org.2808</userId>
    <roleId>f10eab25-ab4b-444f-b1b5-15a1a5948024</roleId>
  </com.dotmarketing.business.UsersRoles>
  <com.dotmarketing.business.UsersRoles>
    <id>9d7b8298-11d6-4b31-b208-e3b9f498770e</id>
    <userId>dotcms.org.1</userId>
    <roleId>6f9d5449-8f48-4179-a2ad-1983d6217fef</roleId>
  </com.dotmarketing.business.UsersRoles>
  <com.dotmarketing.business.UsersRoles>
    <id>9e6ad8a8-5d22-4432-859c-49f232e1fdac</id>
    <userId>dotcms.org.1</userId>
    <roleId>ff4d1504-a077-4874-b89b-9844d10d5b6d</roleId>
  </com.dotmarketing.business.UsersRoles>
  <com.dotmarketing.business.UsersRoles>
    <id>b28e1c06-97d2-4dea-b195-8020d8d4f8c6</id>
    <userId>dotcms.org.2808</userId>
    <roleId>a2d88e69-d575-45ec-9b52-0dc3a51468ed</roleId>
  </com.dotmarketing.business.UsersRoles>
  <com.dotmarketing.business.UsersRoles>
    <id>be6bd4ef-82cb-41a5-938f-147f6cd6f847</id>
    <userId>dotcms.org.2806</userId>
    <roleId>db0d2bca-5da5-4c18-b5d7-87f02ba58eb6</roleId>
  </com.dotmarketing.business.UsersRoles>
  <com.dotmarketing.business.UsersRoles>
    <id>bf755064-d6e8-4f1a-ad0d-51341e896cad</id>
    <userId>dotcms.org.1</userId>
    <roleId>6b1fa42f-8729-4625-80d1-17e4ef691ce7</roleId>
  </com.dotmarketing.business.UsersRoles>
  <com.dotmarketing.business.UsersRoles>
    <id>c411bec6-9e59-451a-a499-29752731a384</id>
    <userId>dotcms.org.2798</userId>
    <roleId>0da1b909-2d38-4c79-9ba1-7458c3d126f9</roleId>
  </com.dotmarketing.business.UsersRoles>
  <com.dotmarketing.business.UsersRoles>
    <id>d3598295-cf25-4dd9-9e79-d930395f6fef</id>
    <userId>dotcms.org.1</userId>
    <roleId>892ab105-f212-407f-8fb4-58ec59310a5e</roleId>
  </com.dotmarketing.business.UsersRoles>
  <com.dotmarketing.business.UsersRoles>
    <id>d4e12b83-917f-40f1-b85d-d44362d52bad</id>
    <userId>dotcms.org.2802</userId>
    <roleId>892ab105-f212-407f-8fb4-58ec59310a5e</roleId>
  </com.dotmarketing.business.UsersRoles>
  <com.dotmarketing.business.UsersRoles>
    <id>dd0169c1-fe5c-491b-acef-6d608bf8b77f</id>
    <userId>dotcms.org.2802</userId>
    <roleId>a2d88e69-d575-45ec-9b52-0dc3a51468ed</roleId>
  </com.dotmarketing.business.UsersRoles>
  <com.dotmarketing.business.UsersRoles>
    <id>e990ea09-dc67-457e-a017-c75e562eabcd</id>
    <userId>dotcms.org.2811</userId>
    <roleId>999cd6bf-5cef-4729-8543-696086143884</roleId>
  </com.dotmarketing.business.UsersRoles>
  <com.dotmarketing.business.UsersRoles>
    <id>ecdfd48f-d9ce-4001-97a3-660adbbbe747</id>
    <userId>dotcms.org.2808</userId>
    <roleId>73ec980e-d74f-4cec-a4d0-e319061e20b9</roleId>
  </com.dotmarketing.business.UsersRoles>
  <com.dotmarketing.business.UsersRoles>
    <id>f4d371b7-f9f6-4ad5-b349-87f4ec9ccd0e</id>
    <userId>anonymous</userId>
    <roleId>654b0931-1027-41f7-ad4d-173115ed8ec1</roleId>
  </com.dotmarketing.business.UsersRoles>
  <com.dotmarketing.business.UsersRoles>
    <id>f8a7e362-68ed-4c63-9471-702c173f878d</id>
    <userId>dotcms.org.2793</userId>
    <roleId>02ae46fa-cb67-4ed8-82d5-f1f9a5e1d744</roleId>
  </com.dotmarketing.business.UsersRoles>
  <com.dotmarketing.business.UsersRoles>
    <id>fa92481b-f362-4053-a28d-16e5587240e6</id>
    <userId>dotcms.org.2808</userId>
    <roleId>ff4d1504-a077-4874-b89b-9844d10d5b6d</roleId>
  </com.dotmarketing.business.UsersRoles>
  <com.dotmarketing.business.UsersRoles>
    <id>fb2154e5-b2f5-49a2-a28a-a5cbeee6cb8d</id>
    <userId>dotcms.org.2789</userId>
    <roleId>89676cc9-fb8f-44aa-adea-938b6f7656b5</roleId>
  </com.dotmarketing.business.UsersRoles>
</list>