<list>
  <com.dotmarketing.portlets.dashboard.model.DashboardSummary>
    <id>2</id>
    <summaryPeriod>
      <id>2</id>
      <fullDate class="sql-timestamp">2018-03-27 04:00:00.0</fullDate>
      <day>27</day>
      <dayName>Tuesday</dayName>
      <week>5</week>
      <month>3</month>
      <monthName>March</monthName>
      <year>2018</year>
    </summaryPeriod>
    <hostId>a6e85e66-d2c0-4ccf-8d75-24af30780382</hostId>
    <visits>0</visits>
    <pageViews>0</pageViews>
    <uniqueVisits>0</uniqueVisits>
    <newVisits>0</newVisits>
    <avgTimeOnSite class="sql-timestamp">1970-01-01 05:00:00.0</avgTimeOnSite>
    <bounceRate>0</bounceRate>
    <directTraffic>0</directTraffic>
    <referringSites>0</referringSites>
    <searchEngines>0</searchEngines>
  </com.dotmarketing.portlets.dashboard.model.DashboardSummary>
  <com.dotmarketing.portlets.dashboard.model.DashboardSummary>
    <id>3</id>
    <summaryPeriod>
      <id>3</id>
      <fullDate class="sql-timestamp">2018-03-30 04:00:00.0</fullDate>
      <day>30</day>
      <dayName>Friday</dayName>
      <week>5</week>
      <month>3</month>
      <monthName>March</monthName>
      <year>2018</year>
    </summaryPeriod>
    <hostId>a6e85e66-d2c0-4ccf-8d75-24af30780382</hostId>
    <visits>0</visits>
    <pageViews>0</pageViews>
    <uniqueVisits>0</uniqueVisits>
    <newVisits>0</newVisits>
    <avgTimeOnSite class="sql-timestamp">1970-01-01 05:00:00.0</avgTimeOnSite>
    <bounceRate>0</bounceRate>
    <directTraffic>0</directTraffic>
    <referringSites>0</referringSites>
    <searchEngines>0</searchEngines>
  </com.dotmarketing.portlets.dashboard.model.DashboardSummary>
  <com.dotmarketing.portlets.dashboard.model.DashboardSummary>
    <id>4</id>
    <summaryPeriod>
      <id>4</id>
      <fullDate class="sql-timestamp">2018-04-02 04:00:00.0</fullDate>
      <day>2</day>
      <dayName>Monday</dayName>
      <week>1</week>
      <month>4</month>
      <monthName>April</monthName>
      <year>2018</year>
    </summaryPeriod>
    <hostId>a6e85e66-d2c0-4ccf-8d75-24af30780382</hostId>
    <visits>0</visits>
    <pageViews>0</pageViews>
    <uniqueVisits>0</uniqueVisits>
    <newVisits>0</newVisits>
    <avgTimeOnSite class="sql-timestamp">1970-01-01 05:00:00.0</avgTimeOnSite>
    <bounceRate>0</bounceRate>
    <directTraffic>0</directTraffic>
    <referringSites>0</referringSites>
    <searchEngines>0</searchEngines>
  </com.dotmarketing.portlets.dashboard.model.DashboardSummary>
  <com.dotmarketing.portlets.dashboard.model.DashboardSummary>
    <id>5</id>
    <summaryPeriod>
      <id>5</id>
      <fullDate class="sql-timestamp">2018-04-04 04:00:00.0</fullDate>
      <day>4</day>
      <dayName>Wednesday</dayName>
      <week>1</week>
      <month>4</month>
      <monthName>April</monthName>
      <year>2018</year>
    </summaryPeriod>
    <hostId>a6e85e66-d2c0-4ccf-8d75-24af30780382</hostId>
    <visits>0</visits>
    <pageViews>0</pageViews>
    <uniqueVisits>0</uniqueVisits>
    <newVisits>0</newVisits>
    <avgTimeOnSite class="sql-timestamp">1970-01-01 05:00:00.0</avgTimeOnSite>
    <bounceRate>0</bounceRate>
    <directTraffic>0</directTraffic>
    <referringSites>0</referringSites>
    <searchEngines>0</searchEngines>
  </com.dotmarketing.portlets.dashboard.model.DashboardSummary>
  <com.dotmarketing.portlets.dashboard.model.DashboardSummary>
    <id>6</id>
    <summaryPeriod>
      <id>6</id>
      <fullDate class="sql-timestamp">2018-04-05 04:00:00.0</fullDate>
      <day>5</day>
      <dayName>Thusday</dayName>
      <week>1</week>
      <month>4</month>
      <monthName>April</monthName>
      <year>2018</year>
    </summaryPeriod>
    <hostId>a6e85e66-d2c0-4ccf-8d75-24af30780382</hostId>
    <visits>0</visits>
    <pageViews>0</pageViews>
    <uniqueVisits>0</uniqueVisits>
    <newVisits>0</newVisits>
    <avgTimeOnSite class="sql-timestamp">1970-01-01 05:00:00.0</avgTimeOnSite>
    <bounceRate>0</bounceRate>
    <directTraffic>0</directTraffic>
    <referringSites>0</referringSites>
    <searchEngines>0</searchEngines>
  </com.dotmarketing.portlets.dashboard.model.DashboardSummary>
  <com.dotmarketing.portlets.dashboard.model.DashboardSummary>
    <id>7</id>
    <summaryPeriod>
      <id>7</id>
      <fullDate class="sql-timestamp">2018-04-06 04:00:00.0</fullDate>
      <day>6</day>
      <dayName>Friday</dayName>
      <week>1</week>
      <month>4</month>
      <monthName>April</monthName>
      <year>2018</year>
    </summaryPeriod>
    <hostId>a6e85e66-d2c0-4ccf-8d75-24af30780382</hostId>
    <visits>0</visits>
    <pageViews>0</pageViews>
    <uniqueVisits>0</uniqueVisits>
    <newVisits>0</newVisits>
    <avgTimeOnSite class="sql-timestamp">1970-01-01 05:00:00.0</avgTimeOnSite>
    <bounceRate>0</bounceRate>
    <directTraffic>0</directTraffic>
    <referringSites>0</referringSites>
    <searchEngines>0</searchEngines>
  </com.dotmarketing.portlets.dashboard.model.DashboardSummary>
  <com.dotmarketing.portlets.dashboard.model.DashboardSummary>
    <id>8</id>
    <summaryPeriod>
      <id>8</id>
      <fullDate class="sql-timestamp">2018-04-09 04:00:00.0</fullDate>
      <day>9</day>
      <dayName>Monday</dayName>
      <week>2</week>
      <month>4</month>
      <monthName>April</monthName>
      <year>2018</year>
    </summaryPeriod>
    <hostId>a6e85e66-d2c0-4ccf-8d75-24af30780382</hostId>
    <visits>0</visits>
    <pageViews>0</pageViews>
    <uniqueVisits>0</uniqueVisits>
    <newVisits>0</newVisits>
    <avgTimeOnSite class="sql-timestamp">1970-01-01 05:00:00.0</avgTimeOnSite>
    <bounceRate>0</bounceRate>
    <directTraffic>0</directTraffic>
    <referringSites>0</referringSites>
    <searchEngines>0</searchEngines>
  </com.dotmarketing.portlets.dashboard.model.DashboardSummary>
</list>