<list>
  <com.dotmarketing.portlets.folders.model.Folder>
    <iDate class="sql-timestamp">2018-08-13 20:41:02.761</iDate>
    <type>folder</type>
    <owner></owner>
    <inode>7713004c-5c69-4101-bb3b-cdca97dd834b</inode>
    <identifier>0fa3bbfc-f3cc-4808-b3ba-31449e32aa92</identifier>
    <name>scss</name>
    <sortOrder>0</sortOrder>
    <showOnMenu>false</showOnMenu>
    <hostId>48190c8c-42c4-46af-8d1a-0cd5db894797</hostId>
    <title>scss</title>
    <filesMasks></filesMasks>
    <defaultFileType>33888b6f-7a8e-4069-b1b6-5c1aa9d0a48d</defaultFileType>
    <modDate class="sql-timestamp">2018-08-13 20:41:02.762</modDate>
  </com.dotmarketing.portlets.folders.model.Folder>
  <com.dotmarketing.portlets.folders.model.Folder>
    <iDate class="sql-timestamp">2018-08-13 20:41:02.654</iDate>
    <type>folder</type>
    <owner></owner>
    <inode>0d104439-c74e-4178-877c-1f94a6142395</inode>
    <identifier>9ad95b96-f93c-46bf-a08f-2036dd9a64ea</identifier>
    <name>js</name>
    <sortOrder>0</sortOrder>
    <showOnMenu>false</showOnMenu>
    <hostId>48190c8c-42c4-46af-8d1a-0cd5db894797</hostId>
    <title>js</title>
    <filesMasks></filesMasks>
    <defaultFileType>33888b6f-7a8e-4069-b1b6-5c1aa9d0a48d</defaultFileType>
    <modDate class="sql-timestamp">2018-08-13 20:41:02.655</modDate>
  </com.dotmarketing.portlets.folders.model.Folder>
  <com.dotmarketing.portlets.folders.model.Folder>
    <iDate class="sql-timestamp">2018-08-13 20:41:02.648</iDate>
    <type>folder</type>
    <owner></owner>
    <inode>1f869b67-cac8-4c43-8f1c-5f4106b9a472</inode>
    <identifier>abfacc9e-c38b-4113-a0a9-abf6a63fa37b</identifier>
    <name>img</name>
    <sortOrder>0</sortOrder>
    <showOnMenu>false</showOnMenu>
    <hostId>48190c8c-42c4-46af-8d1a-0cd5db894797</hostId>
    <title>img</title>
    <filesMasks></filesMasks>
    <defaultFileType>33888b6f-7a8e-4069-b1b6-5c1aa9d0a48d</defaultFileType>
    <modDate class="sql-timestamp">2018-08-13 20:41:02.649</modDate>
  </com.dotmarketing.portlets.folders.model.Folder>
  <com.dotmarketing.portlets.folders.model.Folder>
    <iDate class="sql-timestamp">2018-08-13 20:41:02.543</iDate>
    <type>folder</type>
    <owner></owner>
    <inode>df0a450e-3f5a-47e8-96b6-e38141acef47</inode>
    <identifier>fb944dfe-3d5e-43aa-b3dd-94ce84df652c</identifier>
    <name>fonts</name>
    <sortOrder>0</sortOrder>
    <showOnMenu>false</showOnMenu>
    <hostId>48190c8c-42c4-46af-8d1a-0cd5db894797</hostId>
    <title>fonts</title>
    <filesMasks></filesMasks>
    <defaultFileType>33888b6f-7a8e-4069-b1b6-5c1aa9d0a48d</defaultFileType>
    <modDate class="sql-timestamp">2018-08-13 20:41:02.543</modDate>
  </com.dotmarketing.portlets.folders.model.Folder>
  <com.dotmarketing.portlets.folders.model.Folder>
    <iDate class="sql-timestamp">2018-08-13 20:41:02.532</iDate>
    <type>folder</type>
    <owner></owner>
    <inode>1b9a88a5-f706-486a-ac56-2cd3f0bfd147</inode>
    <identifier>603e3f42-abfd-4804-94eb-910e53e711fe</identifier>
    <name>docs</name>
    <sortOrder>0</sortOrder>
    <showOnMenu>false</showOnMenu>
    <hostId>48190c8c-42c4-46af-8d1a-0cd5db894797</hostId>
    <title>docs</title>
    <filesMasks></filesMasks>
    <defaultFileType>33888b6f-7a8e-4069-b1b6-5c1aa9d0a48d</defaultFileType>
    <modDate class="sql-timestamp">2018-08-13 20:41:02.533</modDate>
  </com.dotmarketing.portlets.folders.model.Folder>
  <com.dotmarketing.portlets.folders.model.Folder>
    <iDate class="sql-timestamp">2018-08-13 20:41:02.427</iDate>
    <type>folder</type>
    <owner></owner>
    <inode>6b36f5b6-8c60-4786-93ea-b52cc2c334c7</inode>
    <identifier>727f520a-095a-4ee8-91d2-64a273fcc180</identifier>
    <name>css</name>
    <sortOrder>0</sortOrder>
    <showOnMenu>false</showOnMenu>
    <hostId>48190c8c-42c4-46af-8d1a-0cd5db894797</hostId>
    <title>css</title>
    <filesMasks></filesMasks>
    <defaultFileType>33888b6f-7a8e-4069-b1b6-5c1aa9d0a48d</defaultFileType>
    <modDate class="sql-timestamp">2018-08-13 20:41:02.428</modDate>
  </com.dotmarketing.portlets.folders.model.Folder>
  <com.dotmarketing.portlets.folders.model.Folder>
    <iDate class="sql-timestamp">2018-08-13 20:41:00.757</iDate>
    <type>folder</type>
    <owner></owner>
    <inode>a05ad8f3-e972-4e05-a2c9-990e342a75aa</inode>
    <identifier>6e246edb-4e56-4810-8b6b-ad39a31ca777</identifier>
    <name>assets</name>
    <sortOrder>0</sortOrder>
    <showOnMenu>false</showOnMenu>
    <hostId>48190c8c-42c4-46af-8d1a-0cd5db894797</hostId>
    <title>assets</title>
    <filesMasks></filesMasks>
    <defaultFileType>33888b6f-7a8e-4069-b1b6-5c1aa9d0a48d</defaultFileType>
    <modDate class="sql-timestamp">2018-08-13 20:41:00.758</modDate>
  </com.dotmarketing.portlets.folders.model.Folder>
  <com.dotmarketing.portlets.folders.model.Folder>
    <iDate class="sql-timestamp">2018-08-13 20:41:00.173</iDate>
    <type>folder</type>
    <owner></owner>
    <inode>5a10d0ae-943e-41be-8729-daa180111abd</inode>
    <identifier>e2e4c7ca-b725-4823-8ad0-efe0e8867d0a</identifier>
    <name>default</name>
    <sortOrder>0</sortOrder>
    <showOnMenu>false</showOnMenu>
    <hostId>48190c8c-42c4-46af-8d1a-0cd5db894797</hostId>
    <title>default</title>
    <filesMasks></filesMasks>
    <defaultFileType>33888b6f-7a8e-4069-b1b6-5c1aa9d0a48d</defaultFileType>
    <modDate class="sql-timestamp">2018-08-13 20:41:00.174</modDate>
  </com.dotmarketing.portlets.folders.model.Folder>
  <com.dotmarketing.portlets.folders.model.Folder>
    <iDate class="sql-timestamp">2018-08-13 20:40:58.917</iDate>
    <type>folder</type>
    <owner></owner>
    <inode>47ef2ae4-8518-4e40-b88f-7ab54c4b5503</inode>
    <identifier>640eddcc-2d61-4f51-b1fa-995e1dd4cf87</identifier>
    <name>util</name>
    <sortOrder>0</sortOrder>
    <showOnMenu>false</showOnMenu>
    <hostId>48190c8c-42c4-46af-8d1a-0cd5db894797</hostId>
    <title>util</title>
    <filesMasks></filesMasks>
    <defaultFileType>33888b6f-7a8e-4069-b1b6-5c1aa9d0a48d</defaultFileType>
    <modDate class="sql-timestamp">2018-08-13 20:40:58.918</modDate>
  </com.dotmarketing.portlets.folders.model.Folder>
  <com.dotmarketing.portlets.folders.model.Folder>
    <iDate class="sql-timestamp">2018-08-13 20:40:58.801</iDate>
    <type>folder</type>
    <owner></owner>
    <inode>fb51497e-00df-4d69-af95-c6f9978e3367</inode>
    <identifier>cdc58b6e-f3a5-47b3-bf45-d036b7f92102</identifier>
    <name>macros</name>
    <sortOrder>0</sortOrder>
    <showOnMenu>false</showOnMenu>
    <hostId>48190c8c-42c4-46af-8d1a-0cd5db894797</hostId>
    <title>macros</title>
    <filesMasks></filesMasks>
    <defaultFileType>33888b6f-7a8e-4069-b1b6-5c1aa9d0a48d</defaultFileType>
    <modDate class="sql-timestamp">2018-08-13 20:40:58.803</modDate>
  </com.dotmarketing.portlets.folders.model.Folder>
  <com.dotmarketing.portlets.folders.model.Folder>
    <iDate class="sql-timestamp">2018-08-13 20:40:58.792</iDate>
    <type>folder</type>
    <owner></owner>
    <inode>7cdda48e-5c04-4c38-809b-91c18c253700</inode>
    <identifier>7b5f1f29-e0e3-4b3c-b032-57f7cd82bd35</identifier>
    <name>themes</name>
    <sortOrder>0</sortOrder>
    <showOnMenu>false</showOnMenu>
    <hostId>48190c8c-42c4-46af-8d1a-0cd5db894797</hostId>
    <title>themes</title>
    <filesMasks></filesMasks>
    <defaultFileType>33888b6f-7a8e-4069-b1b6-5c1aa9d0a48d</defaultFileType>
    <modDate class="sql-timestamp">2018-08-13 20:40:58.794</modDate>
  </com.dotmarketing.portlets.folders.model.Folder>
  <com.dotmarketing.portlets.folders.model.Folder>
    <iDate class="sql-timestamp">2018-08-13 20:40:58.669</iDate>
    <type>folder</type>
    <owner></owner>
    <inode>e529772f-376a-4d7c-b035-56ef914ba0b5</inode>
    <identifier>16f25ae5-e314-46e8-88bd-4e58ed7baf82</identifier>
    <name>includes</name>
    <sortOrder>0</sortOrder>
    <showOnMenu>false</showOnMenu>
    <hostId>48190c8c-42c4-46af-8d1a-0cd5db894797</hostId>
    <title>includes</title>
    <filesMasks></filesMasks>
    <defaultFileType>33888b6f-7a8e-4069-b1b6-5c1aa9d0a48d</defaultFileType>
    <modDate class="sql-timestamp">2018-08-13 20:40:58.674</modDate>
  </com.dotmarketing.portlets.folders.model.Folder>
  <com.dotmarketing.portlets.folders.model.Folder>
    <iDate class="sql-timestamp">2018-08-13 20:40:58.664</iDate>
    <type>folder</type>
    <owner></owner>
    <inode>28c0c7b2-1f6d-43ee-9524-718ede4f2dce</inode>
    <identifier>aa568a31-003c-4397-ba7a-0ff0c10e6605</identifier>
    <name>custom-fields</name>
    <sortOrder>0</sortOrder>
    <showOnMenu>false</showOnMenu>
    <hostId>48190c8c-42c4-46af-8d1a-0cd5db894797</hostId>
    <title>custom-fields</title>
    <filesMasks></filesMasks>
    <defaultFileType>33888b6f-7a8e-4069-b1b6-5c1aa9d0a48d</defaultFileType>
    <modDate class="sql-timestamp">2018-08-13 20:40:58.665</modDate>
  </com.dotmarketing.portlets.folders.model.Folder>
  <com.dotmarketing.portlets.folders.model.Folder>
    <iDate class="sql-timestamp">2018-08-13 20:40:58.54</iDate>
    <type>folder</type>
    <owner></owner>
    <inode>64cf2326-8808-422d-ad49-0ccabe27130b</inode>
    <identifier>70d7d453-2b39-41ad-88cb-30c6ba53bca4</identifier>
    <name>containers</name>
    <sortOrder>0</sortOrder>
    <showOnMenu>false</showOnMenu>
    <hostId>48190c8c-42c4-46af-8d1a-0cd5db894797</hostId>
    <title>containers</title>
    <filesMasks></filesMasks>
    <defaultFileType>33888b6f-7a8e-4069-b1b6-5c1aa9d0a48d</defaultFileType>
    <modDate class="sql-timestamp">2018-08-13 20:40:58.541</modDate>
  </com.dotmarketing.portlets.folders.model.Folder>
  <com.dotmarketing.portlets.folders.model.Folder>
    <iDate class="sql-timestamp">2018-08-13 20:40:58.539</iDate>
    <type>folder</type>
    <owner></owner>
    <inode>f27d1cc5-dd10-4ecc-b624-c28fadba3944</inode>
    <identifier>63ed6f82-c019-4354-9a8a-0045e60956de</identifier>
    <name>async</name>
    <sortOrder>0</sortOrder>
    <showOnMenu>false</showOnMenu>
    <hostId>48190c8c-42c4-46af-8d1a-0cd5db894797</hostId>
    <title>async</title>
    <filesMasks></filesMasks>
    <defaultFileType>33888b6f-7a8e-4069-b1b6-5c1aa9d0a48d</defaultFileType>
    <modDate class="sql-timestamp">2018-08-13 20:40:58.543</modDate>
  </com.dotmarketing.portlets.folders.model.Folder>
  <com.dotmarketing.portlets.folders.model.Folder>
    <iDate class="sql-timestamp">2018-08-13 20:40:58.009</iDate>
    <type>folder</type>
    <owner></owner>
    <inode>4364d293-5814-4170-90bc-61ae09a09a9e</inode>
    <identifier>2564bc87-9db5-4987-b2f9-64049cecde41</identifier>
    <name>application</name>
    <sortOrder>0</sortOrder>
    <showOnMenu>false</showOnMenu>
    <hostId>48190c8c-42c4-46af-8d1a-0cd5db894797</hostId>
    <title>application</title>
    <filesMasks></filesMasks>
    <defaultFileType>33888b6f-7a8e-4069-b1b6-5c1aa9d0a48d</defaultFileType>
    <modDate class="sql-timestamp">2018-08-13 20:40:58.01</modDate>
  </com.dotmarketing.portlets.folders.model.Folder>
  <com.dotmarketing.portlets.folders.model.Folder>
    <iDate class="sql-timestamp">2018-08-13 20:40:57.915</iDate>
    <type>folder</type>
    <owner></owner>
    <inode>61a42bec-64cf-4733-8b6d-d726b0890ce7</inode>
    <identifier>c75f0478-e6ff-40f2-91af-316ca2f1fb22</identifier>
    <name>static</name>
    <sortOrder>0</sortOrder>
    <showOnMenu>false</showOnMenu>
    <hostId>48190c8c-42c4-46af-8d1a-0cd5db894797</hostId>
    <title>static</title>
    <filesMasks></filesMasks>
    <defaultFileType>33888b6f-7a8e-4069-b1b6-5c1aa9d0a48d</defaultFileType>
    <modDate class="sql-timestamp">2018-08-13 20:40:57.916</modDate>
  </com.dotmarketing.portlets.folders.model.Folder>
  <com.dotmarketing.portlets.folders.model.Folder>
    <iDate class="sql-timestamp">2018-08-13 20:40:57.875</iDate>
    <type>folder</type>
    <owner></owner>
    <inode>90dea3b4-bddc-4b90-9001-d47ecbafbe7d</inode>
    <identifier>7bd6e57e-3720-416b-b8e4-27bb7531d55d</identifier>
    <name>json</name>
    <sortOrder>0</sortOrder>
    <showOnMenu>false</showOnMenu>
    <hostId>48190c8c-42c4-46af-8d1a-0cd5db894797</hostId>
    <title>json</title>
    <filesMasks></filesMasks>
    <defaultFileType>33888b6f-7a8e-4069-b1b6-5c1aa9d0a48d</defaultFileType>
    <modDate class="sql-timestamp">2018-08-13 20:40:57.876</modDate>
  </com.dotmarketing.portlets.folders.model.Folder>
  <com.dotmarketing.portlets.folders.model.Folder>
    <iDate class="sql-timestamp">2018-08-13 20:40:57.802</iDate>
    <type>folder</type>
    <owner></owner>
    <inode>fc63622d-360c-40b9-8930-672c1cdbf1dc</inode>
    <identifier>ee30ff85-b84f-401b-a0a8-c1c282cd91a4</identifier>
    <name>js</name>
    <sortOrder>0</sortOrder>
    <showOnMenu>false</showOnMenu>
    <hostId>48190c8c-42c4-46af-8d1a-0cd5db894797</hostId>
    <title>js</title>
    <filesMasks></filesMasks>
    <defaultFileType>33888b6f-7a8e-4069-b1b6-5c1aa9d0a48d</defaultFileType>
    <modDate class="sql-timestamp">2018-08-13 20:40:57.802</modDate>
  </com.dotmarketing.portlets.folders.model.Folder>
  <com.dotmarketing.portlets.folders.model.Folder>
    <iDate class="sql-timestamp">2018-08-13 20:40:57.762</iDate>
    <type>folder</type>
    <owner></owner>
    <inode>f71bb60f-681f-4d12-acd3-fc5dc0cd185f</inode>
    <identifier>b514f39b-fad2-4ae6-9bbd-940dc3d2a14e</identifier>
    <name>img</name>
    <sortOrder>0</sortOrder>
    <showOnMenu>false</showOnMenu>
    <hostId>48190c8c-42c4-46af-8d1a-0cd5db894797</hostId>
    <title>img</title>
    <filesMasks></filesMasks>
    <defaultFileType>33888b6f-7a8e-4069-b1b6-5c1aa9d0a48d</defaultFileType>
    <modDate class="sql-timestamp">2018-08-13 20:40:57.763</modDate>
  </com.dotmarketing.portlets.folders.model.Folder>
  <com.dotmarketing.portlets.folders.model.Folder>
    <iDate class="sql-timestamp">2018-08-13 20:40:57.686</iDate>
    <type>folder</type>
    <owner></owner>
    <inode>3e62a3ba-955d-49b9-a4bc-27ea2622bb82</inode>
    <identifier>6efe7d29-91e6-4ae4-b55b-cb98c2bd9a0c</identifier>
    <name>docs</name>
    <sortOrder>0</sortOrder>
    <showOnMenu>false</showOnMenu>
    <hostId>48190c8c-42c4-46af-8d1a-0cd5db894797</hostId>
    <title>docs</title>
    <filesMasks></filesMasks>
    <defaultFileType>33888b6f-7a8e-4069-b1b6-5c1aa9d0a48d</defaultFileType>
    <modDate class="sql-timestamp">2018-08-13 20:40:57.687</modDate>
  </com.dotmarketing.portlets.folders.model.Folder>
  <com.dotmarketing.portlets.folders.model.Folder>
    <iDate class="sql-timestamp">2018-08-13 20:40:57.647</iDate>
    <type>folder</type>
    <owner></owner>
    <inode>2ceaa83f-0765-47ed-8607-578745314c48</inode>
    <identifier>0664b9d8-ba60-440f-860a-129d5ed7d483</identifier>
    <name>fonts</name>
    <sortOrder>0</sortOrder>
    <showOnMenu>false</showOnMenu>
    <hostId>48190c8c-42c4-46af-8d1a-0cd5db894797</hostId>
    <title>fonts</title>
    <filesMasks></filesMasks>
    <defaultFileType>33888b6f-7a8e-4069-b1b6-5c1aa9d0a48d</defaultFileType>
    <modDate class="sql-timestamp">2018-08-13 20:40:57.648</modDate>
  </com.dotmarketing.portlets.folders.model.Folder>
  <com.dotmarketing.portlets.folders.model.Folder>
    <iDate class="sql-timestamp">2018-08-13 20:40:57.525</iDate>
    <type>folder</type>
    <owner></owner>
    <inode>2b349c4c-cf0f-4594-bc6c-d56a545fd627</inode>
    <identifier>b2c00ea2-7cec-437a-a8ab-570a7ff12da5</identifier>
    <name>css</name>
    <sortOrder>0</sortOrder>
    <showOnMenu>false</showOnMenu>
    <hostId>48190c8c-42c4-46af-8d1a-0cd5db894797</hostId>
    <title>css</title>
    <filesMasks></filesMasks>
    <defaultFileType>33888b6f-7a8e-4069-b1b6-5c1aa9d0a48d</defaultFileType>
    <modDate class="sql-timestamp">2018-08-13 20:40:57.528</modDate>
  </com.dotmarketing.portlets.folders.model.Folder>
  <com.dotmarketing.portlets.folders.model.Folder>
    <iDate class="sql-timestamp">2009-10-08 20:27:18.0</iDate>
    <type>folder</type>
    <owner>system</owner>
    <inode>SYSTEM_FOLDER</inode>
    <identifier>bc9a1d37-dd2d-4d49-a29d-0c9be740bfaf</identifier>
    <name>system folder</name>
    <sortOrder>0</sortOrder>
    <showOnMenu>false</showOnMenu>
    <hostId>SYSTEM_HOST</hostId>
    <title>System folder</title>
    <filesMasks></filesMasks>
    <defaultFileType>33888b6f-7a8e-4069-b1b6-5c1aa9d0a48d</defaultFileType>
    <modDate class="sql-timestamp">2017-03-07 18:25:58.116</modDate>
  </com.dotmarketing.portlets.folders.model.Folder>
</list>