<list>
  <com.dotmarketing.portlets.contentlet.model.ContentletVersionInfo>
    <identifier>0157b81a-d6fc-49e8-ab88-e7a6164b398e</identifier>
    <deleted>false</deleted>
    <lockedOn class="sql-timestamp">2018-08-10 18:38:05.382</lockedOn>
    <lang>1</lang>
    <workingInode>fbdfb270-79e2-495e-8496-67aa0f624d26</workingInode>
    <liveInode>fbdfb270-79e2-495e-8496-67aa0f624d26</liveInode>
    <versionTs class="sql-timestamp">2018-08-10 18:38:05.387</versionTs>
  </com.dotmarketing.portlets.contentlet.model.ContentletVersionInfo>
  <com.dotmarketing.portlets.contentlet.model.ContentletVersionInfo>
    <identifier>0a9d33c9-f86f-48c8-b0ad-9930eb9633b6</identifier>
    <deleted>false</deleted>
    <lockedOn class="sql-timestamp">2018-08-10 18:38:05.359</lockedOn>
    <lang>1</lang>
    <workingInode>b8039420-03ff-46aa-a9ef-dcced3556e6c</workingInode>
    <liveInode>b8039420-03ff-46aa-a9ef-dcced3556e6c</liveInode>
    <versionTs class="sql-timestamp">2018-08-10 18:38:05.364</versionTs>
  </com.dotmarketing.portlets.contentlet.model.ContentletVersionInfo>
  <com.dotmarketing.portlets.contentlet.model.ContentletVersionInfo>
    <identifier>238a07cc-e5b1-45d8-95e9-73808d466ef1</identifier>
    <deleted>false</deleted>
    <lockedOn class="sql-timestamp">2018-08-10 18:38:05.313</lockedOn>
    <lang>1</lang>
    <workingInode>36a85150-ab29-47ae-bba4-f9d8bba4ed60</workingInode>
    <liveInode>36a85150-ab29-47ae-bba4-f9d8bba4ed60</liveInode>
    <versionTs class="sql-timestamp">2018-08-10 18:38:05.319</versionTs>
  </com.dotmarketing.portlets.contentlet.model.ContentletVersionInfo>
  <com.dotmarketing.portlets.contentlet.model.ContentletVersionInfo>
    <identifier>2e5ef0a0-7d0b-4ece-aaa1-645efdc1c19d</identifier>
    <deleted>false</deleted>
    <lockedOn class="sql-timestamp">2018-08-10 18:38:05.336</lockedOn>
    <lang>1</lang>
    <workingInode>617a1a52-d051-433a-a684-1262247e52f5</workingInode>
    <liveInode>617a1a52-d051-433a-a684-1262247e52f5</liveInode>
    <versionTs class="sql-timestamp">2018-08-10 18:38:05.341</versionTs>
  </com.dotmarketing.portlets.contentlet.model.ContentletVersionInfo>
  <com.dotmarketing.portlets.contentlet.model.ContentletVersionInfo>
    <identifier>48190c8c-42c4-46af-8d1a-0cd5db894797</identifier>
    <deleted>false</deleted>
    <lockedOn class="sql-timestamp">2018-08-10 16:52:09.097</lockedOn>
    <lang>1</lang>
    <workingInode>c8a5e8b0-94bb-45c9-8138-b3af8d858656</workingInode>
    <liveInode>c8a5e8b0-94bb-45c9-8138-b3af8d858656</liveInode>
    <versionTs class="sql-timestamp">2018-08-10 16:52:09.091</versionTs>
  </com.dotmarketing.portlets.contentlet.model.ContentletVersionInfo>
  <com.dotmarketing.portlets.contentlet.model.ContentletVersionInfo>
    <identifier>543f3e39-4eee-4763-9c89-1b366bd4e226</identifier>
    <deleted>false</deleted>
    <lockedOn class="sql-timestamp">2018-08-10 18:38:05.405</lockedOn>
    <lang>1</lang>
    <workingInode>a04a2b14-1dc5-46a3-9318-5cead5c2a517</workingInode>
    <liveInode>a04a2b14-1dc5-46a3-9318-5cead5c2a517</liveInode>
    <versionTs class="sql-timestamp">2018-08-10 18:38:05.411</versionTs>
  </com.dotmarketing.portlets.contentlet.model.ContentletVersionInfo>
  <com.dotmarketing.portlets.contentlet.model.ContentletVersionInfo>
    <identifier>89580a20-c9b5-4e4c-91a0-b1f511953f7f</identifier>
    <deleted>false</deleted>
    <lockedOn class="sql-timestamp">2018-08-10 18:38:05.288</lockedOn>
    <lang>1</lang>
    <workingInode>893722f4-40af-433d-ad87-1c1fcf4258c5</workingInode>
    <liveInode>893722f4-40af-433d-ad87-1c1fcf4258c5</liveInode>
    <versionTs class="sql-timestamp">2018-08-10 18:38:05.295</versionTs>
  </com.dotmarketing.portlets.contentlet.model.ContentletVersionInfo>
  <com.dotmarketing.portlets.contentlet.model.ContentletVersionInfo>
    <identifier>8a89c87f-0947-4c25-ad96-2e639249e66b</identifier>
    <deleted>false</deleted>
    <lockedOn class="sql-timestamp">2018-08-10 18:38:05.235</lockedOn>
    <lang>1</lang>
    <workingInode>71c31f28-23a7-4a0e-a1f9-6dad6e90301e</workingInode>
    <liveInode>71c31f28-23a7-4a0e-a1f9-6dad6e90301e</liveInode>
    <versionTs class="sql-timestamp">2018-08-10 18:38:05.242</versionTs>
  </com.dotmarketing.portlets.contentlet.model.ContentletVersionInfo>
  <com.dotmarketing.portlets.contentlet.model.ContentletVersionInfo>
    <identifier>ba49a150-9188-4cf5-9295-6a6e2a51a42b</identifier>
    <deleted>false</deleted>
    <lockedOn class="sql-timestamp">2018-08-10 18:38:05.429</lockedOn>
    <lang>1</lang>
    <workingInode>32248f69-ccb2-46b5-8438-8dd0d49ab0ae</workingInode>
    <liveInode>32248f69-ccb2-46b5-8438-8dd0d49ab0ae</liveInode>
    <versionTs class="sql-timestamp">2018-08-10 18:38:05.434</versionTs>
  </com.dotmarketing.portlets.contentlet.model.ContentletVersionInfo>
  <com.dotmarketing.portlets.contentlet.model.ContentletVersionInfo>
    <identifier>c2805852-57cb-4d6e-bc91-9b97d6ef50ca</identifier>
    <deleted>false</deleted>
    <lockedOn class="sql-timestamp">2018-08-10 18:38:05.262</lockedOn>
    <lang>1</lang>
    <workingInode>495afd69-dbfb-48c2-80e3-c17c97777639</workingInode>
    <liveInode>495afd69-dbfb-48c2-80e3-c17c97777639</liveInode>
    <versionTs class="sql-timestamp">2018-08-10 18:38:05.268</versionTs>
  </com.dotmarketing.portlets.contentlet.model.ContentletVersionInfo>
  <com.dotmarketing.portlets.contentlet.model.ContentletVersionInfo>
    <identifier>SYSTEM_HOST</identifier>
    <deleted>false</deleted>
    <lockedOn class="sql-timestamp">2012-06-07 09:46:26.0</lockedOn>
    <lang>1</lang>
    <workingInode>dbdec5e2-c02b-4cfb-83a9-4a4c4f3b2eb0</workingInode>
    <liveInode>dbdec5e2-c02b-4cfb-83a9-4a4c4f3b2eb0</liveInode>
    <versionTs class="sql-timestamp">2017-03-07 18:25:58.061</versionTs>
  </com.dotmarketing.portlets.contentlet.model.ContentletVersionInfo>
</list>