<list>
  <com.dotmarketing.portlets.workflows.model.WorkflowHistory>
    <id>123e7d41-6f65-4747-bc10-c37b8625018a</id>
    <creationDate class="sql-timestamp">2018-08-13 20:47:41.962</creationDate>
    <madeBy>dotcms.org.1</madeBy>
    <changeDescription>Admin User completed action Save / Publish</changeDescription>
    <workflowtaskId>a8275b89-ca7e-4c3b-ba39-4813e705a977</workflowtaskId>
    <actionId>b9d89c80-3d88-4311-8365-187323c96436</actionId>
    <stepId>dc3c9cd0-8467-404b-bf95-cb7df3fbc293</stepId>
  </com.dotmarketing.portlets.workflows.model.WorkflowHistory>
  <com.dotmarketing.portlets.workflows.model.WorkflowHistory>
    <id>188d82b0-e86b-44f9-b5ba-60c0724f8278</id>
    <creationDate class="sql-timestamp">2018-08-10 18:38:05.301</creationDate>
    <madeBy>dotcms.org.1</madeBy>
    <changeDescription>Admin User completed action Save / Publish</changeDescription>
    <workflowtaskId>22738802-7ffc-44aa-9461-9a216036760d</workflowtaskId>
    <actionId>b9d89c80-3d88-4311-8365-187323c96436</actionId>
    <stepId>dc3c9cd0-8467-404b-bf95-cb7df3fbc293</stepId>
  </com.dotmarketing.portlets.workflows.model.WorkflowHistory>
  <com.dotmarketing.portlets.workflows.model.WorkflowHistory>
    <id>3f953b26-57a9-4faf-b6b0-950aeafd645a</id>
    <creationDate class="sql-timestamp">2018-08-13 21:00:00.278</creationDate>
    <madeBy>dotcms.org.1</madeBy>
    <changeDescription>Admin User completed action Save / Publish</changeDescription>
    <workflowtaskId>5ab0a360-b0e5-4ab6-aa21-1d318d5700af</workflowtaskId>
    <actionId>b9d89c80-3d88-4311-8365-187323c96436</actionId>
    <stepId>dc3c9cd0-8467-404b-bf95-cb7df3fbc293</stepId>
  </com.dotmarketing.portlets.workflows.model.WorkflowHistory>
  <com.dotmarketing.portlets.workflows.model.WorkflowHistory>
    <id>53d79411-754b-439c-81b1-6f865084b014</id>
    <creationDate class="sql-timestamp">2018-08-10 18:38:05.275</creationDate>
    <madeBy>dotcms.org.1</madeBy>
    <changeDescription>Admin User completed action Save / Publish</changeDescription>
    <workflowtaskId>9d342fa4-651f-4fc7-9a9a-018ef36a247f</workflowtaskId>
    <actionId>b9d89c80-3d88-4311-8365-187323c96436</actionId>
    <stepId>dc3c9cd0-8467-404b-bf95-cb7df3fbc293</stepId>
  </com.dotmarketing.portlets.workflows.model.WorkflowHistory>
  <com.dotmarketing.portlets.workflows.model.WorkflowHistory>
    <id>634489b1-269c-4354-8da4-081d338277dc</id>
    <creationDate class="sql-timestamp">2018-08-10 18:38:05.393</creationDate>
    <madeBy>dotcms.org.1</madeBy>
    <changeDescription>Admin User completed action Save / Publish</changeDescription>
    <workflowtaskId>4ee35318-50f6-4db9-8f4a-47b8a8a2098e</workflowtaskId>
    <actionId>b9d89c80-3d88-4311-8365-187323c96436</actionId>
    <stepId>dc3c9cd0-8467-404b-bf95-cb7df3fbc293</stepId>
  </com.dotmarketing.portlets.workflows.model.WorkflowHistory>
  <com.dotmarketing.portlets.workflows.model.WorkflowHistory>
    <id>88efaa4a-fa41-42ef-96a8-437f1ea6e2a1</id>
    <creationDate class="sql-timestamp">2018-08-10 18:38:05.439</creationDate>
    <madeBy>dotcms.org.1</madeBy>
    <changeDescription>Admin User completed action Save / Publish</changeDescription>
    <workflowtaskId>97f00897-105b-48c8-9a5d-6f2f6f8518ea</workflowtaskId>
    <actionId>b9d89c80-3d88-4311-8365-187323c96436</actionId>
    <stepId>dc3c9cd0-8467-404b-bf95-cb7df3fbc293</stepId>
  </com.dotmarketing.portlets.workflows.model.WorkflowHistory>
  <com.dotmarketing.portlets.workflows.model.WorkflowHistory>
    <id>90e9b123-c18c-4edb-863e-53422ed29ea7</id>
    <creationDate class="sql-timestamp">2018-08-13 20:52:56.134</creationDate>
    <madeBy>dotcms.org.1</madeBy>
    <changeDescription>Admin User completed action Save / Publish</changeDescription>
    <workflowtaskId>f92576b4-7c6f-4339-b979-7b30f5204296</workflowtaskId>
    <actionId>b9d89c80-3d88-4311-8365-187323c96436</actionId>
    <stepId>dc3c9cd0-8467-404b-bf95-cb7df3fbc293</stepId>
  </com.dotmarketing.portlets.workflows.model.WorkflowHistory>
  <com.dotmarketing.portlets.workflows.model.WorkflowHistory>
    <id>975367ba-0692-4be2-955a-c996cf4c438c</id>
    <creationDate class="sql-timestamp">2018-08-10 18:38:05.347</creationDate>
    <madeBy>dotcms.org.1</madeBy>
    <changeDescription>Admin User completed action Save / Publish</changeDescription>
    <workflowtaskId>a4651eeb-79ce-4751-bd25-d56c87076d01</workflowtaskId>
    <actionId>b9d89c80-3d88-4311-8365-187323c96436</actionId>
    <stepId>dc3c9cd0-8467-404b-bf95-cb7df3fbc293</stepId>
  </com.dotmarketing.portlets.workflows.model.WorkflowHistory>
  <com.dotmarketing.portlets.workflows.model.WorkflowHistory>
    <id>99728b79-cf58-4915-8ced-d431102bf84c</id>
    <creationDate class="sql-timestamp">2018-08-14 18:17:28.8</creationDate>
    <madeBy>dotcms.org.1</madeBy>
    <changeDescription>Admin User completed action Save / Publish</changeDescription>
    <workflowtaskId>55ac35b1-3e80-4b11-8d34-c4ebf43301fc</workflowtaskId>
    <actionId>b9d89c80-3d88-4311-8365-187323c96436</actionId>
    <stepId>dc3c9cd0-8467-404b-bf95-cb7df3fbc293</stepId>
  </com.dotmarketing.portlets.workflows.model.WorkflowHistory>
  <com.dotmarketing.portlets.workflows.model.WorkflowHistory>
    <id>adf673ec-1f30-44cc-ba85-9f6ec36466f4</id>
    <creationDate class="sql-timestamp">2018-08-10 18:38:05.417</creationDate>
    <madeBy>dotcms.org.1</madeBy>
    <changeDescription>Admin User completed action Save / Publish</changeDescription>
    <workflowtaskId>51217fad-67d7-4c90-ba6a-d0c63ddad47c</workflowtaskId>
    <actionId>b9d89c80-3d88-4311-8365-187323c96436</actionId>
    <stepId>dc3c9cd0-8467-404b-bf95-cb7df3fbc293</stepId>
  </com.dotmarketing.portlets.workflows.model.WorkflowHistory>
  <com.dotmarketing.portlets.workflows.model.WorkflowHistory>
    <id>b98b921d-28c1-40cc-90b5-a0f04f7a525f</id>
    <creationDate class="sql-timestamp">2018-08-10 18:38:05.324</creationDate>
    <madeBy>dotcms.org.1</madeBy>
    <changeDescription>Admin User completed action Save / Publish</changeDescription>
    <workflowtaskId>378cc9c1-d6df-4133-888f-0ac0b46c6f88</workflowtaskId>
    <actionId>b9d89c80-3d88-4311-8365-187323c96436</actionId>
    <stepId>dc3c9cd0-8467-404b-bf95-cb7df3fbc293</stepId>
  </com.dotmarketing.portlets.workflows.model.WorkflowHistory>
  <com.dotmarketing.portlets.workflows.model.WorkflowHistory>
    <id>cf1f7e9c-e2e9-4c14-bd76-e511164110a5</id>
    <creationDate class="sql-timestamp">2018-08-10 18:38:05.37</creationDate>
    <madeBy>dotcms.org.1</madeBy>
    <changeDescription>Admin User completed action Save / Publish</changeDescription>
    <workflowtaskId>f9b8a698-bc64-4c20-8deb-7002ee7da15b</workflowtaskId>
    <actionId>b9d89c80-3d88-4311-8365-187323c96436</actionId>
    <stepId>dc3c9cd0-8467-404b-bf95-cb7df3fbc293</stepId>
  </com.dotmarketing.portlets.workflows.model.WorkflowHistory>
  <com.dotmarketing.portlets.workflows.model.WorkflowHistory>
    <id>d74ebda1-91e4-4883-8bf1-6e409fabb08a</id>
    <creationDate class="sql-timestamp">2018-08-10 18:38:05.249</creationDate>
    <madeBy>dotcms.org.1</madeBy>
    <changeDescription>Admin User completed action Save / Publish</changeDescription>
    <workflowtaskId>13ac544a-2084-4ac7-9539-95f908f9627f</workflowtaskId>
    <actionId>b9d89c80-3d88-4311-8365-187323c96436</actionId>
    <stepId>dc3c9cd0-8467-404b-bf95-cb7df3fbc293</stepId>
  </com.dotmarketing.portlets.workflows.model.WorkflowHistory>
</list>