<list>
  <com.dotmarketing.portlets.workflows.model.WorkflowTask>
    <id>13ac544a-2084-4ac7-9539-95f908f9627f</id>
    <creationDate class="sql-timestamp">2018-08-10 18:38:05.248</creationDate>
    <modDate class="sql-timestamp">2018-08-10 18:38:05.248</modDate>
    <createdBy>e7d4e34e-5127-45fc-8123-d48b62d510e3</createdBy>
    <assignedTo>e7d4e34e-5127-45fc-8123-d48b62d510e3</assignedTo>
    <title>Google Pixel XL</title>
    <status>dc3c9cd0-8467-404b-bf95-cb7df3fbc293</status>
    <webasset>8a89c87f-0947-4c25-ad96-2e639249e66b</webasset>
    <languageId>1</languageId>
  </com.dotmarketing.portlets.workflows.model.WorkflowTask>
  <com.dotmarketing.portlets.workflows.model.WorkflowTask>
    <id>22738802-7ffc-44aa-9461-9a216036760d</id>
    <creationDate class="sql-timestamp">2018-08-10 18:38:05.301</creationDate>
    <modDate class="sql-timestamp">2018-08-10 18:38:05.301</modDate>
    <createdBy>e7d4e34e-5127-45fc-8123-d48b62d510e3</createdBy>
    <assignedTo>e7d4e34e-5127-45fc-8123-d48b62d510e3</assignedTo>
    <title>Apple iPad 3, 4, Air, Air2</title>
    <status>dc3c9cd0-8467-404b-bf95-cb7df3fbc293</status>
    <webasset>89580a20-c9b5-4e4c-91a0-b1f511953f7f</webasset>
    <languageId>1</languageId>
  </com.dotmarketing.portlets.workflows.model.WorkflowTask>
  <com.dotmarketing.portlets.workflows.model.WorkflowTask>
    <id>378cc9c1-d6df-4133-888f-0ac0b46c6f88</id>
    <creationDate class="sql-timestamp">2018-08-10 18:38:05.324</creationDate>
    <modDate class="sql-timestamp">2018-08-10 18:38:05.324</modDate>
    <createdBy>e7d4e34e-5127-45fc-8123-d48b62d510e3</createdBy>
    <assignedTo>e7d4e34e-5127-45fc-8123-d48b62d510e3</assignedTo>
    <title>Apple iPad Pro</title>
    <status>dc3c9cd0-8467-404b-bf95-cb7df3fbc293</status>
    <webasset>238a07cc-e5b1-45d8-95e9-73808d466ef1</webasset>
    <languageId>1</languageId>
  </com.dotmarketing.portlets.workflows.model.WorkflowTask>
  <com.dotmarketing.portlets.workflows.model.WorkflowTask>
    <id>4ee35318-50f6-4db9-8f4a-47b8a8a2098e</id>
    <creationDate class="sql-timestamp">2018-08-10 18:38:05.392</creationDate>
    <modDate class="sql-timestamp">2018-08-10 18:38:05.392</modDate>
    <createdBy>e7d4e34e-5127-45fc-8123-d48b62d510e3</createdBy>
    <assignedTo>e7d4e34e-5127-45fc-8123-d48b62d510e3</assignedTo>
    <title>Samsung Galaxy S7, S7 edge</title>
    <status>dc3c9cd0-8467-404b-bf95-cb7df3fbc293</status>
    <webasset>0157b81a-d6fc-49e8-ab88-e7a6164b398e</webasset>
    <languageId>1</languageId>
  </com.dotmarketing.portlets.workflows.model.WorkflowTask>
  <com.dotmarketing.portlets.workflows.model.WorkflowTask>
    <id>51217fad-67d7-4c90-ba6a-d0c63ddad47c</id>
    <creationDate class="sql-timestamp">2018-08-10 18:38:05.416</creationDate>
    <modDate class="sql-timestamp">2018-08-10 18:38:05.416</modDate>
    <createdBy>e7d4e34e-5127-45fc-8123-d48b62d510e3</createdBy>
    <assignedTo>e7d4e34e-5127-45fc-8123-d48b62d510e3</assignedTo>
    <title>Apple iPhone 6, 6s</title>
    <status>dc3c9cd0-8467-404b-bf95-cb7df3fbc293</status>
    <webasset>543f3e39-4eee-4763-9c89-1b366bd4e226</webasset>
    <languageId>1</languageId>
  </com.dotmarketing.portlets.workflows.model.WorkflowTask>
  <com.dotmarketing.portlets.workflows.model.WorkflowTask>
    <id>55ac35b1-3e80-4b11-8d34-c4ebf43301fc</id>
    <creationDate class="sql-timestamp">2018-08-14 18:17:28.799</creationDate>
    <modDate class="sql-timestamp">2018-08-14 18:17:28.799</modDate>
    <createdBy>e7d4e34e-5127-45fc-8123-d48b62d510e3</createdBy>
    <assignedTo>e7d4e34e-5127-45fc-8123-d48b62d510e3</assignedTo>
    <title>Velocity Dispatch</title>
    <description></description>
    <status>dc3c9cd0-8467-404b-bf95-cb7df3fbc293</status>
    <webasset>dcd4f0c6-7ff5-4a45-bfb9-a0462a89a0d4</webasset>
    <languageId>1</languageId>
  </com.dotmarketing.portlets.workflows.model.WorkflowTask>
  <com.dotmarketing.portlets.workflows.model.WorkflowTask>
    <id>5ab0a360-b0e5-4ab6-aa21-1d318d5700af</id>
    <creationDate class="sql-timestamp">2018-08-13 21:00:00.277</creationDate>
    <modDate class="sql-timestamp">2018-08-13 21:00:00.277</modDate>
    <createdBy>e7d4e34e-5127-45fc-8123-d48b62d510e3</createdBy>
    <assignedTo>e7d4e34e-5127-45fc-8123-d48b62d510e3</assignedTo>
    <title>dotTools</title>
    <description></description>
    <status>dc3c9cd0-8467-404b-bf95-cb7df3fbc293</status>
    <webasset>787af3cb-bc93-4e1a-b6e9-638c71b4345e</webasset>
    <languageId>1</languageId>
  </com.dotmarketing.portlets.workflows.model.WorkflowTask>
  <com.dotmarketing.portlets.workflows.model.WorkflowTask>
    <id>97f00897-105b-48c8-9a5d-6f2f6f8518ea</id>
    <creationDate class="sql-timestamp">2018-08-10 18:38:05.438</creationDate>
    <modDate class="sql-timestamp">2018-08-10 18:38:05.439</modDate>
    <createdBy>e7d4e34e-5127-45fc-8123-d48b62d510e3</createdBy>
    <assignedTo>e7d4e34e-5127-45fc-8123-d48b62d510e3</assignedTo>
    <title>Apple iPhone 6 Plus, 6s Plus</title>
    <status>dc3c9cd0-8467-404b-bf95-cb7df3fbc293</status>
    <webasset>ba49a150-9188-4cf5-9295-6a6e2a51a42b</webasset>
    <languageId>1</languageId>
  </com.dotmarketing.portlets.workflows.model.WorkflowTask>
  <com.dotmarketing.portlets.workflows.model.WorkflowTask>
    <id>9d342fa4-651f-4fc7-9a9a-018ef36a247f</id>
    <creationDate class="sql-timestamp">2018-08-10 18:38:05.274</creationDate>
    <modDate class="sql-timestamp">2018-08-10 18:38:05.275</modDate>
    <createdBy>e7d4e34e-5127-45fc-8123-d48b62d510e3</createdBy>
    <assignedTo>e7d4e34e-5127-45fc-8123-d48b62d510e3</assignedTo>
    <title>Google Pixel</title>
    <status>dc3c9cd0-8467-404b-bf95-cb7df3fbc293</status>
    <webasset>c2805852-57cb-4d6e-bc91-9b97d6ef50ca</webasset>
    <languageId>1</languageId>
  </com.dotmarketing.portlets.workflows.model.WorkflowTask>
  <com.dotmarketing.portlets.workflows.model.WorkflowTask>
    <id>a4651eeb-79ce-4751-bd25-d56c87076d01</id>
    <creationDate class="sql-timestamp">2018-08-10 18:38:05.346</creationDate>
    <modDate class="sql-timestamp">2018-08-10 18:38:05.346</modDate>
    <createdBy>e7d4e34e-5127-45fc-8123-d48b62d510e3</createdBy>
    <assignedTo>e7d4e34e-5127-45fc-8123-d48b62d510e3</assignedTo>
    <title>Samsung Galaxy S5</title>
    <status>dc3c9cd0-8467-404b-bf95-cb7df3fbc293</status>
    <webasset>2e5ef0a0-7d0b-4ece-aaa1-645efdc1c19d</webasset>
    <languageId>1</languageId>
  </com.dotmarketing.portlets.workflows.model.WorkflowTask>
  <com.dotmarketing.portlets.workflows.model.WorkflowTask>
    <id>a8275b89-ca7e-4c3b-ba39-4813e705a977</id>
    <creationDate class="sql-timestamp">2018-08-13 20:47:41.959</creationDate>
    <modDate class="sql-timestamp">2018-08-13 20:47:41.959</modDate>
    <createdBy>e7d4e34e-5127-45fc-8123-d48b62d510e3</createdBy>
    <assignedTo>e7d4e34e-5127-45fc-8123-d48b62d510e3</assignedTo>
    <title>template.vtl</title>
    <description></description>
    <status>dc3c9cd0-8467-404b-bf95-cb7df3fbc293</status>
    <webasset>cb8daa2a-66f6-48f9-9c2d-3b031fb80b16</webasset>
    <languageId>1</languageId>
  </com.dotmarketing.portlets.workflows.model.WorkflowTask>
  <com.dotmarketing.portlets.workflows.model.WorkflowTask>
    <id>f92576b4-7c6f-4339-b979-7b30f5204296</id>
    <creationDate class="sql-timestamp">2018-08-13 20:52:56.132</creationDate>
    <modDate class="sql-timestamp">2018-08-13 20:52:56.133</modDate>
    <createdBy>e7d4e34e-5127-45fc-8123-d48b62d510e3</createdBy>
    <assignedTo>e7d4e34e-5127-45fc-8123-d48b62d510e3</assignedTo>
    <title>Markdown Previewer</title>
    <description></description>
    <status>dc3c9cd0-8467-404b-bf95-cb7df3fbc293</status>
    <webasset>37cad5c2-df2c-45a1-a85a-ad858bcf5709</webasset>
    <languageId>1</languageId>
  </com.dotmarketing.portlets.workflows.model.WorkflowTask>
  <com.dotmarketing.portlets.workflows.model.WorkflowTask>
    <id>f9b8a698-bc64-4c20-8deb-7002ee7da15b</id>
    <creationDate class="sql-timestamp">2018-08-10 18:38:05.37</creationDate>
    <modDate class="sql-timestamp">2018-08-10 18:38:05.37</modDate>
    <createdBy>e7d4e34e-5127-45fc-8123-d48b62d510e3</createdBy>
    <assignedTo>e7d4e34e-5127-45fc-8123-d48b62d510e3</assignedTo>
    <title>Samsung Galaxy S6</title>
    <status>dc3c9cd0-8467-404b-bf95-cb7df3fbc293</status>
    <webasset>0a9d33c9-f86f-48c8-b0ad-9930eb9633b6</webasset>
    <languageId>1</languageId>
  </com.dotmarketing.portlets.workflows.model.WorkflowTask>
</list>