<list>
  <com.dotmarketing.portlets.contentlet.model.ContentletVersionInfo>
    <identifier>0157b81a-d6fc-49e8-ab88-e7a6164b398e</identifier>
    <deleted>false</deleted>
    <lockedOn class="sql-timestamp">2018-08-10 18:38:05.382</lockedOn>
    <lang>1</lang>
    <workingInode>fbdfb270-79e2-495e-8496-67aa0f624d26</workingInode>
    <liveInode>fbdfb270-79e2-495e-8496-67aa0f624d26</liveInode>
    <versionTs class="sql-timestamp">2018-08-10 18:38:05.387</versionTs>
  </com.dotmarketing.portlets.contentlet.model.ContentletVersionInfo>
  <com.dotmarketing.portlets.contentlet.model.ContentletVersionInfo>
    <identifier>05721b19-e936-4c4b-b64f-9c943323fdc9</identifier>
    <deleted>false</deleted>
    <lockedOn class="sql-timestamp">2018-08-13 20:41:07.29</lockedOn>
    <lang>1</lang>
    <workingInode>ebd89ed7-7323-4650-a180-f49b390aa1f9</workingInode>
    <liveInode>ebd89ed7-7323-4650-a180-f49b390aa1f9</liveInode>
    <versionTs class="sql-timestamp">2018-08-13 20:41:07.311</versionTs>
  </com.dotmarketing.portlets.contentlet.model.ContentletVersionInfo>
  <com.dotmarketing.portlets.contentlet.model.ContentletVersionInfo>
    <identifier>058856c9-08fc-41f8-8a62-e977960ca4ce</identifier>
    <deleted>false</deleted>
    <lockedOn class="sql-timestamp">2018-08-13 20:41:02.288</lockedOn>
    <lang>1</lang>
    <workingInode>a6f750ab-d730-4866-bad4-8225e4c70dd9</workingInode>
    <liveInode>a6f750ab-d730-4866-bad4-8225e4c70dd9</liveInode>
    <versionTs class="sql-timestamp">2018-08-13 20:41:02.302</versionTs>
  </com.dotmarketing.portlets.contentlet.model.ContentletVersionInfo>
  <com.dotmarketing.portlets.contentlet.model.ContentletVersionInfo>
    <identifier>0772f789-9ed8-4bec-a4ff-378e17802bfb</identifier>
    <deleted>false</deleted>
    <lockedOn class="sql-timestamp">2018-08-13 20:41:09.62</lockedOn>
    <lang>1</lang>
    <workingInode>cb38cfca-4022-4100-bfa5-3d6687605441</workingInode>
    <liveInode>cb38cfca-4022-4100-bfa5-3d6687605441</liveInode>
    <versionTs class="sql-timestamp">2018-08-13 20:41:09.64</versionTs>
  </com.dotmarketing.portlets.contentlet.model.ContentletVersionInfo>
  <com.dotmarketing.portlets.contentlet.model.ContentletVersionInfo>
    <identifier>0a97b49b-c468-45bc-9455-068252016cb3</identifier>
    <deleted>false</deleted>
    <lockedOn class="sql-timestamp">2018-08-13 20:41:04.706</lockedOn>
    <lang>1</lang>
    <workingInode>ee24af05-dadf-4464-b195-39457f52f73a</workingInode>
    <liveInode>ee24af05-dadf-4464-b195-39457f52f73a</liveInode>
    <versionTs class="sql-timestamp">2018-08-13 20:41:04.721</versionTs>
  </com.dotmarketing.portlets.contentlet.model.ContentletVersionInfo>
  <com.dotmarketing.portlets.contentlet.model.ContentletVersionInfo>
    <identifier>0a9d33c9-f86f-48c8-b0ad-9930eb9633b6</identifier>
    <deleted>false</deleted>
    <lockedOn class="sql-timestamp">2018-08-10 18:38:05.359</lockedOn>
    <lang>1</lang>
    <workingInode>b8039420-03ff-46aa-a9ef-dcced3556e6c</workingInode>
    <liveInode>b8039420-03ff-46aa-a9ef-dcced3556e6c</liveInode>
    <versionTs class="sql-timestamp">2018-08-10 18:38:05.364</versionTs>
  </com.dotmarketing.portlets.contentlet.model.ContentletVersionInfo>
  <com.dotmarketing.portlets.contentlet.model.ContentletVersionInfo>
    <identifier>11769618-be72-47f0-aaa3-44ddf992af73</identifier>
    <deleted>false</deleted>
    <lockedOn class="sql-timestamp">2018-08-13 20:41:05.357</lockedOn>
    <lang>1</lang>
    <workingInode>cd51892a-8f3e-4e37-a0aa-bff45a77e204</workingInode>
    <liveInode>cd51892a-8f3e-4e37-a0aa-bff45a77e204</liveInode>
    <versionTs class="sql-timestamp">2018-08-13 20:41:05.423</versionTs>
  </com.dotmarketing.portlets.contentlet.model.ContentletVersionInfo>
  <com.dotmarketing.portlets.contentlet.model.ContentletVersionInfo>
    <identifier>117a6e92-2853-43b0-8858-464b5a6b69fa</identifier>
    <deleted>false</deleted>
    <lockedOn class="sql-timestamp">2018-08-13 20:41:04.484</lockedOn>
    <lang>1</lang>
    <workingInode>8394b196-5004-4c53-b3a9-b4d5439c1e6f</workingInode>
    <liveInode>8394b196-5004-4c53-b3a9-b4d5439c1e6f</liveInode>
    <versionTs class="sql-timestamp">2018-08-13 20:41:04.521</versionTs>
  </com.dotmarketing.portlets.contentlet.model.ContentletVersionInfo>
  <com.dotmarketing.portlets.contentlet.model.ContentletVersionInfo>
    <identifier>11832d8c-fbec-47f9-be6e-b2deaefd8f0e</identifier>
    <deleted>false</deleted>
    <lockedOn class="sql-timestamp">2018-08-13 20:41:03.435</lockedOn>
    <lang>1</lang>
    <workingInode>5df42c20-f987-4cf1-95ca-61f92842d73f</workingInode>
    <liveInode>5df42c20-f987-4cf1-95ca-61f92842d73f</liveInode>
    <versionTs class="sql-timestamp">2018-08-13 20:41:03.449</versionTs>
  </com.dotmarketing.portlets.contentlet.model.ContentletVersionInfo>
  <com.dotmarketing.portlets.contentlet.model.ContentletVersionInfo>
    <identifier>17d9a86d-6895-4606-bc1d-716c995e2af1</identifier>
    <deleted>false</deleted>
    <lockedOn class="sql-timestamp">2018-08-13 20:41:00.381</lockedOn>
    <lang>1</lang>
    <workingInode>12fadfd8-c618-40ef-b348-7e192438ddb9</workingInode>
    <liveInode>12fadfd8-c618-40ef-b348-7e192438ddb9</liveInode>
    <versionTs class="sql-timestamp">2018-08-13 20:41:00.401</versionTs>
  </com.dotmarketing.portlets.contentlet.model.ContentletVersionInfo>
  <com.dotmarketing.portlets.contentlet.model.ContentletVersionInfo>
    <identifier>1b467ba0-cce5-4545-8b9c-e44b60726d70</identifier>
    <deleted>false</deleted>
    <lockedOn class="sql-timestamp">2018-08-13 20:41:09.003</lockedOn>
    <lang>1</lang>
    <workingInode>12b1a4ae-c1c4-41a8-b407-a20cb49df9a6</workingInode>
    <liveInode>12b1a4ae-c1c4-41a8-b407-a20cb49df9a6</liveInode>
    <versionTs class="sql-timestamp">2018-08-13 20:41:09.018</versionTs>
  </com.dotmarketing.portlets.contentlet.model.ContentletVersionInfo>
  <com.dotmarketing.portlets.contentlet.model.ContentletVersionInfo>
    <identifier>1fddf9d6-b56a-427b-a2bc-a9bd3c6e86bb</identifier>
    <deleted>false</deleted>
    <lockedOn class="sql-timestamp">2018-08-13 20:40:59.688</lockedOn>
    <lang>1</lang>
    <workingInode>e159c01a-b3a1-42b8-a9fd-344901350a1c</workingInode>
    <liveInode>e159c01a-b3a1-42b8-a9fd-344901350a1c</liveInode>
    <versionTs class="sql-timestamp">2018-08-13 20:40:59.71</versionTs>
  </com.dotmarketing.portlets.contentlet.model.ContentletVersionInfo>
  <com.dotmarketing.portlets.contentlet.model.ContentletVersionInfo>
    <identifier>225c0adb-9a7a-4ac9-974c-5d186bf682f2</identifier>
    <deleted>false</deleted>
    <lockedOn class="sql-timestamp">2018-08-13 20:41:04.353</lockedOn>
    <lang>1</lang>
    <workingInode>3535c9f2-f474-4162-8814-2f49bc26e147</workingInode>
    <liveInode>3535c9f2-f474-4162-8814-2f49bc26e147</liveInode>
    <versionTs class="sql-timestamp">2018-08-13 20:41:04.363</versionTs>
  </com.dotmarketing.portlets.contentlet.model.ContentletVersionInfo>
  <com.dotmarketing.portlets.contentlet.model.ContentletVersionInfo>
    <identifier>238a07cc-e5b1-45d8-95e9-73808d466ef1</identifier>
    <deleted>false</deleted>
    <lockedOn class="sql-timestamp">2018-08-10 18:38:05.313</lockedOn>
    <lang>1</lang>
    <workingInode>36a85150-ab29-47ae-bba4-f9d8bba4ed60</workingInode>
    <liveInode>36a85150-ab29-47ae-bba4-f9d8bba4ed60</liveInode>
    <versionTs class="sql-timestamp">2018-08-10 18:38:05.319</versionTs>
  </com.dotmarketing.portlets.contentlet.model.ContentletVersionInfo>
  <com.dotmarketing.portlets.contentlet.model.ContentletVersionInfo>
    <identifier>2735e578-686e-4980-8cc4-8a5195e4e971</identifier>
    <deleted>false</deleted>
    <lockedOn class="sql-timestamp">2018-08-13 20:41:00.998</lockedOn>
    <lang>1</lang>
    <workingInode>d9dd8ce1-5211-4ce8-af7a-98d910cc64b4</workingInode>
    <liveInode>d9dd8ce1-5211-4ce8-af7a-98d910cc64b4</liveInode>
    <versionTs class="sql-timestamp">2018-08-13 20:41:01.215</versionTs>
  </com.dotmarketing.portlets.contentlet.model.ContentletVersionInfo>
  <com.dotmarketing.portlets.contentlet.model.ContentletVersionInfo>
    <identifier>2e5ef0a0-7d0b-4ece-aaa1-645efdc1c19d</identifier>
    <deleted>false</deleted>
    <lockedOn class="sql-timestamp">2018-08-10 18:38:05.336</lockedOn>
    <lang>1</lang>
    <workingInode>617a1a52-d051-433a-a684-1262247e52f5</workingInode>
    <liveInode>617a1a52-d051-433a-a684-1262247e52f5</liveInode>
    <versionTs class="sql-timestamp">2018-08-10 18:38:05.341</versionTs>
  </com.dotmarketing.portlets.contentlet.model.ContentletVersionInfo>
  <com.dotmarketing.portlets.contentlet.model.ContentletVersionInfo>
    <identifier>2eaca8fd-c4b0-40fb-967d-9ffe8abf7d59</identifier>
    <deleted>false</deleted>
    <lockedOn class="sql-timestamp">2018-08-13 20:41:07.76</lockedOn>
    <lang>1</lang>
    <workingInode>367f9d12-ccfa-45f0-9e31-650b251afa2c</workingInode>
    <liveInode>367f9d12-ccfa-45f0-9e31-650b251afa2c</liveInode>
    <versionTs class="sql-timestamp">2018-08-13 20:41:07.783</versionTs>
  </com.dotmarketing.portlets.contentlet.model.ContentletVersionInfo>
  <com.dotmarketing.portlets.contentlet.model.ContentletVersionInfo>
    <identifier>325027fc-afa8-45de-a616-e4a82080cbfe</identifier>
    <deleted>false</deleted>
    <lockedOn class="sql-timestamp">2018-08-13 20:40:59.782</lockedOn>
    <lang>1</lang>
    <workingInode>ce96fb9c-4cfe-451f-ab94-59df6c27d1c7</workingInode>
    <liveInode>ce96fb9c-4cfe-451f-ab94-59df6c27d1c7</liveInode>
    <versionTs class="sql-timestamp">2018-08-13 20:40:59.802</versionTs>
  </com.dotmarketing.portlets.contentlet.model.ContentletVersionInfo>
  <com.dotmarketing.portlets.contentlet.model.ContentletVersionInfo>
    <identifier>3732ba65-0687-4990-a91c-46641eff905c</identifier>
    <deleted>false</deleted>
    <lockedOn class="sql-timestamp">2018-08-13 20:40:59.453</lockedOn>
    <lang>1</lang>
    <workingInode>743b18fa-ae61-4418-973b-2b53042686ab</workingInode>
    <liveInode>743b18fa-ae61-4418-973b-2b53042686ab</liveInode>
    <versionTs class="sql-timestamp">2018-08-13 20:40:59.486</versionTs>
  </com.dotmarketing.portlets.contentlet.model.ContentletVersionInfo>
  <com.dotmarketing.portlets.contentlet.model.ContentletVersionInfo>
    <identifier>37cad5c2-df2c-45a1-a85a-ad858bcf5709</identifier>
    <deleted>false</deleted>
    <lockedOn class="sql-timestamp">2018-08-13 21:18:31.034</lockedOn>
    <lang>1</lang>
    <workingInode>583c7cbf-edf8-4b46-84f8-213c5dc3be85</workingInode>
    <liveInode>583c7cbf-edf8-4b46-84f8-213c5dc3be85</liveInode>
    <versionTs class="sql-timestamp">2018-08-13 20:52:56.124</versionTs>
  </com.dotmarketing.portlets.contentlet.model.ContentletVersionInfo>
  <com.dotmarketing.portlets.contentlet.model.ContentletVersionInfo>
    <identifier>3a4dc523-d407-4086-979e-88624bee96b4</identifier>
    <deleted>false</deleted>
    <lockedOn class="sql-timestamp">2018-08-13 20:41:05.131</lockedOn>
    <lang>1</lang>
    <workingInode>3dcf35c1-a60f-4b93-9484-6181832de016</workingInode>
    <liveInode>3dcf35c1-a60f-4b93-9484-6181832de016</liveInode>
    <versionTs class="sql-timestamp">2018-08-13 20:41:05.144</versionTs>
  </com.dotmarketing.portlets.contentlet.model.ContentletVersionInfo>
  <com.dotmarketing.portlets.contentlet.model.ContentletVersionInfo>
    <identifier>43548c31-9452-4eed-b8a0-2827a9a9e0b7</identifier>
    <deleted>false</deleted>
    <lockedOn class="sql-timestamp">2018-08-13 20:40:59.108</lockedOn>
    <lang>1</lang>
    <workingInode>ce9b52e2-0eb9-45b3-8fdc-6f9f9db5a96e</workingInode>
    <liveInode>ce9b52e2-0eb9-45b3-8fdc-6f9f9db5a96e</liveInode>
    <versionTs class="sql-timestamp">2018-08-13 20:40:59.124</versionTs>
  </com.dotmarketing.portlets.contentlet.model.ContentletVersionInfo>
  <com.dotmarketing.portlets.contentlet.model.ContentletVersionInfo>
    <identifier>48190c8c-42c4-46af-8d1a-0cd5db894797</identifier>
    <deleted>false</deleted>
    <lockedOn class="sql-timestamp">2018-08-10 16:52:09.097</lockedOn>
    <lang>1</lang>
    <workingInode>c8a5e8b0-94bb-45c9-8138-b3af8d858656</workingInode>
    <liveInode>c8a5e8b0-94bb-45c9-8138-b3af8d858656</liveInode>
    <versionTs class="sql-timestamp">2018-08-10 16:52:09.091</versionTs>
  </com.dotmarketing.portlets.contentlet.model.ContentletVersionInfo>
  <com.dotmarketing.portlets.contentlet.model.ContentletVersionInfo>
    <identifier>4a5356ea-46c7-4b43-a80a-6b1cfd04dd51</identifier>
    <deleted>false</deleted>
    <lockedOn class="sql-timestamp">2018-08-13 20:40:59.914</lockedOn>
    <lang>1</lang>
    <workingInode>4fb1cb88-c31a-487c-b0c9-ef02864edd1e</workingInode>
    <liveInode>4fb1cb88-c31a-487c-b0c9-ef02864edd1e</liveInode>
    <versionTs class="sql-timestamp">2018-08-13 20:40:59.935</versionTs>
  </com.dotmarketing.portlets.contentlet.model.ContentletVersionInfo>
  <com.dotmarketing.portlets.contentlet.model.ContentletVersionInfo>
    <identifier>4c2b2120-2773-4f56-8576-27c76f0fed9c</identifier>
    <deleted>false</deleted>
    <lockedOn class="sql-timestamp">2018-08-13 20:41:03.0</lockedOn>
    <lang>1</lang>
    <workingInode>d81f69e3-d799-4caf-88c4-6ebd613be4ff</workingInode>
    <liveInode>d81f69e3-d799-4caf-88c4-6ebd613be4ff</liveInode>
    <versionTs class="sql-timestamp">2018-08-13 20:41:03.022</versionTs>
  </com.dotmarketing.portlets.contentlet.model.ContentletVersionInfo>
  <com.dotmarketing.portlets.contentlet.model.ContentletVersionInfo>
    <identifier>4c58701c-cb62-482a-8c6f-8292e6df42b0</identifier>
    <deleted>false</deleted>
    <lockedOn class="sql-timestamp">2018-08-13 20:41:07.506</lockedOn>
    <lang>1</lang>
    <workingInode>01eac514-a504-42d2-a27b-7b7f7e01d77c</workingInode>
    <liveInode>01eac514-a504-42d2-a27b-7b7f7e01d77c</liveInode>
    <versionTs class="sql-timestamp">2018-08-13 20:41:07.528</versionTs>
  </com.dotmarketing.portlets.contentlet.model.ContentletVersionInfo>
  <com.dotmarketing.portlets.contentlet.model.ContentletVersionInfo>
    <identifier>4e9c3a01-6ba6-41e1-a5f6-e966e61e6501</identifier>
    <deleted>false</deleted>
    <lockedOn class="sql-timestamp">2018-08-13 20:41:02.848</lockedOn>
    <lang>1</lang>
    <workingInode>79d4515d-10c8-42e3-b1fa-7e0a4887ea4e</workingInode>
    <liveInode>79d4515d-10c8-42e3-b1fa-7e0a4887ea4e</liveInode>
    <versionTs class="sql-timestamp">2018-08-13 20:41:02.869</versionTs>
  </com.dotmarketing.portlets.contentlet.model.ContentletVersionInfo>
  <com.dotmarketing.portlets.contentlet.model.ContentletVersionInfo>
    <identifier>526ff7ed-e7bb-43a1-8ff8-ccbd882e5533</identifier>
    <deleted>false</deleted>
    <lockedOn class="sql-timestamp">2018-08-13 20:41:03.223</lockedOn>
    <lang>1</lang>
    <workingInode>cca68e6d-a71f-46b4-8147-77dd6b3eb877</workingInode>
    <liveInode>cca68e6d-a71f-46b4-8147-77dd6b3eb877</liveInode>
    <versionTs class="sql-timestamp">2018-08-13 20:41:03.24</versionTs>
  </com.dotmarketing.portlets.contentlet.model.ContentletVersionInfo>
  <com.dotmarketing.portlets.contentlet.model.ContentletVersionInfo>
    <identifier>543f3e39-4eee-4763-9c89-1b366bd4e226</identifier>
    <deleted>false</deleted>
    <lockedOn class="sql-timestamp">2018-08-10 18:38:05.405</lockedOn>
    <lang>1</lang>
    <workingInode>a04a2b14-1dc5-46a3-9318-5cead5c2a517</workingInode>
    <liveInode>a04a2b14-1dc5-46a3-9318-5cead5c2a517</liveInode>
    <versionTs class="sql-timestamp">2018-08-10 18:38:05.411</versionTs>
  </com.dotmarketing.portlets.contentlet.model.ContentletVersionInfo>
  <com.dotmarketing.portlets.contentlet.model.ContentletVersionInfo>
    <identifier>56508f4f-aa14-4437-aba1-ed895b7187f3</identifier>
    <deleted>false</deleted>
    <lockedOn class="sql-timestamp">2018-08-13 20:41:04.072</lockedOn>
    <lang>1</lang>
    <workingInode>354b75eb-ed22-4a8e-b6f7-6ee8849110ee</workingInode>
    <liveInode>354b75eb-ed22-4a8e-b6f7-6ee8849110ee</liveInode>
    <versionTs class="sql-timestamp">2018-08-13 20:41:04.107</versionTs>
  </com.dotmarketing.portlets.contentlet.model.ContentletVersionInfo>
  <com.dotmarketing.portlets.contentlet.model.ContentletVersionInfo>
    <identifier>583169a1-3ae9-45fa-8080-b18d23f58721</identifier>
    <deleted>false</deleted>
    <lockedOn class="sql-timestamp">2018-08-13 20:41:01.446</lockedOn>
    <lang>1</lang>
    <workingInode>6d6b11df-61ec-4df8-9d56-57abfdcde876</workingInode>
    <liveInode>6d6b11df-61ec-4df8-9d56-57abfdcde876</liveInode>
    <versionTs class="sql-timestamp">2018-08-13 20:41:01.459</versionTs>
  </com.dotmarketing.portlets.contentlet.model.ContentletVersionInfo>
  <com.dotmarketing.portlets.contentlet.model.ContentletVersionInfo>
    <identifier>5bea3858-f003-4b0c-9de0-ef3662e8df00</identifier>
    <deleted>false</deleted>
    <lockedOn class="sql-timestamp">2018-08-13 20:41:00.347</lockedOn>
    <lang>1</lang>
    <workingInode>60a5f81e-09f2-4347-b87f-622cd185916e</workingInode>
    <liveInode>60a5f81e-09f2-4347-b87f-622cd185916e</liveInode>
    <versionTs class="sql-timestamp">2018-08-13 20:41:00.376</versionTs>
  </com.dotmarketing.portlets.contentlet.model.ContentletVersionInfo>
  <com.dotmarketing.portlets.contentlet.model.ContentletVersionInfo>
    <identifier>651ea2aa-9c6f-4a80-98ef-90d176a7afe9</identifier>
    <deleted>false</deleted>
    <lockedOn class="sql-timestamp">2018-08-13 20:41:03.651</lockedOn>
    <lang>1</lang>
    <workingInode>a3fd9504-2d99-484c-ae52-26fa845a21e0</workingInode>
    <liveInode>a3fd9504-2d99-484c-ae52-26fa845a21e0</liveInode>
    <versionTs class="sql-timestamp">2018-08-13 20:41:03.663</versionTs>
  </com.dotmarketing.portlets.contentlet.model.ContentletVersionInfo>
  <com.dotmarketing.portlets.contentlet.model.ContentletVersionInfo>
    <identifier>662c705b-8282-49ed-93ed-487d13fc7393</identifier>
    <deleted>false</deleted>
    <lockedOn class="sql-timestamp">2018-08-13 20:41:06.093</lockedOn>
    <lang>1</lang>
    <workingInode>c1ad55f1-d0ad-43a4-a5bd-1f995f6fb8e4</workingInode>
    <liveInode>c1ad55f1-d0ad-43a4-a5bd-1f995f6fb8e4</liveInode>
    <versionTs class="sql-timestamp">2018-08-13 20:41:06.107</versionTs>
  </com.dotmarketing.portlets.contentlet.model.ContentletVersionInfo>
  <com.dotmarketing.portlets.contentlet.model.ContentletVersionInfo>
    <identifier>69287e03-3c75-4717-9cef-352b379e2521</identifier>
    <deleted>false</deleted>
    <lockedOn class="sql-timestamp">2018-08-13 20:41:07.711</lockedOn>
    <lang>1</lang>
    <workingInode>61fe4613-ee63-45e7-9f77-ddc7e1d349bd</workingInode>
    <liveInode>61fe4613-ee63-45e7-9f77-ddc7e1d349bd</liveInode>
    <versionTs class="sql-timestamp">2018-08-13 20:41:07.745</versionTs>
  </com.dotmarketing.portlets.contentlet.model.ContentletVersionInfo>
  <com.dotmarketing.portlets.contentlet.model.ContentletVersionInfo>
    <identifier>73ec50e2-8f12-40e5-8920-eab4fd7c1420</identifier>
    <deleted>false</deleted>
    <lockedOn class="sql-timestamp">2018-08-13 20:41:04.816</lockedOn>
    <lang>1</lang>
    <workingInode>1a6dde10-796b-45d3-bfa5-3a9156e7803e</workingInode>
    <liveInode>1a6dde10-796b-45d3-bfa5-3a9156e7803e</liveInode>
    <versionTs class="sql-timestamp">2018-08-13 20:41:04.928</versionTs>
  </com.dotmarketing.portlets.contentlet.model.ContentletVersionInfo>
  <com.dotmarketing.portlets.contentlet.model.ContentletVersionInfo>
    <identifier>754293fb-dd77-4e16-b377-a8fd880b5fc9</identifier>
    <deleted>false</deleted>
    <lockedOn class="sql-timestamp">2018-08-13 20:41:08.715</lockedOn>
    <lang>1</lang>
    <workingInode>be2e4b39-df1b-4cc5-9c2f-0a2208a17ff3</workingInode>
    <liveInode>be2e4b39-df1b-4cc5-9c2f-0a2208a17ff3</liveInode>
    <versionTs class="sql-timestamp">2018-08-13 20:41:08.735</versionTs>
  </com.dotmarketing.portlets.contentlet.model.ContentletVersionInfo>
  <com.dotmarketing.portlets.contentlet.model.ContentletVersionInfo>
    <identifier>7620ccb1-bd17-409f-bbc4-0322e1137e04</identifier>
    <deleted>false</deleted>
    <lockedOn class="sql-timestamp">2018-08-13 20:41:01.721</lockedOn>
    <lang>1</lang>
    <workingInode>9e8e5f34-fc0e-413e-afef-bd6f479afd4d</workingInode>
    <liveInode>9e8e5f34-fc0e-413e-afef-bd6f479afd4d</liveInode>
    <versionTs class="sql-timestamp">2018-08-13 20:41:01.739</versionTs>
  </com.dotmarketing.portlets.contentlet.model.ContentletVersionInfo>
  <com.dotmarketing.portlets.contentlet.model.ContentletVersionInfo>
    <identifier>787af3cb-bc93-4e1a-b6e9-638c71b4345e</identifier>
    <deleted>false</deleted>
    <lockedOn class="sql-timestamp">2018-08-14 19:40:29.125</lockedOn>
    <lang>1</lang>
    <workingInode>41f9fd09-e1b8-4efb-b12c-6d5847ba9962</workingInode>
    <liveInode>41f9fd09-e1b8-4efb-b12c-6d5847ba9962</liveInode>
    <versionTs class="sql-timestamp">2018-08-13 21:00:00.272</versionTs>
  </com.dotmarketing.portlets.contentlet.model.ContentletVersionInfo>
  <com.dotmarketing.portlets.contentlet.model.ContentletVersionInfo>
    <identifier>7ac398a6-a3cb-4470-8c9f-aa89cf21bd55</identifier>
    <deleted>false</deleted>
    <lockedOn class="sql-timestamp">2018-08-13 20:41:08.42</lockedOn>
    <lang>1</lang>
    <workingInode>8456c016-a2ac-400b-af77-7b55ce87dbf4</workingInode>
    <liveInode>8456c016-a2ac-400b-af77-7b55ce87dbf4</liveInode>
    <versionTs class="sql-timestamp">2018-08-14 20:02:15.219</versionTs>
  </com.dotmarketing.portlets.contentlet.model.ContentletVersionInfo>
  <com.dotmarketing.portlets.contentlet.model.ContentletVersionInfo>
    <identifier>7bcbd9e3-9d62-4c38-b31c-d4bbb5100e63</identifier>
    <deleted>false</deleted>
    <lockedOn class="sql-timestamp">2018-08-13 20:41:05.655</lockedOn>
    <lang>1</lang>
    <workingInode>810253bf-fc47-4033-bf13-549a9c3d6536</workingInode>
    <liveInode>810253bf-fc47-4033-bf13-549a9c3d6536</liveInode>
    <versionTs class="sql-timestamp">2018-08-13 20:41:05.671</versionTs>
  </com.dotmarketing.portlets.contentlet.model.ContentletVersionInfo>
  <com.dotmarketing.portlets.contentlet.model.ContentletVersionInfo>
    <identifier>7c746301-eb54-4f0d-93ea-add247bb1f67</identifier>
    <deleted>false</deleted>
    <lockedOn class="sql-timestamp">2018-08-13 20:41:01.668</lockedOn>
    <lang>1</lang>
    <workingInode>c8b86f54-118f-4be7-b879-ee3f12b547cd</workingInode>
    <liveInode>c8b86f54-118f-4be7-b879-ee3f12b547cd</liveInode>
    <versionTs class="sql-timestamp">2018-08-14 17:45:07.539</versionTs>
  </com.dotmarketing.portlets.contentlet.model.ContentletVersionInfo>
  <com.dotmarketing.portlets.contentlet.model.ContentletVersionInfo>
    <identifier>7cd62801-03e3-4934-b8e4-507aa9f3e2f1</identifier>
    <deleted>false</deleted>
    <lockedOn class="sql-timestamp">2018-08-13 20:41:05.877</lockedOn>
    <lang>1</lang>
    <workingInode>f81f312e-74a1-49c5-a2c1-5988c8ac8523</workingInode>
    <liveInode>f81f312e-74a1-49c5-a2c1-5988c8ac8523</liveInode>
    <versionTs class="sql-timestamp">2018-08-13 20:41:05.896</versionTs>
  </com.dotmarketing.portlets.contentlet.model.ContentletVersionInfo>
  <com.dotmarketing.portlets.contentlet.model.ContentletVersionInfo>
    <identifier>7d14523d-b116-482f-829e-1a3d8d52fa3e</identifier>
    <deleted>false</deleted>
    <lockedOn class="sql-timestamp">2018-08-13 20:41:05.139</lockedOn>
    <lang>1</lang>
    <workingInode>687c605c-0601-4f40-a110-c54d669ffb63</workingInode>
    <liveInode>687c605c-0601-4f40-a110-c54d669ffb63</liveInode>
    <versionTs class="sql-timestamp">2018-08-13 20:41:05.16</versionTs>
  </com.dotmarketing.portlets.contentlet.model.ContentletVersionInfo>
  <com.dotmarketing.portlets.contentlet.model.ContentletVersionInfo>
    <identifier>80d79e73-fd8d-42dc-922e-c5fa757e31d6</identifier>
    <deleted>false</deleted>
    <lockedOn class="sql-timestamp">2018-08-13 20:40:59.221</lockedOn>
    <lang>1</lang>
    <workingInode>f0543aff-f633-4350-8b3d-e9dde5358508</workingInode>
    <liveInode>f0543aff-f633-4350-8b3d-e9dde5358508</liveInode>
    <versionTs class="sql-timestamp">2018-08-13 20:40:59.236</versionTs>
  </com.dotmarketing.portlets.contentlet.model.ContentletVersionInfo>
  <com.dotmarketing.portlets.contentlet.model.ContentletVersionInfo>
    <identifier>851e2854-7020-4f69-844b-00351866ce61</identifier>
    <deleted>false</deleted>
    <lockedOn class="sql-timestamp">2018-08-13 20:41:08.114</lockedOn>
    <lang>1</lang>
    <workingInode>6b869f72-d5cd-44fe-b2d1-8c533be6748e</workingInode>
    <liveInode>6b869f72-d5cd-44fe-b2d1-8c533be6748e</liveInode>
    <versionTs class="sql-timestamp">2018-08-13 20:41:08.134</versionTs>
  </com.dotmarketing.portlets.contentlet.model.ContentletVersionInfo>
  <com.dotmarketing.portlets.contentlet.model.ContentletVersionInfo>
    <identifier>8721fcc3-f5dc-4ee6-a614-9773fed75576</identifier>
    <deleted>false</deleted>
    <lockedOn class="sql-timestamp">2018-08-13 20:40:58.992</lockedOn>
    <lang>1</lang>
    <workingInode>8f9f4de0-f6e2-4e8a-8d49-11d19e93958e</workingInode>
    <liveInode>8f9f4de0-f6e2-4e8a-8d49-11d19e93958e</liveInode>
    <versionTs class="sql-timestamp">2018-08-13 20:40:59.019</versionTs>
  </com.dotmarketing.portlets.contentlet.model.ContentletVersionInfo>
  <com.dotmarketing.portlets.contentlet.model.ContentletVersionInfo>
    <identifier>8754236d-b244-41ac-b081-5a338dd4a773</identifier>
    <deleted>false</deleted>
    <lockedOn class="sql-timestamp">2018-08-13 20:41:03.767</lockedOn>
    <lang>1</lang>
    <workingInode>5eae7ed3-43d5-4ac9-8fdd-a32ff9cead17</workingInode>
    <liveInode>5eae7ed3-43d5-4ac9-8fdd-a32ff9cead17</liveInode>
    <versionTs class="sql-timestamp">2018-08-13 20:41:03.785</versionTs>
  </com.dotmarketing.portlets.contentlet.model.ContentletVersionInfo>
  <com.dotmarketing.portlets.contentlet.model.ContentletVersionInfo>
    <identifier>89580a20-c9b5-4e4c-91a0-b1f511953f7f</identifier>
    <deleted>false</deleted>
    <lockedOn class="sql-timestamp">2018-08-10 18:38:05.288</lockedOn>
    <lang>1</lang>
    <workingInode>893722f4-40af-433d-ad87-1c1fcf4258c5</workingInode>
    <liveInode>893722f4-40af-433d-ad87-1c1fcf4258c5</liveInode>
    <versionTs class="sql-timestamp">2018-08-10 18:38:05.295</versionTs>
  </com.dotmarketing.portlets.contentlet.model.ContentletVersionInfo>
  <com.dotmarketing.portlets.contentlet.model.ContentletVersionInfo>
    <identifier>8a89c87f-0947-4c25-ad96-2e639249e66b</identifier>
    <deleted>false</deleted>
    <lockedOn class="sql-timestamp">2018-08-10 18:38:05.235</lockedOn>
    <lang>1</lang>
    <workingInode>71c31f28-23a7-4a0e-a1f9-6dad6e90301e</workingInode>
    <liveInode>71c31f28-23a7-4a0e-a1f9-6dad6e90301e</liveInode>
    <versionTs class="sql-timestamp">2018-08-10 18:38:05.242</versionTs>
  </com.dotmarketing.portlets.contentlet.model.ContentletVersionInfo>
  <com.dotmarketing.portlets.contentlet.model.ContentletVersionInfo>
    <identifier>8bb5a650-bb2e-4d48-9b13-6a5d6ed9c0d6</identifier>
    <deleted>false</deleted>
    <lockedOn class="sql-timestamp">2018-08-13 20:41:04.915</lockedOn>
    <lang>1</lang>
    <workingInode>222a86bc-b6aa-449f-8a6a-2f036ed84420</workingInode>
    <liveInode>222a86bc-b6aa-449f-8a6a-2f036ed84420</liveInode>
    <versionTs class="sql-timestamp">2018-08-13 20:41:04.93</versionTs>
  </com.dotmarketing.portlets.contentlet.model.ContentletVersionInfo>
  <com.dotmarketing.portlets.contentlet.model.ContentletVersionInfo>
    <identifier>8e84fbd5-3a05-4ce4-bed6-5072e508f56d</identifier>
    <deleted>false</deleted>
    <lockedOn class="sql-timestamp">2018-08-13 20:41:03.078</lockedOn>
    <lang>1</lang>
    <workingInode>a89831f1-926f-4b7e-84fc-0c2d629366ba</workingInode>
    <liveInode>a89831f1-926f-4b7e-84fc-0c2d629366ba</liveInode>
    <versionTs class="sql-timestamp">2018-08-13 20:41:03.094</versionTs>
  </com.dotmarketing.portlets.contentlet.model.ContentletVersionInfo>
  <com.dotmarketing.portlets.contentlet.model.ContentletVersionInfo>
    <identifier>8fa556a3-f506-44b2-a1a3-a39c65c0cf72</identifier>
    <deleted>false</deleted>
    <lockedOn class="sql-timestamp">2018-08-13 20:41:00.562</lockedOn>
    <lang>1</lang>
    <workingInode>4cf5acd5-64ef-4071-a322-fde75c89fb64</workingInode>
    <liveInode>4cf5acd5-64ef-4071-a322-fde75c89fb64</liveInode>
    <versionTs class="sql-timestamp">2018-08-13 20:41:00.584</versionTs>
  </com.dotmarketing.portlets.contentlet.model.ContentletVersionInfo>
  <com.dotmarketing.portlets.contentlet.model.ContentletVersionInfo>
    <identifier>9313ce37-b9ce-446a-aa0f-d5dc4ed316a7</identifier>
    <deleted>false</deleted>
    <lockedOn class="sql-timestamp">2018-08-13 20:41:01.949</lockedOn>
    <lang>1</lang>
    <workingInode>2ad23e84-6639-4a4b-80ee-5f978a038f4c</workingInode>
    <liveInode>2ad23e84-6639-4a4b-80ee-5f978a038f4c</liveInode>
    <versionTs class="sql-timestamp">2018-08-13 20:41:01.961</versionTs>
  </com.dotmarketing.portlets.contentlet.model.ContentletVersionInfo>
  <com.dotmarketing.portlets.contentlet.model.ContentletVersionInfo>
    <identifier>9964f3f9-66a1-492c-ab71-52db6a5c997f</identifier>
    <deleted>false</deleted>
    <lockedOn class="sql-timestamp">2018-08-13 20:41:00.003</lockedOn>
    <lang>1</lang>
    <workingInode>032c4563-b9ef-4132-a83c-3e7eb110f632</workingInode>
    <liveInode>032c4563-b9ef-4132-a83c-3e7eb110f632</liveInode>
    <versionTs class="sql-timestamp">2018-08-13 20:41:00.025</versionTs>
  </com.dotmarketing.portlets.contentlet.model.ContentletVersionInfo>
  <com.dotmarketing.portlets.contentlet.model.ContentletVersionInfo>
    <identifier>9af70154-ac5f-48b6-bf09-191367b3b470</identifier>
    <deleted>false</deleted>
    <lockedOn class="sql-timestamp">2018-08-13 20:41:00.782</lockedOn>
    <lang>1</lang>
    <workingInode>cd63a31f-fad8-4067-8bd2-2416c06a4e19</workingInode>
    <liveInode>cd63a31f-fad8-4067-8bd2-2416c06a4e19</liveInode>
    <versionTs class="sql-timestamp">2018-08-13 20:41:00.794</versionTs>
  </com.dotmarketing.portlets.contentlet.model.ContentletVersionInfo>
  <com.dotmarketing.portlets.contentlet.model.ContentletVersionInfo>
    <identifier>9d184249-941a-42a3-8fc5-0dc868489711</identifier>
    <deleted>false</deleted>
    <lockedOn class="sql-timestamp">2018-08-13 20:40:59.563</lockedOn>
    <lang>1</lang>
    <workingInode>900bec02-e65f-4fc2-aeca-5b9b08e7d74b</workingInode>
    <liveInode>900bec02-e65f-4fc2-aeca-5b9b08e7d74b</liveInode>
    <versionTs class="sql-timestamp">2018-08-13 20:40:59.578</versionTs>
  </com.dotmarketing.portlets.contentlet.model.ContentletVersionInfo>
  <com.dotmarketing.portlets.contentlet.model.ContentletVersionInfo>
    <identifier>9d2ca8c0-2818-4c27-92aa-d2a155f05d0b</identifier>
    <deleted>false</deleted>
    <lockedOn class="sql-timestamp">2018-08-13 20:41:00.945</lockedOn>
    <lang>1</lang>
    <workingInode>2356e654-1af4-4959-b03c-b541c471f0f8</workingInode>
    <liveInode>2356e654-1af4-4959-b03c-b541c471f0f8</liveInode>
    <versionTs class="sql-timestamp">2018-08-13 20:41:00.968</versionTs>
  </com.dotmarketing.portlets.contentlet.model.ContentletVersionInfo>
  <com.dotmarketing.portlets.contentlet.model.ContentletVersionInfo>
    <identifier>9d713eba-035b-43de-830a-7a8f25df0c40</identifier>
    <deleted>false</deleted>
    <lockedOn class="sql-timestamp">2018-08-13 20:41:02.151</lockedOn>
    <lang>1</lang>
    <workingInode>fbc4c4f9-cd6b-4a19-a4ad-af24662574ef</workingInode>
    <liveInode>fbc4c4f9-cd6b-4a19-a4ad-af24662574ef</liveInode>
    <versionTs class="sql-timestamp">2018-08-13 20:41:02.164</versionTs>
  </com.dotmarketing.portlets.contentlet.model.ContentletVersionInfo>
  <com.dotmarketing.portlets.contentlet.model.ContentletVersionInfo>
    <identifier>a70620ae-b18f-42d4-9fae-a1f20a1889fd</identifier>
    <deleted>false</deleted>
    <lockedOn class="sql-timestamp">2018-08-13 20:40:58.218</lockedOn>
    <lang>1</lang>
    <workingInode>aec26b72-b0fe-43cf-8df2-4f5a51f83bb9</workingInode>
    <liveInode>aec26b72-b0fe-43cf-8df2-4f5a51f83bb9</liveInode>
    <versionTs class="sql-timestamp">2018-08-13 20:40:58.366</versionTs>
  </com.dotmarketing.portlets.contentlet.model.ContentletVersionInfo>
  <com.dotmarketing.portlets.contentlet.model.ContentletVersionInfo>
    <identifier>a84c2e3f-5eb4-4d4d-86e8-91c4c149daf7</identifier>
    <deleted>false</deleted>
    <lockedOn class="sql-timestamp">2018-08-13 20:41:01.472</lockedOn>
    <lang>1</lang>
    <workingInode>8ca5080f-aca0-40e3-ae86-2ec0dc581c4a</workingInode>
    <liveInode>8ca5080f-aca0-40e3-ae86-2ec0dc581c4a</liveInode>
    <versionTs class="sql-timestamp">2018-08-13 20:41:01.51</versionTs>
  </com.dotmarketing.portlets.contentlet.model.ContentletVersionInfo>
  <com.dotmarketing.portlets.contentlet.model.ContentletVersionInfo>
    <identifier>a886801d-2907-422d-9d60-3fe9ddcdbb47</identifier>
    <deleted>false</deleted>
    <lockedOn class="sql-timestamp">2018-08-13 20:41:06.95</lockedOn>
    <lang>1</lang>
    <workingInode>8617f44c-5cdf-4d62-bb1e-d05e725119dc</workingInode>
    <liveInode>8617f44c-5cdf-4d62-bb1e-d05e725119dc</liveInode>
    <versionTs class="sql-timestamp">2018-08-13 20:41:06.965</versionTs>
  </com.dotmarketing.portlets.contentlet.model.ContentletVersionInfo>
  <com.dotmarketing.portlets.contentlet.model.ContentletVersionInfo>
    <identifier>ab6485a1-0f69-4436-8b91-e5e6ac08bc6b</identifier>
    <deleted>false</deleted>
    <lockedOn class="sql-timestamp">2018-08-13 20:40:59.337</lockedOn>
    <lang>1</lang>
    <workingInode>cb56dfad-2703-4b60-a04f-d938f09acc1a</workingInode>
    <liveInode>cb56dfad-2703-4b60-a04f-d938f09acc1a</liveInode>
    <versionTs class="sql-timestamp">2018-08-13 20:40:59.368</versionTs>
  </com.dotmarketing.portlets.contentlet.model.ContentletVersionInfo>
  <com.dotmarketing.portlets.contentlet.model.ContentletVersionInfo>
    <identifier>b24c0404-db3b-4a98-a5bd-0f16ac7e45fd</identifier>
    <deleted>false</deleted>
    <lockedOn class="sql-timestamp">2018-08-13 20:41:08.524</lockedOn>
    <lang>1</lang>
    <workingInode>479d74b3-2431-40cc-be22-17ca7698d033</workingInode>
    <liveInode>479d74b3-2431-40cc-be22-17ca7698d033</liveInode>
    <versionTs class="sql-timestamp">2018-08-13 20:41:08.55</versionTs>
  </com.dotmarketing.portlets.contentlet.model.ContentletVersionInfo>
  <com.dotmarketing.portlets.contentlet.model.ContentletVersionInfo>
    <identifier>b3ce44e8-abce-49e4-bb58-31bca1560310</identifier>
    <deleted>false</deleted>
    <lockedOn class="sql-timestamp">2018-08-13 20:41:10.257</lockedOn>
    <lang>1</lang>
    <workingInode>3e5f1e77-85c7-483b-a79a-13e2f38b1da0</workingInode>
    <liveInode>3e5f1e77-85c7-483b-a79a-13e2f38b1da0</liveInode>
    <versionTs class="sql-timestamp">2018-08-13 20:41:10.266</versionTs>
  </com.dotmarketing.portlets.contentlet.model.ContentletVersionInfo>
  <com.dotmarketing.portlets.contentlet.model.ContentletVersionInfo>
    <identifier>b86c31fa-342e-4796-ac3b-cca383f5d8ef</identifier>
    <deleted>false</deleted>
    <lockedOn class="sql-timestamp">2018-08-13 20:41:00.128</lockedOn>
    <lang>1</lang>
    <workingInode>83ad503f-09d4-46c3-8cbf-417c1009a508</workingInode>
    <liveInode>83ad503f-09d4-46c3-8cbf-417c1009a508</liveInode>
    <versionTs class="sql-timestamp">2018-08-13 20:41:00.149</versionTs>
  </com.dotmarketing.portlets.contentlet.model.ContentletVersionInfo>
  <com.dotmarketing.portlets.contentlet.model.ContentletVersionInfo>
    <identifier>ba49a150-9188-4cf5-9295-6a6e2a51a42b</identifier>
    <deleted>false</deleted>
    <lockedOn class="sql-timestamp">2018-08-10 18:38:05.429</lockedOn>
    <lang>1</lang>
    <workingInode>32248f69-ccb2-46b5-8438-8dd0d49ab0ae</workingInode>
    <liveInode>32248f69-ccb2-46b5-8438-8dd0d49ab0ae</liveInode>
    <versionTs class="sql-timestamp">2018-08-10 18:38:05.434</versionTs>
  </com.dotmarketing.portlets.contentlet.model.ContentletVersionInfo>
  <com.dotmarketing.portlets.contentlet.model.ContentletVersionInfo>
    <identifier>bea7037f-4320-4edd-b352-b3e80460e252</identifier>
    <deleted>false</deleted>
    <lockedOn class="sql-timestamp">2018-08-13 20:41:06.612</lockedOn>
    <lang>1</lang>
    <workingInode>7d27bf10-c971-4e3e-9dd1-7392b18dadee</workingInode>
    <liveInode>7d27bf10-c971-4e3e-9dd1-7392b18dadee</liveInode>
    <versionTs class="sql-timestamp">2018-08-13 20:41:06.63</versionTs>
  </com.dotmarketing.portlets.contentlet.model.ContentletVersionInfo>
  <com.dotmarketing.portlets.contentlet.model.ContentletVersionInfo>
    <identifier>c262d5c1-b2e5-40c1-aefa-df0fb379b8fe</identifier>
    <deleted>false</deleted>
    <lockedOn class="sql-timestamp">2018-08-13 20:41:06.341</lockedOn>
    <lang>1</lang>
    <workingInode>a8e15ac4-f60d-4c5c-afd3-5396a8e6d42a</workingInode>
    <liveInode>a8e15ac4-f60d-4c5c-afd3-5396a8e6d42a</liveInode>
    <versionTs class="sql-timestamp">2018-08-13 20:41:06.358</versionTs>
  </com.dotmarketing.portlets.contentlet.model.ContentletVersionInfo>
  <com.dotmarketing.portlets.contentlet.model.ContentletVersionInfo>
    <identifier>c2805852-57cb-4d6e-bc91-9b97d6ef50ca</identifier>
    <deleted>false</deleted>
    <lockedOn class="sql-timestamp">2018-08-10 18:38:05.262</lockedOn>
    <lang>1</lang>
    <workingInode>495afd69-dbfb-48c2-80e3-c17c97777639</workingInode>
    <liveInode>495afd69-dbfb-48c2-80e3-c17c97777639</liveInode>
    <versionTs class="sql-timestamp">2018-08-10 18:38:05.268</versionTs>
  </com.dotmarketing.portlets.contentlet.model.ContentletVersionInfo>
  <com.dotmarketing.portlets.contentlet.model.ContentletVersionInfo>
    <identifier>c2dd530c-1692-4fda-8e78-3e62e4752567</identifier>
    <deleted>false</deleted>
    <lockedOn class="sql-timestamp">2018-08-13 20:41:04.022</lockedOn>
    <lang>1</lang>
    <workingInode>83934a70-f517-47bc-9a9c-9439ab7aeedd</workingInode>
    <liveInode>83934a70-f517-47bc-9a9c-9439ab7aeedd</liveInode>
    <versionTs class="sql-timestamp">2018-08-13 20:41:04.068</versionTs>
  </com.dotmarketing.portlets.contentlet.model.ContentletVersionInfo>
  <com.dotmarketing.portlets.contentlet.model.ContentletVersionInfo>
    <identifier>cb8daa2a-66f6-48f9-9c2d-3b031fb80b16</identifier>
    <deleted>false</deleted>
    <lockedOn class="sql-timestamp">2018-08-13 20:47:41.958</lockedOn>
    <lang>1</lang>
    <workingInode>dabbe25d-c640-40ad-82ea-c169ce7df508</workingInode>
    <liveInode>dabbe25d-c640-40ad-82ea-c169ce7df508</liveInode>
    <versionTs class="sql-timestamp">2018-08-13 20:47:41.953</versionTs>
  </com.dotmarketing.portlets.contentlet.model.ContentletVersionInfo>
  <com.dotmarketing.portlets.contentlet.model.ContentletVersionInfo>
    <identifier>d1cead20-9b8b-46c5-a813-a3268fbbc575</identifier>
    <deleted>false</deleted>
    <lockedOn class="sql-timestamp">2018-08-13 20:41:01.177</lockedOn>
    <lang>1</lang>
    <workingInode>5da55284-7fba-49c2-86a7-9476ef712117</workingInode>
    <liveInode>5da55284-7fba-49c2-86a7-9476ef712117</liveInode>
    <versionTs class="sql-timestamp">2018-08-13 20:41:01.208</versionTs>
  </com.dotmarketing.portlets.contentlet.model.ContentletVersionInfo>
  <com.dotmarketing.portlets.contentlet.model.ContentletVersionInfo>
    <identifier>dcd4f0c6-7ff5-4a45-bfb9-a0462a89a0d4</identifier>
    <deleted>false</deleted>
    <lockedOn class="sql-timestamp">2018-08-14 18:17:28.785</lockedOn>
    <lang>1</lang>
    <workingInode>1c5a46f0-6aed-460d-8cd0-1a8bc6575480</workingInode>
    <liveInode>1c5a46f0-6aed-460d-8cd0-1a8bc6575480</liveInode>
    <versionTs class="sql-timestamp">2018-08-14 18:17:28.794</versionTs>
  </com.dotmarketing.portlets.contentlet.model.ContentletVersionInfo>
  <com.dotmarketing.portlets.contentlet.model.ContentletVersionInfo>
    <identifier>de0289ce-48e1-488f-97eb-a476341d3dc2</identifier>
    <deleted>false</deleted>
    <lockedOn class="sql-timestamp">2018-08-13 20:41:03.288</lockedOn>
    <lang>1</lang>
    <workingInode>b83fb6b6-05da-40a1-bba7-60a7a4631213</workingInode>
    <liveInode>b83fb6b6-05da-40a1-bba7-60a7a4631213</liveInode>
    <versionTs class="sql-timestamp">2018-08-13 20:41:03.3</versionTs>
  </com.dotmarketing.portlets.contentlet.model.ContentletVersionInfo>
  <com.dotmarketing.portlets.contentlet.model.ContentletVersionInfo>
    <identifier>dfb7cf08-636b-47fe-93af-242f7f91a0fe</identifier>
    <deleted>false</deleted>
    <lockedOn class="sql-timestamp">2018-08-13 20:41:08.079</lockedOn>
    <lang>1</lang>
    <workingInode>7dd24792-06f8-4a95-8d3e-309259ae724a</workingInode>
    <liveInode>7dd24792-06f8-4a95-8d3e-309259ae724a</liveInode>
    <versionTs class="sql-timestamp">2018-08-13 20:41:08.097</versionTs>
  </com.dotmarketing.portlets.contentlet.model.ContentletVersionInfo>
  <com.dotmarketing.portlets.contentlet.model.ContentletVersionInfo>
    <identifier>e4b5ed3e-7dcc-4693-8688-12e0bc7c3d44</identifier>
    <deleted>false</deleted>
    <lockedOn class="sql-timestamp">2018-08-13 20:41:10.354</lockedOn>
    <lang>1</lang>
    <workingInode>8f8d049c-5be5-4f4c-be05-02c788f42de4</workingInode>
    <liveInode>8f8d049c-5be5-4f4c-be05-02c788f42de4</liveInode>
    <versionTs class="sql-timestamp">2018-08-13 20:41:10.374</versionTs>
  </com.dotmarketing.portlets.contentlet.model.ContentletVersionInfo>
  <com.dotmarketing.portlets.contentlet.model.ContentletVersionInfo>
    <identifier>ea2eaf6e-1853-409e-842e-355e8bfe00ab</identifier>
    <deleted>false</deleted>
    <lockedOn class="sql-timestamp">2018-08-13 20:41:09.963</lockedOn>
    <lang>1</lang>
    <workingInode>68f78b39-f986-4fe6-ae26-f61e9d65b23a</workingInode>
    <liveInode>68f78b39-f986-4fe6-ae26-f61e9d65b23a</liveInode>
    <versionTs class="sql-timestamp">2018-08-13 20:41:09.979</versionTs>
  </com.dotmarketing.portlets.contentlet.model.ContentletVersionInfo>
  <com.dotmarketing.portlets.contentlet.model.ContentletVersionInfo>
    <identifier>ee40a8e9-24b5-493f-bacf-11027a3e14db</identifier>
    <deleted>false</deleted>
    <lockedOn class="sql-timestamp">2018-08-13 20:41:00.607</lockedOn>
    <lang>1</lang>
    <workingInode>c00ddcb4-bb07-4788-8a1b-bb54e8d0f25a</workingInode>
    <liveInode>c00ddcb4-bb07-4788-8a1b-bb54e8d0f25a</liveInode>
    <versionTs class="sql-timestamp">2018-08-13 20:41:00.627</versionTs>
  </com.dotmarketing.portlets.contentlet.model.ContentletVersionInfo>
  <com.dotmarketing.portlets.contentlet.model.ContentletVersionInfo>
    <identifier>f6e76ea1-7424-4b61-a30c-40e66baffbec</identifier>
    <deleted>false</deleted>
    <lockedOn class="sql-timestamp">2018-08-13 20:41:02.09</lockedOn>
    <lang>1</lang>
    <workingInode>14cbbe62-39a6-4908-88f1-6c554bdf48ef</workingInode>
    <liveInode>14cbbe62-39a6-4908-88f1-6c554bdf48ef</liveInode>
    <versionTs class="sql-timestamp">2018-08-13 20:41:02.101</versionTs>
  </com.dotmarketing.portlets.contentlet.model.ContentletVersionInfo>
  <com.dotmarketing.portlets.contentlet.model.ContentletVersionInfo>
    <identifier>f877625e-79af-4152-9c5d-0b7ba4313049</identifier>
    <deleted>false</deleted>
    <lockedOn class="sql-timestamp">2018-08-13 20:41:03.49</lockedOn>
    <lang>1</lang>
    <workingInode>c06852e5-ddb1-45a6-b02a-6ab0b108240f</workingInode>
    <liveInode>c06852e5-ddb1-45a6-b02a-6ab0b108240f</liveInode>
    <versionTs class="sql-timestamp">2018-08-13 20:41:03.501</versionTs>
  </com.dotmarketing.portlets.contentlet.model.ContentletVersionInfo>
  <com.dotmarketing.portlets.contentlet.model.ContentletVersionInfo>
    <identifier>fab29e0c-b164-4734-b278-050738512767</identifier>
    <deleted>false</deleted>
    <lockedOn class="sql-timestamp">2018-08-13 20:41:01.884</lockedOn>
    <lang>1</lang>
    <workingInode>98115c27-8493-409a-8cba-f4b957705699</workingInode>
    <liveInode>98115c27-8493-409a-8cba-f4b957705699</liveInode>
    <versionTs class="sql-timestamp">2018-08-13 20:41:01.896</versionTs>
  </com.dotmarketing.portlets.contentlet.model.ContentletVersionInfo>
  <com.dotmarketing.portlets.contentlet.model.ContentletVersionInfo>
    <identifier>fdb0f080-b8f2-4748-8fae-95b85db8b046</identifier>
    <deleted>false</deleted>
    <lockedOn class="sql-timestamp">2018-08-13 20:41:04.588</lockedOn>
    <lang>1</lang>
    <workingInode>a03ae879-773c-4609-9487-a827e39b613e</workingInode>
    <liveInode>a03ae879-773c-4609-9487-a827e39b613e</liveInode>
    <versionTs class="sql-timestamp">2018-08-13 20:41:04.602</versionTs>
  </com.dotmarketing.portlets.contentlet.model.ContentletVersionInfo>
  <com.dotmarketing.portlets.contentlet.model.ContentletVersionInfo>
    <identifier>fde14780-d777-4d80-989d-e17f3b0d8885</identifier>
    <deleted>false</deleted>
    <lockedOn class="sql-timestamp">2018-08-13 20:40:58.248</lockedOn>
    <lang>1</lang>
    <workingInode>71e094fe-9faa-4deb-86c3-217463f06f8f</workingInode>
    <liveInode>71e094fe-9faa-4deb-86c3-217463f06f8f</liveInode>
    <versionTs class="sql-timestamp">2018-08-13 20:40:58.37</versionTs>
  </com.dotmarketing.portlets.contentlet.model.ContentletVersionInfo>
  <com.dotmarketing.portlets.contentlet.model.ContentletVersionInfo>
    <identifier>SYSTEM_HOST</identifier>
    <deleted>false</deleted>
    <lockedOn class="sql-timestamp">2012-06-07 09:46:26.0</lockedOn>
    <lang>1</lang>
    <workingInode>dbdec5e2-c02b-4cfb-83a9-4a4c4f3b2eb0</workingInode>
    <liveInode>dbdec5e2-c02b-4cfb-83a9-4a4c4f3b2eb0</liveInode>
    <versionTs class="sql-timestamp">2017-03-07 18:25:58.061</versionTs>
  </com.dotmarketing.portlets.contentlet.model.ContentletVersionInfo>
</list>