<list>
  <com.dotmarketing.portlets.containers.model.ContainerVersionInfo>
    <identifier>297ec25e-d4c6-43be-a86c-ed363e3c2808</identifier>
    <liveInode>30dccddc-bb8e-4e3b-88d6-5e37249351c1</liveInode>
    <workingInode>30dccddc-bb8e-4e3b-88d6-5e37249351c1</workingInode>
    <lockedOn class="sql-timestamp">2018-08-21 19:09:14.849</lockedOn>
    <deleted>false</deleted>
    <versionTs class="sql-timestamp">2018-08-21 19:08:03.82</versionTs>
  </com.dotmarketing.portlets.containers.model.ContainerVersionInfo>
  <com.dotmarketing.portlets.containers.model.ContainerVersionInfo>
    <identifier>3c7fe016-0442-49d9-8d2f-f547a368d3ed</identifier>
    <liveInode>661b5455-e5a9-45d4-8a1c-3decd54802cc</liveInode>
    <workingInode>661b5455-e5a9-45d4-8a1c-3decd54802cc</workingInode>
    <lockedOn class="sql-timestamp">2018-08-21 18:57:42.485</lockedOn>
    <deleted>false</deleted>
    <versionTs class="sql-timestamp">2018-08-21 18:56:57.536</versionTs>
  </com.dotmarketing.portlets.containers.model.ContainerVersionInfo>
  <com.dotmarketing.portlets.containers.model.ContainerVersionInfo>
    <identifier>42f38fb2-299b-486a-b1cf-91e7bd0ed7b5</identifier>
    <workingInode>a6acca31-5ef3-4033-8d23-c502eddbd645</workingInode>
    <lockedOn class="sql-timestamp">2018-08-21 15:58:36.413</lockedOn>
    <deleted>true</deleted>
    <versionTs class="sql-timestamp">2018-08-21 15:58:40.028</versionTs>
  </com.dotmarketing.portlets.containers.model.ContainerVersionInfo>
  <com.dotmarketing.portlets.containers.model.ContainerVersionInfo>
    <identifier>a009df97-8ff8-454c-b0a1-353262b5d6a0</identifier>
    <liveInode>31f5d0fa-250f-4c50-a60f-0e93d2fbb082</liveInode>
    <workingInode>31f5d0fa-250f-4c50-a60f-0e93d2fbb082</workingInode>
    <lockedOn class="sql-timestamp">2018-08-21 19:09:17.044</lockedOn>
    <deleted>false</deleted>
    <versionTs class="sql-timestamp">2018-08-21 19:08:11.3</versionTs>
  </com.dotmarketing.portlets.containers.model.ContainerVersionInfo>
  <com.dotmarketing.portlets.containers.model.ContainerVersionInfo>
    <identifier>c2583c16-4a8f-488f-86de-eb5a4409d7f8</identifier>
    <liveInode>1b04f53e-a1a9-43a0-95c2-db5f86592e21</liveInode>
    <workingInode>1b04f53e-a1a9-43a0-95c2-db5f86592e21</workingInode>
    <lockedOn class="sql-timestamp">2018-08-21 18:57:44.372</lockedOn>
    <deleted>false</deleted>
    <versionTs class="sql-timestamp">2018-08-21 18:56:50.378</versionTs>
  </com.dotmarketing.portlets.containers.model.ContainerVersionInfo>
  <com.dotmarketing.portlets.containers.model.ContainerVersionInfo>
    <identifier>e0aca367-1e1c-46d1-955f-86d0b1cc4778</identifier>
    <liveInode>824860fb-e30c-41bd-bc9f-6cbf6f4f55cd</liveInode>
    <workingInode>824860fb-e30c-41bd-bc9f-6cbf6f4f55cd</workingInode>
    <lockedOn class="sql-timestamp">2018-08-21 18:34:40.996</lockedOn>
    <deleted>false</deleted>
    <versionTs class="sql-timestamp">2018-08-21 18:23:27.561</versionTs>
  </com.dotmarketing.portlets.containers.model.ContainerVersionInfo>
</list>