{"schemes":[{"id":"d61a59e1-a49c-46f2-a929-db2b4bfa88b2","creationDate":1534461085169,"name":"System Workflow","description":"","archived":false,"mandatory":false,"defaultScheme":false,"modDate":1534192535957,"entryActionId":null,"system":true}],"steps":[{"id":"6cb7e3bd-1710-4eed-8838-d3db60f78f19","creationDate":1534461085205,"name":"New","schemeId":"d61a59e1-a49c-46f2-a929-db2b4bfa88b2","myOrder":0,"resolved":false,"enableEscalation":false,"escalationAction":null,"escalationTime":0},{"id":"ee24a4cb-2d15-4c98-b1bd-6327126451f3","creationDate":1534461085208,"name":"Unpublished","schemeId":"d61a59e1-a49c-46f2-a929-db2b4bfa88b2","myOrder":1,"resolved":false,"enableEscalation":false,"escalationAction":null,"escalationTime":0},{"id":"dc3c9cd0-8467-404b-bf95-cb7df3fbc293","creationDate":1534461085208,"name":"Published","schemeId":"d61a59e1-a49c-46f2-a929-db2b4bfa88b2","myOrder":2,"resolved":true,"enableEscalation":false,"escalationAction":null,"escalationTime":0},{"id":"d6b095b6-b65f-4bdb-bbfd-701d663dfee2","creationDate":1534461085209,"name":"Archived","schemeId":"d61a59e1-a49c-46f2-a929-db2b4bfa88b2","myOrder":3,"resolved":true,"enableEscalation":false,"escalationAction":null,"escalationTime":0}],"actions":[{"id":"4da13a42-5d59-480c-ad8f-94a3adf809fe","name":"Archive","schemeId":"d61a59e1-a49c-46f2-a929-db2b4bfa88b2","condition":"","nextStep":"d6b095b6-b65f-4bdb-bbfd-701d663dfee2","nextAssign":"654b0931-1027-41f7-ad4d-173115ed8ec1","icon":"workflowIcon","roleHierarchyForAssign":false,"assignable":false,"commentable":false,"order":0,"owner":null,"nextStepCurrentStep":false,"showOn":["UNPUBLISHED","LISTING","UNLOCKED"]},{"id":"134a50d3-782d-43de-8877-42c0be1c86a4","name":"Copy","schemeId":"d61a59e1-a49c-46f2-a929-db2b4bfa88b2","condition":"","nextStep":"currentstep","nextAssign":"654b0931-1027-41f7-ad4d-173115ed8ec1","icon":"workflowIcon","roleHierarchyForAssign":false,"assignable":false,"commentable":false,"order":0,"owner":null,"nextStepCurrentStep":true,"showOn":["UNPUBLISHED","LISTING","UNLOCKED","LOCKED","PUBLISHED"]},{"id":"777f1c6b-c877-4a37-ba4b-10627316c2cc","name":"Delete","schemeId":"d61a59e1-a49c-46f2-a929-db2b4bfa88b2","condition":"","nextStep":"d6b095b6-b65f-4bdb-bbfd-701d663dfee2","nextAssign":"654b0931-1027-41f7-ad4d-173115ed8ec1","icon":"workflowIcon","roleHierarchyForAssign":false,"assignable":false,"commentable":false,"order":0,"owner":null,"nextStepCurrentStep":false,"showOn":["EDITING","LISTING","UNLOCKED","LOCKED","ARCHIVED"]},{"id":"000ec468-0a63-4283-beb7-fcb36c107b2f","name":"Publish","schemeId":"d61a59e1-a49c-46f2-a929-db2b4bfa88b2","condition":"","nextStep":"dc3c9cd0-8467-404b-bf95-cb7df3fbc293","nextAssign":"654b0931-1027-41f7-ad4d-173115ed8ec1","icon":"workflowIcon","roleHierarchyForAssign":false,"assignable":false,"commentable":false,"order":0,"owner":null,"nextStepCurrentStep":false,"showOn":["UNPUBLISHED","LISTING","UNLOCKED","LOCKED"]},{"id":"ceca71a0-deee-4999-bd47-b01baa1bcfc8","name":"Save","schemeId":"d61a59e1-a49c-46f2-a929-db2b4bfa88b2","condition":"","nextStep":"ee24a4cb-2d15-4c98-b1bd-6327126451f3","nextAssign":"654b0931-1027-41f7-ad4d-173115ed8ec1","icon":"workflowIcon","roleHierarchyForAssign":false,"assignable":false,"commentable":false,"order":0,"owner":null,"nextStepCurrentStep":false,"showOn":["UNPUBLISHED","EDITING","NEW","LOCKED","PUBLISHED"]},{"id":"b9d89c80-3d88-4311-8365-187323c96436","name":"Save / Publish","schemeId":"d61a59e1-a49c-46f2-a929-db2b4bfa88b2","condition":"","nextStep":"dc3c9cd0-8467-404b-bf95-cb7df3fbc293","nextAssign":"654b0931-1027-41f7-ad4d-173115ed8ec1","icon":"workflowIcon","roleHierarchyForAssign":false,"assignable":false,"commentable":false,"order":0,"owner":null,"nextStepCurrentStep":false,"showOn":["UNPUBLISHED","EDITING","NEW","LOCKED","PUBLISHED"]},{"id":"c92f9aa1-9503-4567-ac30-d3242b54d02d","name":"Unarchive","schemeId":"d61a59e1-a49c-46f2-a929-db2b4bfa88b2","condition":"","nextStep":"ee24a4cb-2d15-4c98-b1bd-6327126451f3","nextAssign":"654b0931-1027-41f7-ad4d-173115ed8ec1","icon":"workflowIcon","roleHierarchyForAssign":false,"assignable":false,"commentable":false,"order":0,"owner":null,"nextStepCurrentStep":false,"showOn":["LISTING","UNLOCKED","LOCKED","ARCHIVED"]},{"id":"38efc763-d78f-4e4b-b092-59cd8c579b93","name":"Unpublish","schemeId":"d61a59e1-a49c-46f2-a929-db2b4bfa88b2","condition":"","nextStep":"ee24a4cb-2d15-4c98-b1bd-6327126451f3","nextAssign":"654b0931-1027-41f7-ad4d-173115ed8ec1","icon":"workflowIcon","roleHierarchyForAssign":false,"assignable":false,"commentable":false,"order":0,"owner":null,"nextStepCurrentStep":false,"showOn":["LISTING","UNLOCKED","LOCKED","PUBLISHED"]}],"actionSteps":[{"stepId":"6cb7e3bd-1710-4eed-8838-d3db60f78f19","actionId":"ceca71a0-deee-4999-bd47-b01baa1bcfc8","actionOrder":"0"},{"stepId":"6cb7e3bd-1710-4eed-8838-d3db60f78f19","actionId":"b9d89c80-3d88-4311-8365-187323c96436","actionOrder":"1"},{"stepId":"6cb7e3bd-1710-4eed-8838-d3db60f78f19","actionId":"38efc763-d78f-4e4b-b092-59cd8c579b93","actionOrder":"2"},{"stepId":"ee24a4cb-2d15-4c98-b1bd-6327126451f3","actionId":"4da13a42-5d59-480c-ad8f-94a3adf809fe","actionOrder":"0"},{"stepId":"ee24a4cb-2d15-4c98-b1bd-6327126451f3","actionId":"000ec468-0a63-4283-beb7-fcb36c107b2f","actionOrder":"1"},{"stepId":"ee24a4cb-2d15-4c98-b1bd-6327126451f3","actionId":"134a50d3-782d-43de-8877-42c0be1c86a4","actionOrder":"2"},{"stepId":"ee24a4cb-2d15-4c98-b1bd-6327126451f3","actionId":"ceca71a0-deee-4999-bd47-b01baa1bcfc8","actionOrder":"3"},{"stepId":"ee24a4cb-2d15-4c98-b1bd-6327126451f3","actionId":"b9d89c80-3d88-4311-8365-187323c96436","actionOrder":"4"},{"stepId":"ee24a4cb-2d15-4c98-b1bd-6327126451f3","actionId":"38efc763-d78f-4e4b-b092-59cd8c579b93","actionOrder":"5"},{"stepId":"dc3c9cd0-8467-404b-bf95-cb7df3fbc293","actionId":"000ec468-0a63-4283-beb7-fcb36c107b2f","actionOrder":"0"},{"stepId":"dc3c9cd0-8467-404b-bf95-cb7df3fbc293","actionId":"38efc763-d78f-4e4b-b092-59cd8c579b93","actionOrder":"1"},{"stepId":"dc3c9cd0-8467-404b-bf95-cb7df3fbc293","actionId":"134a50d3-782d-43de-8877-42c0be1c86a4","actionOrder":"2"},{"stepId":"dc3c9cd0-8467-404b-bf95-cb7df3fbc293","actionId":"ceca71a0-deee-4999-bd47-b01baa1bcfc8","actionOrder":"3"},{"stepId":"dc3c9cd0-8467-404b-bf95-cb7df3fbc293","actionId":"b9d89c80-3d88-4311-8365-187323c96436","actionOrder":"4"},{"stepId":"d6b095b6-b65f-4bdb-bbfd-701d663dfee2","actionId":"c92f9aa1-9503-4567-ac30-d3242b54d02d","actionOrder":"0"},{"stepId":"d6b095b6-b65f-4bdb-bbfd-701d663dfee2","actionId":"777f1c6b-c877-4a37-ba4b-10627316c2cc","actionOrder":"1"}],"actionClasses":[{"id":"74c560b7-f71d-44cd-bb33-8016abb3f0f2","actionId":"4da13a42-5d59-480c-ad8f-94a3adf809fe","name":"Archive content","order":0,"clazz":"com.dotmarketing.portlets.workflows.actionlet.ArchiveContentActionlet","actionlet":{"howTo":"This actionlet will archive the content.","name":"Archive content","parameters":null,"localizedHowto":"com.dotmarketing.portlets.workflows.actionlet.ArchiveContentActionlet.howTo","localizedName":"Archive Content"}},{"id":"6bc6def5-0565-483d-a5bf-e42d4e424bf0","actionId":"4da13a42-5d59-480c-ad8f-94a3adf809fe","name":"Unlock content","order":1,"clazz":"com.dotmarketing.portlets.workflows.actionlet.CheckinContentActionlet","actionlet":{"howTo":"This actionlet will checkin and unlock the content.","nextStep":null,"name":"Unlock content","parameters":null,"localizedHowto":"com.dotmarketing.portlets.workflows.actionlet.CheckinContentActionlet.howTo","localizedName":"Unlock Content"}},{"id":"369f381e-d58b-4243-8c92-f3a40b6b801d","actionId":"134a50d3-782d-43de-8877-42c0be1c86a4","name":"Copy Contentlet","order":0,"clazz":"com.dotmarketing.portlets.workflows.actionlet.CopyActionlet","actionlet":{"howTo":"This workflow actionlet copies the edited contentlet ","name":"Copy Contentlet","parameters":[],"localizedHowto":"com.dotmarketing.portlets.workflows.actionlet.CopyActionlet.howTo","localizedName":"Copy Contentlet"}},{"id":"93f32847-87b7-4770-bd00-987446fd69b8","actionId":"777f1c6b-c877-4a37-ba4b-10627316c2cc","name":"Delete content","order":0,"clazz":"com.dotmarketing.portlets.workflows.actionlet.DeleteContentActionlet","actionlet":{"howTo":"This action will delete the content. Warning: this can't be undone!","name":"Delete content","parameters":null,"localizedHowto":"com.dotmarketing.portlets.workflows.actionlet.DeleteContentActionlet.howTo","localizedName":"Delete content"}},{"id":"10494596-1368-460f-980b-51c68fd32e5f","actionId":"000ec468-0a63-4283-beb7-fcb36c107b2f","name":"Save content","order":0,"clazz":"com.dotmarketing.portlets.workflows.actionlet.SaveContentActionlet","actionlet":{"howTo":"This actionlet will checkin the content.","nextStep":null,"name":"Save content","parameters":null,"localizedHowto":"com.dotmarketing.portlets.workflows.actionlet.SaveContentActionlet.howTo","localizedName":"Save content"}},{"id":"3dbab869-3abd-4c8c-ab54-3f7a7d893097","actionId":"000ec468-0a63-4283-beb7-fcb36c107b2f","name":"Publish content","order":1,"clazz":"com.dotmarketing.portlets.workflows.actionlet.PublishContentActionlet","actionlet":{"howTo":"This actionlet will publish the content.","nextStep":null,"name":"Publish content","parameters":null,"localizedHowto":"com.dotmarketing.portlets.workflows.actionlet.PublishContentActionlet.howTo","localizedName":"Publish Content"}},{"id":"9f18823e-0a70-4e41-abbe-d356891ff044","actionId":"000ec468-0a63-4283-beb7-fcb36c107b2f","name":"Unlock content","order":2,"clazz":"com.dotmarketing.portlets.workflows.actionlet.CheckinContentActionlet","actionlet":{"howTo":"This actionlet will checkin and unlock the content.","nextStep":null,"name":"Unlock content","parameters":null,"localizedHowto":"com.dotmarketing.portlets.workflows.actionlet.CheckinContentActionlet.howTo","localizedName":"Unlock Content"}},{"id":"61e7c4f5-cbc8-4535-a927-b9b793b7b3eb","actionId":"ceca71a0-deee-4999-bd47-b01baa1bcfc8","name":"Save content","order":0,"clazz":"com.dotmarketing.portlets.workflows.actionlet.SaveContentActionlet","actionlet":{"howTo":"This actionlet will checkin the content.","nextStep":null,"name":"Save content","parameters":null,"localizedHowto":"com.dotmarketing.portlets.workflows.actionlet.SaveContentActionlet.howTo","localizedName":"Save content"}},{"id":"b84879e9-545f-4436-b4c5-e76c1743d168","actionId":"b9d89c80-3d88-4311-8365-187323c96436","name":"Save content","order":0,"clazz":"com.dotmarketing.portlets.workflows.actionlet.SaveContentActionlet","actionlet":{"howTo":"This actionlet will checkin the content.","nextStep":null,"name":"Save content","parameters":null,"localizedHowto":"com.dotmarketing.portlets.workflows.actionlet.SaveContentActionlet.howTo","localizedName":"Save content"}},{"id":"9aacba54-b6f4-424c-97f2-56019cbdbbc7","actionId":"b9d89c80-3d88-4311-8365-187323c96436","name":"Publish content","order":1,"clazz":"com.dotmarketing.portlets.workflows.actionlet.PublishContentActionlet","actionlet":{"howTo":"This actionlet will publish the content.","nextStep":null,"name":"Publish content","parameters":null,"localizedHowto":"com.dotmarketing.portlets.workflows.actionlet.PublishContentActionlet.howTo","localizedName":"Publish Content"}},{"id":"50ed0898-b721-4075-800e-ab2d9ea6183b","actionId":"b9d89c80-3d88-4311-8365-187323c96436","name":"Unlock content","order":2,"clazz":"com.dotmarketing.portlets.workflows.actionlet.CheckinContentActionlet","actionlet":{"howTo":"This actionlet will checkin and unlock the content.","nextStep":null,"name":"Unlock content","parameters":null,"localizedHowto":"com.dotmarketing.portlets.workflows.actionlet.CheckinContentActionlet.howTo","localizedName":"Unlock Content"}},{"id":"a766e1a8-dd14-4b6a-b39e-98db6a258623","actionId":"c92f9aa1-9503-4567-ac30-d3242b54d02d","name":"Unarchive content","order":0,"clazz":"com.dotmarketing.portlets.workflows.actionlet.UnarchiveContentActionlet","actionlet":{"howTo":"This actionlet will un archive the content and return it to a working state","nextStep":null,"name":"Unarchive content","parameters":null,"localizedHowto":"com.dotmarketing.portlets.workflows.actionlet.UnarchiveContentActionlet.howTo","localizedName":"Unarchive Content"}},{"id":"4132cee3-393d-42ee-84f7-1084a015c4b3","actionId":"38efc763-d78f-4e4b-b092-59cd8c579b93","name":"Unpublish content","order":0,"clazz":"com.dotmarketing.portlets.workflows.actionlet.UnpublishContentActionlet","actionlet":{"howTo":"This actionlet will unpublish the content.","nextStep":null,"name":"Unpublish content","parameters":null,"localizedHowto":"com.dotmarketing.portlets.workflows.actionlet.UnpublishContentActionlet.howTo","localizedName":"Unpublish Content"}}],"actionClassParams":[],"workflowStructures":[{"scheme_id":"d61a59e1-a49c-46f2-a929-db2b4bfa88b2","rownumber":"0","structure_id":"c6e3a3c6-a0c6-494b-9ae8-bde7322bc68e","id":"d4d191ee-2196-40ae-bc53-10d53ceef135","oddoreven":"0"},{"scheme_id":"d61a59e1-a49c-46f2-a929-db2b4bfa88b2","rownumber":"1","structure_id":"f4d7c1b8-2c88-4071-abf1-a5328977b07d","id":"0c0106df-6563-4e08-ae67-1e8cdecb5c05","oddoreven":"1"},{"scheme_id":"d61a59e1-a49c-46f2-a929-db2b4bfa88b2","rownumber":"2","structure_id":"2a3e91e4-fbbf-4876-8c5b-2233c1739b05","id":"f6a905c3-7f85-441b-b303-91c8669bdd01","oddoreven":"0"},{"scheme_id":"d61a59e1-a49c-46f2-a929-db2b4bfa88b2","rownumber":"3","structure_id":"8e850645-bb92-4fda-a765-e67063a59be0","id":"9931030f-133f-4e91-a10e-6f2e1596ecbb","oddoreven":"1"},{"scheme_id":"d61a59e1-a49c-46f2-a929-db2b4bfa88b2","rownumber":"4","structure_id":"c938b15f-bcb6-49ef-8651-14d455a97045","id":"efd66d0d-ccc6-49df-b9d8-280ad4828ef6","oddoreven":"0"},{"scheme_id":"d61a59e1-a49c-46f2-a929-db2b4bfa88b2","rownumber":"5","structure_id":"855a2d72-f2f3-4169-8b04-ac5157c4380c","id":"203086df-f400-42f4-b05d-1b62e52be883","oddoreven":"1"},{"scheme_id":"d61a59e1-a49c-46f2-a929-db2b4bfa88b2","rownumber":"6","structure_id":"c541abb1-69b3-4bc5-8430-5e09e5239cc8","id":"353224d0-024f-472a-ab7a-4ee66b180692","oddoreven":"0"},{"scheme_id":"d61a59e1-a49c-46f2-a929-db2b4bfa88b2","rownumber":"7","structure_id":"f6259cc9-5d78-453e-8167-efd7b72b2e96","id":"70a386c8-e3b1-4ae8-8086-20f48fe86f64","oddoreven":"1"},{"scheme_id":"d61a59e1-a49c-46f2-a929-db2b4bfa88b2","rownumber":"8","structure_id":"a007def2-896d-4fd1-843b-d3abb5305f3f","id":"957b4e8f-6505-4db2-8287-795285cf684e","oddoreven":"0"},{"scheme_id":"d61a59e1-a49c-46f2-a929-db2b4bfa88b2","rownumber":"9","structure_id":"33888b6f-7a8e-4069-b1b6-5c1aa9d0a48d","id":"9838cecd-b8f0-429f-9b1d-fa91e3c24aa6","oddoreven":"1"},{"scheme_id":"d61a59e1-a49c-46f2-a929-db2b4bfa88b2","rownumber":"10","structure_id":"4d21b6d8-1711-4ae6-9419-89e2b1ae5a06","id":"8431a057-bb8d-42b6-a3b2-6de1378869f0","oddoreven":"0"}]}